This is pdfTeX, Version 3.141592653-2.6-1.40.28 (TeX Live 2025) (preloaded format=pdflatex 2025.11.10)  14 NOV 2025 13:22
entering extended mode
 restricted \write18 enabled.
 %&-line parsing enabled.
**index.tex
(./index.tex
LaTeX2e <2025-11-01>
L3 programming layer <2025-10-24>
(/Users/jpiy0001/Library/TinyTeX/texmf-dist/tex/latex/base/report.cls
Document Class: report 2025/01/22 v1.4n Standard LaTeX document class
(/Users/jpiy0001/Library/TinyTeX/texmf-dist/tex/latex/base/size11.clo
File: size11.clo 2025/01/22 v1.4n Standard LaTeX file (size option)
)
\c@part=\count275
\c@chapter=\count276
\c@section=\count277
\c@subsection=\count278
\c@subsubsection=\count279
\c@paragraph=\count280
\c@subparagraph=\count281
\c@figure=\count282
\c@table=\count283
\abovecaptionskip=\skip49
\belowcaptionskip=\skip50
\bibindent=\dimen148
) (/Users/jpiy0001/Library/TinyTeX/texmf-dist/tex/latex/xcolor/xcolor.sty
Package: xcolor 2024/09/29 v3.02 LaTeX color extensions (UK)
(/Users/jpiy0001/Library/TinyTeX/texmf-dist/tex/latex/graphics-cfg/color.cfg
File: color.cfg 2016/01/02 v1.6 sample color configuration
)
Package xcolor Info: Driver file: pdftex.def on input line 274.
(/Users/jpiy0001/Library/TinyTeX/texmf-dist/tex/latex/graphics-def/pdftex.def
File: pdftex.def 2025/09/29 v1.2d Graphics/color driver for pdftex
) (/Users/jpiy0001/Library/TinyTeX/texmf-dist/tex/latex/graphics/mathcolor.ltx)
Package xcolor Info: Model `cmy' substituted by `cmy0' on input line 1349.
Package xcolor Info: Model `hsb' substituted by `rgb' on input line 1353.
Package xcolor Info: Model `RGB' extended on input line 1365.
Package xcolor Info: Model `HTML' substituted by `rgb' on input line 1367.
Package xcolor Info: Model `Hsb' substituted by `hsb' on input line 1368.
Package xcolor Info: Model `tHsb' substituted by `hsb' on input line 1369.
Package xcolor Info: Model `HSB' substituted by `hsb' on input line 1370.
Package xcolor Info: Model `Gray' substituted by `gray' on input line 1371.
Package xcolor Info: Model `wave' substituted by `hsb' on input line 1372.
) (/Users/jpiy0001/Library/TinyTeX/texmf-dist/tex/latex/graphics/dvipsnam.def
File: dvipsnam.def 2016/06/17 v3.0m Driver-dependent file (DPC,SPQR)
) (/Users/jpiy0001/Library/TinyTeX/texmf-dist/tex/latex/xcolor/svgnam.def
File: svgnam.def 2024/09/29 v3.02 Predefined colors according to SVG 1.1 (UK)
) (/Users/jpiy0001/Library/TinyTeX/texmf-dist/tex/latex/xcolor/x11nam.def
File: x11nam.def 2024/09/29 v3.02 Predefined colors according to Unix/X11 (UK)
) (/Users/jpiy0001/Library/TinyTeX/texmf-dist/tex/latex/geometry/geometry.sty
Package: geometry 2020/01/02 v5.9 Page Geometry
(/Users/jpiy0001/Library/TinyTeX/texmf-dist/tex/latex/graphics/keyval.sty
Package: keyval 2022/05/29 v1.15 key=value parser (DPC)
\KV@toks@=\toks17
) (/Users/jpiy0001/Library/TinyTeX/texmf-dist/tex/generic/iftex/ifvtex.sty
Package: ifvtex 2019/10/25 v1.7 ifvtex legacy package. Use iftex instead.
(/Users/jpiy0001/Library/TinyTeX/texmf-dist/tex/generic/iftex/iftex.sty
Package: iftex 2024/12/12 v1.0g TeX engine tests
))
\Gm@cnth=\count284
\Gm@cntv=\count285
\c@Gm@tempcnt=\count286
\Gm@bindingoffset=\dimen149
\Gm@wd@mp=\dimen150
\Gm@odd@mp=\dimen151
\Gm@even@mp=\dimen152
\Gm@layoutwidth=\dimen153
\Gm@layoutheight=\dimen154
\Gm@layouthoffset=\dimen155
\Gm@layoutvoffset=\dimen156
\Gm@dimlist=\toks18
) (/Users/jpiy0001/Library/TinyTeX/texmf-dist/tex/latex/amsmath/amsmath.sty
Package: amsmath 2025/07/09 v2.17z AMS math features
\@mathmargin=\skip51
For additional information on amsmath, use the `?' option.
(/Users/jpiy0001/Library/TinyTeX/texmf-dist/tex/latex/amsmath/amstext.sty
Package: amstext 2024/11/17 v2.01 AMS text
(/Users/jpiy0001/Library/TinyTeX/texmf-dist/tex/latex/amsmath/amsgen.sty
File: amsgen.sty 1999/11/30 v2.0 generic functions
\@emptytoks=\toks19
\ex@=\dimen157
)) (/Users/jpiy0001/Library/TinyTeX/texmf-dist/tex/latex/amsmath/amsbsy.sty
Package: amsbsy 1999/11/29 v1.2d Bold Symbols
\pmbraise@=\dimen158
) (/Users/jpiy0001/Library/TinyTeX/texmf-dist/tex/latex/amsmath/amsopn.sty
Package: amsopn 2022/04/08 v2.04 operator names
)
\inf@bad=\count287
LaTeX Info: Redefining \frac on input line 233.
\uproot@=\count288
\leftroot@=\count289
LaTeX Info: Redefining \overline on input line 398.
LaTeX Info: Redefining \colon on input line 409.
\classnum@=\count290
\DOTSCASE@=\count291
LaTeX Info: Redefining \ldots on input line 495.
LaTeX Info: Redefining \dots on input line 498.
LaTeX Info: Redefining \cdots on input line 619.
\Mathstrutbox@=\box53
\strutbox@=\box54
LaTeX Info: Redefining \big on input line 721.
LaTeX Info: Redefining \Big on input line 722.
LaTeX Info: Redefining \bigg on input line 723.
LaTeX Info: Redefining \Bigg on input line 724.
\big@size=\dimen159
LaTeX Font Info:    Redeclaring font encoding OML on input line 742.
LaTeX Font Info:    Redeclaring font encoding OMS on input line 743.
\macc@depth=\count292
LaTeX Info: Redefining \bmod on input line 904.
LaTeX Info: Redefining \pmod on input line 909.
LaTeX Info: Redefining \smash on input line 939.
LaTeX Info: Redefining \relbar on input line 969.
LaTeX Info: Redefining \Relbar on input line 970.
\c@MaxMatrixCols=\count293
\dotsspace@=\muskip17
\c@parentequation=\count294
\dspbrk@lvl=\count295
\tag@help=\toks20
\row@=\count296
\column@=\count297
\maxfields@=\count298
\andhelp@=\toks21
\eqnshift@=\dimen160
\alignsep@=\dimen161
\tagshift@=\dimen162
\tagwidth@=\dimen163
\totwidth@=\dimen164
\lineht@=\dimen165
\@envbody=\toks22
\multlinegap=\skip52
\multlinetaggap=\skip53
\mathdisplay@stack=\toks23
LaTeX Info: Redefining \[ on input line 2950.
LaTeX Info: Redefining \] on input line 2951.
) (/Users/jpiy0001/Library/TinyTeX/texmf-dist/tex/latex/amsfonts/amssymb.sty
Package: amssymb 2013/01/14 v3.01 AMS font symbols
(/Users/jpiy0001/Library/TinyTeX/texmf-dist/tex/latex/amsfonts/amsfonts.sty
Package: amsfonts 2013/01/14 v3.01 Basic AMSFonts support
\symAMSa=\mathgroup4
\symAMSb=\mathgroup5
LaTeX Font Info:    Redeclaring math symbol \hbar on input line 98.
LaTeX Font Info:    Overwriting math alphabet `\mathfrak' in version `bold'
(Font)                  U/euf/m/n --> U/euf/b/n on input line 106.
)) (/Users/jpiy0001/Library/TinyTeX/texmf-dist/tex/latex/base/fontenc.sty
Package: fontenc 2025/07/18 v2.1d Standard LaTeX package
) (/Users/jpiy0001/Library/TinyTeX/texmf-dist/tex/latex/base/inputenc.sty
Package: inputenc 2024/02/08 v1.3d Input encoding file
\inpenc@prehook=\toks24
\inpenc@posthook=\toks25
) (/Users/jpiy0001/Library/TinyTeX/texmf-dist/tex/latex/base/textcomp.sty
Package: textcomp 2024/04/24 v2.1b Standard LaTeX package
) (/Users/jpiy0001/Library/TinyTeX/texmf-dist/tex/latex/lm/lmodern.sty
Package: lmodern 2015/05/01 v1.6.1 Latin Modern Fonts
LaTeX Font Info:    Overwriting symbol font `operators' in version `normal'
(Font)                  OT1/cmr/m/n --> OT1/lmr/m/n on input line 22.
LaTeX Font Info:    Overwriting symbol font `letters' in version `normal'
(Font)                  OML/cmm/m/it --> OML/lmm/m/it on input line 23.
LaTeX Font Info:    Overwriting symbol font `symbols' in version `normal'
(Font)                  OMS/cmsy/m/n --> OMS/lmsy/m/n on input line 24.
LaTeX Font Info:    Overwriting symbol font `largesymbols' in version `normal'
(Font)                  OMX/cmex/m/n --> OMX/lmex/m/n on input line 25.
LaTeX Font Info:    Overwriting symbol font `operators' in version `bold'
(Font)                  OT1/cmr/bx/n --> OT1/lmr/bx/n on input line 26.
LaTeX Font Info:    Overwriting symbol font `letters' in version `bold'
(Font)                  OML/cmm/b/it --> OML/lmm/b/it on input line 27.
LaTeX Font Info:    Overwriting symbol font `symbols' in version `bold'
(Font)                  OMS/cmsy/b/n --> OMS/lmsy/b/n on input line 28.
LaTeX Font Info:    Overwriting symbol font `largesymbols' in version `bold'
(Font)                  OMX/cmex/m/n --> OMX/lmex/m/n on input line 29.
LaTeX Font Info:    Overwriting math alphabet `\mathbf' in version `normal'
(Font)                  OT1/cmr/bx/n --> OT1/lmr/bx/n on input line 31.
LaTeX Font Info:    Overwriting math alphabet `\mathsf' in version `normal'
(Font)                  OT1/cmss/m/n --> OT1/lmss/m/n on input line 32.
LaTeX Font Info:    Overwriting math alphabet `\mathit' in version `normal'
(Font)                  OT1/cmr/m/it --> OT1/lmr/m/it on input line 33.
LaTeX Font Info:    Overwriting math alphabet `\mathtt' in version `normal'
(Font)                  OT1/cmtt/m/n --> OT1/lmtt/m/n on input line 34.
LaTeX Font Info:    Overwriting math alphabet `\mathbf' in version `bold'
(Font)                  OT1/cmr/bx/n --> OT1/lmr/bx/n on input line 35.
LaTeX Font Info:    Overwriting math alphabet `\mathsf' in version `bold'
(Font)                  OT1/cmss/bx/n --> OT1/lmss/bx/n on input line 36.
LaTeX Font Info:    Overwriting math alphabet `\mathit' in version `bold'
(Font)                  OT1/cmr/bx/it --> OT1/lmr/bx/it on input line 37.
LaTeX Font Info:    Overwriting math alphabet `\mathtt' in version `bold'
(Font)                  OT1/cmtt/m/n --> OT1/lmtt/m/n on input line 38.
) (/Users/jpiy0001/Library/TinyTeX/texmf-dist/tex/latex/upquote/upquote.sty
Package: upquote 2012/04/19 v1.3 upright-quote and grave-accent glyphs in verbatim
) (/Users/jpiy0001/Library/TinyTeX/texmf-dist/tex/latex/microtype/microtype.sty
Package: microtype 2025/07/09 v3.2b Micro-typographical refinements (RS)
(/Users/jpiy0001/Library/TinyTeX/texmf-dist/tex/latex/etoolbox/etoolbox.sty
Package: etoolbox 2025/10/02 v2.5m e-TeX tools for LaTeX (JAW)
\etb@tempcnta=\count299
)
\MT@toks=\toks26
\MT@tempbox=\box55
\MT@count=\count300
LaTeX Info: Redefining \noprotrusionifhmode on input line 1087.
LaTeX Info: Redefining \leftprotrusion on input line 1088.
\MT@prot@toks=\toks27
LaTeX Info: Redefining \rightprotrusion on input line 1107.
LaTeX Info: Redefining \textls on input line 1449.
\MT@outer@kern=\dimen166
LaTeX Info: Redefining \microtypecontext on input line 2053.
LaTeX Info: Redefining \textmicrotypecontext on input line 2070.
\MT@listname@count=\count301
(/Users/jpiy0001/Library/TinyTeX/texmf-dist/tex/latex/microtype/microtype-pdftex.def
File: microtype-pdftex.def 2025/07/09 v3.2b Definitions specific to pdftex (RS)
LaTeX Info: Redefining \lsstyle on input line 944.
LaTeX Info: Redefining \lslig on input line 944.
\MT@outer@space=\skip54
)
Package microtype Info: Loading configuration file microtype.cfg.
(/Users/jpiy0001/Library/TinyTeX/texmf-dist/tex/latex/microtype/microtype.cfg
File: microtype.cfg 2025/07/09 v3.2b microtype main configuration file (RS)
)
LaTeX Info: Redefining \microtypesetup on input line 3065.
) (/Users/jpiy0001/Library/TinyTeX/texmf-dist/tex/latex/setspace/setspace.sty
Package: setspace 2022/12/04 v6.7b set line spacing
) (/Users/jpiy0001/Library/TinyTeX/texmf-dist/tex/latex/fancyvrb/fancyvrb.sty
Package: fancyvrb 2025/07/28 4.6 verbatim text (tvz,hv)
\FV@CodeLineNo=\count302
\FV@InFile=\read2
\FV@TabBox=\box56
\c@FancyVerbLine=\count303
\FV@StepNumber=\count304
\FV@OutFile=\write3
) (/Users/jpiy0001/Library/TinyTeX/texmf-dist/tex/latex/framed/framed.sty
Package: framed 2011/10/22 v 0.96: framed or shaded text with page breaks
\OuterFrameSep=\skip55
\fb@frw=\dimen167
\fb@frh=\dimen168
\FrameRule=\dimen169
\FrameSep=\dimen170
) (/Users/jpiy0001/Library/TinyTeX/texmf-dist/tex/latex/tools/longtable.sty
Package: longtable 2025-10-13 v4.24 Multi-page Table package (DPC)
\LTleft=\skip56
\LTright=\skip57
\LTpre=\skip58
\LTpost=\skip59
\LTchunksize=\count305
\LTcapwidth=\dimen171
\LT@head=\box57
\LT@firsthead=\box58
\LT@foot=\box59
\LT@lastfoot=\box60
\LT@gbox=\box61
\LT@cols=\count306
\LT@rows=\count307
\c@LT@tables=\count308
\c@LT@chunks=\count309
\LT@p@ftn=\toks28
) (/Users/jpiy0001/Library/TinyTeX/texmf-dist/tex/latex/booktabs/booktabs.sty
Package: booktabs 2020/01/12 v1.61803398 Publication quality tables
\heavyrulewidth=\dimen172
\lightrulewidth=\dimen173
\cmidrulewidth=\dimen174
\belowrulesep=\dimen175
\belowbottomsep=\dimen176
\aboverulesep=\dimen177
\abovetopsep=\dimen178
\cmidrulesep=\dimen179
\cmidrulekern=\dimen180
\defaultaddspace=\dimen181
\@cmidla=\count310
\@cmidlb=\count311
\@aboverulesep=\dimen182
\@belowrulesep=\dimen183
\@thisruleclass=\count312
\@lastruleclass=\count313
\@thisrulewidth=\dimen184
) (/Users/jpiy0001/Library/TinyTeX/texmf-dist/tex/latex/tools/array.sty
Package: array 2025/09/25 v2.6n Tabular extension package (FMi)
\col@sep=\dimen185
\ar@mcellbox=\box62
\extrarowheight=\dimen186
\NC@list=\toks29
\extratabsurround=\skip60
\backup@length=\skip61
\ar@cellbox=\box63
) (/Users/jpiy0001/Library/TinyTeX/texmf-dist/tex/latex/tools/calc.sty
Package: calc 2025/03/01 v4.3b Infix arithmetic (KKT,FJ)
\calc@Acount=\count314
\calc@Bcount=\count315
\calc@Adimen=\dimen187
\calc@Bdimen=\dimen188
\calc@Askip=\skip62
\calc@Bskip=\skip63
LaTeX Info: Redefining \setlength on input line 86.
LaTeX Info: Redefining \addtolength on input line 87.
\calc@Ccount=\count316
\calc@Cskip=\skip64
) (/Users/jpiy0001/Library/TinyTeX/texmf-dist/tex/latex/mdwtools/footnote.sty
Package: footnote 1997/01/28 1.13 Save footnotes around boxes
\fn@notes=\box64
\fn@width=\dimen189
) (/Users/jpiy0001/Library/TinyTeX/texmf-dist/tex/latex/graphics/graphicx.sty
Package: graphicx 2024/12/31 v1.2e Enhanced LaTeX Graphics (DPC,SPQR)
(/Users/jpiy0001/Library/TinyTeX/texmf-dist/tex/latex/graphics/graphics.sty
Package: graphics 2024/08/06 v1.4g Standard LaTeX Graphics (DPC,SPQR)
(/Users/jpiy0001/Library/TinyTeX/texmf-dist/tex/latex/graphics/trig.sty
Package: trig 2023/12/02 v1.11 sin cos tan (DPC)
) (/Users/jpiy0001/Library/TinyTeX/texmf-dist/tex/latex/graphics-cfg/graphics.cfg
File: graphics.cfg 2016/06/04 v1.11 sample graphics configuration
)
Package graphics Info: Driver file: pdftex.def on input line 106.
)
\Gin@req@height=\dimen190
\Gin@req@width=\dimen191
)
\pandoc@box=\box65
\cslhangindent=\skip65
\csllabelwidth=\skip66
(/Users/jpiy0001/Library/TinyTeX/texmf-dist/tex/latex/multirow/multirow.sty
Package: multirow 2024/11/12 v2.9 Span multiple rows of a table
\multirow@colwidth=\skip67
\multirow@cntb=\count317
\multirow@dima=\skip68
\bigstrutjot=\dimen192
) (/Users/jpiy0001/Library/TinyTeX/texmf-dist/tex/latex/wrapfig/wrapfig.sty
\wrapoverhang=\dimen193
\WF@size=\dimen194
\c@WF@wrappedlines=\count318
\WF@box=\box66
\WF@everypar=\toks30
Package: wrapfig 2003/01/31  v 3.6
) (/Users/jpiy0001/Library/TinyTeX/texmf-dist/tex/latex/float/float.sty
Package: float 2001/11/08 v1.3d Float enhancements (AL)
\c@float@type=\count319
\float@exts=\toks31
\float@box=\box67
\@float@everytoks=\toks32
\@floatcapt=\box68
) (/Users/jpiy0001/Library/TinyTeX/texmf-dist/tex/latex/colortbl/colortbl.sty
Package: colortbl 2024/10/29 v1.0k Color table columns (DPC)
\everycr=\toks33
\minrowclearance=\skip69
\rownum=\count320
) (/Users/jpiy0001/Library/TinyTeX/texmf-dist/tex/latex/pdflscape/pdflscape.sty
Package: pdflscape 2025-06-23 v0.14 Display of landscape pages in PDF
(/Users/jpiy0001/Library/TinyTeX/texmf-dist/tex/latex/pdflscape/pdflscape-nometadata.sty
Package: pdflscape-nometadata 2025-06-23 v0.14 Display of landscape pages in PDF (HO)
(/Users/jpiy0001/Library/TinyTeX/texmf-dist/tex/latex/graphics/lscape.sty
Package: lscape 2020/05/28 v3.02 Landscape Pages (DPC)
)
Package pdflscape Info: Auto-detected driver: pdftex on input line 81.
)) (/Users/jpiy0001/Library/TinyTeX/texmf-dist/tex/latex/tabu/tabu.sty
Package: tabu 2019/01/11 v2.9 - flexible LaTeX tabulars (FC+tabu-fixed)
(/Users/jpiy0001/Library/TinyTeX/texmf-dist/tex/latex/varwidth/varwidth.sty
Package: varwidth 2009/03/30 ver 0.92;  Variable-width minipages
\@vwid@box=\box69
\sift@deathcycles=\count321
\@vwid@loff=\dimen195
\@vwid@roff=\dimen196
)
==> First Aid for varwidth.sty applied!
\c@taburow=\count322
\tabu@nbcols=\count323
\tabu@cnt=\count324
\tabu@Xcol=\count325
\tabu@alloc=\count326
\tabu@nested=\count327
\tabu@target=\dimen197
\tabu@spreadtarget=\dimen198
\tabu@naturalX=\dimen199
\tabucolX=\dimen256
\tabu@Xsum=\dimen257
\extrarowdepth=\dimen258
\abovetabulinesep=\dimen259
\belowtabulinesep=\dimen260
\tabustrutrule=\dimen261
\tabu@thebody=\toks34
\tabu@footnotes=\toks35
\tabu@box=\box70
\tabu@arstrutbox=\box71
\tabu@hleads=\box72
\tabu@vleads=\box73
\tabu@cellskip=\skip70
) (/Users/jpiy0001/Library/TinyTeX/texmf-dist/tex/latex/threeparttable/threeparttable.sty
Package: threeparttable 2003/06/13  v 3.0
\@tempboxb=\box74
) (/Users/jpiy0001/Library/TinyTeX/texmf-dist/tex/latex/threeparttablex/threeparttablex.sty
Package: threeparttablex 2013/07/23 v0.3 by daleif
(/Users/jpiy0001/Library/TinyTeX/texmf-dist/tex/latex/environ/environ.sty
Package: environ 2014/05/04 v0.3 A new way to define environments
(/Users/jpiy0001/Library/TinyTeX/texmf-dist/tex/latex/trimspaces/trimspaces.sty
Package: trimspaces 2009/09/17 v1.1 Trim spaces around a token list
))
\TPTL@width=\skip71
) (/Users/jpiy0001/Library/TinyTeX/texmf-dist/tex/generic/ulem/ulem.sty
\UL@box=\box75
\UL@hyphenbox=\box76
\UL@skip=\skip72
\UL@hook=\toks36
\UL@height=\dimen262
\UL@pe=\count328
\UL@pixel=\dimen263
\ULC@box=\box77
Package: ulem 2019/11/18
\ULdepth=\dimen264
) (/Users/jpiy0001/Library/TinyTeX/texmf-dist/tex/latex/makecell/makecell.sty
Package: makecell 2009/08/03 V0.1e Managing of Tab Column Heads and Cells
\rotheadsize=\dimen265
\c@nlinenum=\count329
\TeXr@lab=\toks37
) (/Users/jpiy0001/Library/TinyTeX/texmf-dist/tex/latex/pmboxdraw/pmboxdraw.sty
Package: pmboxdraw 2019/12/05 v1.4 Poor man's box drawing characters (HO)
(/Users/jpiy0001/Library/TinyTeX/texmf-dist/tex/generic/ltxcmds/ltxcmds.sty
Package: ltxcmds 2023-12-04 v1.26 LaTeX kernel commands for general use (HO)
) (/Users/jpiy0001/Library/TinyTeX/texmf-dist/tex/latex/kvsetkeys/kvsetkeys.sty
Package: kvsetkeys 2022-10-05 v1.19 Key value parser (HO)
) (/Users/jpiy0001/Library/TinyTeX/texmf-dist/tex/generic/kvdefinekeys/kvdefinekeys.sty
Package: kvdefinekeys 2019-12-19 v1.6 Define keys (HO)
) (/Users/jpiy0001/Library/TinyTeX/texmf-dist/tex/generic/infwarerr/infwarerr.sty
Package: infwarerr 2019/12/03 v1.5 Providing info/warning/error messages (HO)
)
Now handling font encoding pmboxdraw ...
... processing UTF-8 mapping file for font encoding pmboxdraw
(/Users/jpiy0001/Library/TinyTeX/texmf-dist/tex/latex/pmboxdraw/pmboxdrawenc.dfu
File: pmboxdrawenc.dfu 2019/12/05 v1.4 UTF-8 support for box drawing characters
   defining Unicode char U+2500 (decimal 9472)
   defining Unicode char U+2501 (decimal 9473)
   defining Unicode char U+2502 (decimal 9474)
   defining Unicode char U+2503 (decimal 9475)
   defining Unicode char U+250C (decimal 9484)
   defining Unicode char U+250D (decimal 9485)
   defining Unicode char U+250E (decimal 9486)
   defining Unicode char U+250F (decimal 9487)
   defining Unicode char U+2510 (decimal 9488)
   defining Unicode char U+2511 (decimal 9489)
   defining Unicode char U+2512 (decimal 9490)
   defining Unicode char U+2513 (decimal 9491)
   defining Unicode char U+2514 (decimal 9492)
   defining Unicode char U+2515 (decimal 9493)
   defining Unicode char U+2516 (decimal 9494)
   defining Unicode char U+2517 (decimal 9495)
   defining Unicode char U+2518 (decimal 9496)
   defining Unicode char U+2519 (decimal 9497)
   defining Unicode char U+251A (decimal 9498)
   defining Unicode char U+251B (decimal 9499)
   defining Unicode char U+251C (decimal 9500)
   defining Unicode char U+251D (decimal 9501)
   defining Unicode char U+251E (decimal 9502)
   defining Unicode char U+251F (decimal 9503)
   defining Unicode char U+2520 (decimal 9504)
   defining Unicode char U+2521 (decimal 9505)
   defining Unicode char U+2522 (decimal 9506)
   defining Unicode char U+2523 (decimal 9507)
   defining Unicode char U+2524 (decimal 9508)
   defining Unicode char U+252C (decimal 9516)
   defining Unicode char U+252D (decimal 9517)
   defining Unicode char U+252E (decimal 9518)
   defining Unicode char U+252F (decimal 9519)
   defining Unicode char U+2530 (decimal 9520)
   defining Unicode char U+2531 (decimal 9521)
   defining Unicode char U+2532 (decimal 9522)
   defining Unicode char U+2533 (decimal 9523)
   defining Unicode char U+2534 (decimal 9524)
   defining Unicode char U+2535 (decimal 9525)
   defining Unicode char U+2536 (decimal 9526)
   defining Unicode char U+2537 (decimal 9527)
   defining Unicode char U+2538 (decimal 9528)
   defining Unicode char U+2539 (decimal 9529)
   defining Unicode char U+253A (decimal 9530)
   defining Unicode char U+253B (decimal 9531)
   defining Unicode char U+253C (decimal 9532)
   defining Unicode char U+253D (decimal 9533)
   defining Unicode char U+253E (decimal 9534)
   defining Unicode char U+253F (decimal 9535)
   defining Unicode char U+2540 (decimal 9536)
   defining Unicode char U+2541 (decimal 9537)
   defining Unicode char U+2542 (decimal 9538)
   defining Unicode char U+2543 (decimal 9539)
   defining Unicode char U+2544 (decimal 9540)
   defining Unicode char U+2545 (decimal 9541)
   defining Unicode char U+2546 (decimal 9542)
   defining Unicode char U+2547 (decimal 9543)
   defining Unicode char U+2548 (decimal 9544)
   defining Unicode char U+2549 (decimal 9545)
   defining Unicode char U+254A (decimal 9546)
   defining Unicode char U+254B (decimal 9547)
   defining Unicode char U+2550 (decimal 9552)
   defining Unicode char U+2551 (decimal 9553)
   defining Unicode char U+2552 (decimal 9554)
   defining Unicode char U+2553 (decimal 9555)
   defining Unicode char U+2554 (decimal 9556)
   defining Unicode char U+2555 (decimal 9557)
   defining Unicode char U+2556 (decimal 9558)
   defining Unicode char U+2557 (decimal 9559)
   defining Unicode char U+2558 (decimal 9560)
   defining Unicode char U+2559 (decimal 9561)
   defining Unicode char U+255A (decimal 9562)
   defining Unicode char U+255B (decimal 9563)
   defining Unicode char U+255C (decimal 9564)
   defining Unicode char U+255D (decimal 9565)
   defining Unicode char U+255E (decimal 9566)
   defining Unicode char U+255F (decimal 9567)
   defining Unicode char U+2560 (decimal 9568)
   defining Unicode char U+2561 (decimal 9569)
   defining Unicode char U+2562 (decimal 9570)
   defining Unicode char U+2563 (decimal 9571)
   defining Unicode char U+2564 (decimal 9572)
   defining Unicode char U+2565 (decimal 9573)
   defining Unicode char U+2566 (decimal 9574)
   defining Unicode char U+2567 (decimal 9575)
   defining Unicode char U+2568 (decimal 9576)
   defining Unicode char U+2569 (decimal 9577)
   defining Unicode char U+256A (decimal 9578)
   defining Unicode char U+256B (decimal 9579)
   defining Unicode char U+256C (decimal 9580)
   defining Unicode char U+2574 (decimal 9588)
   defining Unicode char U+2575 (decimal 9589)
   defining Unicode char U+2576 (decimal 9590)
   defining Unicode char U+2577 (decimal 9591)
   defining Unicode char U+2578 (decimal 9592)
   defining Unicode char U+2579 (decimal 9593)
   defining Unicode char U+257A (decimal 9594)
   defining Unicode char U+257B (decimal 9595)
   defining Unicode char U+257C (decimal 9596)
   defining Unicode char U+257D (decimal 9597)
   defining Unicode char U+257E (decimal 9598)
   defining Unicode char U+257F (decimal 9599)
   defining Unicode char U+2580 (decimal 9600)
   defining Unicode char U+2581 (decimal 9601)
   defining Unicode char U+2582 (decimal 9602)
   defining Unicode char U+2583 (decimal 9603)
   defining Unicode char U+2584 (decimal 9604)
   defining Unicode char U+2585 (decimal 9605)
   defining Unicode char U+2586 (decimal 9606)
   defining Unicode char U+2587 (decimal 9607)
   defining Unicode char U+2588 (decimal 9608)
   defining Unicode char U+2589 (decimal 9609)
   defining Unicode char U+258A (decimal 9610)
   defining Unicode char U+258B (decimal 9611)
   defining Unicode char U+258C (decimal 9612)
   defining Unicode char U+258D (decimal 9613)
   defining Unicode char U+258E (decimal 9614)
   defining Unicode char U+258F (decimal 9615)
   defining Unicode char U+2590 (decimal 9616)
   defining Unicode char U+2591 (decimal 9617)
   defining Unicode char U+2592 (decimal 9618)
   defining Unicode char U+2593 (decimal 9619)
   defining Unicode char U+2594 (decimal 9620)
   defining Unicode char U+2595 (decimal 9621)
   defining Unicode char U+2596 (decimal 9622)
   defining Unicode char U+2597 (decimal 9623)
   defining Unicode char U+2598 (decimal 9624)
   defining Unicode char U+2599 (decimal 9625)
   defining Unicode char U+259A (decimal 9626)
   defining Unicode char U+259B (decimal 9627)
   defining Unicode char U+259C (decimal 9628)
   defining Unicode char U+259D (decimal 9629)
   defining Unicode char U+259E (decimal 9630)
   defining Unicode char U+259F (decimal 9631)
) (/Users/jpiy0001/Library/TinyTeX/texmf-dist/tex/latex/kvoptions/kvoptions.sty
Package: kvoptions 2022-06-15 v3.15 Key value format for package options (HO)
)
\pmbd@W=\dimen266
\pmbd@H=\dimen267
\pmbd@L=\dimen268
\pmbd@Thin=\dimen269
\pmbd@Thick=\dimen270
\pmbd@Sep=\dimen271
) (/Users/jpiy0001/Library/TinyTeX/texmf-dist/tex/latex/hyperref/hyperref.sty
Package: hyperref 2025-07-12 v7.01o Hypertext links for LaTeX
(/Users/jpiy0001/Library/TinyTeX/texmf-dist/tex/generic/pdfescape/pdfescape.sty
Package: pdfescape 2019/12/09 v1.15 Implements pdfTeX's escape features (HO)
(/Users/jpiy0001/Library/TinyTeX/texmf-dist/tex/generic/pdftexcmds/pdftexcmds.sty
Package: pdftexcmds 2020-06-27 v0.33 Utility functions of pdfTeX for LuaTeX (HO)
Package pdftexcmds Info: \pdf@primitive is available.
Package pdftexcmds Info: \pdf@ifprimitive is available.
Package pdftexcmds Info: \pdfdraftmode found.
)) (/Users/jpiy0001/Library/TinyTeX/texmf-dist/tex/latex/hycolor/hycolor.sty
Package: hycolor 2020-01-27 v1.10 Color options for hyperref/bookmark (HO)
) (/Users/jpiy0001/Library/TinyTeX/texmf-dist/tex/latex/hyperref/nameref.sty
Package: nameref 2025-06-21 v2.57 Cross-referencing by name of section
(/Users/jpiy0001/Library/TinyTeX/texmf-dist/tex/latex/refcount/refcount.sty
Package: refcount 2019/12/15 v3.6 Data extraction from label references (HO)
) (/Users/jpiy0001/Library/TinyTeX/texmf-dist/tex/generic/gettitlestring/gettitlestring.sty
Package: gettitlestring 2019/12/15 v1.6 Cleanup title references (HO)
)
\c@section@level=\count330
) (/Users/jpiy0001/Library/TinyTeX/texmf-dist/tex/generic/stringenc/stringenc.sty
Package: stringenc 2019/11/29 v1.12 Convert strings between diff. encodings (HO)
)
\@linkdim=\dimen272
\Hy@linkcounter=\count331
\Hy@pagecounter=\count332
(/Users/jpiy0001/Library/TinyTeX/texmf-dist/tex/latex/hyperref/pd1enc.def
File: pd1enc.def 2025-07-12 v7.01o Hyperref: PDFDocEncoding definition (HO)
Now handling font encoding PD1 ...
... no UTF-8 mapping file for font encoding PD1
) (/Users/jpiy0001/Library/TinyTeX/texmf-dist/tex/generic/intcalc/intcalc.sty
Package: intcalc 2019/12/15 v1.3 Expandable calculations with integers (HO)
)
\Hy@SavedSpaceFactor=\count333
(/Users/jpiy0001/Library/TinyTeX/texmf-dist/tex/latex/hyperref/puenc.def
File: puenc.def 2025-07-12 v7.01o Hyperref: PDF Unicode definition (HO)
Now handling font encoding PU ...
... no UTF-8 mapping file for font encoding PU
)
Package hyperref Info: Option `unicode' set `true' on input line 4066.
Package hyperref Info: Hyper figures OFF on input line 4195.
Package hyperref Info: Link nesting OFF on input line 4200.
Package hyperref Info: Hyper index ON on input line 4203.
Package hyperref Info: Plain pages OFF on input line 4210.
Package hyperref Info: Backreferencing OFF on input line 4215.
Package hyperref Info: Implicit mode ON; LaTeX internals redefined.
Package hyperref Info: Bookmarks ON on input line 4462.
\c@Hy@tempcnt=\count334
(/Users/jpiy0001/Library/TinyTeX/texmf-dist/tex/latex/url/url.sty
\Urlmuskip=\muskip18
Package: url 2013/09/16  ver 3.4  Verb mode for urls, etc.
)
LaTeX Info: Redefining \url on input line 4801.
\XeTeXLinkMargin=\dimen273
(/Users/jpiy0001/Library/TinyTeX/texmf-dist/tex/generic/bitset/bitset.sty
Package: bitset 2019/12/09 v1.3 Handle bit-vector datatype (HO)
(/Users/jpiy0001/Library/TinyTeX/texmf-dist/tex/generic/bigintcalc/bigintcalc.sty
Package: bigintcalc 2019/12/15 v1.5 Expandable calculations on big integers (HO)
))
\Fld@menulength=\count335
\Field@Width=\dimen274
\Fld@charsize=\dimen275
Package hyperref Info: Hyper figures OFF on input line 6078.
Package hyperref Info: Link nesting OFF on input line 6083.
Package hyperref Info: Hyper index ON on input line 6086.
Package hyperref Info: backreferencing OFF on input line 6093.
Package hyperref Info: Link coloring OFF on input line 6098.
Package hyperref Info: Link coloring with OCG OFF on input line 6103.
Package hyperref Info: PDF/A mode OFF on input line 6108.
\Hy@abspage=\count336
\c@Item=\count337
\c@Hfootnote=\count338
)
Package hyperref Info: Driver (autodetected): hpdftex.
(/Users/jpiy0001/Library/TinyTeX/texmf-dist/tex/latex/hyperref/hpdftex.def
File: hpdftex.def 2025-07-12 v7.01o Hyperref driver for pdfTeX
\Fld@listcount=\count339
\c@bookmark@seq@number=\count340
(/Users/jpiy0001/Library/TinyTeX/texmf-dist/tex/latex/rerunfilecheck/rerunfilecheck.sty
Package: rerunfilecheck 2025-06-21 v1.11 Rerun checks for auxiliary files (HO)
(/Users/jpiy0001/Library/TinyTeX/texmf-dist/tex/generic/uniquecounter/uniquecounter.sty
Package: uniquecounter 2019/12/15 v1.4 Provide unlimited unique counter (HO)
)
Package uniquecounter Info: New unique counter `rerunfilecheck' on input line 284.
)
\Hy@SectionHShift=\skip73
) (/Users/jpiy0001/Library/TinyTeX/texmf-dist/tex/latex/tools/bm.sty
Package: bm 2025/10/21 v1.2g Bold Symbol Support (DPC/FMi)
\symboldoperators=\mathgroup6
\symboldletters=\mathgroup7
\symboldsymbols=\mathgroup8
Package bm Info: No bold for \OMX/lmex/m/n, using \pmb.
Package bm Info: No bold for \U/msa/m/n, using \pmb.
Package bm Info: No bold for \U/msb/m/n, using \pmb.
LaTeX Font Info:    Redeclaring math alphabet \mathbf on input line 149.
) (/Users/jpiy0001/Library/TinyTeX/texmf-dist/tex/latex/bookmark/bookmark.sty
Package: bookmark 2023-12-10 v1.31 PDF bookmarks (HO)
(/Users/jpiy0001/Library/TinyTeX/texmf-dist/tex/latex/bookmark/bkm-pdftex.def
File: bkm-pdftex.def 2023-12-10 v1.31 bookmark driver for pdfTeX and luaTeX (HO)
\BKM@id=\count341
)) (/Users/jpiy0001/Library/TinyTeX/texmf-dist/tex/latex/caption/caption.sty
Package: caption 2023/08/05 v3.6o Customizing captions (AR)
(/Users/jpiy0001/Library/TinyTeX/texmf-dist/tex/latex/caption/caption3.sty
Package: caption3 2023/07/31 v2.4d caption3 kernel (AR)
\caption@tempdima=\dimen276
\captionmargin=\dimen277
\caption@leftmargin=\dimen278
\caption@rightmargin=\dimen279
\caption@width=\dimen280
\caption@indent=\dimen281
\caption@parindent=\dimen282
\caption@hangindent=\dimen283
Package caption Info: Standard document class detected.
)
\c@caption@flags=\count342
\c@continuedfloat=\count343
Package caption Info: float package is loaded.
Package caption Info: hyperref package is loaded.
Package caption Info: longtable package is loaded.
(/Users/jpiy0001/Library/TinyTeX/texmf-dist/tex/latex/caption/ltcaption.sty
Package: ltcaption 2021/01/08 v1.4c longtable captions (AR)
)
Package caption Info: threeparttable package is loaded.
Package caption Info: wrapfig package is loaded.
)
\@float@every@codelisting=\toks38
\c@codelisting=\count344
(/Users/jpiy0001/Library/TinyTeX/texmf-dist/tex/latex/caption/subcaption.sty
Package: subcaption 2023/07/28 v1.6b Sub-captions (AR)
Package caption Info: New subtype `subfigure' on input line 238.
\c@subfigure=\count345
Package caption Info: New subtype `subtable' on input line 238.
\c@subtable=\count346
)
Package hyperref Info: Option `colorlinks' set `true' on input line 250.
(/Users/jpiy0001/Library/TinyTeX/texmf-dist/tex/latex/bera/bera.sty
Package: bera 2004/01/31 (WaS)
(/Users/jpiy0001/Library/TinyTeX/texmf-dist/tex/latex/base/fontenc.sty
Package: fontenc 2025/07/18 v2.1d Standard LaTeX package
LaTeX Font Info:    Trying to load font information for T1+lmr on input line 116.
(/Users/jpiy0001/Library/TinyTeX/texmf-dist/tex/latex/lm/t1lmr.fd
File: t1lmr.fd 2015/05/01 v1.6.1 Font defs for Latin Modern
)) (/Users/jpiy0001/Library/TinyTeX/texmf-dist/tex/latex/bera/beraserif.sty
Package: beraserif 2004/01/30 (WaS)
LaTeX Font Info:    Trying to load font information for T1+fve on input line 30.
(/Users/jpiy0001/Library/TinyTeX/texmf-dist/tex/latex/bera/t1fve.fd
File: t1fve.fd 2004/09/07 scalable font definitions for T1/fve.
)
LaTeX Font Info:    Font shape `T1/fve/m/n' will be
(Font)              scaled to size 9.85492pt on input line 30.
) (/Users/jpiy0001/Library/TinyTeX/texmf-dist/tex/latex/bera/berasans.sty
Package: berasans 2004/01/30 (WaS)
) (/Users/jpiy0001/Library/TinyTeX/texmf-dist/tex/latex/bera/beramono.sty
Package: beramono 2004/01/31 (WaS)
)) (/Users/jpiy0001/Library/TinyTeX/texmf-dist/tex/latex/mathdesign/mathdesign.sty
Package: mathdesign 2013/08/29 v2.31 Math Design Project
(/Users/jpiy0001/Library/TinyTeX/texmf-dist/tex/latex/base/ifthen.sty
Package: ifthen 2024/03/16 v1.1e Standard LaTeX ifthen package (DPC)
) (/Users/jpiy0001/Library/TinyTeX/texmf-dist/tex/latex/mathdesign/mdbch/mdbch.cfg)
LaTeX Encoding Info:    Redeclaring text command \textcircled (encoding OMS) on input line 206.
(/Users/jpiy0001/Library/TinyTeX/texmf-dist/tex/latex/mathdesign/mdbch/mdbch.sty
Package: mdbch 2013/08/29 v2.31 bitstream bitstream charter + mdbch (Math Design Project)
(/Users/jpiy0001/Library/TinyTeX/texmf-dist/tex/latex/mathdesign/mdfont.def
File: mdfont.def 2013/08/29 v2.31 (Math Design Project)
) (/Users/jpiy0001/Library/TinyTeX/texmf-dist/tex/latex/mathdesign/mdsffont.def
File: mdsffont.def 2013/08/29 v2.31 (Math Design Project)

LaTeX Info: Font shape OT1/phv/mc/n has incorrect series value `mc'.
            It should not contain an `m'! Please correct it.
            Found on input line 53.


LaTeX Info: Font shape OT1/phv/mc/sc has incorrect series value `mc'.
            It should not contain an `m'! Please correct it.
            Found on input line 56.


LaTeX Info: Font shape OT1/phv/mc/sl has incorrect series value `mc'.
            It should not contain an `m'! Please correct it.
            Found on input line 59.


LaTeX Info: Font shape OT1/phv/mc/it has incorrect series value `mc'.
            It should not contain an `m'! Please correct it.
            Found on input line 79.


LaTeX Info: Font shape T1/phv/mc/n has incorrect series value `mc'.
            It should not contain an `m'! Please correct it.
            Found on input line 102.


LaTeX Info: Font shape T1/phv/mc/sc has incorrect series value `mc'.
            It should not contain an `m'! Please correct it.
            Found on input line 105.


LaTeX Info: Font shape T1/phv/mc/sl has incorrect series value `mc'.
            It should not contain an `m'! Please correct it.
            Found on input line 108.


LaTeX Info: Font shape T1/phv/mc/it has incorrect series value `mc'.
            It should not contain an `m'! Please correct it.
            Found on input line 128.


LaTeX Info: Font shape OT1/uhv/mc/n has incorrect series value `mc'.
            It should not contain an `m'! Please correct it.
            Found on input line 259.


LaTeX Info: Font shape OT1/uhv/mc/sc has incorrect series value `mc'.
            It should not contain an `m'! Please correct it.
            Found on input line 262.


LaTeX Info: Font shape OT1/uhv/mc/sl has incorrect series value `mc'.
            It should not contain an `m'! Please correct it.
            Found on input line 265.


LaTeX Info: Font shape OT1/uhv/mc/it has incorrect series value `mc'.
            It should not contain an `m'! Please correct it.
            Found on input line 268.


LaTeX Info: Font shape T1/uhv/mc/n has incorrect series value `mc'.
            It should not contain an `m'! Please correct it.
            Found on input line 313.


LaTeX Info: Font shape T1/uhv/mc/sc has incorrect series value `mc'.
            It should not contain an `m'! Please correct it.
            Found on input line 316.


LaTeX Info: Font shape T1/uhv/mc/sl has incorrect series value `mc'.
            It should not contain an `m'! Please correct it.
            Found on input line 319.


LaTeX Info: Font shape T1/uhv/mc/it has incorrect series value `mc'.
            It should not contain an `m'! Please correct it.
            Found on input line 322.

) (/Users/jpiy0001/Library/TinyTeX/texmf-dist/tex/latex/mathdesign/mdttfont.def
File: mdttfont.def 2013/08/29 v2.31 (Math Design Project)
)
\symmdcal=\mathgroup9
LaTeX Font Info:    Overwriting symbol font `mdcal' in version `bold'
(Font)                  OMS/mdbch/m/n --> OMS/mdbch/b/n on input line 97.
\symmdscr=\mathgroup10
LaTeX Font Info:    Overwriting symbol font `mdscr' in version `bold'
(Font)                  OMS/mdbch/m/n --> OMS/mdbch/b/n on input line 103.
LaTeX Font Info:    Redeclaring math alphabet \mathfrak on input line 109.
LaTeX Font Info:    Overwriting math alphabet `\mathfrak' in version `normal'
(Font)                  U/euf/m/n --> U/xmdeuf/m/n on input line 109.
LaTeX Font Info:    Overwriting math alphabet `\mathfrak' in version `bold'
(Font)                  U/euf/b/n --> U/xmdeuf/m/n on input line 109.
LaTeX Font Info:    Overwriting math alphabet `\mathfrak' in version `bold'
(Font)                  U/xmdeuf/m/n --> U/xmdeuf/b/n on input line 110.
LaTeX Info: Redefining \frak on input line 111.
LaTeX Font Info:    Overwriting symbol font `operators' in version `normal'
(Font)                  OT1/lmr/m/n --> OT1/mdbch/m/n on input line 121.
LaTeX Font Info:    Overwriting symbol font `letters' in version `normal'
(Font)                  OML/lmm/m/it --> OML/mdbch/m/it on input line 122.
LaTeX Font Info:    Overwriting symbol font `symbols' in version `normal'
(Font)                  OMS/lmsy/m/n --> OMS/mdbch/m/n on input line 123.
LaTeX Font Info:    Overwriting symbol font `largesymbols' in version `normal'
(Font)                  OMX/lmex/m/n --> OMX/mdbch/m/n on input line 124.
LaTeX Font Info:    Overwriting symbol font `operators' in version `bold'
(Font)                  OT1/lmr/bx/n --> OT1/mdbch/b/n on input line 126.
LaTeX Font Info:    Overwriting symbol font `letters' in version `bold'
(Font)                  OML/lmm/b/it --> OML/mdbch/b/it on input line 127.
LaTeX Font Info:    Overwriting symbol font `symbols' in version `bold'
(Font)                  OMS/lmsy/b/n --> OMS/mdbch/b/n on input line 128.
LaTeX Font Info:    Overwriting symbol font `largesymbols' in version `bold'
(Font)                  OMX/lmex/m/n --> OMX/mdbch/b/n on input line 129.
LaTeX Font Info:    Overwriting math alphabet `\mathrm' in version `normal'
(Font)                  OT1/mdbch/m/n --> T1/mdbch/m/n on input line 131.
LaTeX Font Info:    Overwriting math alphabet `\mathbf' in version `normal'
(Font)                  OT1/lmr/bx/n --> T1/mdbch/b/n on input line 132.
LaTeX Font Info:    Overwriting math alphabet `\mathit' in version `normal'
(Font)                  OT1/lmr/m/it --> T1/mdbch/m/it on input line 133.
LaTeX Font Info:    Overwriting math alphabet `\mathsf' in version `normal'
(Font)                  OT1/lmss/m/n --> T1/fvs/m/n on input line 134.
LaTeX Font Info:    Overwriting math alphabet `\mathtt' in version `normal'
(Font)                  OT1/lmtt/m/n --> T1/fvm/m/n on input line 135.
LaTeX Font Info:    Overwriting math alphabet `\mathrm' in version `bold'
(Font)                  OT1/mdbch/b/n --> T1/mdbch/b/n on input line 137.
LaTeX Font Info:    Overwriting math alphabet `\mathbf' in version `bold'
(Font)                  OT1/lmr/bx/n --> T1/mdbch/b/n on input line 138.
LaTeX Font Info:    Overwriting math alphabet `\mathit' in version `bold'
(Font)                  OT1/lmr/bx/it --> T1/mdbch/b/it on input line 139.
LaTeX Font Info:    Overwriting math alphabet `\mathsf' in version `bold'
(Font)                  OT1/lmss/bx/n --> T1/fvs/b/n on input line 140.
LaTeX Font Info:    Overwriting math alphabet `\mathtt' in version `bold'
(Font)                  OT1/lmtt/m/n --> T1/fvm/b/n on input line 141.
\symlettersupright=\mathgroup11
LaTeX Font Info:    Overwriting symbol font `lettersupright' in version `bold'
(Font)                  OML/mdbch/m/n --> OML/mdbch/b/n on input line 144.
LaTeX Font Info:    Redeclaring math alphabet \mathrm on input line 145.
LaTeX Font Info:    Overwriting math alphabet `\mathcal' in version `normal'
(Font)                  OMS/mdbch/m/n --> OMS/mdbch/m/n on input line 167.
(/Users/jpiy0001/Library/TinyTeX/texmf-dist/tex/latex/xkeyval/xkeyval.sty
Package: xkeyval 2025/11/04 v2.10 package option processing (HA)
(/Users/jpiy0001/Library/TinyTeX/texmf-dist/tex/generic/xkeyval/xkeyval.tex (/Users/jpiy0001/Library/TinyTeX/texmf-dist/tex/generic/xkeyval/xkvutils.tex
\XKV@toks=\toks39
\XKV@tempa@toks=\toks40
\XKV@tempb@toks=\toks41
)
\XKV@depth=\count347
File: xkeyval.tex 2014/12/03 v2.7a key=value parser (HA)
))
LaTeX Font Info:    Trying to load font information for T1+mdbch on input line 186.
(/Users/jpiy0001/Library/TinyTeX/texmf-dist/tex/latex/mathdesign/mdbch/t1mdbch.fd
File: t1mdbch.fd 2013/08/29 Fontinst v1.933 font definitions for T1/mdbch.
)
LaTeX Font Info:    Font shape `T1/mdbch/m/n' will be
(Font)              scaled to size 10.51207pt on input line 186.
LaTeX Font Info:    Redeclaring math accent \widetilde on input line 449.
LaTeX Font Info:    Redeclaring math accent \widehat on input line 450.
Now handling font encoding MDA ...
... no UTF-8 mapping file for font encoding MDA
\symmathdesignA=\mathgroup12
LaTeX Font Info:    Overwriting symbol font `mathdesignA' in version `bold'
(Font)                  MDA/mdbch/m/n --> MDA/mdbch/b/n on input line 491.
LaTeX Font Info:    Overwriting encoding scheme math defaults on input line 493.
Now handling font encoding MDB ...
... no UTF-8 mapping file for font encoding MDB
\symmathdesignB=\mathgroup13
LaTeX Font Info:    Overwriting symbol font `mathdesignB' in version `bold'
(Font)                  MDB/mdbch/m/n --> MDB/mdbch/b/n on input line 498.
LaTeX Info: Redefining \bold on input line 510.
LaTeX Font Info:    Redeclaring math accent \widetilde on input line 532.
LaTeX Font Info:    Redeclaring math accent \widehat on input line 533.
\rulethickness=\skip74
) (/Users/jpiy0001/Library/TinyTeX/texmf-dist/tex/latex/base/fontenc.sty
Package: fontenc 2025/07/18 v2.1d Standard LaTeX package
)) (/Users/jpiy0001/Library/TinyTeX/texmf-dist/tex/latex/sourcecodepro/sourcecodepro.sty
Package: sourcecodepro 2025/04/06 v2.8 Adobe's Source Code Pro typeface
(/Users/jpiy0001/Library/TinyTeX/texmf-dist/tex/generic/iftex/ifxetex.sty
Package: ifxetex 2019/10/25 v0.7 ifxetex legacy package. Use iftex instead.
) (/Users/jpiy0001/Library/TinyTeX/texmf-dist/tex/generic/iftex/ifluatex.sty
Package: ifluatex 2019/10/25 v1.5 ifluatex legacy package. Use iftex instead.
) (/Users/jpiy0001/Library/TinyTeX/texmf-dist/tex/latex/base/fontenc.sty
Package: fontenc 2025/07/18 v2.1d Standard LaTeX package
(/Users/jpiy0001/Library/TinyTeX/texmf-dist/tex/latex/ly1/ly1enc.def
File: ly1enc.def 2022/06/11 v0.8 TeX 'n ANSI encoding (DPC/KB)
Now handling font encoding LY1 ...
... processing UTF-8 mapping file for font encoding LY1
(/Users/jpiy0001/Library/TinyTeX/texmf-dist/tex/latex/base/ly1enc.dfu
File: ly1enc.dfu 2022/06/07 v1.3c UTF-8 support
   defining Unicode char U+00A0 (decimal 160)
   defining Unicode char U+00A1 (decimal 161)
   defining Unicode char U+00A2 (decimal 162)
   defining Unicode char U+00A3 (decimal 163)
   defining Unicode char U+00A4 (decimal 164)
   defining Unicode char U+00A5 (decimal 165)
   defining Unicode char U+00A6 (decimal 166)
   defining Unicode char U+00A7 (decimal 167)
   defining Unicode char U+00AA (decimal 170)
   defining Unicode char U+00AB (decimal 171)
   defining Unicode char U+00AD (decimal 173)
   defining Unicode char U+00AE (decimal 174)
   defining Unicode char U+00B0 (decimal 176)
   defining Unicode char U+00B5 (decimal 181)
   defining Unicode char U+00B6 (decimal 182)
   defining Unicode char U+00B7 (decimal 183)
   defining Unicode char U+00BA (decimal 186)
   defining Unicode char U+00BB (decimal 187)
   defining Unicode char U+00BC (decimal 188)
   defining Unicode char U+00BD (decimal 189)
   defining Unicode char U+00BE (decimal 190)
   defining Unicode char U+00BF (decimal 191)
   defining Unicode char U+00C0 (decimal 192)
   defining Unicode char U+00C1 (decimal 193)
   defining Unicode char U+00C2 (decimal 194)
   defining Unicode char U+00C3 (decimal 195)
   defining Unicode char U+00C4 (decimal 196)
   defining Unicode char U+00C5 (decimal 197)
   defining Unicode char U+00C6 (decimal 198)
   defining Unicode char U+00C7 (decimal 199)
   defining Unicode char U+00C8 (decimal 200)
   defining Unicode char U+00C9 (decimal 201)
   defining Unicode char U+00CA (decimal 202)
   defining Unicode char U+00CB (decimal 203)
   defining Unicode char U+00CC (decimal 204)
   defining Unicode char U+00CD (decimal 205)
   defining Unicode char U+00CE (decimal 206)
   defining Unicode char U+00CF (decimal 207)
   defining Unicode char U+00D0 (decimal 208)
   defining Unicode char U+00D1 (decimal 209)
   defining Unicode char U+00D2 (decimal 210)
   defining Unicode char U+00D3 (decimal 211)
   defining Unicode char U+00D4 (decimal 212)
   defining Unicode char U+00D5 (decimal 213)
   defining Unicode char U+00D6 (decimal 214)
   defining Unicode char U+00D8 (decimal 216)
   defining Unicode char U+00D9 (decimal 217)
   defining Unicode char U+00DA (decimal 218)
   defining Unicode char U+00DB (decimal 219)
   defining Unicode char U+00DC (decimal 220)
   defining Unicode char U+00DD (decimal 221)
   defining Unicode char U+00DE (decimal 222)
   defining Unicode char U+00DF (decimal 223)
   defining Unicode char U+00E0 (decimal 224)
   defining Unicode char U+00E1 (decimal 225)
   defining Unicode char U+00E2 (decimal 226)
   defining Unicode char U+00E3 (decimal 227)
   defining Unicode char U+00E4 (decimal 228)
   defining Unicode char U+00E5 (decimal 229)
   defining Unicode char U+00E6 (decimal 230)
   defining Unicode char U+00E7 (decimal 231)
   defining Unicode char U+00E8 (decimal 232)
   defining Unicode char U+00E9 (decimal 233)
   defining Unicode char U+00EA (decimal 234)
   defining Unicode char U+00EB (decimal 235)
   defining Unicode char U+00EC (decimal 236)
   defining Unicode char U+00ED (decimal 237)
   defining Unicode char U+00EE (decimal 238)
   defining Unicode char U+00EF (decimal 239)
   defining Unicode char U+00F0 (decimal 240)
   defining Unicode char U+00F1 (decimal 241)
   defining Unicode char U+00F2 (decimal 242)
   defining Unicode char U+00F3 (decimal 243)
   defining Unicode char U+00F4 (decimal 244)
   defining Unicode char U+00F5 (decimal 245)
   defining Unicode char U+00F6 (decimal 246)
   defining Unicode char U+00F8 (decimal 248)
   defining Unicode char U+00F9 (decimal 249)
   defining Unicode char U+00FA (decimal 250)
   defining Unicode char U+00FB (decimal 251)
   defining Unicode char U+00FC (decimal 252)
   defining Unicode char U+00FD (decimal 253)
   defining Unicode char U+00FE (decimal 254)
   defining Unicode char U+00FF (decimal 255)
   defining Unicode char U+0131 (decimal 305)
   defining Unicode char U+0141 (decimal 321)
   defining Unicode char U+0142 (decimal 322)
   defining Unicode char U+0152 (decimal 338)
   defining Unicode char U+0153 (decimal 339)
   defining Unicode char U+0160 (decimal 352)
   defining Unicode char U+0161 (decimal 353)
   defining Unicode char U+0174 (decimal 372)
   defining Unicode char U+0175 (decimal 373)
   defining Unicode char U+0176 (decimal 374)
   defining Unicode char U+0177 (decimal 375)
   defining Unicode char U+0178 (decimal 376)
   defining Unicode char U+017D (decimal 381)
   defining Unicode char U+017E (decimal 382)
   defining Unicode char U+0192 (decimal 402)
   defining Unicode char U+0218 (decimal 536)
   defining Unicode char U+0219 (decimal 537)
   defining Unicode char U+021A (decimal 538)
   defining Unicode char U+021B (decimal 539)
   defining Unicode char U+0237 (decimal 567)
   defining Unicode char U+02C6 (decimal 710)
   defining Unicode char U+02DC (decimal 732)
   defining Unicode char U+2013 (decimal 8211)
   defining Unicode char U+2014 (decimal 8212)
   defining Unicode char U+201C (decimal 8220)
   defining Unicode char U+201D (decimal 8221)
   defining Unicode char U+2020 (decimal 8224)
   defining Unicode char U+2021 (decimal 8225)
   defining Unicode char U+2022 (decimal 8226)
   defining Unicode char U+2026 (decimal 8230)
   defining Unicode char U+2030 (decimal 8240)
   defining Unicode char U+2039 (decimal 8249)
   defining Unicode char U+203A (decimal 8250)
   defining Unicode char U+2122 (decimal 8482)
   defining Unicode char U+FB00 (decimal 64256)
   defining Unicode char U+FB01 (decimal 64257)
   defining Unicode char U+FB02 (decimal 64258)
   defining Unicode char U+FB03 (decimal 64259)
   defining Unicode char U+FB04 (decimal 64260)
   defining Unicode char U+FB05 (decimal 64261)
   defining Unicode char U+FB06 (decimal 64262)
)))) (/Users/jpiy0001/Library/TinyTeX/texmf-dist/tex/latex/fira/FiraSans.sty
Package: FiraSans 2022/09/17 (Bob Tennent and autoinst) Style file for Fira Sans fonts.
(/Users/jpiy0001/Library/TinyTeX/texmf-dist/tex/latex/fontaxes/fontaxes.sty
Package: fontaxes 2025-05-24 v2.0.1 Font selection axes (deprecated)
(/Users/jpiy0001/Library/TinyTeX/texmf-dist/tex/latex/fontaxes/fontaxes-v1.sty
Package: fontaxes 2020/07/21 v1.0e Font selection axes
LaTeX Info: Redefining \upshape on input line 29.
LaTeX Info: Redefining \itshape on input line 31.
LaTeX Info: Redefining \slshape on input line 33.
LaTeX Info: Redefining \swshape on input line 35.
LaTeX Info: Redefining \scshape on input line 37.
LaTeX Info: Redefining \sscshape on input line 39.
LaTeX Info: Redefining \ulcshape on input line 41.
LaTeX Info: Redefining \textsw on input line 47.
LaTeX Info: Redefining \textssc on input line 48.
LaTeX Info: Redefining \textulc on input line 49.
))) (/Users/jpiy0001/Library/TinyTeX/texmf-dist/tex/latex/fontawesome/fontawesome.sty
Package: fontawesome 2016/05/15 v4.6.3.1 font awesome icons
(/Users/jpiy0001/Library/TinyTeX/texmf-dist/tex/latex/fontawesome/fontawesomesymbols-generic.tex) (/Users/jpiy0001/Library/TinyTeX/texmf-dist/tex/latex/fontawesome/fontawesomesymbols-pdftex.tex)) (/Users/jpiy0001/Library/TinyTeX/texmf-dist/tex/latex/fancyhdr/fancyhdr.sty
Package: fancyhdr 2025/02/07 v5.2 Extensive control of page headers and footers
\f@nch@headwidth=\skip75
\f@nch@offset@elh=\skip76
\f@nch@offset@erh=\skip77
\f@nch@offset@olh=\skip78
\f@nch@offset@orh=\skip79
\f@nch@offset@elf=\skip80
\f@nch@offset@erf=\skip81
\f@nch@offset@olf=\skip82
\f@nch@offset@orf=\skip83
\f@nch@height=\skip84
\f@nch@footalignment=\skip85
\f@nch@widthL=\skip86
\f@nch@widthC=\skip87
\f@nch@widthR=\skip88
\@temptokenb=\toks42
) (/Users/jpiy0001/Library/TinyTeX/texmf-dist/tex/latex/titlesec/titlesec.sty
Package: titlesec 2025/01/04 v2.17 Sectioning titles
\ttl@box=\box78
\beforetitleunit=\skip89
\aftertitleunit=\skip90
\ttl@plus=\dimen284
\ttl@minus=\dimen285
\ttl@toksa=\toks43
\titlewidth=\dimen286
\titlewidthlast=\dimen287
\titlewidthfirst=\dimen288
) (/Users/jpiy0001/Library/TinyTeX/texmf-dist/tex/latex/l3backend/l3backend-pdftex.def
File: l3backend-pdftex.def 2025-10-09 L3 backend support: PDF output (pdfTeX)
\l__color_backend_stack_int=\count348
)
No file index.aux.
\openout1 = `index.aux'.

LaTeX Font Info:    Checking defaults for OML/cmm/m/it on input line 379.
LaTeX Font Info:    ... okay on input line 379.
LaTeX Font Info:    Checking defaults for OMS/cmsy/m/n on input line 379.
LaTeX Font Info:    ... okay on input line 379.
LaTeX Font Info:    Checking defaults for OT1/cmr/m/n on input line 379.
LaTeX Font Info:    ... okay on input line 379.
LaTeX Font Info:    Checking defaults for T1/cmr/m/n on input line 379.
LaTeX Font Info:    ... okay on input line 379.
LaTeX Font Info:    Checking defaults for TS1/cmr/m/n on input line 379.
LaTeX Font Info:    ... okay on input line 379.
LaTeX Font Info:    Checking defaults for OMX/cmex/m/n on input line 379.
LaTeX Font Info:    ... okay on input line 379.
LaTeX Font Info:    Checking defaults for U/cmr/m/n on input line 379.
LaTeX Font Info:    ... okay on input line 379.
LaTeX Font Info:    Checking defaults for pmboxdraw/pmboxdraw/m/n on input line 379.
LaTeX Font Info:    ... okay on input line 379.
LaTeX Font Info:    Checking defaults for PD1/pdf/m/n on input line 379.
LaTeX Font Info:    ... okay on input line 379.
LaTeX Font Info:    Checking defaults for PU/pdf/m/n on input line 379.
LaTeX Font Info:    ... okay on input line 379.
LaTeX Font Info:    Checking defaults for MDA/cmr/m/n on input line 379.
LaTeX Font Info:    Trying to load font information for MDA+cmr on input line 379.
(/Users/jpiy0001/Library/TinyTeX/texmf-dist/tex/latex/mathdesign/mdacmr.fd
File: mdacmr.fd 
)
LaTeX Font Info:    ... okay on input line 379.
LaTeX Font Info:    Checking defaults for MDB/cmr/m/n on input line 379.
LaTeX Font Info:    Trying to load font information for MDB+cmr on input line 379.
(/Users/jpiy0001/Library/TinyTeX/texmf-dist/tex/latex/mathdesign/mdbcmr.fd
File: mdbcmr.fd 
)
LaTeX Font Info:    ... okay on input line 379.
LaTeX Font Info:    Checking defaults for LY1/ptm/m/n on input line 379.
LaTeX Font Info:    Trying to load font information for LY1+ptm on input line 379.
(/Users/jpiy0001/Library/TinyTeX/texmf-dist/tex/latex/ly1/ly1ptm.fd
File: ly1ptm.fd 2001/02/01 font definitions for LY1/ptm using Berry names.
)
LaTeX Font Info:    ... okay on input line 379.
(/Users/jpiy0001/Library/TinyTeX/texmf-dist/tex/latex/epstopdf-pkg/epstopdf-base.sty
Package: epstopdf-base 2020-01-24 v2.11 Base part for package epstopdf
(/Users/jpiy0001/Library/TinyTeX/texmf-dist/tex/latex/grfext/grfext.sty
Package: grfext 2019/12/03 v1.3 Manage graphics extensions (HO)
)
Package epstopdf-base Info: Redefining graphics rule for `.eps' on input line 485.
Package grfext Info: Graphics extension search list:
(grfext)             [.pdf,.png,.jpg,.mps,.jpeg,.jbig2,.jb2,.PDF,.PNG,.JPG,.JPEG,.JBIG2,.JB2,.eps]
(grfext)             \AppendGraphicsExtensions on input line 504.
(/Users/jpiy0001/Library/TinyTeX/texmf-dist/tex/latex/latexconfig/epstopdf-sys.cfg
File: epstopdf-sys.cfg 2010/07/13 v1.3 Configuration of (r)epstopdf for TeX Live
))
*geometry* driver: auto-detecting
*geometry* detected driver: pdftex
*geometry* verbose mode - [ preamble ] result:
* driver: pdftex
* paper: a4paper
* layout: <same size as paper>
* layoutoffset:(h,v)=(0.0pt,0.0pt)
* modes: 
* h-part:(L,W,R)=(71.13188pt, 455.24411pt, 71.13188pt)
* v-part:(T,H,B)=(71.13188pt, 702.78308pt, 71.13188pt)
* \paperwidth=597.50787pt
* \paperheight=845.04684pt
* \textwidth=455.24411pt
* \textheight=702.78308pt
* \oddsidemargin=-1.1381pt
* \evensidemargin=-1.1381pt
* \topmargin=-38.1381pt
* \headheight=15.0pt
* \headsep=25.0pt
* \topskip=11.0pt
* \footskip=30.0pt
* \marginparwidth=50.0pt
* \marginparsep=10.0pt
* \columnsep=10.0pt
* \skip\footins=10.0pt plus 4.0pt minus 2.0pt
* \hoffset=0.0pt
* \voffset=0.0pt
* \mag=1000
* \@twocolumnfalse
* \@twosidefalse
* \@mparswitchfalse
* \@reversemarginfalse
* (1in=72.27pt=25.4mm, 1cm=28.453pt)

Package microtype Info: Patching varwidth to enable character protrusion.
\MT@vwid@leftmargin=\dimen289
\MT@vwid@rightmargin=\dimen290
LaTeX Info: Redefining \microtypecontext on input line 379.
Package microtype Info: Applying patch `item' on input line 379.
Package microtype Info: Applying patch `toc' on input line 379.
Package microtype Info: Applying patch `eqnum' on input line 379.
Package microtype Info: Applying patch `footnote' on input line 379.
Package microtype Info: Applying patch `verbatim' on input line 379.
LaTeX Info: Redefining \microtypesetup on input line 379.
Package microtype Info: Generating PDF output.
Package microtype Info: Character protrusion enabled (level 2).
Package microtype Info: Using protrusion set `basicmath'.
Package microtype Info: Automatic font expansion enabled (level 2),
(microtype)             stretch: 20, shrink: 20, step: 1, non-selected.
Package microtype Info: Using default expansion set `alltext-nott'.
Package microtype Info: Patching command `\showhyphens'.
Package microtype Info: No adjustment of tracking.
Package microtype Info: No adjustment of interword spacing.
Package microtype Info: No adjustment of character kerning.
(/Users/jpiy0001/Library/TinyTeX/texmf-dist/tex/latex/microtype/mt-bch.cfg
File: mt-bch.cfg 2007/03/03 v1.5 microtype config. file: Bitstream Charter (RS)
)
Package hyperref Info: Link coloring ON on input line 379.
Package caption Info: Begin \AtBeginDocument code.
Package caption Info: End \AtBeginDocument code.

Package mathdesign/mdbch Warning: Package 'amssymb' shouldn't be used in conjonction with package mdbch, on input line 379.


Package mathdesign/mdbch Warning: Package 'amsfonts' shouldn't be used in conjonction with package mdbch, on input line 379.

\c@mv@tabular=\count349
\c@mv@boldtabular=\count350
LaTeX Font Info:    Trying to load font information for T1+FiraSans-TLF on input line 380.
(/Users/jpiy0001/Library/TinyTeX/texmf-dist/tex/latex/fira/T1FiraSans-TLF.fd
File: T1FiraSans-TLF.fd 2019/10/10 (autoinst) Font definitions for T1/FiraSans-TLF.
)
LaTeX Font Info:    Font shape `T1/FiraSans-TLF/m/n' in size <10.95> not available
(Font)              Font shape `T1/FiraSans-TLF/regular/n' tried instead on input line 380.
LaTeX Font Info:    Font shape `T1/FiraSans-TLF/regular/n' will be
(Font)              scaled to size 10.95pt on input line 380.
<figures/monash-logo.jpg, id=4, 1005.49565pt x 112.33272pt>
File: figures/monash-logo.jpg Graphic file (type jpg)
<use figures/monash-logo.jpg>
Package pdftex.def Info: figures/monash-logo.jpg  used on input line 380.
(pdftex.def)             Requested size: 341.43306pt x 38.1446pt.
LaTeX Font Info:    Font shape `T1/mdbch/m/n' will be
(Font)              scaled to size 23.04016pt on input line 380.
LaTeX Font Info:    Font shape `T1/FiraSans-TLF/m/n' in size <24> not available
(Font)              Font shape `T1/FiraSans-TLF/regular/n' tried instead on input line 380.
LaTeX Font Info:    Font shape `T1/FiraSans-TLF/regular/n' will be
(Font)              scaled to size 24.0pt on input line 380.
LaTeX Font Info:    Font shape `T1/FiraSans-TLF/b/n' in size <24> not available
(Font)              Font shape `T1/FiraSans-TLF/bold/n' tried instead on input line 380.
LaTeX Font Info:    Font shape `T1/FiraSans-TLF/bold/n' will be
(Font)              scaled to size 24.0pt on input line 380.
LaTeX Font Info:    Font shape `T1/mdbch/m/n' will be
(Font)              scaled to size 17.28012pt on input line 380.
LaTeX Font Info:    Font shape `T1/FiraSans-TLF/m/n' in size <18> not available
(Font)              Font shape `T1/FiraSans-TLF/regular/n' tried instead on input line 380.
LaTeX Font Info:    Font shape `T1/FiraSans-TLF/regular/n' will be
(Font)              scaled to size 18.0pt on input line 380.
LaTeX Font Info:    Font shape `T1/mdbch/m/n' will be
(Font)              scaled to size 12.48009pt on input line 380.
LaTeX Font Info:    Font shape `T1/FiraSans-TLF/m/n' in size <13> not available
(Font)              Font shape `T1/FiraSans-TLF/regular/n' tried instead on input line 380.
LaTeX Font Info:    Font shape `T1/FiraSans-TLF/regular/n' will be
(Font)              scaled to size 13.0pt on input line 380.
[1

{/Users/jpiy0001/Library/TinyTeX/texmf-var/fonts/map/pdftex/updmap/pdftex.map}{/Users/jpiy0001/Library/TinyTeX/texmf-dist/fonts/enc/dvips/fira/fir_fmuqgy.enc} <./figures/monash-logo.jpg>] [2]
LaTeX Font Info:    Font shape `T1/FiraSans-TLF/b/n' in size <10.95> not available
(Font)              Font shape `T1/FiraSans-TLF/bold/n' tried instead on input line 386.
LaTeX Font Info:    Font shape `T1/FiraSans-TLF/bold/n' will be
(Font)              scaled to size 10.95pt on input line 386.
LaTeX Font Info:    Font shape `T1/FiraSans-TLF/b/n' in size <20.74> not available
(Font)              Font shape `T1/FiraSans-TLF/bold/n' tried instead on input line 386.
LaTeX Font Info:    Font shape `T1/FiraSans-TLF/bold/n' will be
(Font)              scaled to size 20.74pt on input line 386.
LaTeX Font Info:    Font shape `T1/FiraSans-TLF/b/n' in size <24.88> not available
(Font)              Font shape `T1/FiraSans-TLF/bold/n' tried instead on input line 386.
LaTeX Font Info:    Font shape `T1/FiraSans-TLF/bold/n' will be
(Font)              scaled to size 24.88pt on input line 386.
No file index.toc.
\tf@toc=\write4
\openout4 = `index.toc'.

[3

]
LaTeX Font Info:    Trying to load font information for TS1+mdbch on input line 399.
(/Users/jpiy0001/Library/TinyTeX/texmf-dist/tex/latex/mathdesign/mdbch/ts1mdbch.fd
File: ts1mdbch.fd 2013/08/29 Fontinst v1.933 font definitions for TS1/mdbch.
)
LaTeX Font Info:    Font shape `TS1/mdbch/m/n' will be
(Font)              scaled to size 10.51207pt on input line 399.
[4

{/Users/jpiy0001/Library/TinyTeX/texmf-dist/fonts/enc/dvips/ly1/texnansi.enc}]

LaTeX Warning: Hyper reference `sec-first-paper' on page 1 undefined on input line 436.


LaTeX Warning: Hyper reference `sec-third-paper' on page 1 undefined on input line 439.


LaTeX Warning: Hyper reference `sec-first-paper' on page 1 undefined on input line 440.

LaTeX Font Info:    Trying to load font information for T1+SourceCodePro-TLF on input line 441.
(/Users/jpiy0001/Library/TinyTeX/texmf-dist/tex/latex/sourcecodepro/T1SourceCodePro-TLF.fd
File: T1SourceCodePro-TLF.fd 2025/04/07 (autoinst) Font definitions for T1/SourceCodePro-TLF.
)
LaTeX Font Info:    Font shape `T1/SourceCodePro-TLF/regular/n' aliased to
(Font)              `T1/SourceCodePro-TLF/m/n' on input line 441.
LaTeX Font Info:    Font shape `T1/SourceCodePro-TLF/m/n' will be
(Font)              scaled to size 9.85492pt on input line 441.

LaTeX Warning: Hyper reference `sec-fourth-paper' on page 1 undefined on input line 442.


LaTeX Warning: Hyper reference `sec-second-paper' on page 1 undefined on input line 445.


LaTeX Warning: Hyper reference `sec-fifth-paper' on page 1 undefined on input line 450.

[1


{/Users/jpiy0001/Library/TinyTeX/texmf-dist/fonts/enc/dvips/sourcecodepro/a_rzhnou.enc}]

LaTeX Warning: Hyper reference `sec-first-paper' on page 2 undefined on input line 483.


LaTeX Warning: Hyper reference `sec-third-paper' on page 2 undefined on input line 483.


LaTeX Warning: Hyper reference `sec-fourth-paper' on page 2 undefined on input line 484.


LaTeX Warning: Hyper reference `sec-fifth-paper' on page 2 undefined on input line 485.

LaTeX Font Info:    Font shape `T1/mdbch/m/n' will be
(Font)              scaled to size 9.60007pt on input line 488.
LaTeX Font Info:    Font shape `T1/mdbch/b/n' will be
(Font)              scaled to size 9.60007pt on input line 492.

Overfull \hbox (7.78424pt too wide) in paragraph at lines 492--492
[]|\T1/mdbch/b/n/10 (-20) Coauthors 
 []


Overfull \hbox (12.249pt too wide) in alignment at lines 490--494
 [] [] [] [] [] [] 
 []

LaTeX Font Info:    Font shape `T1/mdbch/m/it' will be
(Font)              scaled to size 9.60007pt on input line 495.

Overfull \hbox (7.78424pt too wide) in paragraph at lines 497--497
[]|\T1/mdbch/b/n/10 (-20) Coauthors 
 []


Overfull \hbox (12.249pt too wide) in alignment at lines 494--499
 [] [] [] [] [] [] 
 []


Overfull \hbox (12.249pt too wide) in alignment at lines 499--501
 [] [] [] [] [] [] 
 []


Overfull \hbox (12.249pt too wide) in alignment at lines 501--503
 [] [] [] [] [] [] 
 []


Overfull \hbox (12.249pt too wide) in alignment at lines 503--508
 [] [] [] [] [] [] 
 []

ignored error: Infinite glue shrinkage found in box being split [2

]

Package fancyhdr Warning: \headheight is too small (15.0pt): 
(fancyhdr)                Make it at least 26.2484pt, for example:
(fancyhdr)                \setlength{\headheight}{26.2484pt}.
(fancyhdr)                You might also make \topmargin smaller:
(fancyhdr)                \addtolength{\topmargin}{-11.2484pt}.

LaTeX Font Info:    Font shape `T1/mdbch/m/n' will be
(Font)              scaled to size 13.82408pt on input line 513.
LaTeX Font Info:    Font shape `T1/FiraSans-TLF/m/n' in size <14.4> not available
(Font)              Font shape `T1/FiraSans-TLF/regular/n' tried instead on input line 513.
LaTeX Font Info:    Font shape `T1/FiraSans-TLF/regular/n' will be
(Font)              scaled to size 14.4pt on input line 513.
LaTeX Font Info:    Font shape `T1/FiraSans-TLF/b/n' in size <14.4> not available
(Font)              Font shape `T1/FiraSans-TLF/bold/n' tried instead on input line 513.
LaTeX Font Info:    Font shape `T1/FiraSans-TLF/bold/n' will be
(Font)              scaled to size 14.4pt on input line 513.
[3]
LaTeX Font Info:    Font shape `T1/mdbch/b/n' will be
(Font)              scaled to size 10.51207pt on input line 525.

Package fancyhdr Warning: \headheight is too small (15.0pt): 
(fancyhdr)                Make it at least 26.2484pt, for example:
(fancyhdr)                \setlength{\headheight}{26.2484pt}.
(fancyhdr)                You might also make \topmargin smaller:
(fancyhdr)                \addtolength{\topmargin}{-11.2484pt}.

[4

] [5

]
LaTeX Font Info:    Trying to load font information for OT1+mdbch on input line 630.
(/Users/jpiy0001/Library/TinyTeX/texmf-dist/tex/latex/mathdesign/mdbch/ot1mdbch.fd
File: ot1mdbch.fd 2013/08/29 Fontinst v1.933 font definitions for OT1/mdbch.
)
LaTeX Font Info:    Font shape `OT1/mdbch/m/n' will be
(Font)              scaled to size 10.51207pt on input line 630.
LaTeX Font Info:    Font shape `OT1/mdbch/m/n' will be
(Font)              scaled to size 7.68005pt on input line 630.
LaTeX Font Info:    Font shape `OT1/mdbch/m/n' will be
(Font)              scaled to size 5.76004pt on input line 630.
LaTeX Font Info:    Trying to load font information for OML+mdbch on input line 630.
(/Users/jpiy0001/Library/TinyTeX/texmf-dist/tex/latex/mathdesign/mdbch/omlmdbch.fd
File: omlmdbch.fd 2013/08/29 Fontinst v1.933 font definitions for OML/mdbch.
)
LaTeX Font Info:    Font shape `OML/mdbch/m/it' will be
(Font)              scaled to size 10.51207pt on input line 630.

Package microtype Warning: I cannot find a protrusion list for font
(microtype)                `OML/mdbch/m/it/10.95'. Switching off
(microtype)                protrusion for this font on input line 630.

LaTeX Font Info:    Font shape `OML/mdbch/m/it' will be
(Font)              scaled to size 7.68005pt on input line 630.
LaTeX Font Info:    Font shape `OML/mdbch/m/it' will be
(Font)              scaled to size 5.76004pt on input line 630.
LaTeX Font Info:    Trying to load font information for OMS+mdbch on input line 630.
(/Users/jpiy0001/Library/TinyTeX/texmf-dist/tex/latex/mathdesign/mdbch/omsmdbch.fd
File: omsmdbch.fd 2013/08/29 Fontinst v1.933 font definitions for OMS/mdbch.
)
LaTeX Font Info:    Font shape `OMS/mdbch/m/n' will be
(Font)              scaled to size 10.51207pt on input line 630.

Package microtype Warning: I cannot find a protrusion list for font
(microtype)                `OMS/mdbch/m/n/10.95'. Switching off
(microtype)                protrusion for this font on input line 630.

LaTeX Font Info:    Font shape `OMS/mdbch/m/n' will be
(Font)              scaled to size 7.68005pt on input line 630.
LaTeX Font Info:    Font shape `OMS/mdbch/m/n' will be
(Font)              scaled to size 5.76004pt on input line 630.
LaTeX Font Info:    Trying to load font information for OMX+mdbch on input line 630.
(/Users/jpiy0001/Library/TinyTeX/texmf-dist/tex/latex/mathdesign/mdbch/omxmdbch.fd
File: omxmdbch.fd 2013/08/29 Fontinst v1.933 font definitions for OMX/mdbch.
)
LaTeX Font Info:    Font shape `OMX/mdbch/m/n' will be
(Font)              scaled to size 10.51207pt on input line 630.
LaTeX Font Info:    Font shape `OMX/mdbch/m/n' will be
(Font)              scaled to size 7.68005pt on input line 630.
LaTeX Font Info:    Font shape `OMX/mdbch/m/n' will be
(Font)              scaled to size 5.76004pt on input line 630.
LaTeX Font Info:    Trying to load font information for U+msa on input line 630.
(/Users/jpiy0001/Library/TinyTeX/texmf-dist/tex/latex/amsfonts/umsa.fd
File: umsa.fd 2013/01/14 v3.01 AMS symbols A
) (/Users/jpiy0001/Library/TinyTeX/texmf-dist/tex/latex/microtype/mt-msa.cfg
File: mt-msa.cfg 2006/02/04 v1.1 microtype config. file: AMS symbols (a) (RS)
)
LaTeX Font Info:    Trying to load font information for U+msb on input line 630.
(/Users/jpiy0001/Library/TinyTeX/texmf-dist/tex/latex/amsfonts/umsb.fd
File: umsb.fd 2013/01/14 v3.01 AMS symbols B
) (/Users/jpiy0001/Library/TinyTeX/texmf-dist/tex/latex/microtype/mt-msb.cfg
File: mt-msb.cfg 2005/06/01 v1.0 microtype config. file: AMS symbols (b) (RS)
)
LaTeX Font Info:    Trying to load font information for OT1+lmr on input line 630.
(/Users/jpiy0001/Library/TinyTeX/texmf-dist/tex/latex/lm/ot1lmr.fd
File: ot1lmr.fd 2015/05/01 v1.6.1 Font defs for Latin Modern
) (/Users/jpiy0001/Library/TinyTeX/texmf-dist/tex/latex/microtype/mt-cmr.cfg
File: mt-cmr.cfg 2013/05/19 v2.2 microtype config. file: Computer Modern Roman (RS)
)
LaTeX Font Info:    Trying to load font information for OML+lmm on input line 630.
(/Users/jpiy0001/Library/TinyTeX/texmf-dist/tex/latex/lm/omllmm.fd
File: omllmm.fd 2015/05/01 v1.6.1 Font defs for Latin Modern
)
LaTeX Font Info:    Trying to load font information for OMS+lmsy on input line 630.
(/Users/jpiy0001/Library/TinyTeX/texmf-dist/tex/latex/lm/omslmsy.fd
File: omslmsy.fd 2015/05/01 v1.6.1 Font defs for Latin Modern
)
LaTeX Font Info:    Font shape `OML/mdbch/m/n' will be
(Font)              scaled to size 10.51207pt on input line 630.

Package microtype Warning: I cannot find a protrusion list for font
(microtype)                `OML/mdbch/m/n/10.95'. Switching off
(microtype)                protrusion for this font on input line 630.

LaTeX Font Info:    Font shape `OML/mdbch/m/n' will be
(Font)              scaled to size 7.68005pt on input line 630.
LaTeX Font Info:    Font shape `OML/mdbch/m/n' will be
(Font)              scaled to size 5.76004pt on input line 630.
LaTeX Font Info:    Trying to load font information for MDA+mdbch on input line 630.
(/Users/jpiy0001/Library/TinyTeX/texmf-dist/tex/latex/mathdesign/mdbch/mdamdbch.fd
File: mdamdbch.fd 2013/08/29 Fontinst v1.933 font definitions for MDA/mdbch.
)
LaTeX Font Info:    Font shape `MDA/mdbch/m/n' will be
(Font)              scaled to size 10.51207pt on input line 630.
LaTeX Font Info:    Font shape `MDA/mdbch/m/n' will be
(Font)              scaled to size 7.68005pt on input line 630.
LaTeX Font Info:    Font shape `MDA/mdbch/m/n' will be
(Font)              scaled to size 5.76004pt on input line 630.
LaTeX Font Info:    Trying to load font information for MDB+mdbch on input line 630.
(/Users/jpiy0001/Library/TinyTeX/texmf-dist/tex/latex/mathdesign/mdbch/mdbmdbch.fd
File: mdbmdbch.fd 2013/08/29 Fontinst v1.933 font definitions for MDB/mdbch.
)
LaTeX Font Info:    Font shape `MDB/mdbch/m/n' will be
(Font)              scaled to size 10.51207pt on input line 630.
LaTeX Font Info:    Font shape `MDB/mdbch/m/n' will be
(Font)              scaled to size 7.68005pt on input line 630.
LaTeX Font Info:    Font shape `MDB/mdbch/m/n' will be
(Font)              scaled to size 5.76004pt on input line 630.

Package fancyhdr Warning: \headheight is too small (15.0pt): 
(fancyhdr)                Make it at least 26.2484pt, for example:
(fancyhdr)                \setlength{\headheight}{26.2484pt}.
(fancyhdr)                You might also make \topmargin smaller:
(fancyhdr)                \addtolength{\topmargin}{-11.2484pt}.

[6]

Package fancyhdr Warning: \headheight is too small (15.0pt): 
(fancyhdr)                Make it at least 26.2484pt, for example:
(fancyhdr)                \setlength{\headheight}{26.2484pt}.
(fancyhdr)                You might also make \topmargin smaller:
(fancyhdr)                \addtolength{\topmargin}{-11.2484pt}.

[7]
Chapter 1.

LaTeX Warning: Citation `ref-hao2021' on page 0 undefined on input line 704.


LaTeX Warning: Citation `ref-jia2022' on page 0 undefined on input line 708.


LaTeX Warning: Citation `ref-johnstone2009' on page 0 undefined on input line 710.


LaTeX Warning: Citation `ref-jolliffe2011' on page 0 undefined on input line 719.


LaTeX Warning: Citation `ref-lee2021' on page 0 undefined on input line 721.


LaTeX Warning: Citation `ref-wickham2011' on page 0 undefined on input line 725.


LaTeX Warning: Citation `ref-harisson2024' on page 0 undefined on input line 726.


LaTeX Warning: Citation `ref-hart2022' on page 0 undefined on input line 727.

LaTeX Font Info:    Font shape `T1/mdbch/m/it' will be
(Font)              scaled to size 10.51207pt on input line 730.

LaTeX Warning: Citation `ref-laa2022' on page 0 undefined on input line 731.


LaTeX Warning: Citation `ref-laurens2008' on page 0 undefined on input line 737.


LaTeX Warning: Citation `ref-leland2018' on page 0 undefined on input line 739.


LaTeX Warning: Citation `ref-moon2019' on page 0 undefined on input line 740.


LaTeX Warning: Citation `ref-amid2022' on page 0 undefined on input line 742.


LaTeX Warning: Citation `ref-yingfan2021' on page 0 undefined on input line 744.

LaTeX Font Info:    Font shape `T1/mdbch/m/n' will be
(Font)              scaled to size 7.68005pt on input line 745.
LaTeX Font Info:    Font shape `T1/mdbch/m/n' will be
(Font)              scaled to size 5.76004pt on input line 745.

LaTeX Warning: Citation `ref-coifman2005' on page 0 undefined on input line 749.

[0


]
<chapters/01-chap1_files/figure-pdf/fig-NLDR-variety-intro-1.pdf, id=72, 558.085pt x 269.005pt>
File: chapters/01-chap1_files/figure-pdf/fig-NLDR-variety-intro-1.pdf Graphic file (type pdf)
<use chapters/01-chap1_files/figure-pdf/fig-NLDR-variety-intro-1.pdf>
Package pdftex.def Info: chapters/01-chap1_files/figure-pdf/fig-NLDR-variety-intro-1.pdf  used on input line 758.
(pdftex.def)             Requested size: 455.25679pt x 219.4403pt.

LaTeX Warning: Citation `ref-hao2021' on page 1 undefined on input line 775.


LaTeX Warning: Citation `ref-hao2021' on page 1 undefined on input line 775.


LaTeX Warning: Reference `fig-NLDR-variety-intro' on page 1 undefined on input line 782.


Package fancyhdr Warning: \headheight is too small (15.0pt): 
(fancyhdr)                Make it at least 26.2484pt, for example:
(fancyhdr)                \setlength{\headheight}{26.2484pt}.
(fancyhdr)                You might also make \topmargin smaller:
(fancyhdr)                \addtolength{\topmargin}{-11.2484pt}.


pdfTeX warning (ext4): destination with the same identifier (name{page.1}) has been already used, duplicate ignored
<to be read again> 
                   \relax 
l.797 I
       n addition to technical gaps, \textbf{little is known about how people [1 <./chapters/01-chap1_files/figure-pdf/fig-NLDR-variety-intro-1.pdf>]

Package fancyhdr Warning: \headheight is too small (15.0pt): 
(fancyhdr)                Make it at least 26.2484pt, for example:
(fancyhdr)                \setlength{\headheight}{26.2484pt}.
(fancyhdr)                You might also make \topmargin smaller:
(fancyhdr)                \addtolength{\topmargin}{-11.2484pt}.


pdfTeX warning (ext4): destination with the same identifier (name{page.2}) has been already used, duplicate ignored
<to be read again> 
                   \relax 
l.846 C
       hapter~\ref{sec-first-paper} introduces an algorithm to assess the NLDR [2]

LaTeX Warning: Reference `sec-first-paper' on page 3 undefined on input line 846.


LaTeX Warning: Reference `sec-third-paper' on page 3 undefined on input line 852.


LaTeX Warning: Citation `ref-jayani2024a' on page 3 undefined on input line 856.


LaTeX Warning: Reference `sec-fourth-paper' on page 3 undefined on input line 862.


LaTeX Warning: Citation `ref-jayani2024b' on page 3 undefined on input line 863.


LaTeX Warning: Reference `sec-second-paper' on page 3 undefined on input line 871.


LaTeX Warning: Reference `sec-fifth-paper' on page 3 undefined on input line 877.


LaTeX Warning: Reference `sec-conclusion' on page 3 undefined on input line 883.


Package fancyhdr Warning: \headheight is too small (15.0pt): 
(fancyhdr)                Make it at least 26.2484pt, for example:
(fancyhdr)                \setlength{\headheight}{26.2484pt}.
(fancyhdr)                You might also make \topmargin smaller:
(fancyhdr)                \addtolength{\topmargin}{-11.2484pt}.


pdfTeX warning (ext4): destination with the same identifier (name{page.3}) has been already used, duplicate ignored
<to be read again> 
                   \relax 
l.888 \chapter
              {Choosing Better NLDR Layouts by Evaluating the Model in the [3]
Chapter 2.

LaTeX Warning: Citation `ref-laurens2008' on page 4 undefined on input line 897.


LaTeX Warning: Citation `ref-leland2018' on page 4 undefined on input line 898.


LaTeX Warning: Citation `ref-moon2019' on page 4 undefined on input line 900.


LaTeX Warning: Citation `ref-amid2019' on page 4 undefined on input line 902.


LaTeX Warning: Citation `ref-yingfan2021' on page 4 undefined on input line 904.


LaTeX Warning: Reference `fig-NLDR-variety' on page 4 undefined on input line 908.


LaTeX Warning: Citation `ref-irizarry2024' on page 4 undefined on input line 915.


LaTeX Warning: Citation `ref-chari2023' on page 4 undefined on input line 916.

<chapters/02-chap2_files/figure-pdf/fig-NLDR-variety-1.pdf, id=103, 578.16pt x 289.08pt>
File: chapters/02-chap2_files/figure-pdf/fig-NLDR-variety-1.pdf Graphic file (type pdf)
<use chapters/02-chap2_files/figure-pdf/fig-NLDR-variety-1.pdf>
Package pdftex.def Info: chapters/02-chap2_files/figure-pdf/fig-NLDR-variety-1.pdf  used on input line 923.
(pdftex.def)             Requested size: 364.18979pt x 182.0949pt.

LaTeX Warning: Reference `sec-background' on page 4 undefined on input line 934.


LaTeX Warning: Reference `sec-method' on page 4 undefined on input line 936.


LaTeX Warning: Reference `sec-bestfit' on page 4 undefined on input line 938.


LaTeX Warning: Reference `sec-applications' on page 4 undefined on input line 942.


LaTeX Warning: Reference `sec-discussion' on page 4 undefined on input line 943.


pdfTeX warning (ext4): destination with the same identifier (name{page.4}) has been already used, duplicate ignored
<to be read again> 
                   \relax 
l.944 
       [4

]

LaTeX Warning: Citation `ref-kruskal1964' on page 5 undefined on input line 949.


LaTeX Warning: Citation `ref-jolliffe2011' on page 5 undefined on input line 951.


LaTeX Warning: Citation `ref-borg2005' on page 5 undefined on input line 953.


LaTeX Warning: Citation `ref-saeed2018' on page 5 undefined on input line 959.


LaTeX Warning: Citation `ref-silva2002' on page 5 undefined on input line 960.


LaTeX Warning: Citation `ref-johnstone2009' on page 5 undefined on input line 963.


LaTeX Warning: Citation `ref-coifman2005' on page 5 undefined on input line 973.


LaTeX Warning: Reference `fig-NLDR-variety' on page 5 undefined on input line 976.


Package fancyhdr Warning: \headheight is too small (15.0pt): 
(fancyhdr)                Make it at least 26.2484pt, for example:
(fancyhdr)                \setlength{\headheight}{26.2484pt}.
(fancyhdr)                You might also make \topmargin smaller:
(fancyhdr)                \addtolength{\topmargin}{-11.2484pt}.


pdfTeX warning (ext4): destination with the same identifier (name{page.5}) has been already used, duplicate ignored
<to be read again> 
                   \relax 
l.985 
       [5 <./chapters/02-chap2_files/figure-pdf/fig-NLDR-variety-1.pdf>]

LaTeX Warning: Citation `ref-As85' on page 6 undefined on input line 989.


LaTeX Warning: Citation `ref-lee2021' on page 6 undefined on input line 992.


LaTeX Warning: Citation `ref-wickham2011' on page 6 undefined on input line 994.


LaTeX Warning: Citation `ref-harisson2024' on page 6 undefined on input line 996.


LaTeX Warning: Citation `ref-hart2022' on page 6 undefined on input line 997.


LaTeX Warning: Citation `ref-laa2022' on page 6 undefined on input line 1002.


LaTeX Warning: Citation `ref-wickham2015' on page 6 undefined on input line 1010.


LaTeX Warning: Citation `ref-wickham2015' on page 6 undefined on input line 1016.

LaTeX Font Info:    Font shape `T1/mdbch/m/n' will be
(Font)              scaled to size 11.52008pt on input line 1032.
LaTeX Font Info:    Font shape `T1/FiraSans-TLF/m/n' in size <12> not available
(Font)              Font shape `T1/FiraSans-TLF/regular/n' tried instead on input line 1032.
LaTeX Font Info:    Font shape `T1/FiraSans-TLF/regular/n' will be
(Font)              scaled to size 12.0pt on input line 1032.
LaTeX Font Info:    Font shape `T1/FiraSans-TLF/b/n' in size <12> not available
(Font)              Font shape `T1/FiraSans-TLF/bold/n' tried instead on input line 1032.
LaTeX Font Info:    Font shape `T1/FiraSans-TLF/bold/n' will be
(Font)              scaled to size 12.0pt on input line 1032.

LaTeX Warning: Citation `ref-joreskog1969' on page 6 undefined on input line 1047.


Package fancyhdr Warning: \headheight is too small (15.0pt): 
(fancyhdr)                Make it at least 26.2484pt, for example:
(fancyhdr)                \setlength{\headheight}{26.2484pt}.
(fancyhdr)                You might also make \topmargin smaller:
(fancyhdr)                \addtolength{\topmargin}{-11.2484pt}.


pdfTeX warning (ext4): destination with the same identifier (name{page.6}) has been already used, duplicate ignored
<to be read again> 
                   \relax 
l.1050 
        [6]

LaTeX Warning: Reference `fig-NLDR-two-curvy' on page 7 undefined on input line 1069.


Package fancyhdr Warning: \headheight is too small (15.0pt): 
(fancyhdr)                Make it at least 26.2484pt, for example:
(fancyhdr)                \setlength{\headheight}{26.2484pt}.
(fancyhdr)                You might also make \topmargin smaller:
(fancyhdr)                \addtolength{\topmargin}{-11.2484pt}.


pdfTeX warning (ext4): destination with the same identifier (name{page.7}) has been already used, duplicate ignored
<to be read again> 
                   \relax 
l.1088 
        [7{/Users/jpiy0001/Library/TinyTeX/texmf-dist/fonts/enc/dvips/lm/lm-mathit.enc}]
<chapters/02-chap2_files/figure-pdf/fig-NLDR-two-curvy-1.pdf, id=139, 867.24pt x 206.7725pt>
File: chapters/02-chap2_files/figure-pdf/fig-NLDR-two-curvy-1.pdf Graphic file (type pdf)
<use chapters/02-chap2_files/figure-pdf/fig-NLDR-two-curvy-1.pdf>
Package pdftex.def Info: chapters/02-chap2_files/figure-pdf/fig-NLDR-two-curvy-1.pdf  used on input line 1093.
(pdftex.def)             Requested size: 455.24167pt x 108.5414pt.
LaTeX Font Info:    Font shape `OT1/mdbch/m/n' will be
(Font)              scaled to size 11.52008pt on input line 1104.
LaTeX Font Info:    Font shape `OML/mdbch/m/it' will be
(Font)              scaled to size 11.52008pt on input line 1104.

Package microtype Warning: I cannot find a protrusion list for font
(microtype)                `OML/mdbch/m/it/12'. Switching off
(microtype)                protrusion for this font on input line 1104.

LaTeX Font Info:    Font shape `OMS/mdbch/m/n' will be
(Font)              scaled to size 11.52008pt on input line 1104.

Package microtype Warning: I cannot find a protrusion list for font
(microtype)                `OMS/mdbch/m/n/12'. Switching off
(microtype)                protrusion for this font on input line 1104.

LaTeX Font Info:    Font shape `OMX/mdbch/m/n' will be
(Font)              scaled to size 11.52008pt on input line 1104.
LaTeX Font Info:    Font shape `OML/mdbch/m/n' will be
(Font)              scaled to size 11.52008pt on input line 1104.

Package microtype Warning: I cannot find a protrusion list for font
(microtype)                `OML/mdbch/m/n/12'. Switching off
(microtype)                protrusion for this font on input line 1104.

LaTeX Font Info:    Font shape `MDA/mdbch/m/n' will be
(Font)              scaled to size 11.52008pt on input line 1104.
LaTeX Font Info:    Font shape `MDB/mdbch/m/n' will be
(Font)              scaled to size 11.52008pt on input line 1104.
LaTeX Font Info:    Font shape `T1/FiraSans-TLF/b/n' in size <8> not available
(Font)              Font shape `T1/FiraSans-TLF/bold/n' tried instead on input line 1104.
LaTeX Font Info:    Font shape `T1/FiraSans-TLF/bold/n' will be
(Font)              scaled to size 8.0pt on input line 1104.
LaTeX Font Info:    Font shape `T1/FiraSans-TLF/b/n' in size <6> not available
(Font)              Font shape `T1/FiraSans-TLF/bold/n' tried instead on input line 1104.
LaTeX Font Info:    Font shape `T1/FiraSans-TLF/bold/n' will be
(Font)              scaled to size 6.0pt on input line 1104.

LaTeX Warning: Reference `fig-NLDR-two-curvy' on page 8 undefined on input line 1114.


LaTeX Warning: Citation `ref-carr1987' on page 8 undefined on input line 1121.


LaTeX Warning: Citation `ref-dan2023' on page 8 undefined on input line 1122.


LaTeX Warning: Reference `fig-hex-param' on page 8 undefined on input line 1125.


Package fancyhdr Warning: \headheight is too small (15.0pt): 
(fancyhdr)                Make it at least 26.2484pt, for example:
(fancyhdr)                \setlength{\headheight}{26.2484pt}.
(fancyhdr)                You might also make \topmargin smaller:
(fancyhdr)                \addtolength{\topmargin}{-11.2484pt}.

[8 <./chapters/02-chap2_files/figure-pdf/fig-NLDR-two-curvy-1.pdf>]
<chapters/02-chap2_files/figure-pdf/fig-hex-param-1.pdf, id=158, 325.215pt x 361.35pt>
File: chapters/02-chap2_files/figure-pdf/fig-hex-param-1.pdf Graphic file (type pdf)
<use chapters/02-chap2_files/figure-pdf/fig-hex-param-1.pdf>
Package pdftex.def Info: chapters/02-chap2_files/figure-pdf/fig-hex-param-1.pdf  used on input line 1169.
(pdftex.def)             Requested size: 136.57448pt x 151.74942pt.

LaTeX Warning: Reference `fig-NLDR-two-curvy' on page 9 undefined on input line 1189.


Package fancyhdr Warning: \headheight is too small (15.0pt): 
(fancyhdr)                Make it at least 26.2484pt, for example:
(fancyhdr)                \setlength{\headheight}{26.2484pt}.
(fancyhdr)                You might also make \topmargin smaller:
(fancyhdr)                \addtolength{\topmargin}{-11.2484pt}.

[9 <./chapters/02-chap2_files/figure-pdf/fig-hex-param-1.pdf>]

LaTeX Warning: Citation `ref-alb2024' on page 10 undefined on input line 1196.


LaTeX Warning: Citation `ref-lee1980' on page 10 undefined on input line 1197.


LaTeX Warning: Reference `fig-NLDR-two-curvy' on page 10 undefined on input line 1199.

<chapters/02-chap2_files/figure-pdf/best-fit-tsne-1.pdf, id=174, 434.62375pt x 144.54pt>
File: chapters/02-chap2_files/figure-pdf/best-fit-tsne-1.pdf Graphic file (type pdf)
<use chapters/02-chap2_files/figure-pdf/best-fit-tsne-1.pdf>
Package pdftex.def Info: chapters/02-chap2_files/figure-pdf/best-fit-tsne-1.pdf  used on input line 1217.
(pdftex.def)             Requested size: 455.27415pt x 151.40755pt.
LaTeX Font Info:    Font shape `T1/mdbch/m/it' will be
(Font)              scaled to size 7.68005pt on input line 1228.
LaTeX Font Info:    Font shape `T1/mdbch/m/it' will be
(Font)              scaled to size 5.76004pt on input line 1228.

LaTeX Warning: Citation `ref-john2015' on page 10 undefined on input line 1244.


LaTeX Warning: Citation `ref-yingfan2021' on page 10 undefined on input line 1248.


LaTeX Warning: Citation `ref-shepard1962' on page 10 undefined on input line 1250.


LaTeX Warning: Citation `ref-spearman1961' on page 10 undefined on input line 1251.


LaTeX Warning: Citation `ref-amid2019' on page 10 undefined on input line 1255.


Package fancyhdr Warning: \headheight is too small (15.0pt): 
(fancyhdr)                Make it at least 26.2484pt, for example:
(fancyhdr)                \setlength{\headheight}{26.2484pt}.
(fancyhdr)                You might also make \topmargin smaller:
(fancyhdr)                \addtolength{\topmargin}{-11.2484pt}.

[10 <./chapters/02-chap2_files/figure-pdf/best-fit-tsne-1.pdf>]

LaTeX Warning: Citation `ref-brown2015' on page 11 undefined on input line 1262.


LaTeX Warning: Reference `fig-p-d-error-in-2d-two-curvy' on page 11 undefined on input line 1281.

<chapters/02-chap2_files/figure-pdf/fig-p-d-error-in-2d-two-curvy-1.pdf, id=195, 566.115pt x 204.765pt>
File: chapters/02-chap2_files/figure-pdf/fig-p-d-error-in-2d-two-curvy-1.pdf Graphic file (type pdf)
<use chapters/02-chap2_files/figure-pdf/fig-p-d-error-in-2d-two-curvy-1.pdf>
Package pdftex.def Info: chapters/02-chap2_files/figure-pdf/fig-p-d-error-in-2d-two-curvy-1.pdf  used on input line 1291.
(pdftex.def)             Requested size: 455.25948pt x 164.6683pt.

Package fancyhdr Warning: \headheight is too small (15.0pt): 
(fancyhdr)                Make it at least 26.2484pt, for example:
(fancyhdr)                \setlength{\headheight}{26.2484pt}.
(fancyhdr)                You might also make \topmargin smaller:
(fancyhdr)                \addtolength{\topmargin}{-11.2484pt}.

[11]

LaTeX Warning: Citation `ref-tomasz2023' on page 12 undefined on input line 1311.


LaTeX Warning: Citation `ref-hinton2006' on page 12 undefined on input line 1313.


LaTeX Warning: Citation `ref-van2009' on page 12 undefined on input line 1314.


LaTeX Warning: Citation `ref-freedman1981' on page 12 undefined on input line 1350.


LaTeX Warning: Reference `eq-bin2' on page 12 undefined on input line 1352.


Package fancyhdr Warning: \headheight is too small (15.0pt): 
(fancyhdr)                Make it at least 26.2484pt, for example:
(fancyhdr)                \setlength{\headheight}{26.2484pt}.
(fancyhdr)                You might also make \topmargin smaller:
(fancyhdr)                \addtolength{\topmargin}{-11.2484pt}.

[12 <./chapters/02-chap2_files/figure-pdf/fig-p-d-error-in-2d-two-curvy-1.pdf>]

LaTeX Warning: Reference `fig-bins-two-curvy' on page 13 undefined on input line 1356.

<chapters/02-chap2_files/figure-pdf/fig-bins-two-curvy-1.pdf, id=222, 650.43pt x 216.81pt>
File: chapters/02-chap2_files/figure-pdf/fig-bins-two-curvy-1.pdf Graphic file (type pdf)
<use chapters/02-chap2_files/figure-pdf/fig-bins-two-curvy-1.pdf>
Package pdftex.def Info: chapters/02-chap2_files/figure-pdf/fig-bins-two-curvy-1.pdf  used on input line 1365.
(pdftex.def)             Requested size: 455.2582pt x 151.75272pt.
LaTeX Font Info:    Font shape `T1/mdbch/b/it' will be
(Font)              scaled to size 10.51207pt on input line 1375.

LaTeX Warning: Reference `fig-param-two-curvy' on page 13 undefined on input line 1387.


Package fancyhdr Warning: \headheight is too small (15.0pt): 
(fancyhdr)                Make it at least 26.2484pt, for example:
(fancyhdr)                \setlength{\headheight}{26.2484pt}.
(fancyhdr)                You might also make \topmargin smaller:
(fancyhdr)                \addtolength{\topmargin}{-11.2484pt}.

[13 <./chapters/02-chap2_files/figure-pdf/fig-bins-two-curvy-1.pdf>]
<chapters/02-chap2_files/figure-pdf/fig-param-two-curvy-1.pdf, id=241, 859.21pt x 644.4075pt>
File: chapters/02-chap2_files/figure-pdf/fig-param-two-curvy-1.pdf Graphic file (type pdf)
<use chapters/02-chap2_files/figure-pdf/fig-param-two-curvy-1.pdf>
Package pdftex.def Info: chapters/02-chap2_files/figure-pdf/fig-param-two-curvy-1.pdf  used on input line 1423.
(pdftex.def)             Requested size: 455.24803pt x 341.43602pt.

Package fancyhdr Warning: \headheight is too small (15.0pt): 
(fancyhdr)                Make it at least 26.2484pt, for example:
(fancyhdr)                \setlength{\headheight}{26.2484pt}.
(fancyhdr)                You might also make \topmargin smaller:
(fancyhdr)                \addtolength{\topmargin}{-11.2484pt}.

[14 <./chapters/02-chap2_files/figure-pdf/fig-param-two-curvy-1.pdf>]

LaTeX Warning: Citation `ref-chapman2020' on page 15 undefined on input line 1447.


LaTeX Warning: Citation `ref-harisson2024' on page 15 undefined on input line 1448.


LaTeX Warning: Citation `ref-joe2025' on page 15 undefined on input line 1450.


LaTeX Warning: Citation `ref-joe2024' on page 15 undefined on input line 1451.

LaTeX Font Info:    Font shape `OT1/mdbch/m/n' will be
(Font)              scaled to size 13.82408pt on input line 1461.
LaTeX Font Info:    Font shape `OT1/mdbch/m/n' will be
(Font)              scaled to size 9.60007pt on input line 1461.
LaTeX Font Info:    Font shape `OT1/mdbch/m/n' will be
(Font)              scaled to size 6.72005pt on input line 1461.
LaTeX Font Info:    Font shape `OML/mdbch/m/it' will be
(Font)              scaled to size 13.82408pt on input line 1461.
LaTeX Font Info:    Font shape `OML/mdbch/m/it' will be
(Font)              scaled to size 9.60007pt on input line 1461.

Package microtype Warning: I cannot find a protrusion list for font
(microtype)                `OML/mdbch/m/it/10'. Switching off
(microtype)                protrusion for this font on input line 1461.

LaTeX Font Info:    Font shape `OML/mdbch/m/it' will be
(Font)              scaled to size 6.72005pt on input line 1461.
LaTeX Font Info:    Font shape `OMS/mdbch/m/n' will be
(Font)              scaled to size 13.82408pt on input line 1461.
LaTeX Font Info:    Font shape `OMS/mdbch/m/n' will be
(Font)              scaled to size 9.60007pt on input line 1461.

Package microtype Warning: I cannot find a protrusion list for font
(microtype)                `OMS/mdbch/m/n/10'. Switching off
(microtype)                protrusion for this font on input line 1461.

LaTeX Font Info:    Font shape `OMS/mdbch/m/n' will be
(Font)              scaled to size 6.72005pt on input line 1461.
LaTeX Font Info:    Font shape `OMX/mdbch/m/n' will be
(Font)              scaled to size 13.82408pt on input line 1461.
LaTeX Font Info:    Font shape `OMX/mdbch/m/n' will be
(Font)              scaled to size 9.60007pt on input line 1461.
LaTeX Font Info:    Font shape `OMX/mdbch/m/n' will be
(Font)              scaled to size 6.72005pt on input line 1461.
LaTeX Font Info:    Font shape `OML/mdbch/m/n' will be
(Font)              scaled to size 13.82408pt on input line 1461.
LaTeX Font Info:    Font shape `OML/mdbch/m/n' will be
(Font)              scaled to size 9.60007pt on input line 1461.

Package microtype Warning: I cannot find a protrusion list for font
(microtype)                `OML/mdbch/m/n/10'. Switching off
(microtype)                protrusion for this font on input line 1461.

LaTeX Font Info:    Font shape `OML/mdbch/m/n' will be
(Font)              scaled to size 6.72005pt on input line 1461.
LaTeX Font Info:    Font shape `MDA/mdbch/m/n' will be
(Font)              scaled to size 13.82408pt on input line 1461.
LaTeX Font Info:    Font shape `MDA/mdbch/m/n' will be
(Font)              scaled to size 9.60007pt on input line 1461.
LaTeX Font Info:    Font shape `MDA/mdbch/m/n' will be
(Font)              scaled to size 6.72005pt on input line 1461.
LaTeX Font Info:    Font shape `MDB/mdbch/m/n' will be
(Font)              scaled to size 13.82408pt on input line 1461.
LaTeX Font Info:    Font shape `MDB/mdbch/m/n' will be
(Font)              scaled to size 9.60007pt on input line 1461.
LaTeX Font Info:    Font shape `MDB/mdbch/m/n' will be
(Font)              scaled to size 6.72005pt on input line 1461.
LaTeX Font Info:    Font shape `T1/FiraSans-TLF/b/n' in size <10> not available
(Font)              Font shape `T1/FiraSans-TLF/bold/n' tried instead on input line 1461.
LaTeX Font Info:    Font shape `T1/FiraSans-TLF/bold/n' will be
(Font)              scaled to size 10.0pt on input line 1461.
LaTeX Font Info:    Font shape `T1/FiraSans-TLF/b/n' in size <7> not available
(Font)              Font shape `T1/FiraSans-TLF/bold/n' tried instead on input line 1461.
LaTeX Font Info:    Font shape `T1/FiraSans-TLF/bold/n' will be
(Font)              scaled to size 7.0pt on input line 1461.

LaTeX Warning: Reference `fig-toy-rmse' on page 15 undefined on input line 1463.


Package fancyhdr Warning: \headheight is too small (15.0pt): 
(fancyhdr)                Make it at least 26.2484pt, for example:
(fancyhdr)                \setlength{\headheight}{26.2484pt}.
(fancyhdr)                You might also make \topmargin smaller:
(fancyhdr)                \addtolength{\topmargin}{-11.2484pt}.

[15]
<chapters/02-chap2_files/figure-pdf/fig-toy-rmse-1.pdf, id=261, 432.61626pt x 419.5675pt>
File: chapters/02-chap2_files/figure-pdf/fig-toy-rmse-1.pdf Graphic file (type pdf)
<use chapters/02-chap2_files/figure-pdf/fig-toy-rmse-1.pdf>
Package pdftex.def Info: chapters/02-chap2_files/figure-pdf/fig-toy-rmse-1.pdf  used on input line 1515.
(pdftex.def)             Requested size: 455.26385pt x 441.53198pt.

Package fancyhdr Warning: \headheight is too small (15.0pt): 
(fancyhdr)                Make it at least 26.2484pt, for example:
(fancyhdr)                \setlength{\headheight}{26.2484pt}.
(fancyhdr)                You might also make \topmargin smaller:
(fancyhdr)                \addtolength{\topmargin}{-11.2484pt}.

[16]

LaTeX Warning: Reference `fig-toy-rmse' on page 17 undefined on input line 1534.


LaTeX Warning: Reference `fig-toy-rmse' on page 17 undefined on input line 1536.


Package fancyhdr Warning: \headheight is too small (15.0pt): 
(fancyhdr)                Make it at least 26.2484pt, for example:
(fancyhdr)                \setlength{\headheight}{26.2484pt}.
(fancyhdr)                You might also make \topmargin smaller:
(fancyhdr)                \addtolength{\topmargin}{-11.2484pt}.

[17 <./chapters/02-chap2_files/figure-pdf/fig-toy-rmse-1.pdf>]

LaTeX Warning: Reference `fig-fit-tsne-phate' on page 18 undefined on input line 1566.

<chapters/02-chap2_files/figure-pdf/fig-fit-tsne-phate-1.pdf, id=283, 433.62pt x 289.08pt>
File: chapters/02-chap2_files/figure-pdf/fig-fit-tsne-phate-1.pdf Graphic file (type pdf)
<use chapters/02-chap2_files/figure-pdf/fig-fit-tsne-phate-1.pdf>
Package pdftex.def Info: chapters/02-chap2_files/figure-pdf/fig-fit-tsne-phate-1.pdf  used on input line 1581.
(pdftex.def)             Requested size: 455.26813pt x 303.51207pt.

LaTeX Warning: Citation `ref-pbmc2019' on page 18 undefined on input line 1606.


LaTeX Warning: Citation `ref-haque2017' on page 18 undefined on input line 1608.


Package fancyhdr Warning: \headheight is too small (15.0pt): 
(fancyhdr)                Make it at least 26.2484pt, for example:
(fancyhdr)                \setlength{\headheight}{26.2484pt}.
(fancyhdr)                You might also make \topmargin smaller:
(fancyhdr)                \addtolength{\topmargin}{-11.2484pt}.

[18]

LaTeX Warning: Citation `ref-chen2024' on page 19 undefined on input line 1618.


LaTeX Warning: Reference `fig-NLDR-variety' on page 19 undefined on input line 1620.


LaTeX Warning: Citation `ref-chen2024' on page 19 undefined on input line 1624.


LaTeX Warning: Reference `fig-pbmc-rmse' on page 19 undefined on input line 1632.


LaTeX Warning: Reference `fig-NLDR-variety' on page 19 undefined on input line 1633.


Package fancyhdr Warning: \headheight is too small (15.0pt): 
(fancyhdr)                Make it at least 26.2484pt, for example:
(fancyhdr)                \setlength{\headheight}{26.2484pt}.
(fancyhdr)                You might also make \topmargin smaller:
(fancyhdr)                \addtolength{\topmargin}{-11.2484pt}.

[19 <./chapters/02-chap2_files/figure-pdf/fig-fit-tsne-phate-1.pdf>]

LaTeX Warning: Reference `fig-model-pbmc-author-proj' on page 20 undefined on input line 1651.

<chapters/02-chap2_files/figure-pdf/fig-pbmc-rmse-1.pdf, id=307, 361.35pt x 360.34625pt>
File: chapters/02-chap2_files/figure-pdf/fig-pbmc-rmse-1.pdf Graphic file (type pdf)
<use chapters/02-chap2_files/figure-pdf/fig-pbmc-rmse-1.pdf>
Package pdftex.def Info: chapters/02-chap2_files/figure-pdf/fig-pbmc-rmse-1.pdf  used on input line 1666.
(pdftex.def)             Requested size: 455.24828pt x 453.98369pt.

LaTeX Warning: Reference `fig-NLDR-variety' on page 20 undefined on input line 1679.


LaTeX Warning: Reference `fig-NLDR-variety' on page 20 undefined on input line 1679.


Package fancyhdr Warning: \headheight is too small (15.0pt): 
(fancyhdr)                Make it at least 26.2484pt, for example:
(fancyhdr)                \setlength{\headheight}{26.2484pt}.
(fancyhdr)                You might also make \topmargin smaller:
(fancyhdr)                \addtolength{\topmargin}{-11.2484pt}.

[20]
<chapters/02-chap2_files/figure-pdf/fig-model-pbmc-author-proj-1.pdf, id=312, 722.7pt x 483.8075pt>
File: chapters/02-chap2_files/figure-pdf/fig-model-pbmc-author-proj-1.pdf Graphic file (type pdf)
<use chapters/02-chap2_files/figure-pdf/fig-model-pbmc-author-proj-1.pdf>
Package pdftex.def Info: chapters/02-chap2_files/figure-pdf/fig-model-pbmc-author-proj-1.pdf  used on input line 1687.
(pdftex.def)             Requested size: 409.71571pt x 274.28192pt.

Package fancyhdr Warning: \headheight is too small (15.0pt): 
(fancyhdr)                Make it at least 26.2484pt, for example:
(fancyhdr)                \setlength{\headheight}{26.2484pt}.
(fancyhdr)                You might also make \topmargin smaller:
(fancyhdr)                \addtolength{\topmargin}{-11.2484pt}.

[21 <./chapters/02-chap2_files/figure-pdf/fig-pbmc-rmse-1.pdf>]

LaTeX Warning: Citation `ref-lecun1998' on page 22 undefined on input line 1707.

<chapters/02-chap2_files/figure-pdf/fig-mnist-rmse-1.pdf, id=329, 361.35pt x 279.0425pt>
File: chapters/02-chap2_files/figure-pdf/fig-mnist-rmse-1.pdf Graphic file (type pdf)
<use chapters/02-chap2_files/figure-pdf/fig-mnist-rmse-1.pdf>
Package pdftex.def Info: chapters/02-chap2_files/figure-pdf/fig-mnist-rmse-1.pdf  used on input line 1719.
(pdftex.def)             Requested size: 418.82996pt x 323.42978pt.

Package fancyhdr Warning: \headheight is too small (15.0pt): 
(fancyhdr)                Make it at least 26.2484pt, for example:
(fancyhdr)                \setlength{\headheight}{26.2484pt}.
(fancyhdr)                You might also make \topmargin smaller:
(fancyhdr)                \addtolength{\topmargin}{-11.2484pt}.

[22 <./chapters/02-chap2_files/figure-pdf/fig-model-pbmc-author-proj-1.pdf>]

LaTeX Warning: Reference `fig-mnist-rmse' on page 23 undefined on input line 1734.


LaTeX Warning: Reference `fig-clust-mnist' on page 23 undefined on input line 1747.


Package fancyhdr Warning: \headheight is too small (15.0pt): 
(fancyhdr)                Make it at least 26.2484pt, for example:
(fancyhdr)                \setlength{\headheight}{26.2484pt}.
(fancyhdr)                You might also make \topmargin smaller:
(fancyhdr)                \addtolength{\topmargin}{-11.2484pt}.

[23 <./chapters/02-chap2_files/figure-pdf/fig-mnist-rmse-1.pdf>]

LaTeX Warning: Reference `fig-model-error-mnist' on page 24 undefined on input line 1764.

<chapters/02-chap2_files/figure-pdf/fig-clust-mnist-1.pdf, id=366, 1084.05pt x 361.35pt>
File: chapters/02-chap2_files/figure-pdf/fig-clust-mnist-1.pdf Graphic file (type pdf)
<use chapters/02-chap2_files/figure-pdf/fig-clust-mnist-1.pdf>
Package pdftex.def Info: chapters/02-chap2_files/figure-pdf/fig-clust-mnist-1.pdf  used on input line 1780.
(pdftex.def)             Requested size: 455.24828pt x 151.74942pt.
<chapters/02-chap2_files/figure-pdf/fig-model-error-mnist-1.pdf, id=367, 722.7pt x 362.35374pt>
File: chapters/02-chap2_files/figure-pdf/fig-model-error-mnist-1.pdf Graphic file (type pdf)
<use chapters/02-chap2_files/figure-pdf/fig-model-error-mnist-1.pdf>
Package pdftex.def Info: chapters/02-chap2_files/figure-pdf/fig-model-error-mnist-1.pdf  used on input line 1799.
(pdftex.def)             Requested size: 455.24826pt x 228.25642pt.

Package fancyhdr Warning: \headheight is too small (15.0pt): 
(fancyhdr)                Make it at least 26.2484pt, for example:
(fancyhdr)                \setlength{\headheight}{26.2484pt}.
(fancyhdr)                You might also make \topmargin smaller:
(fancyhdr)                \addtolength{\topmargin}{-11.2484pt}.

[24 <./chapters/02-chap2_files/figure-pdf/fig-clust-mnist-1.pdf>]

Package fancyhdr Warning: \headheight is too small (15.0pt): 
(fancyhdr)                Make it at least 26.2484pt, for example:
(fancyhdr)                \setlength{\headheight}{26.2484pt}.
(fancyhdr)                You might also make \topmargin smaller:
(fancyhdr)                \addtolength{\topmargin}{-11.2484pt}.

[25 <./chapters/02-chap2_files/figure-pdf/fig-model-error-mnist-1.pdf>]

LaTeX Warning: Citation `ref-barber1996' on page 26 undefined on input line 1873.


LaTeX Warning: Citation `ref-stephane2023' on page 26 undefined on input line 1874.


LaTeX Warning: Citation `ref-harisson2024' on page 26 undefined on input line 1884.


LaTeX Warning: Citation `ref-wickham2011' on page 26 undefined on input line 1886.


LaTeX Warning: Citation `ref-hart2022' on page 26 undefined on input line 1887.


Package fancyhdr Warning: \headheight is too small (15.0pt): 
(fancyhdr)                Make it at least 26.2484pt, for example:
(fancyhdr)                \setlength{\headheight}{26.2484pt}.
(fancyhdr)                You might also make \topmargin smaller:
(fancyhdr)                \addtolength{\topmargin}{-11.2484pt}.

[26]

LaTeX Warning: Citation `ref-hadley2019' on page 27 undefined on input line 1904.


LaTeX Warning: Citation `ref-jesse2015' on page 27 undefined on input line 1905.


LaTeX Warning: Citation `ref-tomasz2023' on page 27 undefined on input line 1906.


LaTeX Warning: Citation `ref-thomas2024' on page 27 undefined on input line 1907.


LaTeX Warning: Citation `ref-achim2020' on page 27 undefined on input line 1908.


LaTeX Warning: Citation `ref-harisson2024' on page 27 undefined on input line 1909.


LaTeX Warning: Citation `ref-hadley2023' on page 27 undefined on input line 1910.


LaTeX Warning: Citation `ref-kevin2024' on page 27 undefined on input line 1911.


LaTeX Warning: Citation `ref-hao2024' on page 27 undefined on input line 1912.


LaTeX Warning: Citation `ref-amid2019' on page 27 undefined on input line 1914.


LaTeX Warning: Citation `ref-yingfan2021' on page 27 undefined on input line 1915.


LaTeX Warning: Citation `ref-jjallaire2024' on page 27 undefined on input line 1917.


Package fancyhdr Warning: \headheight is too small (15.0pt): 
(fancyhdr)                Make it at least 26.2484pt, for example:
(fancyhdr)                \setlength{\headheight}{26.2484pt}.
(fancyhdr)                You might also make \topmargin smaller:
(fancyhdr)                \addtolength{\topmargin}{-11.2484pt}.

[27]
Chapter 3.
LaTeX Font Info:    Font shape `OT1/mdbch/m/n' will be
(Font)              scaled to size 23.88496pt on input line 1924.
LaTeX Font Info:    Font shape `OT1/mdbch/m/n' will be
(Font)              scaled to size 19.91054pt on input line 1924.
LaTeX Font Info:    Font shape `OT1/mdbch/m/n' will be
(Font)              scaled to size 16.58891pt on input line 1924.
LaTeX Font Info:    Font shape `OML/mdbch/m/it' will be
(Font)              scaled to size 23.88496pt on input line 1924.
LaTeX Font Info:    Font shape `OML/mdbch/m/it' will be
(Font)              scaled to size 19.91054pt on input line 1924.
LaTeX Font Info:    Font shape `OML/mdbch/m/it' will be
(Font)              scaled to size 16.58891pt on input line 1924.
LaTeX Font Info:    Font shape `OMS/mdbch/m/n' will be
(Font)              scaled to size 23.88496pt on input line 1924.
LaTeX Font Info:    Font shape `OMS/mdbch/m/n' will be
(Font)              scaled to size 19.91054pt on input line 1924.
LaTeX Font Info:    Font shape `OMS/mdbch/m/n' will be
(Font)              scaled to size 16.58891pt on input line 1924.
LaTeX Font Info:    Font shape `OMX/mdbch/m/n' will be
(Font)              scaled to size 23.88496pt on input line 1924.
LaTeX Font Info:    Font shape `OMX/mdbch/m/n' will be
(Font)              scaled to size 19.91054pt on input line 1924.
LaTeX Font Info:    Font shape `OMX/mdbch/m/n' will be
(Font)              scaled to size 16.58891pt on input line 1924.
LaTeX Font Info:    Font shape `OML/mdbch/m/n' will be
(Font)              scaled to size 23.88496pt on input line 1924.
LaTeX Font Info:    Font shape `OML/mdbch/m/n' will be
(Font)              scaled to size 19.91054pt on input line 1924.
LaTeX Font Info:    Font shape `OML/mdbch/m/n' will be
(Font)              scaled to size 16.58891pt on input line 1924.
LaTeX Font Info:    Font shape `MDA/mdbch/m/n' will be
(Font)              scaled to size 23.88496pt on input line 1924.
LaTeX Font Info:    Font shape `MDA/mdbch/m/n' will be
(Font)              scaled to size 19.91054pt on input line 1924.
LaTeX Font Info:    Font shape `MDA/mdbch/m/n' will be
(Font)              scaled to size 16.58891pt on input line 1924.
LaTeX Font Info:    Font shape `MDB/mdbch/m/n' will be
(Font)              scaled to size 23.88496pt on input line 1924.
LaTeX Font Info:    Font shape `MDB/mdbch/m/n' will be
(Font)              scaled to size 19.91054pt on input line 1924.
LaTeX Font Info:    Font shape `MDB/mdbch/m/n' will be
(Font)              scaled to size 16.58891pt on input line 1924.
LaTeX Font Info:    Font shape `T1/FiraSans-TLF/b/n' in size <17.28> not available
(Font)              Font shape `T1/FiraSans-TLF/bold/n' tried instead on input line 1924.
LaTeX Font Info:    Font shape `T1/FiraSans-TLF/bold/n' will be
(Font)              scaled to size 17.28pt on input line 1924.

LaTeX Warning: Citation `ref-laurens2008' on page 28 undefined on input line 1930.


LaTeX Warning: Citation `ref-leland2018' on page 28 undefined on input line 1931.


LaTeX Warning: Citation `ref-moon2019' on page 28 undefined on input line 1933.


LaTeX Warning: Citation `ref-amid2019' on page 28 undefined on input line 1935.


LaTeX Warning: Citation `ref-yingfan2021' on page 28 undefined on input line 1937.

<chapters/03-chap3_files/figure-pdf/overview-1.pdf, id=418, 578.16pt x 290.08376pt>
File: chapters/03-chap3_files/figure-pdf/overview-1.pdf Graphic file (type pdf)
<use chapters/03-chap3_files/figure-pdf/overview-1.pdf>
Package pdftex.def Info: chapters/03-chap3_files/figure-pdf/overview-1.pdf  used on input line 1950.
(pdftex.def)             Requested size: 455.24165pt x 228.41118pt.
[28

]
<chapters/../figures/quollr/quollr_workflow.png, id=425, 1335.5496pt x 731.01105pt>
File: chapters/../figures/quollr/quollr_workflow.png Graphic file (type png)
<use chapters/../figures/quollr/quollr_workflow.png>
Package pdftex.def Info: chapters/../figures/quollr/quollr_workflow.png  used on input line 1987.
(pdftex.def)             Requested size: 455.24246pt x 249.17625pt.
LaTeX Font Info:    Font shape `T1/SourceCodePro-TLF/regular/it' aliased to
(Font)              `T1/SourceCodePro-TLF/m/it' on input line 1998.
LaTeX Font Info:    Font shape `T1/SourceCodePro-TLF/m/it' will be
(Font)              scaled to size 9.85492pt on input line 1998.

Package fancyhdr Warning: \headheight is too small (15.0pt): 
(fancyhdr)                Make it at least 26.2484pt, for example:
(fancyhdr)                \setlength{\headheight}{26.2484pt}.
(fancyhdr)                You might also make \topmargin smaller:
(fancyhdr)                \addtolength{\topmargin}{-11.2484pt}.

[29 <./chapters/03-chap3_files/figure-pdf/overview-1.pdf>]

Package fancyhdr Warning: \headheight is too small (15.0pt): 
(fancyhdr)                Make it at least 26.2484pt, for example:
(fancyhdr)                \setlength{\headheight}{26.2484pt}.
(fancyhdr)                You might also make \topmargin smaller:
(fancyhdr)                \addtolength{\topmargin}{-11.2484pt}.

[30 <./chapters/../figures/quollr/quollr_workflow.png>]
Overfull \hbox (16.45401pt too wide) in paragraph at lines 2035--2040
[]\T1/mdbch/m/n/10.95 (-20) Visualization: Func-tions such as \T1/SourceCodePro-TLF/m/n/10.95 geom_hexgrid()\T1/mdbch/m/n/10.95 (-20) , \T1/SourceCodePro-TLF/m/n/10.95 geom_trimesh()\T1/mdbch/m/n/10.95 (-20) , and \T1/SourceCodePro-TLF/m/n/10.95 show_langevitour()
 []


Underfull \hbox (badness 3396) in paragraph at lines 2040--2048
\T1/mdbch/m/n/10.95 (+20) in-ter-ac-tive linked vi-su-al-iza-tions that con-nect the $\OT1/mdbch/m/n/10.95 (+20) 2[]\OML/mdbch/m/it/10.95 D$\T1/mdbch/m/n/10.95 (+20) NLDR lay-out, the cor-re-spond-
 []


Package fancyhdr Warning: \headheight is too small (15.0pt): 
(fancyhdr)                Make it at least 26.2484pt, for example:
(fancyhdr)                \setlength{\headheight}{26.2484pt}.
(fancyhdr)                You might also make \topmargin smaller:
(fancyhdr)                \addtolength{\topmargin}{-11.2484pt}.

[31]
Overfull \hbox (70.86516pt too wide) in paragraph at lines 2123--2125
[]\T1/mdbch/m/n/10.95 (-20) The pack-age is avail-able on CRAN, and the de-vel-op-ment ver-sion is avail-able at https://jayanilakshika.github.io/quollr/. 
 []


LaTeX Warning: Citation `ref-gamage2025c' on page 32 undefined on input line 2132.

<chapters/03-chap3_files/figure-pdf/algo-steps-1.pdf, id=465, 1446.40375pt x 361.35pt>
File: chapters/03-chap3_files/figure-pdf/algo-steps-1.pdf Graphic file (type pdf)
<use chapters/03-chap3_files/figure-pdf/algo-steps-1.pdf>
Package pdftex.def Info: chapters/03-chap3_files/figure-pdf/algo-steps-1.pdf  used on input line 2136.
(pdftex.def)             Requested size: 455.2444pt x 113.73212pt.

Package fancyhdr Warning: \headheight is too small (15.0pt): 
(fancyhdr)                Make it at least 26.2484pt, for example:
(fancyhdr)                \setlength{\headheight}{26.2484pt}.
(fancyhdr)                You might also make \topmargin smaller:
(fancyhdr)                \addtolength{\topmargin}{-11.2484pt}.

[32]

Package fancyhdr Warning: \headheight is too small (15.0pt): 
(fancyhdr)                Make it at least 26.2484pt, for example:
(fancyhdr)                \setlength{\headheight}{26.2484pt}.
(fancyhdr)                You might also make \topmargin smaller:
(fancyhdr)                \addtolength{\topmargin}{-11.2484pt}.

[33 <./chapters/03-chap3_files/figure-pdf/algo-steps-1.pdf>]

Package fancyhdr Warning: \headheight is too small (15.0pt): 
(fancyhdr)                Make it at least 26.2484pt, for example:
(fancyhdr)                \setlength{\headheight}{26.2484pt}.
(fancyhdr)                You might also make \topmargin smaller:
(fancyhdr)                \addtolength{\topmargin}{-11.2484pt}.

[34]

Package fancyhdr Warning: \headheight is too small (15.0pt): 
(fancyhdr)                Make it at least 26.2484pt, for example:
(fancyhdr)                \setlength{\headheight}{26.2484pt}.
(fancyhdr)                You might also make \topmargin smaller:
(fancyhdr)                \addtolength{\topmargin}{-11.2484pt}.

[35]

Package fancyhdr Warning: \headheight is too small (15.0pt): 
(fancyhdr)                Make it at least 26.2484pt, for example:
(fancyhdr)                \setlength{\headheight}{26.2484pt}.
(fancyhdr)                You might also make \topmargin smaller:
(fancyhdr)                \addtolength{\topmargin}{-11.2484pt}.

[36]

Package fancyhdr Warning: \headheight is too small (15.0pt): 
(fancyhdr)                Make it at least 26.2484pt, for example:
(fancyhdr)                \setlength{\headheight}{26.2484pt}.
(fancyhdr)                You might also make \topmargin smaller:
(fancyhdr)                \addtolength{\topmargin}{-11.2484pt}.

[37]

Package fancyhdr Warning: \headheight is too small (15.0pt): 
(fancyhdr)                Make it at least 26.2484pt, for example:
(fancyhdr)                \setlength{\headheight}{26.2484pt}.
(fancyhdr)                You might also make \topmargin smaller:
(fancyhdr)                \addtolength{\topmargin}{-11.2484pt}.

[38]
Overfull \hbox (13.38719pt too wide) in paragraph at lines 2473--2475
[] [] \T1/FiraSans-TLF/bold/n/10.95 (-20) Com-put-ing the stan-dard-ized num-ber of points within each hexagon[] \T1/mdbch/m/n/10.95 (-20) The \T1/SourceCodePro-TLF/m/n/10.95 compute_std_counts()
 []


Package fancyhdr Warning: \headheight is too small (15.0pt): 
(fancyhdr)                Make it at least 26.2484pt, for example:
(fancyhdr)                \setlength{\headheight}{26.2484pt}.
(fancyhdr)                You might also make \topmargin smaller:
(fancyhdr)                \addtolength{\topmargin}{-11.2484pt}.

[39]

Package fancyhdr Warning: \headheight is too small (15.0pt): 
(fancyhdr)                Make it at least 26.2484pt, for example:
(fancyhdr)                \setlength{\headheight}{26.2484pt}.
(fancyhdr)                You might also make \topmargin smaller:
(fancyhdr)                \addtolength{\topmargin}{-11.2484pt}.

[40]

LaTeX Warning: Citation `ref-lee1980' on page 41 undefined on input line 2581.


LaTeX Warning: Citation `ref-albrecht2024' on page 41 undefined on input line 2582.


LaTeX Warning: Citation `ref-albrecht2024' on page 41 undefined on input line 2589.


Package fancyhdr Warning: \headheight is too small (15.0pt): 
(fancyhdr)                Make it at least 26.2484pt, for example:
(fancyhdr)                \setlength{\headheight}{26.2484pt}.
(fancyhdr)                You might also make \topmargin smaller:
(fancyhdr)                \addtolength{\topmargin}{-11.2484pt}.

[41]
Overfull \hbox (29.61768pt too wide) in paragraph at lines 2648--2648
[]\T1/SourceCodePro-TLF/m/n/10.95 >    from    to  x_from  y_from    x_to    y_to from_count to_count from_reindexed[] 
 []


Overfull \hbox (29.61768pt too wide) in paragraph at lines 2648--2648
[]\T1/SourceCodePro-TLF/m/n/10.95 >   <int> <int>   <dbl>   <dbl>   <dbl>   <dbl>      <dbl>    <dbl>          <int>[] 
 []


Overfull \hbox (29.61768pt too wide) in paragraph at lines 2648--2648
[]\T1/SourceCodePro-TLF/m/n/10.95 > 1     1     2 -0.1    -0.116  -0.0413 -0.116           0        0              1[] 
 []


Overfull \hbox (29.61768pt too wide) in paragraph at lines 2648--2648
[]\T1/SourceCodePro-TLF/m/n/10.95 > 2    22    23 -0.0707 -0.0648 -0.0120 -0.0648          0        0             22[] 
 []


Overfull \hbox (29.61768pt too wide) in paragraph at lines 2648--2648
[]\T1/SourceCodePro-TLF/m/n/10.95 > 3    22    44 -0.0707 -0.0648 -0.0413 -0.0140          0        0             22[] 
 []


Overfull \hbox (29.61768pt too wide) in paragraph at lines 2648--2648
[]\T1/SourceCodePro-TLF/m/n/10.95 > 4     3    23  0.0174 -0.116  -0.0120 -0.0648          0        0              3[] 
 []


Overfull \hbox (29.61768pt too wide) in paragraph at lines 2648--2648
[]\T1/SourceCodePro-TLF/m/n/10.95 > 5    44    45 -0.0413 -0.0140  0.0174 -0.0140          0        0             44[] 
 []


Package fancyhdr Warning: \headheight is too small (15.0pt): 
(fancyhdr)                Make it at least 26.2484pt, for example:
(fancyhdr)                \setlength{\headheight}{26.2484pt}.
(fancyhdr)                You might also make \topmargin smaller:
(fancyhdr)                \addtolength{\topmargin}{-11.2484pt}.

[42]

Package fancyhdr Warning: \headheight is too small (15.0pt): 
(fancyhdr)                Make it at least 26.2484pt, for example:
(fancyhdr)                \setlength{\headheight}{26.2484pt}.
(fancyhdr)                You might also make \topmargin smaller:
(fancyhdr)                \addtolength{\topmargin}{-11.2484pt}.

[43]

LaTeX Warning: Citation `ref-tomasz2023' on page 44 undefined on input line 2776.


Package fancyhdr Warning: \headheight is too small (15.0pt): 
(fancyhdr)                Make it at least 26.2484pt, for example:
(fancyhdr)                \setlength{\headheight}{26.2484pt}.
(fancyhdr)                You might also make \topmargin smaller:
(fancyhdr)                \addtolength{\topmargin}{-11.2484pt}.

[44]

Package fancyhdr Warning: \headheight is too small (15.0pt): 
(fancyhdr)                Make it at least 26.2484pt, for example:
(fancyhdr)                \setlength{\headheight}{26.2484pt}.
(fancyhdr)                You might also make \topmargin smaller:
(fancyhdr)                \addtolength{\topmargin}{-11.2484pt}.

[45]

Package fancyhdr Warning: \headheight is too small (15.0pt): 
(fancyhdr)                Make it at least 26.2484pt, for example:
(fancyhdr)                \setlength{\headheight}{26.2484pt}.
(fancyhdr)                You might also make \topmargin smaller:
(fancyhdr)                \addtolength{\topmargin}{-11.2484pt}.

[46]

Package fancyhdr Warning: \headheight is too small (15.0pt): 
(fancyhdr)                Make it at least 26.2484pt, for example:
(fancyhdr)                \setlength{\headheight}{26.2484pt}.
(fancyhdr)                You might also make \topmargin smaller:
(fancyhdr)                \addtolength{\topmargin}{-11.2484pt}.

[47]
<chapters/03-chap3_files/figure-pdf/geom-outputs-pdf-1.pdf, id=554, 1445.4pt x 361.35pt>
File: chapters/03-chap3_files/figure-pdf/geom-outputs-pdf-1.pdf Graphic file (type pdf)
<use chapters/03-chap3_files/figure-pdf/geom-outputs-pdf-1.pdf>
Package pdftex.def Info: chapters/03-chap3_files/figure-pdf/geom-outputs-pdf-1.pdf  used on input line 2961.
(pdftex.def)             Requested size: 455.23724pt x 113.80931pt.

LaTeX Warning: Citation `ref-paul2023' on page 48 undefined on input line 2981.


Underfull \hbox (badness 3679) in paragraph at lines 2983--2989
[]\T1/mdbch/m/n/10.95 (+20) Before plot-ting, the data needs to be or-ga-nized into a com-bined for-mat through the
 []


Package fancyhdr Warning: \headheight is too small (15.0pt): 
(fancyhdr)                Make it at least 26.2484pt, for example:
(fancyhdr)                \setlength{\headheight}{26.2484pt}.
(fancyhdr)                You might also make \topmargin smaller:
(fancyhdr)                \addtolength{\topmargin}{-11.2484pt}.

[48 <./chapters/03-chap3_files/figure-pdf/geom-outputs-pdf-1.pdf>]
<chapters/03-chap3_files/figure-pdf/unnamed-chunk-29-1.pdf, id=565, 578.16pt x 145.54375pt>
File: chapters/03-chap3_files/figure-pdf/unnamed-chunk-29-1.pdf Graphic file (type pdf)
<use chapters/03-chap3_files/figure-pdf/unnamed-chunk-29-1.pdf>
Package pdftex.def Info: chapters/03-chap3_files/figure-pdf/unnamed-chunk-29-1.pdf  used on input line 3021.
(pdftex.def)             Requested size: 455.24165pt x 114.60075pt.

LaTeX Warning: Citation `ref-casper2025' on page 49 undefined on input line 3037.

<chapters/../figures/quollr/model_proj1_detourr.png, id=566, 724.7075pt x 637.38126pt>
File: chapters/../figures/quollr/model_proj1_detourr.png Graphic file (type png)
<use chapters/../figures/quollr/model_proj1_detourr.png>
Package pdftex.def Info: chapters/../figures/quollr/model_proj1_detourr.png  used on input line 3046.
(pdftex.def)             Requested size: 227.62057pt x 200.19261pt.

Package fancyhdr Warning: \headheight is too small (15.0pt): 
(fancyhdr)                Make it at least 26.2484pt, for example:
(fancyhdr)                \setlength{\headheight}{26.2484pt}.
(fancyhdr)                You might also make \topmargin smaller:
(fancyhdr)                \addtolength{\topmargin}{-11.2484pt}.

[49 <./chapters/03-chap3_files/figure-pdf/unnamed-chunk-29-1.pdf>]
<chapters/../figures/quollr/model_proj2_detourr.png, id=585, 730.73pt x 638.385pt>
File: chapters/../figures/quollr/model_proj2_detourr.png Graphic file (type png)
<use chapters/../figures/quollr/model_proj2_detourr.png>
Package pdftex.def Info: chapters/../figures/quollr/model_proj2_detourr.png  used on input line 3059.
(pdftex.def)             Requested size: 227.61665pt x 198.85191pt.

Package fancyhdr Warning: \headheight is too small (15.0pt): 
(fancyhdr)                Make it at least 26.2484pt, for example:
(fancyhdr)                \setlength{\headheight}{26.2484pt}.
(fancyhdr)                You might also make \topmargin smaller:
(fancyhdr)                \addtolength{\topmargin}{-11.2484pt}.

[50 <./chapters/../figures/quollr/model_proj1_detourr.png> <./chapters/../figures/quollr/model_proj2_detourr.png>]

Package fancyhdr Warning: \headheight is too small (15.0pt): 
(fancyhdr)                Make it at least 26.2484pt, for example:
(fancyhdr)                \setlength{\headheight}{26.2484pt}.
(fancyhdr)                You might also make \topmargin smaller:
(fancyhdr)                \addtolength{\topmargin}{-11.2484pt}.

[51]
<chapters/03-chap3_files/figure-pdf/unnamed-chunk-34-1.pdf, id=598, 722.7pt x 722.7pt>
File: chapters/03-chap3_files/figure-pdf/unnamed-chunk-34-1.pdf Graphic file (type pdf)
<use chapters/03-chap3_files/figure-pdf/unnamed-chunk-34-1.pdf>
Package pdftex.def Info: chapters/03-chap3_files/figure-pdf/unnamed-chunk-34-1.pdf  used on input line 3155.
(pdftex.def)             Requested size: 455.24826pt x 455.24826pt.

Package fancyhdr Warning: \headheight is too small (15.0pt): 
(fancyhdr)                Make it at least 26.2484pt, for example:
(fancyhdr)                \setlength{\headheight}{26.2484pt}.
(fancyhdr)                You might also make \topmargin smaller:
(fancyhdr)                \addtolength{\topmargin}{-11.2484pt}.

[52]

Package fancyhdr Warning: \headheight is too small (15.0pt): 
(fancyhdr)                Make it at least 26.2484pt, for example:
(fancyhdr)                \setlength{\headheight}{26.2484pt}.
(fancyhdr)                You might also make \topmargin smaller:
(fancyhdr)                \addtolength{\topmargin}{-11.2484pt}.

[53 <./chapters/03-chap3_files/figure-pdf/unnamed-chunk-34-1.pdf>]
<chapters/03-chap3_files/figure-pdf/unnamed-chunk-38-1.pdf, id=620, 941.5175pt x 708.6475pt>
File: chapters/03-chap3_files/figure-pdf/unnamed-chunk-38-1.pdf Graphic file (type pdf)
<use chapters/03-chap3_files/figure-pdf/unnamed-chunk-38-1.pdf>
Package pdftex.def Info: chapters/03-chap3_files/figure-pdf/unnamed-chunk-38-1.pdf  used on input line 3236.
(pdftex.def)             Requested size: 455.24191pt x 342.64476pt.

Package fancyhdr Warning: \headheight is too small (15.0pt): 
(fancyhdr)                Make it at least 26.2484pt, for example:
(fancyhdr)                \setlength{\headheight}{26.2484pt}.
(fancyhdr)                You might also make \topmargin smaller:
(fancyhdr)                \addtolength{\topmargin}{-11.2484pt}.

[54]

LaTeX Warning: Citation `ref-joe2023' on page 55 undefined on input line 3260.


LaTeX Warning: Citation `ref-joe2024' on page 55 undefined on input line 3261.


LaTeX Warning: Citation `ref-chapman2020' on page 55 undefined on input line 3266.


Package fancyhdr Warning: \headheight is too small (15.0pt): 
(fancyhdr)                Make it at least 26.2484pt, for example:
(fancyhdr)                \setlength{\headheight}{26.2484pt}.
(fancyhdr)                You might also make \topmargin smaller:
(fancyhdr)                \addtolength{\topmargin}{-11.2484pt}.

[55 <./chapters/03-chap3_files/figure-pdf/unnamed-chunk-38-1.pdf>]
<chapters/../figures/quollr/model_link_proj1_detourr.png, id=645, 1207.51125pt x 611.28375pt>
File: chapters/../figures/quollr/model_link_proj1_detourr.png Graphic file (type png)
<use chapters/../figures/quollr/model_link_proj1_detourr.png>
Package pdftex.def Info: chapters/../figures/quollr/model_link_proj1_detourr.png  used on input line 3312.
(pdftex.def)             Requested size: 455.2293pt x 230.45273pt.

Package fancyhdr Warning: \headheight is too small (15.0pt): 
(fancyhdr)                Make it at least 26.2484pt, for example:
(fancyhdr)                \setlength{\headheight}{26.2484pt}.
(fancyhdr)                You might also make \topmargin smaller:
(fancyhdr)                \addtolength{\topmargin}{-11.2484pt}.

[56]
<chapters/../figures/quollr/model_link_proj2_detourr.png, id=650, 1181.41376pt x 609.27625pt>
File: chapters/../figures/quollr/model_link_proj2_detourr.png Graphic file (type png)
<use chapters/../figures/quollr/model_link_proj2_detourr.png>
Package pdftex.def Info: chapters/../figures/quollr/model_link_proj2_detourr.png  used on input line 3324.
(pdftex.def)             Requested size: 455.23328pt x 234.77196pt.

Package fancyhdr Warning: \headheight is too small (15.0pt): 
(fancyhdr)                Make it at least 26.2484pt, for example:
(fancyhdr)                \setlength{\headheight}{26.2484pt}.
(fancyhdr)                You might also make \topmargin smaller:
(fancyhdr)                \addtolength{\topmargin}{-11.2484pt}.

[57 <./chapters/../figures/quollr/model_link_proj1_detourr.png> <./chapters/../figures/quollr/model_link_proj2_detourr.png>]
<chapters/../figures/quollr/model_link_error_proj1_detourr.png, id=659, 1388.18625pt x 523.9575pt>
File: chapters/../figures/quollr/model_link_error_proj1_detourr.png Graphic file (type png)
<use chapters/../figures/quollr/model_link_error_proj1_detourr.png>
Package pdftex.def Info: chapters/../figures/quollr/model_link_error_proj1_detourr.png  used on input line 3372.
(pdftex.def)             Requested size: 455.24332pt x 171.8272pt.

Package fancyhdr Warning: \headheight is too small (15.0pt): 
(fancyhdr)                Make it at least 26.2484pt, for example:
(fancyhdr)                \setlength{\headheight}{26.2484pt}.
(fancyhdr)                You might also make \topmargin smaller:
(fancyhdr)                \addtolength{\topmargin}{-11.2484pt}.

[58]
<chapters/../figures/quollr/model_link_error_proj2_detourr.png, id=664, 1364.09625pt x 527.9725pt>
File: chapters/../figures/quollr/model_link_error_proj2_detourr.png Graphic file (type png)
<use chapters/../figures/quollr/model_link_error_proj2_detourr.png>
Package pdftex.def Info: chapters/../figures/quollr/model_link_error_proj2_detourr.png  used on input line 3385.
(pdftex.def)             Requested size: 455.25269pt x 176.20523pt.

LaTeX Warning: Citation `ref-andrews2021' on page 59 undefined on input line 3401.


LaTeX Warning: Citation `ref-tabula2018' on page 59 undefined on input line 3410.


Package fancyhdr Warning: \headheight is too small (15.0pt): 
(fancyhdr)                Make it at least 26.2484pt, for example:
(fancyhdr)                \setlength{\headheight}{26.2484pt}.
(fancyhdr)                You might also make \topmargin smaller:
(fancyhdr)                \addtolength{\topmargin}{-11.2484pt}.

[59 <./chapters/../figures/quollr/model_link_error_proj1_detourr.png> <./chapters/../figures/quollr/model_link_error_proj2_detourr.png>]
<chapters/03-chap3_files/figure-pdf/limb-rwbss-1.pdf, id=674, 578.16pt x 360.34625pt>
File: chapters/03-chap3_files/figure-pdf/limb-rwbss-1.pdf Graphic file (type pdf)
<use chapters/03-chap3_files/figure-pdf/limb-rwbss-1.pdf>
Package pdftex.def Info: chapters/03-chap3_files/figure-pdf/limb-rwbss-1.pdf  used on input line 3430.
(pdftex.def)             Requested size: 455.24165pt x 283.73567pt.
<chapters/03-chap3_files/figure-pdf/model-limb-1.pdf, id=675, 1084.05pt x 722.7pt>
File: chapters/03-chap3_files/figure-pdf/model-limb-1.pdf Graphic file (type pdf)
<use chapters/03-chap3_files/figure-pdf/model-limb-1.pdf>
Package pdftex.def Info: chapters/03-chap3_files/figure-pdf/model-limb-1.pdf  used on input line 3446.
(pdftex.def)             Requested size: 455.24828pt x 303.49884pt.

LaTeX Warning: Reference `fig:limb-rwbss' on page 60 undefined on input line 3455.


LaTeX Warning: Reference `fig:limb-rwbss' on page 60 undefined on input line 3455.


LaTeX Warning: Reference `fig:limb-rwbss' on page 60 undefined on input line 3455.


LaTeX Warning: Reference `fig:limb-rwbss' on page 60 undefined on input line 3455.


LaTeX Warning: Reference `fig:limb-rwbss' on page 60 undefined on input line 3455.


LaTeX Warning: Reference `fig:limb-rwbss' on page 60 undefined on input line 3455.


Package fancyhdr Warning: \headheight is too small (15.0pt): 
(fancyhdr)                Make it at least 26.2484pt, for example:
(fancyhdr)                \setlength{\headheight}{26.2484pt}.
(fancyhdr)                You might also make \topmargin smaller:
(fancyhdr)                \addtolength{\topmargin}{-11.2484pt}.

[60 <./chapters/03-chap3_files/figure-pdf/limb-rwbss-1.pdf>]

Package fancyhdr Warning: \headheight is too small (15.0pt): 
(fancyhdr)                Make it at least 26.2484pt, for example:
(fancyhdr)                \setlength{\headheight}{26.2484pt}.
(fancyhdr)                You might also make \topmargin smaller:
(fancyhdr)                \addtolength{\topmargin}{-11.2484pt}.

[61 <./chapters/03-chap3_files/figure-pdf/model-limb-1.pdf>]

LaTeX Warning: Citation `ref-yihui2015' on page 62 undefined on input line 3519.


LaTeX Warning: Citation `ref-yihui2018' on page 62 undefined on input line 3520.


LaTeX Warning: Citation `ref-gabor2025' on page 62 undefined on input line 3523.


LaTeX Warning: Citation `ref-hadley2023' on page 62 undefined on input line 3524.


LaTeX Warning: Citation `ref-hadley2016' on page 62 undefined on input line 3525.


LaTeX Warning: Citation `ref-albrecht2024' on page 62 undefined on input line 3527.


LaTeX Warning: Citation `ref-paul2023' on page 62 undefined on input line 3528.


LaTeX Warning: Citation `ref-david2022' on page 62 undefined on input line 3529.


LaTeX Warning: Citation `ref-core2025' on page 62 undefined on input line 3530.


LaTeX Warning: Citation `ref-kirill2023' on page 62 undefined on input line 3531.


LaTeX Warning: Citation `ref-lionel2024' on page 62 undefined on input line 3532.


LaTeX Warning: Citation `ref-joe2023' on page 62 undefined on input line 3533.


LaTeX Warning: Citation `ref-chapman2020' on page 62 undefined on input line 3534.


LaTeX Warning: Citation `ref-joe2024' on page 62 undefined on input line 3535.


LaTeX Warning: Citation `ref-hao2024' on page 62 undefined on input line 3536.


LaTeX Warning: Citation `ref-thomas2024' on page 62 undefined on input line 3537.


LaTeX Warning: Citation `ref-hadley2024' on page 62 undefined on input line 3538.


Underfull \hbox (badness 1478) in paragraph at lines 3516--3539
\T1/mdbch/m/n/10.95 (+20) paper -[] quollr$[][]. This ar-ti-cle is cre-ated us-ing \T1/FiraSans-TLF/regular/n/10.95 (+20) knitr \T1/mdbch/m/n/10.95 (+20) ([]) and \T1/FiraSans-TLF/regular/n/10.95 (+20) rmark-down \T1/mdbch/m/n/10.95 (+20) ([]) in R with the
 []


Package fancyhdr Warning: \headheight is too small (15.0pt): 
(fancyhdr)                Make it at least 26.2484pt, for example:
(fancyhdr)                \setlength{\headheight}{26.2484pt}.
(fancyhdr)                You might also make \topmargin smaller:
(fancyhdr)                \addtolength{\topmargin}{-11.2484pt}.

[62]
Chapter 4.

LaTeX Warning: Citation `ref-barret2016' on page 63 undefined on input line 3572.


LaTeX Warning: Citation `ref-james2025' on page 63 undefined on input line 3575.


LaTeX Warning: Citation `ref-luke2017' on page 63 undefined on input line 3580.


LaTeX Warning: Citation `ref-friedrich2024' on page 63 undefined on input line 3583.


LaTeX Warning: Citation `ref-james2024' on page 63 undefined on input line 3587.


LaTeX Warning: Citation `ref-leonard2007' on page 63 undefined on input line 3589.


LaTeX Warning: Citation `ref-florian2024' on page 63 undefined on input line 3593.

[63

]

Package fancyhdr Warning: \headheight is too small (15.0pt): 
(fancyhdr)                Make it at least 26.2484pt, for example:
(fancyhdr)                \setlength{\headheight}{26.2484pt}.
(fancyhdr)                You might also make \topmargin smaller:
(fancyhdr)                \addtolength{\topmargin}{-11.2484pt}.

[64]
<chapters/../figures/cardinalR/cardinalR_workflow.png, id=732, 712.5822pt x 676.08585pt>
File: chapters/../figures/cardinalR/cardinalR_workflow.png Graphic file (type png)
<use chapters/../figures/cardinalR/cardinalR_workflow.png>
Package pdftex.def Info: chapters/../figures/cardinalR/cardinalR_workflow.png  used on input line 3643.
(pdftex.def)             Requested size: 455.24644pt x 431.93005pt.

Package fancyhdr Warning: \headheight is too small (15.0pt): 
(fancyhdr)                Make it at least 26.2484pt, for example:
(fancyhdr)                \setlength{\headheight}{26.2484pt}.
(fancyhdr)                You might also make \topmargin smaller:
(fancyhdr)                \addtolength{\topmargin}{-11.2484pt}.

[65 <./chapters/../figures/cardinalR/cardinalR_workflow.png>]
LaTeX Font Info:    Freeze math alphabet allocation in version normal.
(Font)              Allocated math groups: 14 (local: 2) on input line 3685.
LaTeX Font Info:    Undo math alphabet allocation in version normal on input line 3686.
LaTeX Font Info:    No math alphabet change to frozen version normal on input line 3688.
LaTeX Font Info:    No math alphabet change to frozen version normal on input line 3689.
LaTeX Font Info:    No math alphabet change to frozen version normal on input line 3689.
LaTeX Font Info:    No math alphabet change to frozen version normal on input line 3715.
LaTeX Font Info:    Nested math: keeping math alphabet allocation in version normal on input line 3719.
LaTeX Font Info:    No math alphabet change to frozen version normal on input line 3719.

Package fancyhdr Warning: \headheight is too small (15.0pt): 
(fancyhdr)                Make it at least 26.2484pt, for example:
(fancyhdr)                \setlength{\headheight}{26.2484pt}.
(fancyhdr)                You might also make \topmargin smaller:
(fancyhdr)                \addtolength{\topmargin}{-11.2484pt}.

[66]
Underfull \vbox (badness 10000) detected at line 3753
 []


Underfull \vbox (badness 10000) detected at line 3753
 []


Package fancyhdr Warning: \headheight is too small (15.0pt): 
(fancyhdr)                Make it at least 26.2484pt, for example:
(fancyhdr)                \setlength{\headheight}{26.2484pt}.
(fancyhdr)                You might also make \topmargin smaller:
(fancyhdr)                \addtolength{\topmargin}{-11.2484pt}.

[67]

LaTeX Warning: Citation `ref-trapnell2014' on page 68 undefined on input line 3775.

LaTeX Font Info:    No math alphabet change to frozen version normal on input line 3800.
LaTeX Font Info:    No math alphabet change to frozen version normal on input line 3814.
LaTeX Font Info:    Nested math: keeping math alphabet allocation in version normal on input line 3817.
LaTeX Font Info:    No math alphabet change to frozen version normal on input line 3817.
LaTeX Font Info:    No math alphabet change to frozen version normal on input line 3819.
LaTeX Font Info:    No math alphabet change to frozen version normal on input line 3820.

Overfull \hbox (33.75311pt too wide) in paragraph at lines 3817--3822
[]\T1/mdbch/m/n/10.95 (-20) The sim-plest struc-tures are ap-prox-i-mately lin-ear branches in $\OT1/mdbch/m/n/10.95 (-20) 2[]\OML/mdbch/m/it/10.95 D$\T1/mdbch/m/n/10.95 (-20) , gen-er-ated by the \T1/SourceCodePro-TLF/m/n/10.95 gen_linearbranches(n,
 []


Package fancyhdr Warning: \headheight is too small (15.0pt): 
(fancyhdr)                Make it at least 26.2484pt, for example:
(fancyhdr)                \setlength{\headheight}{26.2484pt}.
(fancyhdr)                You might also make \topmargin smaller:
(fancyhdr)                \addtolength{\topmargin}{-11.2484pt}.

[68]
LaTeX Font Info:    Nested math: keeping math alphabet allocation in version normal on input line 3824.
LaTeX Font Info:    Nested math: keeping math alphabet allocation in version normal on input line 3824.
LaTeX Font Info:    No math alphabet change to frozen version normal on input line 3825.
LaTeX Font Info:    Nested math: keeping math alphabet allocation in version normal on input line 3827.
LaTeX Font Info:    Nested math: keeping math alphabet allocation in version normal on input line 3827.
LaTeX Font Info:    No math alphabet change to frozen version normal on input line 3827.
LaTeX Font Info:    No math alphabet change to frozen version normal on input line 3828.
LaTeX Font Info:    No math alphabet change to frozen version normal on input line 3828.
LaTeX Font Info:    No math alphabet change to frozen version normal on input line 3828.
LaTeX Font Info:    Nested math: keeping math alphabet allocation in version normal on input line 3834.
LaTeX Font Info:    Nested math: keeping math alphabet allocation in version normal on input line 3834.
LaTeX Font Info:    Nested math: keeping math alphabet allocation in version normal on input line 3834.
LaTeX Font Info:    Nested math: keeping math alphabet allocation in version normal on input line 3834.
LaTeX Font Info:    Nested math: keeping math alphabet allocation in version normal on input line 3834.
LaTeX Font Info:    Nested math: keeping math alphabet allocation in version normal on input line 3835.
LaTeX Font Info:    Nested math: keeping math alphabet allocation in version normal on input line 3835.
LaTeX Font Info:    Nested math: keeping math alphabet allocation in version normal on input line 3835.
LaTeX Font Info:    Nested math: keeping math alphabet allocation in version normal on input line 3835.
LaTeX Font Info:    Nested math: keeping math alphabet allocation in version normal on input line 3835.
LaTeX Font Info:    Nested math: keeping math alphabet allocation in version normal on input line 3836.
LaTeX Font Info:    Nested math: keeping math alphabet allocation in version normal on input line 3836.
LaTeX Font Info:    Nested math: keeping math alphabet allocation in version normal on input line 3836.
LaTeX Font Info:    Nested math: keeping math alphabet allocation in version normal on input line 3836.
LaTeX Font Info:    Nested math: keeping math alphabet allocation in version normal on input line 3837.
LaTeX Font Info:    Nested math: keeping math alphabet allocation in version normal on input line 3837.
LaTeX Font Info:    No math alphabet change to frozen version normal on input line 3838.
LaTeX Font Info:    No math alphabet change to frozen version normal on input line 3840.
LaTeX Font Info:    No math alphabet change to frozen version normal on input line 3840.
LaTeX Font Info:    No math alphabet change to frozen version normal on input line 3852.
LaTeX Font Info:    Nested math: keeping math alphabet allocation in version normal on input line 3852.
LaTeX Font Info:    No math alphabet change to frozen version normal on input line 3852.
LaTeX Font Info:    No math alphabet change to frozen version normal on input line 3852.
LaTeX Font Info:    No math alphabet change to frozen version normal on input line 3852.
LaTeX Font Info:    Nested math: keeping math alphabet allocation in version normal on input line 3857.
LaTeX Font Info:    Nested math: keeping math alphabet allocation in version normal on input line 3857.
LaTeX Font Info:    Nested math: keeping math alphabet allocation in version normal on input line 3857.
LaTeX Font Info:    Nested math: keeping math alphabet allocation in version normal on input line 3857.
LaTeX Font Info:    Nested math: keeping math alphabet allocation in version normal on input line 3858.
LaTeX Font Info:    Nested math: keeping math alphabet allocation in version normal on input line 3858.
LaTeX Font Info:    Nested math: keeping math alphabet allocation in version normal on input line 3859.
LaTeX Font Info:    No math alphabet change to frozen version normal on input line 3860.
LaTeX Font Info:    No math alphabet change to frozen version normal on input line 3862.
LaTeX Font Info:    No math alphabet change to frozen version normal on input line 3863.
LaTeX Font Info:    Nested math: keeping math alphabet allocation in version normal on input line 3864.
LaTeX Font Info:    Nested math: keeping math alphabet allocation in version normal on input line 3864.
LaTeX Font Info:    No math alphabet change to frozen version normal on input line 3864.
LaTeX Font Info:    Nested math: keeping math alphabet allocation in version normal on input line 3868.
LaTeX Font Info:    Nested math: keeping math alphabet allocation in version normal on input line 3868.
LaTeX Font Info:    Nested math: keeping math alphabet allocation in version normal on input line 3868.
LaTeX Font Info:    Nested math: keeping math alphabet allocation in version normal on input line 3868.
LaTeX Font Info:    No math alphabet change to frozen version normal on input line 3869.
LaTeX Font Info:    No math alphabet change to frozen version normal on input line 3871.
LaTeX Font Info:    No math alphabet change to frozen version normal on input line 3872.
LaTeX Font Info:    No math alphabet change to frozen version normal on input line 3872.
LaTeX Font Info:    No math alphabet change to frozen version normal on input line 3873.
LaTeX Font Info:    No math alphabet change to frozen version normal on input line 3875.

Package fancyhdr Warning: \headheight is too small (15.0pt): 
(fancyhdr)                Make it at least 26.2484pt, for example:
(fancyhdr)                \setlength{\headheight}{26.2484pt}.
(fancyhdr)                You might also make \topmargin smaller:
(fancyhdr)                \addtolength{\topmargin}{-11.2484pt}.

[69]
LaTeX Font Info:    No math alphabet change to frozen version normal on input line 3884.
LaTeX Font Info:    Nested math: keeping math alphabet allocation in version normal on input line 3885.
LaTeX Font Info:    No math alphabet change to frozen version normal on input line 3885.
LaTeX Font Info:    No math alphabet change to frozen version normal on input line 3885.
LaTeX Font Info:    No math alphabet change to frozen version normal on input line 3890.
LaTeX Font Info:    No math alphabet change to frozen version normal on input line 3892.
LaTeX Font Info:    No math alphabet change to frozen version normal on input line 3893.
LaTeX Font Info:    No math alphabet change to frozen version normal on input line 3894.
LaTeX Font Info:    No math alphabet change to frozen version normal on input line 3894.
LaTeX Font Info:    Nested math: keeping math alphabet allocation in version normal on input line 3905.
LaTeX Font Info:    No math alphabet change to frozen version normal on input line 3905.
LaTeX Font Info:    Nested math: keeping math alphabet allocation in version normal on input line 3906.
LaTeX Font Info:    No math alphabet change to frozen version normal on input line 3906.
LaTeX Font Info:    No math alphabet change to frozen version normal on input line 3908.
LaTeX Font Info:    No math alphabet change to frozen version normal on input line 3914.
LaTeX Font Info:    No math alphabet change to frozen version normal on input line 3920.
LaTeX Font Info:    No math alphabet change to frozen version normal on input line 3922.
LaTeX Font Info:    No math alphabet change to frozen version normal on input line 3923.
LaTeX Font Info:    No math alphabet change to frozen version normal on input line 3923.
LaTeX Font Info:    No math alphabet change to frozen version normal on input line 3924.
LaTeX Font Info:    No math alphabet change to frozen version normal on input line 3926.
LaTeX Font Info:    No math alphabet change to frozen version normal on input line 3926.
LaTeX Font Info:    No math alphabet change to frozen version normal on input line 3927.
LaTeX Font Info:    No math alphabet change to frozen version normal on input line 3927.
LaTeX Font Info:    No math alphabet change to frozen version normal on input line 3928.
<chapters/04-chap4_files/figure-pdf/branch-proj-1.pdf, id=763, 867.24pt x 289.08pt>
File: chapters/04-chap4_files/figure-pdf/branch-proj-1.pdf Graphic file (type pdf)
<use chapters/04-chap4_files/figure-pdf/branch-proj-1.pdf>
Package pdftex.def Info: chapters/04-chap4_files/figure-pdf/branch-proj-1.pdf  used on input line 3944.
(pdftex.def)             Requested size: 455.24167pt x 151.74721pt.
LaTeX Font Info:    Nested math: keeping math alphabet allocation in version normal on input line 3953.
LaTeX Font Info:    No math alphabet change to frozen version normal on input line 3953.
LaTeX Font Info:    Nested math: keeping math alphabet allocation in version normal on input line 3953.
LaTeX Font Info:    No math alphabet change to frozen version normal on input line 3953.
LaTeX Font Info:    Nested math: keeping math alphabet allocation in version normal on input line 3953.
LaTeX Font Info:    No math alphabet change to frozen version normal on input line 3953.
LaTeX Font Info:    Nested math: keeping math alphabet allocation in version normal on input line 3953.
LaTeX Font Info:    No math alphabet change to frozen version normal on input line 3953.

Package fancyhdr Warning: \headheight is too small (15.0pt): 
(fancyhdr)                Make it at least 26.2484pt, for example:
(fancyhdr)                \setlength{\headheight}{26.2484pt}.
(fancyhdr)                You might also make \topmargin smaller:
(fancyhdr)                \addtolength{\topmargin}{-11.2484pt}.

[70]
LaTeX Font Info:    No math alphabet change to frozen version normal on input line 3965.
LaTeX Font Info:    Nested math: keeping math alphabet allocation in version normal on input line 3965.
LaTeX Font Info:    No math alphabet change to frozen version normal on input line 3965.
LaTeX Font Info:    No math alphabet change to frozen version normal on input line 3966.
LaTeX Font Info:    No math alphabet change to frozen version normal on input line 3967.
LaTeX Font Info:    Nested math: keeping math alphabet allocation in version normal on input line 3969.
LaTeX Font Info:    No math alphabet change to frozen version normal on input line 3969.
LaTeX Font Info:    No math alphabet change to frozen version normal on input line 3970.
LaTeX Font Info:    No math alphabet change to frozen version normal on input line 3971.
LaTeX Font Info:    Nested math: keeping math alphabet allocation in version normal on input line 3973.
LaTeX Font Info:    Nested math: keeping math alphabet allocation in version normal on input line 3973.
LaTeX Font Info:    Nested math: keeping math alphabet allocation in version normal on input line 3973.
LaTeX Font Info:    No math alphabet change to frozen version normal on input line 3973.
LaTeX Font Info:    Nested math: keeping math alphabet allocation in version normal on input line 3974.
LaTeX Font Info:    Nested math: keeping math alphabet allocation in version normal on input line 3974.
LaTeX Font Info:    No math alphabet change to frozen version normal on input line 3974.
LaTeX Font Info:    Nested math: keeping math alphabet allocation in version normal on input line 3974.
LaTeX Font Info:    No math alphabet change to frozen version normal on input line 3974.
LaTeX Font Info:    No math alphabet change to frozen version normal on input line 3976.
LaTeX Font Info:    No math alphabet change to frozen version normal on input line 3977.
LaTeX Font Info:    No math alphabet change to frozen version normal on input line 3979.
LaTeX Font Info:    No math alphabet change to frozen version normal on input line 3980.
LaTeX Font Info:    Nested math: keeping math alphabet allocation in version normal on input line 3980.
LaTeX Font Info:    No math alphabet change to frozen version normal on input line 3980.
LaTeX Font Info:    No math alphabet change to frozen version normal on input line 3981.

LaTeX Warning: Citation `ref-hadsell2006' on page 71 undefined on input line 3993.

<chapters/04-chap4_files/figure-pdf/cone-proj-1.pdf, id=768, 867.24pt x 289.08pt>
File: chapters/04-chap4_files/figure-pdf/cone-proj-1.pdf Graphic file (type pdf)
<use chapters/04-chap4_files/figure-pdf/cone-proj-1.pdf>
Package pdftex.def Info: chapters/04-chap4_files/figure-pdf/cone-proj-1.pdf  used on input line 3997.
(pdftex.def)             Requested size: 455.24167pt x 151.74721pt.
LaTeX Font Info:    Nested math: keeping math alphabet allocation in version normal on input line 4005.
LaTeX Font Info:    No math alphabet change to frozen version normal on input line 4005.
LaTeX Font Info:    Nested math: keeping math alphabet allocation in version normal on input line 4005.
LaTeX Font Info:    No math alphabet change to frozen version normal on input line 4005.
LaTeX Font Info:    Nested math: keeping math alphabet allocation in version normal on input line 4005.
LaTeX Font Info:    No math alphabet change to frozen version normal on input line 4005.
LaTeX Font Info:    Nested math: keeping math alphabet allocation in version normal on input line 4005.
LaTeX Font Info:    No math alphabet change to frozen version normal on input line 4005.

Package fancyhdr Warning: \headheight is too small (15.0pt): 
(fancyhdr)                Make it at least 26.2484pt, for example:
(fancyhdr)                \setlength{\headheight}{26.2484pt}.
(fancyhdr)                You might also make \topmargin smaller:
(fancyhdr)                \addtolength{\topmargin}{-11.2484pt}.

[71 <./chapters/04-chap4_files/figure-pdf/branch-proj-1.pdf>]
LaTeX Font Info:    No math alphabet change to frozen version normal on input line 4030.
LaTeX Font Info:    Nested math: keeping math alphabet allocation in version normal on input line 4035.
LaTeX Font Info:    No math alphabet change to frozen version normal on input line 4035.
LaTeX Font Info:    Nested math: keeping math alphabet allocation in version normal on input line 4047.
LaTeX Font Info:    No math alphabet change to frozen version normal on input line 4047.

Package fancyhdr Warning: \headheight is too small (15.0pt): 
(fancyhdr)                Make it at least 26.2484pt, for example:
(fancyhdr)                \setlength{\headheight}{26.2484pt}.
(fancyhdr)                You might also make \topmargin smaller:
(fancyhdr)                \addtolength{\topmargin}{-11.2484pt}.

[72 <./chapters/04-chap4_files/figure-pdf/cone-proj-1.pdf>]

LaTeX Warning: Citation `ref-devroye1986' on page 73 undefined on input line 4061.


LaTeX Warning: Citation `ref-niederreiter1992' on page 73 undefined on input line 4062.

LaTeX Font Info:    Nested math: keeping math alphabet allocation in version normal on input line 4067.
LaTeX Font Info:    No math alphabet change to frozen version normal on input line 4067.
LaTeX Font Info:    No math alphabet change to frozen version normal on input line 4070.
LaTeX Font Info:    No math alphabet change to frozen version normal on input line 4070.
LaTeX Font Info:    No math alphabet change to frozen version normal on input line 4071.

LaTeX Warning: Citation `ref-geoffrey2000' on page 73 undefined on input line 4083.

LaTeX Font Info:    Nested math: keeping math alphabet allocation in version normal on input line 4090.
LaTeX Font Info:    Nested math: keeping math alphabet allocation in version normal on input line 4090.
LaTeX Font Info:    No math alphabet change to frozen version normal on input line 4090.
LaTeX Font Info:    Nested math: keeping math alphabet allocation in version normal on input line 4091.
LaTeX Font Info:    Nested math: keeping math alphabet allocation in version normal on input line 4091.
LaTeX Font Info:    No math alphabet change to frozen version normal on input line 4091.
LaTeX Font Info:    Nested math: keeping math alphabet allocation in version normal on input line 4092.
LaTeX Font Info:    Nested math: keeping math alphabet allocation in version normal on input line 4092.
LaTeX Font Info:    No math alphabet change to frozen version normal on input line 4092.
LaTeX Font Info:    No math alphabet change to frozen version normal on input line 4094.
LaTeX Font Info:    Nested math: keeping math alphabet allocation in version normal on input line 4102.
LaTeX Font Info:    No math alphabet change to frozen version normal on input line 4102.

LaTeX Warning: Citation `ref-trapnell2014' on page 73 undefined on input line 4105.

LaTeX Font Info:    No math alphabet change to frozen version normal on input line 4112.

Package fancyhdr Warning: \headheight is too small (15.0pt): 
(fancyhdr)                Make it at least 26.2484pt, for example:
(fancyhdr)                \setlength{\headheight}{26.2484pt}.
(fancyhdr)                You might also make \topmargin smaller:
(fancyhdr)                \addtolength{\topmargin}{-11.2484pt}.

[73{/Users/jpiy0001/Library/TinyTeX/texmf-dist/fonts/enc/dvips/lm/lm-rm.enc}]

LaTeX Warning: Citation `ref-optica2023' on page 74 undefined on input line 4124.

LaTeX Font Info:    Nested math: keeping math alphabet allocation in version normal on input line 4129.
LaTeX Font Info:    No math alphabet change to frozen version normal on input line 4129.
LaTeX Font Info:    No math alphabet change to frozen version normal on input line 4149.
LaTeX Font Info:    No math alphabet change to frozen version normal on input line 4152.
LaTeX Font Info:    Nested math: keeping math alphabet allocation in version normal on input line 4154.
LaTeX Font Info:    Nested math: keeping math alphabet allocation in version normal on input line 4154.
LaTeX Font Info:    No math alphabet change to frozen version normal on input line 4154.
LaTeX Font Info:    No math alphabet change to frozen version normal on input line 4156.
LaTeX Font Info:    No math alphabet change to frozen version normal on input line 4157.

Underfull \hbox (badness 1210) in paragraph at lines 4152--4159
[]\T1/mdbch/m/n/10.95 (+20) The first is the quadratic curve of $\OML/mdbch/m/it/10.95 n$ \T1/mdbch/m/n/10.95 (+20) points in two di-men-sions. This is gen-er-ated us-ing
 []

LaTeX Font Info:    No math alphabet change to frozen version normal on input line 4166.
LaTeX Font Info:    Nested math: keeping math alphabet allocation in version normal on input line 4168.
LaTeX Font Info:    Nested math: keeping math alphabet allocation in version normal on input line 4168.
LaTeX Font Info:    No math alphabet change to frozen version normal on input line 4168.
LaTeX Font Info:    No math alphabet change to frozen version normal on input line 4169.
LaTeX Font Info:    No math alphabet change to frozen version normal on input line 4170.
LaTeX Font Info:    No math alphabet change to frozen version normal on input line 4171.
LaTeX Font Info:    Nested math: keeping math alphabet allocation in version normal on input line 4185.
LaTeX Font Info:    No math alphabet change to frozen version normal on input line 4185.

Package fancyhdr Warning: \headheight is too small (15.0pt): 
(fancyhdr)                Make it at least 26.2484pt, for example:
(fancyhdr)                \setlength{\headheight}{26.2484pt}.
(fancyhdr)                You might also make \topmargin smaller:
(fancyhdr)                \addtolength{\topmargin}{-11.2484pt}.

[74]
LaTeX Font Info:    No math alphabet change to frozen version normal on input line 4205.
LaTeX Font Info:    No math alphabet change to frozen version normal on input line 4208.
LaTeX Font Info:    No math alphabet change to frozen version normal on input line 4210.
LaTeX Font Info:    No math alphabet change to frozen version normal on input line 4212.
LaTeX Font Info:    Nested math: keeping math alphabet allocation in version normal on input line 4213.
LaTeX Font Info:    No math alphabet change to frozen version normal on input line 4213.
LaTeX Font Info:    No math alphabet change to frozen version normal on input line 4217.
LaTeX Font Info:    No math alphabet change to frozen version normal on input line 4222.
LaTeX Font Info:    No math alphabet change to frozen version normal on input line 4222.
LaTeX Font Info:    No math alphabet change to frozen version normal on input line 4223.
LaTeX Font Info:    No math alphabet change to frozen version normal on input line 4224.
LaTeX Font Info:    No math alphabet change to frozen version normal on input line 4224.
LaTeX Font Info:    Nested math: keeping math alphabet allocation in version normal on input line 4226.
LaTeX Font Info:    No math alphabet change to frozen version normal on input line 4226.
LaTeX Font Info:    No math alphabet change to frozen version normal on input line 4236.
LaTeX Font Info:    No math alphabet change to frozen version normal on input line 4237.
LaTeX Font Info:    No math alphabet change to frozen version normal on input line 4238.
LaTeX Font Info:    No math alphabet change to frozen version normal on input line 4238.
LaTeX Font Info:    No math alphabet change to frozen version normal on input line 4239.
LaTeX Font Info:    Nested math: keeping math alphabet allocation in version normal on input line 4241.
LaTeX Font Info:    No math alphabet change to frozen version normal on input line 4241.
LaTeX Font Info:    No math alphabet change to frozen version normal on input line 4243.
LaTeX Font Info:    No math alphabet change to frozen version normal on input line 4243.
LaTeX Font Info:    No math alphabet change to frozen version normal on input line 4243.

Package fancyhdr Warning: \headheight is too small (15.0pt): 
(fancyhdr)                Make it at least 26.2484pt, for example:
(fancyhdr)                \setlength{\headheight}{26.2484pt}.
(fancyhdr)                You might also make \topmargin smaller:
(fancyhdr)                \addtolength{\topmargin}{-11.2484pt}.

[75]
LaTeX Font Info:    No math alphabet change to frozen version normal on input line 4252.
LaTeX Font Info:    No math alphabet change to frozen version normal on input line 4252.
LaTeX Font Info:    No math alphabet change to frozen version normal on input line 4254.
LaTeX Font Info:    No math alphabet change to frozen version normal on input line 4254.
LaTeX Font Info:    No math alphabet change to frozen version normal on input line 4255.
LaTeX Font Info:    No math alphabet change to frozen version normal on input line 4257.
LaTeX Font Info:    Nested math: keeping math alphabet allocation in version normal on input line 4259.
LaTeX Font Info:    No math alphabet change to frozen version normal on input line 4259.
LaTeX Font Info:    Nested math: keeping math alphabet allocation in version normal on input line 4260.
LaTeX Font Info:    No math alphabet change to frozen version normal on input line 4260.
LaTeX Font Info:    Nested math: keeping math alphabet allocation in version normal on input line 4261.
LaTeX Font Info:    No math alphabet change to frozen version normal on input line 4261.
LaTeX Font Info:    Nested math: keeping math alphabet allocation in version normal on input line 4262.
LaTeX Font Info:    No math alphabet change to frozen version normal on input line 4262.
LaTeX Font Info:    No math alphabet change to frozen version normal on input line 4271.
LaTeX Font Info:    No math alphabet change to frozen version normal on input line 4271.
LaTeX Font Info:    No math alphabet change to frozen version normal on input line 4271.
LaTeX Font Info:    No math alphabet change to frozen version normal on input line 4272.
LaTeX Font Info:    No math alphabet change to frozen version normal on input line 4275.
LaTeX Font Info:    No math alphabet change to frozen version normal on input line 4277.
LaTeX Font Info:    No math alphabet change to frozen version normal on input line 4278.
LaTeX Font Info:    No math alphabet change to frozen version normal on input line 4278.
LaTeX Font Info:    Nested math: keeping math alphabet allocation in version normal on input line 4279.
LaTeX Font Info:    No math alphabet change to frozen version normal on input line 4279.
LaTeX Font Info:    No math alphabet change to frozen version normal on input line 4280.
LaTeX Font Info:    No math alphabet change to frozen version normal on input line 4281.
LaTeX Font Info:    No math alphabet change to frozen version normal on input line 4282.
LaTeX Font Info:    No math alphabet change to frozen version normal on input line 4283.
LaTeX Font Info:    No math alphabet change to frozen version normal on input line 4287.
LaTeX Font Info:    No math alphabet change to frozen version normal on input line 4288.

LaTeX Warning: Citation `ref-kirkby1983' on page 76 undefined on input line 4298.

<chapters/04-chap4_files/figure-pdf/pyr-proj-1.pdf, id=818, 867.24pt x 1156.32pt>
File: chapters/04-chap4_files/figure-pdf/pyr-proj-1.pdf Graphic file (type pdf)
<use chapters/04-chap4_files/figure-pdf/pyr-proj-1.pdf>
Package pdftex.def Info: chapters/04-chap4_files/figure-pdf/pyr-proj-1.pdf  used on input line 4302.
(pdftex.def)             Requested size: 455.24167pt x 606.98888pt.
LaTeX Font Info:    Nested math: keeping math alphabet allocation in version normal on input line 4314.
LaTeX Font Info:    No math alphabet change to frozen version normal on input line 4314.
LaTeX Font Info:    Nested math: keeping math alphabet allocation in version normal on input line 4314.
LaTeX Font Info:    No math alphabet change to frozen version normal on input line 4314.
LaTeX Font Info:    Nested math: keeping math alphabet allocation in version normal on input line 4314.
LaTeX Font Info:    No math alphabet change to frozen version normal on input line 4314.
LaTeX Font Info:    Nested math: keeping math alphabet allocation in version normal on input line 4314.
LaTeX Font Info:    No math alphabet change to frozen version normal on input line 4314.

Package fancyhdr Warning: \headheight is too small (15.0pt): 
(fancyhdr)                Make it at least 26.2484pt, for example:
(fancyhdr)                \setlength{\headheight}{26.2484pt}.
(fancyhdr)                You might also make \topmargin smaller:
(fancyhdr)                \addtolength{\topmargin}{-11.2484pt}.

[76]
LaTeX Font Info:    Nested math: keeping math alphabet allocation in version normal on input line 4320.
LaTeX Font Info:    No math alphabet change to frozen version normal on input line 4320.
LaTeX Font Info:    Nested math: keeping math alphabet allocation in version normal on input line 4322.
LaTeX Font Info:    No math alphabet change to frozen version normal on input line 4322.

Package fancyhdr Warning: \headheight is too small (15.0pt): 
(fancyhdr)                Make it at least 26.2484pt, for example:
(fancyhdr)                \setlength{\headheight}{26.2484pt}.
(fancyhdr)                You might also make \topmargin smaller:
(fancyhdr)                \addtolength{\topmargin}{-11.2484pt}.

[77 <./chapters/04-chap4_files/figure-pdf/pyr-proj-1.pdf>]

LaTeX Warning: Citation `ref-james2025' on page 78 undefined on input line 4325.


LaTeX Warning: Citation `ref-tinkham2003' on page 78 undefined on input line 4351.


LaTeX Warning: Citation `ref-alberts2014' on page 78 undefined on input line 4352.

LaTeX Font Info:    No math alphabet change to frozen version normal on input line 4371.
LaTeX Font Info:    No math alphabet change to frozen version normal on input line 4377.
LaTeX Font Info:    No math alphabet change to frozen version normal on input line 4378.
LaTeX Font Info:    No math alphabet change to frozen version normal on input line 4380.
LaTeX Font Info:    No math alphabet change to frozen version normal on input line 4380.
LaTeX Font Info:    No math alphabet change to frozen version normal on input line 4381.
LaTeX Font Info:    No math alphabet change to frozen version normal on input line 4381.
LaTeX Font Info:    Nested math: keeping math alphabet allocation in version normal on input line 4383.
LaTeX Font Info:    No math alphabet change to frozen version normal on input line 4383.
LaTeX Font Info:    No math alphabet change to frozen version normal on input line 4384.
LaTeX Font Info:    No math alphabet change to frozen version normal on input line 4386.
LaTeX Font Info:    Nested math: keeping math alphabet allocation in version normal on input line 4388.
LaTeX Font Info:    No math alphabet change to frozen version normal on input line 4388.

Package fancyhdr Warning: \headheight is too small (15.0pt): 
(fancyhdr)                Make it at least 26.2484pt, for example:
(fancyhdr)                \setlength{\headheight}{26.2484pt}.
(fancyhdr)                You might also make \topmargin smaller:
(fancyhdr)                \addtolength{\topmargin}{-11.2484pt}.

[78]
LaTeX Font Info:    Nested math: keeping math alphabet allocation in version normal on input line 4396.
LaTeX Font Info:    No math alphabet change to frozen version normal on input line 4396.
LaTeX Font Info:    No math alphabet change to frozen version normal on input line 4398.
LaTeX Font Info:    No math alphabet change to frozen version normal on input line 4399.
LaTeX Font Info:    No math alphabet change to frozen version normal on input line 4401.
LaTeX Font Info:    No math alphabet change to frozen version normal on input line 4402.
LaTeX Font Info:    No math alphabet change to frozen version normal on input line 4404.
LaTeX Font Info:    Nested math: keeping math alphabet allocation in version normal on input line 4410.
LaTeX Font Info:    No math alphabet change to frozen version normal on input line 4410.
LaTeX Font Info:    No math alphabet change to frozen version normal on input line 4411.
LaTeX Font Info:    No math alphabet change to frozen version normal on input line 4412.
LaTeX Font Info:    Nested math: keeping math alphabet allocation in version normal on input line 4414.
LaTeX Font Info:    No math alphabet change to frozen version normal on input line 4414.
LaTeX Font Info:    No math alphabet change to frozen version normal on input line 4414.
LaTeX Font Info:    No math alphabet change to frozen version normal on input line 4415.
LaTeX Font Info:    No math alphabet change to frozen version normal on input line 4415.
LaTeX Font Info:    No math alphabet change to frozen version normal on input line 4416.
LaTeX Font Info:    Nested math: keeping math alphabet allocation in version normal on input line 4417.
LaTeX Font Info:    No math alphabet change to frozen version normal on input line 4417.
LaTeX Font Info:    No math alphabet change to frozen version normal on input line 4418.
LaTeX Font Info:    No math alphabet change to frozen version normal on input line 4418.
LaTeX Font Info:    No math alphabet change to frozen version normal on input line 4428.
LaTeX Font Info:    No math alphabet change to frozen version normal on input line 4429.
LaTeX Font Info:    No math alphabet change to frozen version normal on input line 4431.
LaTeX Font Info:    No math alphabet change to frozen version normal on input line 4431.
LaTeX Font Info:    No math alphabet change to frozen version normal on input line 4432.
LaTeX Font Info:    Nested math: keeping math alphabet allocation in version normal on input line 4434.
LaTeX Font Info:    No math alphabet change to frozen version normal on input line 4434.

Package fancyhdr Warning: \headheight is too small (15.0pt): 
(fancyhdr)                Make it at least 26.2484pt, for example:
(fancyhdr)                \setlength{\headheight}{26.2484pt}.
(fancyhdr)                You might also make \topmargin smaller:
(fancyhdr)                \addtolength{\topmargin}{-11.2484pt}.

[79]
LaTeX Font Info:    No math alphabet change to frozen version normal on input line 4444.
LaTeX Font Info:    No math alphabet change to frozen version normal on input line 4445.
LaTeX Font Info:    No math alphabet change to frozen version normal on input line 4446.
LaTeX Font Info:    No math alphabet change to frozen version normal on input line 4447.
LaTeX Font Info:    Nested math: keeping math alphabet allocation in version normal on input line 4448.
LaTeX Font Info:    No math alphabet change to frozen version normal on input line 4448.

Overfull \hbox (5.99864pt too wide) in paragraph at lines 4443--4453
[]\T1/mdbch/m/n/10.95 (-20) In con-trast, the \T1/SourceCodePro-TLF/m/n/10.95 gen_hollowsphere(n, p) \T1/mdbch/m/n/10.95 (-20) func-tion, a wrap-per around \T1/SourceCodePro-TLF/m/n/10.95 geozoo::sphere.hollow()\T1/mdbch/m/n/10.95 (-20) ,
 []

LaTeX Font Info:    Nested math: keeping math alphabet allocation in version normal on input line 4461.
LaTeX Font Info:    No math alphabet change to frozen version normal on input line 4461.
LaTeX Font Info:    No math alphabet change to frozen version normal on input line 4461.
LaTeX Font Info:    No math alphabet change to frozen version normal on input line 4462.
LaTeX Font Info:    No math alphabet change to frozen version normal on input line 4463.
LaTeX Font Info:    No math alphabet change to frozen version normal on input line 4465.
LaTeX Font Info:    No math alphabet change to frozen version normal on input line 4465.
LaTeX Font Info:    No math alphabet change to frozen version normal on input line 4466.
LaTeX Font Info:    No math alphabet change to frozen version normal on input line 4467.
LaTeX Font Info:    No math alphabet change to frozen version normal on input line 4467.
LaTeX Font Info:    No math alphabet change to frozen version normal on input line 4469.
LaTeX Font Info:    No math alphabet change to frozen version normal on input line 4469.
LaTeX Font Info:    Nested math: keeping math alphabet allocation in version normal on input line 4477.
LaTeX Font Info:    Nested math: keeping math alphabet allocation in version normal on input line 4477.
LaTeX Font Info:    Nested math: keeping math alphabet allocation in version normal on input line 4477.
LaTeX Font Info:    Nested math: keeping math alphabet allocation in version normal on input line 4478.
LaTeX Font Info:    Nested math: keeping math alphabet allocation in version normal on input line 4478.
LaTeX Font Info:    Nested math: keeping math alphabet allocation in version normal on input line 4479.
LaTeX Font Info:    Nested math: keeping math alphabet allocation in version normal on input line 4479.
LaTeX Font Info:    Nested math: keeping math alphabet allocation in version normal on input line 4480.
LaTeX Font Info:    Nested math: keeping math alphabet allocation in version normal on input line 4480.
LaTeX Font Info:    Nested math: keeping math alphabet allocation in version normal on input line 4481.
LaTeX Font Info:    Nested math: keeping math alphabet allocation in version normal on input line 4481.
LaTeX Font Info:    Nested math: keeping math alphabet allocation in version normal on input line 4482.
LaTeX Font Info:    Nested math: keeping math alphabet allocation in version normal on input line 4483.
LaTeX Font Info:    No math alphabet change to frozen version normal on input line 4484.
LaTeX Font Info:    No math alphabet change to frozen version normal on input line 4487.
LaTeX Font Info:    No math alphabet change to frozen version normal on input line 4492.
LaTeX Font Info:    No math alphabet change to frozen version normal on input line 4492.
LaTeX Font Info:    No math alphabet change to frozen version normal on input line 4493.
LaTeX Font Info:    No math alphabet change to frozen version normal on input line 4495.
LaTeX Font Info:    Nested math: keeping math alphabet allocation in version normal on input line 4496.
LaTeX Font Info:    No math alphabet change to frozen version normal on input line 4496.
LaTeX Font Info:    No math alphabet change to frozen version normal on input line 4496.
LaTeX Font Info:    No math alphabet change to frozen version normal on input line 4499.
LaTeX Font Info:    No math alphabet change to frozen version normal on input line 4500.
LaTeX Font Info:    No math alphabet change to frozen version normal on input line 4501.
LaTeX Font Info:    No math alphabet change to frozen version normal on input line 4502.
LaTeX Font Info:    Nested math: keeping math alphabet allocation in version normal on input line 4503.
LaTeX Font Info:    No math alphabet change to frozen version normal on input line 4503.
LaTeX Font Info:    No math alphabet change to frozen version normal on input line 4505.
LaTeX Font Info:    No math alphabet change to frozen version normal on input line 4506.
LaTeX Font Info:    Nested math: keeping math alphabet allocation in version normal on input line 4507.
LaTeX Font Info:    No math alphabet change to frozen version normal on input line 4507.

Package fancyhdr Warning: \headheight is too small (15.0pt): 
(fancyhdr)                Make it at least 26.2484pt, for example:
(fancyhdr)                \setlength{\headheight}{26.2484pt}.
(fancyhdr)                You might also make \topmargin smaller:
(fancyhdr)                \addtolength{\topmargin}{-11.2484pt}.

[80]
LaTeX Font Info:    Nested math: keeping math alphabet allocation in version normal on input line 4520.
LaTeX Font Info:    No math alphabet change to frozen version normal on input line 4520.
LaTeX Font Info:    No math alphabet change to frozen version normal on input line 4522.
LaTeX Font Info:    No math alphabet change to frozen version normal on input line 4522.
LaTeX Font Info:    No math alphabet change to frozen version normal on input line 4523.
LaTeX Font Info:    No math alphabet change to frozen version normal on input line 4523.
LaTeX Font Info:    No math alphabet change to frozen version normal on input line 4524.
LaTeX Font Info:    No math alphabet change to frozen version normal on input line 4524.
LaTeX Font Info:    Nested math: keeping math alphabet allocation in version normal on input line 4526.
LaTeX Font Info:    No math alphabet change to frozen version normal on input line 4526.
LaTeX Font Info:    No math alphabet change to frozen version normal on input line 4527.
LaTeX Font Info:    Nested math: keeping math alphabet allocation in version normal on input line 4528.
LaTeX Font Info:    No math alphabet change to frozen version normal on input line 4528.
LaTeX Font Info:    Nested math: keeping math alphabet allocation in version normal on input line 4529.
LaTeX Font Info:    No math alphabet change to frozen version normal on input line 4529.
<chapters/04-chap4_files/figure-pdf/sphere-proj-1.pdf, id=854, 867.24pt x 867.24pt>
File: chapters/04-chap4_files/figure-pdf/sphere-proj-1.pdf Graphic file (type pdf)
<use chapters/04-chap4_files/figure-pdf/sphere-proj-1.pdf>
Package pdftex.def Info: chapters/04-chap4_files/figure-pdf/sphere-proj-1.pdf  used on input line 4533.
(pdftex.def)             Requested size: 455.24167pt x 455.24167pt.
LaTeX Font Info:    Nested math: keeping math alphabet allocation in version normal on input line 4548.
LaTeX Font Info:    No math alphabet change to frozen version normal on input line 4548.
LaTeX Font Info:    Nested math: keeping math alphabet allocation in version normal on input line 4548.
LaTeX Font Info:    No math alphabet change to frozen version normal on input line 4548.
LaTeX Font Info:    Nested math: keeping math alphabet allocation in version normal on input line 4548.
LaTeX Font Info:    No math alphabet change to frozen version normal on input line 4548.
LaTeX Font Info:    Nested math: keeping math alphabet allocation in version normal on input line 4548.
LaTeX Font Info:    No math alphabet change to frozen version normal on input line 4548.
LaTeX Font Info:    Nested math: keeping math alphabet allocation in version normal on input line 4548.
LaTeX Font Info:    No math alphabet change to frozen version normal on input line 4548.
LaTeX Font Info:    Nested math: keeping math alphabet allocation in version normal on input line 4548.
LaTeX Font Info:    No math alphabet change to frozen version normal on input line 4548.
LaTeX Font Info:    Nested math: keeping math alphabet allocation in version normal on input line 4548.
LaTeX Font Info:    No math alphabet change to frozen version normal on input line 4548.
LaTeX Font Info:    Nested math: keeping math alphabet allocation in version normal on input line 4548.
LaTeX Font Info:    No math alphabet change to frozen version normal on input line 4548.
LaTeX Font Info:    Nested math: keeping math alphabet allocation in version normal on input line 4548.
LaTeX Font Info:    No math alphabet change to frozen version normal on input line 4548.
LaTeX Font Info:    Nested math: keeping math alphabet allocation in version normal on input line 4548.
LaTeX Font Info:    No math alphabet change to frozen version normal on input line 4548.

Package fancyhdr Warning: \headheight is too small (15.0pt): 
(fancyhdr)                Make it at least 26.2484pt, for example:
(fancyhdr)                \setlength{\headheight}{26.2484pt}.
(fancyhdr)                You might also make \topmargin smaller:
(fancyhdr)                \addtolength{\topmargin}{-11.2484pt}.

[81]
LaTeX Font Info:    Nested math: keeping math alphabet allocation in version normal on input line 4554.
LaTeX Font Info:    No math alphabet change to frozen version normal on input line 4554.
LaTeX Font Info:    Nested math: keeping math alphabet allocation in version normal on input line 4555.
LaTeX Font Info:    No math alphabet change to frozen version normal on input line 4555.
LaTeX Font Info:    No math alphabet change to frozen version normal on input line 4557.

Package fancyhdr Warning: \headheight is too small (15.0pt): 
(fancyhdr)                Make it at least 26.2484pt, for example:
(fancyhdr)                \setlength{\headheight}{26.2484pt}.
(fancyhdr)                You might also make \topmargin smaller:
(fancyhdr)                \addtolength{\topmargin}{-11.2484pt}.

[82 <./chapters/04-chap4_files/figure-pdf/sphere-proj-1.pdf>]

LaTeX Warning: Citation `ref-james2025' on page 83 undefined on input line 4566.

LaTeX Font Info:    No math alphabet change to frozen version normal on input line 4567.
LaTeX Font Info:    No math alphabet change to frozen version normal on input line 4567.
LaTeX Font Info:    No math alphabet change to frozen version normal on input line 4567.
LaTeX Font Info:    No math alphabet change to frozen version normal on input line 4568.
LaTeX Font Info:    No math alphabet change to frozen version normal on input line 4569.

LaTeX Warning: Citation `ref-dimitris2002' on page 83 undefined on input line 4576.

LaTeX Font Info:    Nested math: keeping math alphabet allocation in version normal on input line 4581.
LaTeX Font Info:    No math alphabet change to frozen version normal on input line 4581.
LaTeX Font Info:    Nested math: keeping math alphabet allocation in version normal on input line 4581.
LaTeX Font Info:    No math alphabet change to frozen version normal on input line 4581.
LaTeX Font Info:    No math alphabet change to frozen version normal on input line 4599.
LaTeX Font Info:    Nested math: keeping math alphabet allocation in version normal on input line 4602.
LaTeX Font Info:    No math alphabet change to frozen version normal on input line 4602.
LaTeX Font Info:    No math alphabet change to frozen version normal on input line 4604.
LaTeX Font Info:    No math alphabet change to frozen version normal on input line 4604.
LaTeX Font Info:    No math alphabet change to frozen version normal on input line 4605.
LaTeX Font Info:    No math alphabet change to frozen version normal on input line 4605.
LaTeX Font Info:    No math alphabet change to frozen version normal on input line 4607.
LaTeX Font Info:    No math alphabet change to frozen version normal on input line 4607.
LaTeX Font Info:    Nested math: keeping math alphabet allocation in version normal on input line 4610.
LaTeX Font Info:    No math alphabet change to frozen version normal on input line 4610.
LaTeX Font Info:    No math alphabet change to frozen version normal on input line 4611.
LaTeX Font Info:    No math alphabet change to frozen version normal on input line 4611.
LaTeX Font Info:    Nested math: keeping math alphabet allocation in version normal on input line 4619.
LaTeX Font Info:    No math alphabet change to frozen version normal on input line 4619.
LaTeX Font Info:    No math alphabet change to frozen version normal on input line 4621.
LaTeX Font Info:    Nested math: keeping math alphabet allocation in version normal on input line 4622.
LaTeX Font Info:    Nested math: keeping math alphabet allocation in version normal on input line 4622.
LaTeX Font Info:    No math alphabet change to frozen version normal on input line 4622.
LaTeX Font Info:    No math alphabet change to frozen version normal on input line 4623.

Package fancyhdr Warning: \headheight is too small (15.0pt): 
(fancyhdr)                Make it at least 26.2484pt, for example:
(fancyhdr)                \setlength{\headheight}{26.2484pt}.
(fancyhdr)                You might also make \topmargin smaller:
(fancyhdr)                \addtolength{\topmargin}{-11.2484pt}.

[83]

LaTeX Warning: Citation `ref-witten1985' on page 84 undefined on input line 4636.


LaTeX Warning: Citation `ref-arsuaga2002' on page 84 undefined on input line 4637.

<chapters/04-chap4_files/figure-pdf/trefoil-proj-1.pdf, id=880, 867.24pt x 578.16pt>
File: chapters/04-chap4_files/figure-pdf/trefoil-proj-1.pdf Graphic file (type pdf)
<use chapters/04-chap4_files/figure-pdf/trefoil-proj-1.pdf>
Package pdftex.def Info: chapters/04-chap4_files/figure-pdf/trefoil-proj-1.pdf  used on input line 4641.
(pdftex.def)             Requested size: 455.24167pt x 303.49443pt.
LaTeX Font Info:    Nested math: keeping math alphabet allocation in version normal on input line 4653.
LaTeX Font Info:    No math alphabet change to frozen version normal on input line 4653.
LaTeX Font Info:    Nested math: keeping math alphabet allocation in version normal on input line 4653.
LaTeX Font Info:    No math alphabet change to frozen version normal on input line 4653.
LaTeX Font Info:    Nested math: keeping math alphabet allocation in version normal on input line 4653.
LaTeX Font Info:    No math alphabet change to frozen version normal on input line 4653.
LaTeX Font Info:    Nested math: keeping math alphabet allocation in version normal on input line 4653.
LaTeX Font Info:    No math alphabet change to frozen version normal on input line 4653.
LaTeX Font Info:    Nested math: keeping math alphabet allocation in version normal on input line 4653.
LaTeX Font Info:    No math alphabet change to frozen version normal on input line 4653.
LaTeX Font Info:    Nested math: keeping math alphabet allocation in version normal on input line 4653.
LaTeX Font Info:    No math alphabet change to frozen version normal on input line 4653.
LaTeX Font Info:    No math alphabet change to frozen version normal on input line 4663.
LaTeX Font Info:    No math alphabet change to frozen version normal on input line 4664.

LaTeX Warning: Citation `ref-calladine1997' on page 84 undefined on input line 4667.


LaTeX Warning: Citation `ref-gershenfeld2000' on page 84 undefined on input line 4668.

LaTeX Font Info:    No math alphabet change to frozen version normal on input line 4686.
LaTeX Font Info:    No math alphabet change to frozen version normal on input line 4690.
LaTeX Font Info:    No math alphabet change to frozen version normal on input line 4690.
LaTeX Font Info:    Nested math: keeping math alphabet allocation in version normal on input line 4691.
LaTeX Font Info:    No math alphabet change to frozen version normal on input line 4691.
LaTeX Font Info:    No math alphabet change to frozen version normal on input line 4693.
LaTeX Font Info:    No math alphabet change to frozen version normal on input line 4693.
LaTeX Font Info:    Nested math: keeping math alphabet allocation in version normal on input line 4694.
LaTeX Font Info:    No math alphabet change to frozen version normal on input line 4694.

Package fancyhdr Warning: \headheight is too small (15.0pt): 
(fancyhdr)                Make it at least 26.2484pt, for example:
(fancyhdr)                \setlength{\headheight}{26.2484pt}.
(fancyhdr)                You might also make \topmargin smaller:
(fancyhdr)                \addtolength{\topmargin}{-11.2484pt}.

[84 <./chapters/04-chap4_files/figure-pdf/trefoil-proj-1.pdf>]
LaTeX Font Info:    No math alphabet change to frozen version normal on input line 4695.
LaTeX Font Info:    No math alphabet change to frozen version normal on input line 4704.
LaTeX Font Info:    No math alphabet change to frozen version normal on input line 4704.
LaTeX Font Info:    Nested math: keeping math alphabet allocation in version normal on input line 4705.
LaTeX Font Info:    No math alphabet change to frozen version normal on input line 4705.
LaTeX Font Info:    No math alphabet change to frozen version normal on input line 4706.
LaTeX Font Info:    No math alphabet change to frozen version normal on input line 4709.
LaTeX Font Info:    No math alphabet change to frozen version normal on input line 4710.
LaTeX Font Info:    No math alphabet change to frozen version normal on input line 4711.
LaTeX Font Info:    No math alphabet change to frozen version normal on input line 4712.
LaTeX Font Info:    No math alphabet change to frozen version normal on input line 4713.
LaTeX Font Info:    No math alphabet change to frozen version normal on input line 4713.
LaTeX Font Info:    Nested math: keeping math alphabet allocation in version normal on input line 4725.
LaTeX Font Info:    No math alphabet change to frozen version normal on input line 4725.
LaTeX Font Info:    No math alphabet change to frozen version normal on input line 4727.
LaTeX Font Info:    No math alphabet change to frozen version normal on input line 4729.
LaTeX Font Info:    No math alphabet change to frozen version normal on input line 4730.
LaTeX Font Info:    No math alphabet change to frozen version normal on input line 4730.
LaTeX Font Info:    No math alphabet change to frozen version normal on input line 4731.
LaTeX Font Info:    No math alphabet change to frozen version normal on input line 4732.
LaTeX Font Info:    Nested math: keeping math alphabet allocation in version normal on input line 4734.
LaTeX Font Info:    No math alphabet change to frozen version normal on input line 4734.

Package fancyhdr Warning: \headheight is too small (15.0pt): 
(fancyhdr)                Make it at least 26.2484pt, for example:
(fancyhdr)                \setlength{\headheight}{26.2484pt}.
(fancyhdr)                You might also make \topmargin smaller:
(fancyhdr)                \addtolength{\topmargin}{-11.2484pt}.

[85]
LaTeX Font Info:    No math alphabet change to frozen version normal on input line 4745.
LaTeX Font Info:    No math alphabet change to frozen version normal on input line 4746.
LaTeX Font Info:    No math alphabet change to frozen version normal on input line 4747.
LaTeX Font Info:    No math alphabet change to frozen version normal on input line 4748.
LaTeX Font Info:    No math alphabet change to frozen version normal on input line 4749.
LaTeX Font Info:    No math alphabet change to frozen version normal on input line 4750.
LaTeX Font Info:    No math alphabet change to frozen version normal on input line 4751.
LaTeX Font Info:    No math alphabet change to frozen version normal on input line 4761.
LaTeX Font Info:    Nested math: keeping math alphabet allocation in version normal on input line 4762.
LaTeX Font Info:    No math alphabet change to frozen version normal on input line 4762.
LaTeX Font Info:    Nested math: keeping math alphabet allocation in version normal on input line 4765.
LaTeX Font Info:    No math alphabet change to frozen version normal on input line 4765.
LaTeX Font Info:    Nested math: keeping math alphabet allocation in version normal on input line 4766.
LaTeX Font Info:    No math alphabet change to frozen version normal on input line 4766.
LaTeX Font Info:    No math alphabet change to frozen version normal on input line 4768.
LaTeX Font Info:    No math alphabet change to frozen version normal on input line 4769.
LaTeX Font Info:    No math alphabet change to frozen version normal on input line 4771.
LaTeX Font Info:    No math alphabet change to frozen version normal on input line 4772.
LaTeX Font Info:    No math alphabet change to frozen version normal on input line 4774.
LaTeX Font Info:    No math alphabet change to frozen version normal on input line 4775.
LaTeX Font Info:    Nested math: keeping math alphabet allocation in version normal on input line 4785.
LaTeX Font Info:    No math alphabet change to frozen version normal on input line 4785.
LaTeX Font Info:    No math alphabet change to frozen version normal on input line 4788.
LaTeX Font Info:    No math alphabet change to frozen version normal on input line 4789.
LaTeX Font Info:    Nested math: keeping math alphabet allocation in version normal on input line 4790.
LaTeX Font Info:    No math alphabet change to frozen version normal on input line 4790.
LaTeX Font Info:    No math alphabet change to frozen version normal on input line 4793.
LaTeX Font Info:    No math alphabet change to frozen version normal on input line 4794.

Package fancyhdr Warning: \headheight is too small (15.0pt): 
(fancyhdr)                Make it at least 26.2484pt, for example:
(fancyhdr)                \setlength{\headheight}{26.2484pt}.
(fancyhdr)                You might also make \topmargin smaller:
(fancyhdr)                \addtolength{\topmargin}{-11.2484pt}.

[86]
<chapters/04-chap4_files/figure-pdf/triginometric-proj-1.pdf, id=907, 867.24pt x 1156.32pt>
File: chapters/04-chap4_files/figure-pdf/triginometric-proj-1.pdf Graphic file (type pdf)
<use chapters/04-chap4_files/figure-pdf/triginometric-proj-1.pdf>
Package pdftex.def Info: chapters/04-chap4_files/figure-pdf/triginometric-proj-1.pdf  used on input line 4808.
(pdftex.def)             Requested size: 455.24167pt x 606.98888pt.
LaTeX Font Info:    Nested math: keeping math alphabet allocation in version normal on input line 4824.
LaTeX Font Info:    No math alphabet change to frozen version normal on input line 4824.
LaTeX Font Info:    Nested math: keeping math alphabet allocation in version normal on input line 4824.
LaTeX Font Info:    No math alphabet change to frozen version normal on input line 4824.
LaTeX Font Info:    Nested math: keeping math alphabet allocation in version normal on input line 4824.
LaTeX Font Info:    No math alphabet change to frozen version normal on input line 4824.
LaTeX Font Info:    Nested math: keeping math alphabet allocation in version normal on input line 4824.
LaTeX Font Info:    No math alphabet change to frozen version normal on input line 4824.
LaTeX Font Info:    Nested math: keeping math alphabet allocation in version normal on input line 4824.
LaTeX Font Info:    No math alphabet change to frozen version normal on input line 4824.
LaTeX Font Info:    Nested math: keeping math alphabet allocation in version normal on input line 4824.
LaTeX Font Info:    No math alphabet change to frozen version normal on input line 4824.

Package fancyhdr Warning: \headheight is too small (15.0pt): 
(fancyhdr)                Make it at least 26.2484pt, for example:
(fancyhdr)                \setlength{\headheight}{26.2484pt}.
(fancyhdr)                You might also make \topmargin smaller:
(fancyhdr)                \addtolength{\topmargin}{-11.2484pt}.

[87]
Overfull \vbox (36.60583pt too high) has occurred while \output is active []


Package fancyhdr Warning: \headheight is too small (15.0pt): 
(fancyhdr)                Make it at least 26.2484pt, for example:
(fancyhdr)                \setlength{\headheight}{26.2484pt}.
(fancyhdr)                You might also make \topmargin smaller:
(fancyhdr)                \addtolength{\topmargin}{-11.2484pt}.

[88 <./chapters/04-chap4_files/figure-pdf/triginometric-proj-1.pdf>]
LaTeX Font Info:    Nested math: keeping math alphabet allocation in version normal on input line 4832.
LaTeX Font Info:    No math alphabet change to frozen version normal on input line 4832.
LaTeX Font Info:    Nested math: keeping math alphabet allocation in version normal on input line 4832.
LaTeX Font Info:    No math alphabet change to frozen version normal on input line 4832.
LaTeX Font Info:    No math alphabet change to frozen version normal on input line 4842.
LaTeX Font Info:    No math alphabet change to frozen version normal on input line 4843.
LaTeX Font Info:    No math alphabet change to frozen version normal on input line 4843.
LaTeX Font Info:    No math alphabet change to frozen version normal on input line 4844.
LaTeX Font Info:    No math alphabet change to frozen version normal on input line 4844.
LaTeX Font Info:    No math alphabet change to frozen version normal on input line 4845.

Overfull \hbox (0.90869pt too wide) in paragraph at lines 4884--4884
[]|\T1/mdbch/m/n/10.95 (-20) gen_wavydims1|  
 []


Overfull \hbox (0.90869pt too wide) in paragraph at lines 4885--4885
[]|\T1/mdbch/m/n/10.95 (-20) gen_wavydims2|  
 []


Overfull \hbox (0.90869pt too wide) in paragraph at lines 4886--4886
[]|\T1/mdbch/m/n/10.95 (-20) gen_wavydims3|  
 []

LaTeX Font Info:    No math alphabet change to frozen version normal on input line 4888.
LaTeX Font Info:    No math alphabet change to frozen version normal on input line 4891.
LaTeX Font Info:    No math alphabet change to frozen version normal on input line 4896.
LaTeX Font Info:    No math alphabet change to frozen version normal on input line 4898.

Package fancyhdr Warning: \headheight is too small (15.0pt): 
(fancyhdr)                Make it at least 26.2484pt, for example:
(fancyhdr)                \setlength{\headheight}{26.2484pt}.
(fancyhdr)                You might also make \topmargin smaller:
(fancyhdr)                \addtolength{\topmargin}{-11.2484pt}.

[89]
LaTeX Font Info:    No math alphabet change to frozen version normal on input line 4906.
LaTeX Font Info:    No math alphabet change to frozen version normal on input line 4908.
LaTeX Font Info:    No math alphabet change to frozen version normal on input line 4910.
LaTeX Font Info:    No math alphabet change to frozen version normal on input line 4915.
LaTeX Font Info:    No math alphabet change to frozen version normal on input line 4919.
LaTeX Font Info:    No math alphabet change to frozen version normal on input line 4921.
LaTeX Font Info:    No math alphabet change to frozen version normal on input line 4921.
LaTeX Font Info:    No math alphabet change to frozen version normal on input line 4922.
LaTeX Font Info:    No math alphabet change to frozen version normal on input line 4926.
LaTeX Font Info:    No math alphabet change to frozen version normal on input line 4932.

Package fancyhdr Warning: \headheight is too small (15.0pt): 
(fancyhdr)                Make it at least 26.2484pt, for example:
(fancyhdr)                \setlength{\headheight}{26.2484pt}.
(fancyhdr)                You might also make \topmargin smaller:
(fancyhdr)                \addtolength{\topmargin}{-11.2484pt}.

[90]
Overfull \hbox (4.13406pt too wide) in paragraph at lines 4957--4957
[]|\T1/mdbch/m/n/10.95 (-20) make_klink_curvycycle|  
 []


Overfull \hbox (6.2047pt too wide) in paragraph at lines 4958--4958
[]|\T1/mdbch/m/n/10.95 (-20) make_chain_curvycycle|  
 []


Overfull \hbox (3.4129pt too wide) in paragraph at lines 4962--4962
[]|\T1/mdbch/m/n/10.95 (-20) make_twogrid_overlap|  
 []

LaTeX Font Info:    No math alphabet change to frozen version normal on input line 4967.
LaTeX Font Info:    No math alphabet change to frozen version normal on input line 4995.
LaTeX Font Info:    Nested math: keeping math alphabet allocation in version normal on input line 5010.
LaTeX Font Info:    No math alphabet change to frozen version normal on input line 5010.
LaTeX Font Info:    Nested math: keeping math alphabet allocation in version normal on input line 5016.
LaTeX Font Info:    No math alphabet change to frozen version normal on input line 5016.

Package fancyhdr Warning: \headheight is too small (15.0pt): 
(fancyhdr)                Make it at least 26.2484pt, for example:
(fancyhdr)                \setlength{\headheight}{26.2484pt}.
(fancyhdr)                You might also make \topmargin smaller:
(fancyhdr)                \addtolength{\topmargin}{-11.2484pt}.

[91]
<chapters/04-chap4_files/figure-pdf/highd-proj-1.pdf, id=949, 867.24pt x 289.08pt>
File: chapters/04-chap4_files/figure-pdf/highd-proj-1.pdf Graphic file (type pdf)
<use chapters/04-chap4_files/figure-pdf/highd-proj-1.pdf>
Package pdftex.def Info: chapters/04-chap4_files/figure-pdf/highd-proj-1.pdf  used on input line 5036.
(pdftex.def)             Requested size: 455.24167pt x 151.74721pt.
LaTeX Font Info:    Nested math: keeping math alphabet allocation in version normal on input line 5044.
LaTeX Font Info:    No math alphabet change to frozen version normal on input line 5044.
LaTeX Font Info:    Nested math: keeping math alphabet allocation in version normal on input line 5044.
LaTeX Font Info:    No math alphabet change to frozen version normal on input line 5044.
LaTeX Font Info:    Nested math: keeping math alphabet allocation in version normal on input line 5044.
LaTeX Font Info:    No math alphabet change to frozen version normal on input line 5044.
LaTeX Font Info:    Nested math: keeping math alphabet allocation in version normal on input line 5044.
LaTeX Font Info:    No math alphabet change to frozen version normal on input line 5044.

Package fancyhdr Warning: \headheight is too small (15.0pt): 
(fancyhdr)                Make it at least 26.2484pt, for example:
(fancyhdr)                \setlength{\headheight}{26.2484pt}.
(fancyhdr)                You might also make \topmargin smaller:
(fancyhdr)                \addtolength{\topmargin}{-11.2484pt}.

[92]

LaTeX Warning: Citation `ref-jolliffe2011' on page 93 undefined on input line 5052.


LaTeX Warning: Citation `ref-laurens2008' on page 93 undefined on input line 5054.


LaTeX Warning: Citation `ref-leland2018' on page 93 undefined on input line 5056.


LaTeX Warning: Citation `ref-moon2019' on page 93 undefined on input line 5057.


LaTeX Warning: Citation `ref-amid2019' on page 93 undefined on input line 5059.


LaTeX Warning: Citation `ref-yingfan2021' on page 93 undefined on input line 5061.

<chapters/04-chap4_files/figure-pdf/fig-nldr-layouts-1.pdf, id=956, 554.07pt x 360.34625pt>
File: chapters/04-chap4_files/figure-pdf/fig-nldr-layouts-1.pdf Graphic file (type pdf)
<use chapters/04-chap4_files/figure-pdf/fig-nldr-layouts-1.pdf>
Package pdftex.def Info: chapters/04-chap4_files/figure-pdf/fig-nldr-layouts-1.pdf  used on input line 5067.
(pdftex.def)             Requested size: 455.24496pt x 296.07417pt.
LaTeX Font Info:    No math alphabet change to frozen version normal on input line 5078.
LaTeX Font Info:    No math alphabet change to frozen version normal on input line 5078.

Package fancyhdr Warning: \headheight is too small (15.0pt): 
(fancyhdr)                Make it at least 26.2484pt, for example:
(fancyhdr)                \setlength{\headheight}{26.2484pt}.
(fancyhdr)                You might also make \topmargin smaller:
(fancyhdr)                \addtolength{\topmargin}{-11.2484pt}.

[93 <./chapters/04-chap4_files/figure-pdf/highd-proj-1.pdf>]

LaTeX Warning: Citation `ref-gamage2025c' on page 94 undefined on input line 5085.

LaTeX Font Info:    No math alphabet change to frozen version normal on input line 5107.

LaTeX Warning: Citation `ref-boehmke2019' on page 94 undefined on input line 5108.


LaTeX Warning: Citation `ref-murtagh2012' on page 94 undefined on input line 5110.


LaTeX Warning: Citation `ref-chris2002' on page 94 undefined on input line 5112.


LaTeX Warning: Citation `ref-scrucca2023' on page 94 undefined on input line 5113.


LaTeX Warning: Citation `ref-christian2024' on page 94 undefined on input line 5119.


Package fancyhdr Warning: \headheight is too small (15.0pt): 
(fancyhdr)                Make it at least 26.2484pt, for example:
(fancyhdr)                \setlength{\headheight}{26.2484pt}.
(fancyhdr)                You might also make \topmargin smaller:
(fancyhdr)                \addtolength{\topmargin}{-11.2484pt}.

[94 <./chapters/04-chap4_files/figure-pdf/fig-nldr-layouts-1.pdf>]
LaTeX Font Info:    No math alphabet change to frozen version normal on input line 5123.
LaTeX Font Info:    No math alphabet change to frozen version normal on input line 5123.
LaTeX Font Info:    No math alphabet change to frozen version normal on input line 5133.
LaTeX Font Info:    No math alphabet change to frozen version normal on input line 5139.
LaTeX Font Info:    No math alphabet change to frozen version normal on input line 5140.
LaTeX Font Info:    No math alphabet change to frozen version normal on input line 5142.

Package fancyhdr Warning: \headheight is too small (15.0pt): 
(fancyhdr)                Make it at least 26.2484pt, for example:
(fancyhdr)                \setlength{\headheight}{26.2484pt}.
(fancyhdr)                You might also make \topmargin smaller:
(fancyhdr)                \addtolength{\topmargin}{-11.2484pt}.

[95]

LaTeX Warning: Citation `ref-yihui2015' on page 96 undefined on input line 5197.


LaTeX Warning: Citation `ref-yihui2018' on page 96 undefined on input line 5198.


LaTeX Warning: Citation `ref-gabor2025' on page 96 undefined on input line 5201.


LaTeX Warning: Citation `ref-kirill2023' on page 96 undefined on input line 5202.


LaTeX Warning: Citation `ref-gregory2023' on page 96 undefined on input line 5203.


LaTeX Warning: Citation `ref-hadley2023' on page 96 undefined on input line 5204.


LaTeX Warning: Citation `ref-core2025' on page 96 undefined on input line 5205.


LaTeX Warning: Citation `ref-hadley2024' on page 96 undefined on input line 5206.


LaTeX Warning: Citation `ref-hadley2025' on page 96 undefined on input line 5207.


LaTeX Warning: Citation `ref-alan2009' on page 96 undefined on input line 5208.


LaTeX Warning: Citation `ref-barret2016' on page 96 undefined on input line 5209.


LaTeX Warning: Citation `ref-venables2002' on page 96 undefined on input line 5210.


Package fancyhdr Warning: \headheight is too small (15.0pt): 
(fancyhdr)                Make it at least 26.2484pt, for example:
(fancyhdr)                \setlength{\headheight}{26.2484pt}.
(fancyhdr)                You might also make \topmargin smaller:
(fancyhdr)                \addtolength{\topmargin}{-11.2484pt}.

[96]
Chapter 5.
LaTeX Font Info:    Nested math: keeping math alphabet allocation in version normal on input line 5220.
LaTeX Font Info:    No math alphabet change to frozen version normal on input line 5220.
LaTeX Font Info:    Nested math: keeping math alphabet allocation in version normal on input line 5220.
LaTeX Font Info:    No math alphabet change to frozen version normal on input line 5220.

LaTeX Warning: Citation `ref-laurens2008' on page 97 undefined on input line 5223.


LaTeX Warning: Citation `ref-leland2018' on page 97 undefined on input line 5225.


LaTeX Warning: Citation `ref-moon2019' on page 97 undefined on input line 5226.


LaTeX Warning: Citation `ref-amid2022' on page 97 undefined on input line 5228.


LaTeX Warning: Citation `ref-yingfan2021' on page 97 undefined on input line 5230.

LaTeX Font Info:    Nested math: keeping math alphabet allocation in version normal on input line 5231.
LaTeX Font Info:    No math alphabet change to frozen version normal on input line 5231.
LaTeX Font Info:    Nested math: keeping math alphabet allocation in version normal on input line 5232.
LaTeX Font Info:    No math alphabet change to frozen version normal on input line 5232.

LaTeX Warning: Reference `fig-nldr-layouts' on page 97 undefined on input line 5233.

<chapters/05-chap5_files/figure-pdf/fig-nldr-layouts-1.pdf, id=1003, 1063.975pt x 525.965pt>
File: chapters/05-chap5_files/figure-pdf/fig-nldr-layouts-1.pdf Graphic file (type pdf)
<use chapters/05-chap5_files/figure-pdf/fig-nldr-layouts-1.pdf>
Package pdftex.def Info: chapters/05-chap5_files/figure-pdf/fig-nldr-layouts-1.pdf  used on input line 5239.
(pdftex.def)             Requested size: 455.24368pt x 225.04498pt.
LaTeX Font Info:    Nested math: keeping math alphabet allocation in version normal on input line 5250.
LaTeX Font Info:    No math alphabet change to frozen version normal on input line 5250.
LaTeX Font Info:    Nested math: keeping math alphabet allocation in version normal on input line 5250.
LaTeX Font Info:    No math alphabet change to frozen version normal on input line 5250.
LaTeX Font Info:    Nested math: keeping math alphabet allocation in version normal on input line 5250.
LaTeX Font Info:    No math alphabet change to frozen version normal on input line 5250.
LaTeX Font Info:    Nested math: keeping math alphabet allocation in version normal on input line 5250.
LaTeX Font Info:    No math alphabet change to frozen version normal on input line 5250.
LaTeX Font Info:    Nested math: keeping math alphabet allocation in version normal on input line 5250.
LaTeX Font Info:    No math alphabet change to frozen version normal on input line 5250.
LaTeX Font Info:    Nested math: keeping math alphabet allocation in version normal on input line 5250.
LaTeX Font Info:    No math alphabet change to frozen version normal on input line 5250.
LaTeX Font Info:    Nested math: keeping math alphabet allocation in version normal on input line 5250.
LaTeX Font Info:    No math alphabet change to frozen version normal on input line 5250.
LaTeX Font Info:    Nested math: keeping math alphabet allocation in version normal on input line 5250.
LaTeX Font Info:    No math alphabet change to frozen version normal on input line 5250.
LaTeX Font Info:    Nested math: keeping math alphabet allocation in version normal on input line 5250.
LaTeX Font Info:    No math alphabet change to frozen version normal on input line 5250.
LaTeX Font Info:    Nested math: keeping math alphabet allocation in version normal on input line 5250.
LaTeX Font Info:    No math alphabet change to frozen version normal on input line 5250.
LaTeX Font Info:    Nested math: keeping math alphabet allocation in version normal on input line 5250.
LaTeX Font Info:    No math alphabet change to frozen version normal on input line 5250.
LaTeX Font Info:    Nested math: keeping math alphabet allocation in version normal on input line 5250.
LaTeX Font Info:    No math alphabet change to frozen version normal on input line 5250.
[97

]
LaTeX Font Info:    Font shape `T1/mdbch/b/n' will be
(Font)              scaled to size 7.68005pt on input line 5256.
LaTeX Font Info:    Font shape `T1/mdbch/b/n' will be
(Font)              scaled to size 5.76004pt on input line 5256.
LaTeX Font Info:    Nested math: keeping math alphabet allocation in version normal on input line 5256.
LaTeX Font Info:    No math alphabet change to frozen version normal on input line 5256.

LaTeX Warning: Reference `sec-background' on page 98 undefined on input line 5260.


LaTeX Warning: Reference `sec-experiment' on page 98 undefined on input line 5262.


LaTeX Warning: Reference `sec-results' on page 98 undefined on input line 5265.


LaTeX Warning: Reference `sec-limitations' on page 98 undefined on input line 5266.


LaTeX Warning: Reference `sec-conclusion' on page 98 undefined on input line 5268.

LaTeX Font Info:    Nested math: keeping math alphabet allocation in version normal on input line 5272.
LaTeX Font Info:    No math alphabet change to frozen version normal on input line 5272.
LaTeX Font Info:    Nested math: keeping math alphabet allocation in version normal on input line 5272.
LaTeX Font Info:    No math alphabet change to frozen version normal on input line 5272.

LaTeX Warning: Citation `ref-kruskal1964' on page 98 undefined on input line 5274.


LaTeX Warning: Citation `ref-jolliffe2011' on page 98 undefined on input line 5276.

LaTeX Font Info:    Nested math: keeping math alphabet allocation in version normal on input line 5277.
LaTeX Font Info:    No math alphabet change to frozen version normal on input line 5277.

LaTeX Warning: Citation `ref-saeed2018' on page 98 undefined on input line 5279.


LaTeX Warning: Citation `ref-silva2002' on page 98 undefined on input line 5280.


LaTeX Warning: Citation `ref-johnstone2009' on page 98 undefined on input line 5284.


Package fancyhdr Warning: \headheight is too small (15.0pt): 
(fancyhdr)                Make it at least 26.2484pt, for example:
(fancyhdr)                \setlength{\headheight}{26.2484pt}.
(fancyhdr)                You might also make \topmargin smaller:
(fancyhdr)                \addtolength{\topmargin}{-11.2484pt}.

[98 <./chapters/05-chap5_files/figure-pdf/fig-nldr-layouts-1.pdf>]
LaTeX Font Info:    Nested math: keeping math alphabet allocation in version normal on input line 5286.
LaTeX Font Info:    No math alphabet change to frozen version normal on input line 5286.
LaTeX Font Info:    Nested math: keeping math alphabet allocation in version normal on input line 5288.
LaTeX Font Info:    No math alphabet change to frozen version normal on input line 5288.
LaTeX Font Info:    Nested math: keeping math alphabet allocation in version normal on input line 5292.
LaTeX Font Info:    No math alphabet change to frozen version normal on input line 5292.
LaTeX Font Info:    Nested math: keeping math alphabet allocation in version normal on input line 5295.
LaTeX Font Info:    No math alphabet change to frozen version normal on input line 5295.

LaTeX Warning: Citation `ref-As85' on page 99 undefined on input line 5299.


LaTeX Warning: Citation `ref-wickham2011' on page 99 undefined on input line 5305.


LaTeX Warning: Citation `ref-harisson2024' on page 99 undefined on input line 5307.


LaTeX Warning: Citation `ref-hart2022' on page 99 undefined on input line 5307.


LaTeX Warning: Citation `ref-laa2022' on page 99 undefined on input line 5312.


LaTeX Warning: Citation `ref-tadeusz1974' on page 99 undefined on input line 5320.


LaTeX Warning: Citation `ref-peter1987' on page 99 undefined on input line 5321.


LaTeX Warning: Citation `ref-david1979' on page 99 undefined on input line 5322.


Package fancyhdr Warning: \headheight is too small (15.0pt): 
(fancyhdr)                Make it at least 26.2484pt, for example:
(fancyhdr)                \setlength{\headheight}{26.2484pt}.
(fancyhdr)                You might also make \topmargin smaller:
(fancyhdr)                \addtolength{\topmargin}{-11.2484pt}.

[99]
LaTeX Font Info:    Nested math: keeping math alphabet allocation in version normal on input line 5346.
LaTeX Font Info:    No math alphabet change to frozen version normal on input line 5346.
LaTeX Font Info:    Nested math: keeping math alphabet allocation in version normal on input line 5348.
LaTeX Font Info:    No math alphabet change to frozen version normal on input line 5348.
LaTeX Font Info:    Nested math: keeping math alphabet allocation in version normal on input line 5351.
LaTeX Font Info:    No math alphabet change to frozen version normal on input line 5351.
LaTeX Font Info:    Nested math: keeping math alphabet allocation in version normal on input line 5355.
LaTeX Font Info:    No math alphabet change to frozen version normal on input line 5355.
LaTeX Font Info:    Nested math: keeping math alphabet allocation in version normal on input line 5363.
LaTeX Font Info:    No math alphabet change to frozen version normal on input line 5363.
LaTeX Font Info:    Nested math: keeping math alphabet allocation in version normal on input line 5364.
LaTeX Font Info:    No math alphabet change to frozen version normal on input line 5364.
LaTeX Font Info:    No math alphabet change to frozen version normal on input line 5378.
LaTeX Font Info:    No math alphabet change to frozen version normal on input line 5379.
LaTeX Font Info:    No math alphabet change to frozen version normal on input line 5381.
LaTeX Font Info:    No math alphabet change to frozen version normal on input line 5387.

Package fancyhdr Warning: \headheight is too small (15.0pt): 
(fancyhdr)                Make it at least 26.2484pt, for example:
(fancyhdr)                \setlength{\headheight}{26.2484pt}.
(fancyhdr)                You might also make \topmargin smaller:
(fancyhdr)                \addtolength{\topmargin}{-11.2484pt}.

[100]
LaTeX Font Info:    No math alphabet change to frozen version normal on input line 5391.
LaTeX Font Info:    Nested math: keeping math alphabet allocation in version normal on input line 5392.
LaTeX Font Info:    No math alphabet change to frozen version normal on input line 5392.
LaTeX Font Info:    No math alphabet change to frozen version normal on input line 5393.
LaTeX Font Info:    No math alphabet change to frozen version normal on input line 5393.
LaTeX Font Info:    Nested math: keeping math alphabet allocation in version normal on input line 5395.
LaTeX Font Info:    No math alphabet change to frozen version normal on input line 5395.
LaTeX Font Info:    No math alphabet change to frozen version normal on input line 5395.
LaTeX Font Info:    Nested math: keeping math alphabet allocation in version normal on input line 5399.
LaTeX Font Info:    No math alphabet change to frozen version normal on input line 5399.
LaTeX Font Info:    No math alphabet change to frozen version normal on input line 5405.
LaTeX Font Info:    No math alphabet change to frozen version normal on input line 5413.
LaTeX Font Info:    No math alphabet change to frozen version normal on input line 5414.
LaTeX Font Info:    No math alphabet change to frozen version normal on input line 5416.
LaTeX Font Info:    No math alphabet change to frozen version normal on input line 5417.
LaTeX Font Info:    No math alphabet change to frozen version normal on input line 5417.
LaTeX Font Info:    No math alphabet change to frozen version normal on input line 5418.
LaTeX Font Info:    No math alphabet change to frozen version normal on input line 5423.
LaTeX Font Info:    No math alphabet change to frozen version normal on input line 5424.
LaTeX Font Info:    Nested math: keeping math alphabet allocation in version normal on input line 5425.
LaTeX Font Info:    No math alphabet change to frozen version normal on input line 5425.
LaTeX Font Info:    No math alphabet change to frozen version normal on input line 5425.
LaTeX Font Info:    Nested math: keeping math alphabet allocation in version normal on input line 5426.
LaTeX Font Info:    No math alphabet change to frozen version normal on input line 5426.
LaTeX Font Info:    No math alphabet change to frozen version normal on input line 5427.
LaTeX Font Info:    No math alphabet change to frozen version normal on input line 5428.
LaTeX Font Info:    No math alphabet change to frozen version normal on input line 5432.
LaTeX Font Info:    No math alphabet change to frozen version normal on input line 5432.
LaTeX Font Info:    No math alphabet change to frozen version normal on input line 5432.
LaTeX Font Info:    No math alphabet change to frozen version normal on input line 5433.
LaTeX Font Info:    No math alphabet change to frozen version normal on input line 5442.
LaTeX Font Info:    No math alphabet change to frozen version normal on input line 5443.
LaTeX Font Info:    No math alphabet change to frozen version normal on input line 5443.
LaTeX Font Info:    No math alphabet change to frozen version normal on input line 5444.
LaTeX Font Info:    No math alphabet change to frozen version normal on input line 5445.
LaTeX Font Info:    No math alphabet change to frozen version normal on input line 5445.
LaTeX Font Info:    No math alphabet change to frozen version normal on input line 5445.
LaTeX Font Info:    No math alphabet change to frozen version normal on input line 5446.
LaTeX Font Info:    No math alphabet change to frozen version normal on input line 5446.
LaTeX Font Info:    Nested math: keeping math alphabet allocation in version normal on input line 5449.
LaTeX Font Info:    No math alphabet change to frozen version normal on input line 5449.
LaTeX Font Info:    No math alphabet change to frozen version normal on input line 5450.

Package fancyhdr Warning: \headheight is too small (15.0pt): 
(fancyhdr)                Make it at least 26.2484pt, for example:
(fancyhdr)                \setlength{\headheight}{26.2484pt}.
(fancyhdr)                You might also make \topmargin smaller:
(fancyhdr)                \addtolength{\topmargin}{-11.2484pt}.

[101]

LaTeX Warning: Reference `fig-exp-design' on page 102 undefined on input line 5455.

LaTeX Font Info:    No math alphabet change to frozen version normal on input line 5455.
LaTeX Font Info:    No math alphabet change to frozen version normal on input line 5456.
LaTeX Font Info:    Nested math: keeping math alphabet allocation in version normal on input line 5457.
LaTeX Font Info:    No math alphabet change to frozen version normal on input line 5457.
LaTeX Font Info:    No math alphabet change to frozen version normal on input line 5457.
LaTeX Font Info:    No math alphabet change to frozen version normal on input line 5462.
<chapters/../figures/vis-exp/exp_design.png, id=1047, 786.2976pt x 582.85754pt>
File: chapters/../figures/vis-exp/exp_design.png Graphic file (type png)
<use chapters/../figures/vis-exp/exp_design.png>
Package pdftex.def Info: chapters/../figures/vis-exp/exp_design.png  used on input line 5471.
(pdftex.def)             Requested size: 455.24908pt x 337.46173pt.
LaTeX Font Info:    No math alphabet change to frozen version normal on input line 5486.
LaTeX Font Info:    Nested math: keeping math alphabet allocation in version normal on input line 5486.
LaTeX Font Info:    No math alphabet change to frozen version normal on input line 5486.
LaTeX Font Info:    No math alphabet change to frozen version normal on input line 5486.
LaTeX Font Info:    No math alphabet change to frozen version normal on input line 5486.
LaTeX Font Info:    Nested math: keeping math alphabet allocation in version normal on input line 5486.
LaTeX Font Info:    No math alphabet change to frozen version normal on input line 5486.
LaTeX Font Info:    No math alphabet change to frozen version normal on input line 5486.
LaTeX Font Info:    Nested math: keeping math alphabet allocation in version normal on input line 5496.
LaTeX Font Info:    No math alphabet change to frozen version normal on input line 5496.

LaTeX Warning: Reference `fig-dist-metrics' on page 102 undefined on input line 5509.

LaTeX Font Info:    Nested math: keeping math alphabet allocation in version normal on input line 5514.
LaTeX Font Info:    Undo math alphabet allocation in version normal on input line 5515.
LaTeX Font Info:    Undo math alphabet allocation in version normal on input line 5518.
LaTeX Font Info:    No math alphabet change to frozen version normal on input line 5518.
LaTeX Font Info:    Undo math alphabet allocation in version normal on input line 5519.
LaTeX Font Info:    No math alphabet change to frozen version normal on input line 5519.
LaTeX Font Info:    No math alphabet change to frozen version normal on input line 5520.

Package fancyhdr Warning: \headheight is too small (15.0pt): 
(fancyhdr)                Make it at least 26.2484pt, for example:
(fancyhdr)                \setlength{\headheight}{26.2484pt}.
(fancyhdr)                You might also make \topmargin smaller:
(fancyhdr)                \addtolength{\topmargin}{-11.2484pt}.

[102]
LaTeX Font Info:    Nested math: keeping math alphabet allocation in version normal on input line 5526.
LaTeX Font Info:    No math alphabet change to frozen version normal on input line 5527.
<chapters/05-chap5_files/figure-pdf/fig-dist-metrics-1.pdf, id=1054, 702.625pt x 598.235pt>
File: chapters/05-chap5_files/figure-pdf/fig-dist-metrics-1.pdf Graphic file (type pdf)
<use chapters/05-chap5_files/figure-pdf/fig-dist-metrics-1.pdf>
Package pdftex.def Info: chapters/05-chap5_files/figure-pdf/fig-dist-metrics-1.pdf  used on input line 5535.
(pdftex.def)             Requested size: 455.25348pt x 387.61581pt.

LaTeX Warning: Citation `ref-palan2018' on page 103 undefined on input line 5553.


Package fancyhdr Warning: \headheight is too small (15.0pt): 
(fancyhdr)                Make it at least 26.2484pt, for example:
(fancyhdr)                \setlength{\headheight}{26.2484pt}.
(fancyhdr)                You might also make \topmargin smaller:
(fancyhdr)                \addtolength{\topmargin}{-11.2484pt}.

[103 <./chapters/../figures/vis-exp/exp_design.png>]

Package fancyhdr Warning: \headheight is too small (15.0pt): 
(fancyhdr)                Make it at least 26.2484pt, for example:
(fancyhdr)                \setlength{\headheight}{26.2484pt}.
(fancyhdr)                You might also make \topmargin smaller:
(fancyhdr)                \addtolength{\topmargin}{-11.2484pt}.

[104 <./chapters/05-chap5_files/figure-pdf/fig-dist-metrics-1.pdf>]
LaTeX Font Info:    Nested math: keeping math alphabet allocation in version normal on input line 5578.
LaTeX Font Info:    No math alphabet change to frozen version normal on input line 5578.
LaTeX Font Info:    No math alphabet change to frozen version normal on input line 5583.
LaTeX Font Info:    No math alphabet change to frozen version normal on input line 5591.
LaTeX Font Info:    No math alphabet change to frozen version normal on input line 5592.

LaTeX Warning: Citation `ref-mcculloch2001' on page 105 undefined on input line 5599.

LaTeX Font Info:    Nested math: keeping math alphabet allocation in version normal on input line 5600.
LaTeX Font Info:    No math alphabet change to frozen version normal on input line 5600.
LaTeX Font Info:    Nested math: keeping math alphabet allocation in version normal on input line 5605.
LaTeX Font Info:    Nested math: keeping math alphabet allocation in version normal on input line 5605.
LaTeX Font Info:    Nested math: keeping math alphabet allocation in version normal on input line 5605.
LaTeX Font Info:    Nested math: keeping math alphabet allocation in version normal on input line 5605.
LaTeX Font Info:    Nested math: keeping math alphabet allocation in version normal on input line 5605.
LaTeX Font Info:    Nested math: keeping math alphabet allocation in version normal on input line 5605.
LaTeX Font Info:    Nested math: keeping math alphabet allocation in version normal on input line 5605.
LaTeX Font Info:    Nested math: keeping math alphabet allocation in version normal on input line 5605.
LaTeX Font Info:    Nested math: keeping math alphabet allocation in version normal on input line 5605.
LaTeX Font Info:    No math alphabet change to frozen version normal on input line 5605.
LaTeX Font Info:    No math alphabet change to frozen version normal on input line 5605.
LaTeX Font Info:    No math alphabet change to frozen version normal on input line 5607.
LaTeX Font Info:    No math alphabet change to frozen version normal on input line 5607.
LaTeX Font Info:    No math alphabet change to frozen version normal on input line 5607.
LaTeX Font Info:    No math alphabet change to frozen version normal on input line 5608.
LaTeX Font Info:    No math alphabet change to frozen version normal on input line 5609.
LaTeX Font Info:    No math alphabet change to frozen version normal on input line 5609.
LaTeX Font Info:    No math alphabet change to frozen version normal on input line 5610.
LaTeX Font Info:    No math alphabet change to frozen version normal on input line 5611.
LaTeX Font Info:    No math alphabet change to frozen version normal on input line 5611.
LaTeX Font Info:    No math alphabet change to frozen version normal on input line 5612.
LaTeX Font Info:    No math alphabet change to frozen version normal on input line 5613.

Package fancyhdr Warning: \headheight is too small (15.0pt): 
(fancyhdr)                Make it at least 26.2484pt, for example:
(fancyhdr)                \setlength{\headheight}{26.2484pt}.
(fancyhdr)                You might also make \topmargin smaller:
(fancyhdr)                \addtolength{\topmargin}{-11.2484pt}.

[105]

LaTeX Warning: Reference `fig-glmm' on page 106 undefined on input line 5622.


LaTeX Warning: Reference `tbl-glmm' on page 106 undefined on input line 5622.


LaTeX Warning: Reference `fig-glmm-min' on page 106 undefined on input line 5623.


LaTeX Warning: Reference `tbl-glmm-min' on page 106 undefined on input line 5623.


LaTeX Warning: Reference `tbl-glmm' on page 106 undefined on input line 5628.


LaTeX Warning: Reference `fig-glmm' on page 106 undefined on input line 5630.

LaTeX Font Info:    Nested math: keeping math alphabet allocation in version normal on input line 5650.
LaTeX Font Info:    No math alphabet change to frozen version normal on input line 5650.
LaTeX Font Info:    Nested math: keeping math alphabet allocation in version normal on input line 5650.
LaTeX Font Info:    No math alphabet change to frozen version normal on input line 5650.
LaTeX Font Info:    Nested math: keeping math alphabet allocation in version normal on input line 5650.
LaTeX Font Info:    No math alphabet change to frozen version normal on input line 5650.
LaTeX Font Info:    Nested math: keeping math alphabet allocation in version normal on input line 5650.
LaTeX Font Info:    No math alphabet change to frozen version normal on input line 5650.
LaTeX Font Info:    Nested math: keeping math alphabet allocation in version normal on input line 5650.
LaTeX Font Info:    No math alphabet change to frozen version normal on input line 5650.
LaTeX Font Info:    Nested math: keeping math alphabet allocation in version normal on input line 5650.
LaTeX Font Info:    No math alphabet change to frozen version normal on input line 5650.
LaTeX Font Info:    Nested math: keeping math alphabet allocation in version normal on input line 5650.
LaTeX Font Info:    No math alphabet change to frozen version normal on input line 5650.
LaTeX Font Info:    Nested math: keeping math alphabet allocation in version normal on input line 5650.
LaTeX Font Info:    No math alphabet change to frozen version normal on input line 5650.
LaTeX Font Info:    No math alphabet change to frozen version normal on input line 5671.
<chapters/05-chap5_files/figure-pdf/fig-glmm-1.pdf, id=1086, 806.01125pt x 393.47pt>
File: chapters/05-chap5_files/figure-pdf/fig-glmm-1.pdf Graphic file (type pdf)
<use chapters/05-chap5_files/figure-pdf/fig-glmm-1.pdf>
Package pdftex.def Info: chapters/05-chap5_files/figure-pdf/fig-glmm-1.pdf  used on input line 5681.
(pdftex.def)             Requested size: 455.23732pt x 222.2329pt.

Package fancyhdr Warning: \headheight is too small (15.0pt): 
(fancyhdr)                Make it at least 26.2484pt, for example:
(fancyhdr)                \setlength{\headheight}{26.2484pt}.
(fancyhdr)                You might also make \topmargin smaller:
(fancyhdr)                \addtolength{\topmargin}{-11.2484pt}.

[106]

LaTeX Warning: Reference `tbl-glmm-min' on page 107 undefined on input line 5700.


LaTeX Warning: Reference `fig-glmm-min' on page 107 undefined on input line 5701.

LaTeX Font Info:    Nested math: keeping math alphabet allocation in version normal on input line 5722.
LaTeX Font Info:    No math alphabet change to frozen version normal on input line 5722.
LaTeX Font Info:    Nested math: keeping math alphabet allocation in version normal on input line 5722.
LaTeX Font Info:    No math alphabet change to frozen version normal on input line 5722.
LaTeX Font Info:    Nested math: keeping math alphabet allocation in version normal on input line 5722.
LaTeX Font Info:    No math alphabet change to frozen version normal on input line 5722.
LaTeX Font Info:    Nested math: keeping math alphabet allocation in version normal on input line 5722.
LaTeX Font Info:    No math alphabet change to frozen version normal on input line 5722.
LaTeX Font Info:    Nested math: keeping math alphabet allocation in version normal on input line 5722.
LaTeX Font Info:    No math alphabet change to frozen version normal on input line 5722.
LaTeX Font Info:    Nested math: keeping math alphabet allocation in version normal on input line 5722.
LaTeX Font Info:    No math alphabet change to frozen version normal on input line 5722.
LaTeX Font Info:    Nested math: keeping math alphabet allocation in version normal on input line 5722.
LaTeX Font Info:    No math alphabet change to frozen version normal on input line 5722.
LaTeX Font Info:    Nested math: keeping math alphabet allocation in version normal on input line 5722.
LaTeX Font Info:    No math alphabet change to frozen version normal on input line 5722.
LaTeX Font Info:    No math alphabet change to frozen version normal on input line 5743.
<chapters/05-chap5_files/figure-pdf/fig-glmm-min-1.pdf, id=1093, 800.9925pt x 393.47pt>
File: chapters/05-chap5_files/figure-pdf/fig-glmm-min-1.pdf Graphic file (type pdf)
<use chapters/05-chap5_files/figure-pdf/fig-glmm-min-1.pdf>
Package pdftex.def Info: chapters/05-chap5_files/figure-pdf/fig-glmm-min-1.pdf  used on input line 5753.
(pdftex.def)             Requested size: 455.25047pt x 223.6318pt.

Package fancyhdr Warning: \headheight is too small (15.0pt): 
(fancyhdr)                Make it at least 26.2484pt, for example:
(fancyhdr)                \setlength{\headheight}{26.2484pt}.
(fancyhdr)                You might also make \topmargin smaller:
(fancyhdr)                \addtolength{\topmargin}{-11.2484pt}.

[107 <./chapters/05-chap5_files/figure-pdf/fig-glmm-1.pdf>]

Package fancyhdr Warning: \headheight is too small (15.0pt): 
(fancyhdr)                Make it at least 26.2484pt, for example:
(fancyhdr)                \setlength{\headheight}{26.2484pt}.
(fancyhdr)                You might also make \topmargin smaller:
(fancyhdr)                \addtolength{\topmargin}{-11.2484pt}.

[108 <./chapters/05-chap5_files/figure-pdf/fig-glmm-min-1.pdf>]
LaTeX Font Info:    Nested math: keeping math alphabet allocation in version normal on input line 5788.
LaTeX Font Info:    No math alphabet change to frozen version normal on input line 5788.
LaTeX Font Info:    Nested math: keeping math alphabet allocation in version normal on input line 5798.
LaTeX Font Info:    No math alphabet change to frozen version normal on input line 5798.

LaTeX Warning: Citation `ref-amid2022' on page 109 undefined on input line 5799.


LaTeX Warning: Reference `fig-mis-trimap' on page 109 undefined on input line 5804.

LaTeX Font Info:    Nested math: keeping math alphabet allocation in version normal on input line 5811.
LaTeX Font Info:    No math alphabet change to frozen version normal on input line 5811.
LaTeX Font Info:    Nested math: keeping math alphabet allocation in version normal on input line 5811.
LaTeX Font Info:    No math alphabet change to frozen version normal on input line 5811.
<chapters/05-chap5_files/figure-pdf/fig-mis-trimap-1.pdf, id=1126, 423.5825pt x 423.5825pt>
File: chapters/05-chap5_files/figure-pdf/fig-mis-trimap-1.pdf Graphic file (type pdf)
<use chapters/05-chap5_files/figure-pdf/fig-mis-trimap-1.pdf>
Package pdftex.def Info: chapters/05-chap5_files/figure-pdf/fig-mis-trimap-1.pdf  used on input line 5831.
(pdftex.def)             Requested size: 455.25829pt x 455.25829pt.
LaTeX Font Info:    Nested math: keeping math alphabet allocation in version normal on input line 5842.
LaTeX Font Info:    No math alphabet change to frozen version normal on input line 5842.
LaTeX Font Info:    Nested math: keeping math alphabet allocation in version normal on input line 5842.
LaTeX Font Info:    No math alphabet change to frozen version normal on input line 5842.
LaTeX Font Info:    No math alphabet change to frozen version normal on input line 5856.

LaTeX Warning: Citation `ref-leland2018' on page 109 undefined on input line 5863.


Package fancyhdr Warning: \headheight is too small (15.0pt): 
(fancyhdr)                Make it at least 26.2484pt, for example:
(fancyhdr)                \setlength{\headheight}{26.2484pt}.
(fancyhdr)                You might also make \topmargin smaller:
(fancyhdr)                \addtolength{\topmargin}{-11.2484pt}.

[109]

Package fancyhdr Warning: \headheight is too small (15.0pt): 
(fancyhdr)                Make it at least 26.2484pt, for example:
(fancyhdr)                \setlength{\headheight}{26.2484pt}.
(fancyhdr)                You might also make \topmargin smaller:
(fancyhdr)                \addtolength{\topmargin}{-11.2484pt}.

[110 <./chapters/05-chap5_files/figure-pdf/fig-mis-trimap-1.pdf>]

LaTeX Warning: Reference `fig-mis-umap' on page 111 undefined on input line 5866.

LaTeX Font Info:    Nested math: keeping math alphabet allocation in version normal on input line 5879.
LaTeX Font Info:    No math alphabet change to frozen version normal on input line 5879.
<chapters/05-chap5_files/figure-pdf/fig-mis-umap-1.pdf, id=1150, 857.2025pt x 640.3925pt>
File: chapters/05-chap5_files/figure-pdf/fig-mis-umap-1.pdf Graphic file (type pdf)
<use chapters/05-chap5_files/figure-pdf/fig-mis-umap-1.pdf>
Package pdftex.def Info: chapters/05-chap5_files/figure-pdf/fig-mis-umap-1.pdf  used on input line 5897.
(pdftex.def)             Requested size: 455.24384pt x 340.10019pt.
LaTeX Font Info:    Nested math: keeping math alphabet allocation in version normal on input line 5907.
LaTeX Font Info:    No math alphabet change to frozen version normal on input line 5907.
LaTeX Font Info:    Nested math: keeping math alphabet allocation in version normal on input line 5907.
LaTeX Font Info:    No math alphabet change to frozen version normal on input line 5907.
LaTeX Font Info:    No math alphabet change to frozen version normal on input line 5923.

LaTeX Warning: Citation `ref-yingfan2021' on page 111 undefined on input line 5930.


LaTeX Warning: Reference `fig-mis-pacmap' on page 111 undefined on input line 5933.

LaTeX Font Info:    Nested math: keeping math alphabet allocation in version normal on input line 5934.
LaTeX Font Info:    No math alphabet change to frozen version normal on input line 5934.

Underfull \hbox (badness 10000) in paragraph at lines 5933--5949
\T1/mdbch/m/it/10.95 (+20) hemisphere--pyramid_triangular_base \T1/mdbch/m/n/10.95 (+20) (three_clust_07), \T1/mdbch/m/it/10.95 (+20) helical_hyper_spiral--cube--blunted_cone
 []


Underfull \hbox (badness 10000) in paragraph at lines 5933--5949
\T1/mdbch/m/it/10.95 (+20) cube--blunted_cone \T1/mdbch/m/n/10.95 (+20) (three_clust_13), \T1/mdbch/m/it/10.95 (+20) nonlinear_hyperbola--elliptical--pyramid_rectangular_base
 []


Package fancyhdr Warning: \headheight is too small (15.0pt): 
(fancyhdr)                Make it at least 26.2484pt, for example:
(fancyhdr)                \setlength{\headheight}{26.2484pt}.
(fancyhdr)                You might also make \topmargin smaller:
(fancyhdr)                \addtolength{\topmargin}{-11.2484pt}.

[111]
LaTeX Font Info:    Nested math: keeping math alphabet allocation in version normal on input line 5962.
LaTeX Font Info:    No math alphabet change to frozen version normal on input line 5962.

Package fancyhdr Warning: \headheight is too small (15.0pt): 
(fancyhdr)                Make it at least 26.2484pt, for example:
(fancyhdr)                \setlength{\headheight}{26.2484pt}.
(fancyhdr)                You might also make \topmargin smaller:
(fancyhdr)                \addtolength{\topmargin}{-11.2484pt}.

[112 <./chapters/05-chap5_files/figure-pdf/fig-mis-umap-1.pdf>]
<chapters/05-chap5_files/figure-pdf/fig-mis-pacmap-1.pdf, id=1172, 1290.8225pt x 640.3925pt>
File: chapters/05-chap5_files/figure-pdf/fig-mis-pacmap-1.pdf Graphic file (type pdf)
<use chapters/05-chap5_files/figure-pdf/fig-mis-pacmap-1.pdf>
Package pdftex.def Info: chapters/05-chap5_files/figure-pdf/fig-mis-pacmap-1.pdf  used on input line 5977.
(pdftex.def)             Requested size: 455.2415pt x 225.85075pt.
LaTeX Font Info:    Nested math: keeping math alphabet allocation in version normal on input line 5988.
LaTeX Font Info:    No math alphabet change to frozen version normal on input line 5988.
LaTeX Font Info:    Nested math: keeping math alphabet allocation in version normal on input line 5988.
LaTeX Font Info:    No math alphabet change to frozen version normal on input line 5988.
LaTeX Font Info:    Nested math: keeping math alphabet allocation in version normal on input line 5988.
LaTeX Font Info:    No math alphabet change to frozen version normal on input line 5988.
LaTeX Font Info:    Nested math: keeping math alphabet allocation in version normal on input line 5988.
LaTeX Font Info:    No math alphabet change to frozen version normal on input line 5988.
LaTeX Font Info:    No math alphabet change to frozen version normal on input line 6017.

LaTeX Warning: Citation `ref-laurens2008' on page 113 undefined on input line 6024.


Package fancyhdr Warning: \headheight is too small (15.0pt): 
(fancyhdr)                Make it at least 26.2484pt, for example:
(fancyhdr)                \setlength{\headheight}{26.2484pt}.
(fancyhdr)                You might also make \topmargin smaller:
(fancyhdr)                \addtolength{\topmargin}{-11.2484pt}.

[113 <./chapters/05-chap5_files/figure-pdf/fig-mis-pacmap-1.pdf>]

LaTeX Warning: Reference `fig-mis-tsne' on page 114 undefined on input line 6027.

LaTeX Font Info:    Nested math: keeping math alphabet allocation in version normal on input line 6028.
LaTeX Font Info:    No math alphabet change to frozen version normal on input line 6028.

Underfull \hbox (badness 2653) in paragraph at lines 6027--6054
\T1/mdbch/m/n/10.95 (+20) (three_clust_02), \T1/mdbch/m/it/10.95 (+20) curvy_cylinder--hemisphere--pyramid_triangular_base \T1/mdbch/m/n/10.95 (+20) (three_clust_03), \T1/mdbch/m/it/10.95 (+20) curv2--
 []


Overfull \hbox (2.88156pt too wide) in paragraph at lines 6027--6054
\T1/mdbch/m/it/10.95 (-20) hemisphere--pyramid_triangular_base \T1/mdbch/m/n/10.95 (-20) (three_clust_07), \T1/mdbch/m/it/10.95 (-20) conic_spiral--gaussian--filled_hexagonal_pyramid
 []


Underfull \hbox (badness 10000) in paragraph at lines 6027--6054
\T1/mdbch/m/n/10.95 (+20) (three_clust_08), \T1/mdbch/m/it/10.95 (+20) helical_hyper_spiral--cube--blunted_cone \T1/mdbch/m/n/10.95 (+20) (three_clust_09), \T1/mdbch/m/it/10.95 (+20) spherical_spiral--
 []


Underfull \hbox (badness 2012) in paragraph at lines 6027--6054
\T1/mdbch/m/n/10.95 (+20) (three_clust_16), \T1/mdbch/m/it/10.95 (+20) nonlinear_hyperbola2--cube--blunted_cone \T1/mdbch/m/n/10.95 (+20) (three_clust_17), and \T1/mdbch/m/it/10.95 (+20) conic_spiral--
 []

<chapters/05-chap5_files/figure-pdf/fig-mis-tsne-1.pdf, id=1190, 3025.3025pt x 857.2025pt>
File: chapters/05-chap5_files/figure-pdf/fig-mis-tsne-1.pdf Graphic file (type pdf)
<use chapters/05-chap5_files/figure-pdf/fig-mis-tsne-1.pdf>
Package pdftex.def Info: chapters/05-chap5_files/figure-pdf/fig-mis-tsne-1.pdf  used on input line 6086.
(pdftex.def)             Requested size: 455.20683pt x 128.9803pt.
LaTeX Font Info:    Nested math: keeping math alphabet allocation in version normal on input line 6098.
LaTeX Font Info:    No math alphabet change to frozen version normal on input line 6098.
LaTeX Font Info:    Nested math: keeping math alphabet allocation in version normal on input line 6098.
LaTeX Font Info:    No math alphabet change to frozen version normal on input line 6098.
LaTeX Font Info:    No math alphabet change to frozen version normal on input line 6140.

LaTeX Warning: Citation `ref-moon2019' on page 114 undefined on input line 6147.


Package fancyhdr Warning: \headheight is too small (15.0pt): 
(fancyhdr)                Make it at least 26.2484pt, for example:
(fancyhdr)                \setlength{\headheight}{26.2484pt}.
(fancyhdr)                You might also make \topmargin smaller:
(fancyhdr)                \addtolength{\topmargin}{-11.2484pt}.

[114]

Package fancyhdr Warning: \headheight is too small (15.0pt): 
(fancyhdr)                Make it at least 26.2484pt, for example:
(fancyhdr)                \setlength{\headheight}{26.2484pt}.
(fancyhdr)                You might also make \topmargin smaller:
(fancyhdr)                \addtolength{\topmargin}{-11.2484pt}.

[115 <./chapters/05-chap5_files/figure-pdf/fig-mis-tsne-1.pdf>]

LaTeX Warning: Reference `fig-mis-phate' on page 116 undefined on input line 6151.

LaTeX Font Info:    Nested math: keeping math alphabet allocation in version normal on input line 6153.
LaTeX Font Info:    No math alphabet change to frozen version normal on input line 6153.

Underfull \hbox (badness 10000) in paragraph at lines 6151--6180
\T1/mdbch/m/n/10.95 (+20) (three_clust_01), \T1/mdbch/m/it/10.95 (+20) s_curve--cube--pyramid_rectangular_base \T1/mdbch/m/n/10.95 (+20) (three_clust_02), curvy_cylinder--
 []


Underfull \hbox (badness 4995) in paragraph at lines 6151--6180
\T1/mdbch/m/n/10.95 (+20) (three_clust_04), \T1/mdbch/m/it/10.95 (+20) nonlinear_hyperbola--elliptical--blunted_cone \T1/mdbch/m/n/10.95 (+20) (three_clust_05), \T1/mdbch/m/it/10.95 (+20) crescent--cube--
 []


Overfull \hbox (7.39369pt too wide) in paragraph at lines 6151--6180
\T1/mdbch/m/it/10.95 (-20) pyramid_rectangular_base \T1/mdbch/m/n/10.95 (-20) (three_clust_06), \T1/mdbch/m/it/10.95 (-20) nonlinear_hyperbola2--hemisphere--pyramid_triangular_base
 []


Overfull \hbox (8.0205pt too wide) in paragraph at lines 6151--6180
\T1/mdbch/m/n/10.95 (-20) (three_clust_07), \T1/mdbch/m/it/10.95 (-20) conic_spiral--gaussian--filled_hexagonal_pyramid \T1/mdbch/m/n/10.95 (-20) (three_clust_08), \T1/mdbch/m/it/10.95 (-20) helical_hyper_spiral--
 []


Overfull \hbox (12.27661pt too wide) in paragraph at lines 6151--6180
\T1/mdbch/m/it/10.95 (-20) cube--blunted_cone \T1/mdbch/m/n/10.95 (-20) (three_clust_09), \T1/mdbch/m/it/10.95 (-20) spherical_spiral--gaussian--pyramid_triangular_base \T1/mdbch/m/n/10.95 (-20) (three_clust_10),
 []


Overfull \hbox (11.95497pt too wide) in paragraph at lines 6151--6180
\T1/mdbch/m/it/10.95 (-20) curv--elliptical--pyramid_rectangular_base \T1/mdbch/m/n/10.95 (-20) (three_clust_11), \T1/mdbch/m/it/10.95 (-20) s_curve--hemisphere--filled_hexagonal_pyramid
 []


Overfull \hbox (37.06828pt too wide) in paragraph at lines 6151--6180
\T1/mdbch/m/n/10.95 (-20) (three_clust_12), \T1/mdbch/m/it/10.95 (-20) curvy_cylinder--cube--blunted_cone \T1/mdbch/m/n/10.95 (-20) (three_clust_13), \T1/mdbch/m/it/10.95 (-20) curv2--gaussian--pyramid_triangular_base
 []


Underfull \hbox (badness 10000) in paragraph at lines 6151--6180
\T1/mdbch/m/n/10.95 (+20) (three_clust_14), \T1/mdbch/m/it/10.95 (+20) nonlinear_hyperbola--elliptical--pyramid_rectangular_base \T1/mdbch/m/n/10.95 (+20) (three_clust_15),
 []


Underfull \hbox (badness 10000) in paragraph at lines 6151--6180
\T1/mdbch/m/it/10.95 (+20) crescent--hemisphere--filled_hexagonal_pyramid \T1/mdbch/m/n/10.95 (+20) (three_clust_16), and \T1/mdbch/m/it/10.95 (+20) conic_spiral--gaussian--
 []

LaTeX Font Info:    Nested math: keeping math alphabet allocation in version normal on input line 6201.
LaTeX Font Info:    No math alphabet change to frozen version normal on input line 6201.

Underfull \hbox (badness 7308) in paragraph at lines 6194--6202
[]\T1/mdbch/m/n/10.95 (+20) Another re-cur-ring pat-tern in-volves shape com-pres-sion, where com-plex struc-tures like
 []


Underfull \hbox (badness 4981) in paragraph at lines 6194--6202
\T1/mdbch/m/n/10.95 (+20) filled_hexagonal_pyramid and pyra-mid_triangular_base are col-lapsed into more isotropic
 []


Package fancyhdr Warning: \headheight is too small (15.0pt): 
(fancyhdr)                Make it at least 26.2484pt, for example:
(fancyhdr)                \setlength{\headheight}{26.2484pt}.
(fancyhdr)                You might also make \topmargin smaller:
(fancyhdr)                \addtolength{\topmargin}{-11.2484pt}.

[116]
<chapters/05-chap5_files/figure-pdf/fig-mis-phate-1.pdf, id=1218, 2591.6825pt x 857.2025pt>
File: chapters/05-chap5_files/figure-pdf/fig-mis-phate-1.pdf Graphic file (type pdf)
<use chapters/05-chap5_files/figure-pdf/fig-mis-phate-1.pdf>
Package pdftex.def Info: chapters/05-chap5_files/figure-pdf/fig-mis-phate-1.pdf  used on input line 6214.
(pdftex.def)             Requested size: 455.21216pt x 150.56203pt.
LaTeX Font Info:    Nested math: keeping math alphabet allocation in version normal on input line 6226.
LaTeX Font Info:    No math alphabet change to frozen version normal on input line 6226.
LaTeX Font Info:    Nested math: keeping math alphabet allocation in version normal on input line 6226.
LaTeX Font Info:    No math alphabet change to frozen version normal on input line 6226.
LaTeX Font Info:    No math alphabet change to frozen version normal on input line 6261.

LaTeX Warning: Reference `fig-upset-one' on page 117 undefined on input line 6281.

LaTeX Font Info:    Nested math: keeping math alphabet allocation in version normal on input line 6294.
LaTeX Font Info:    No math alphabet change to frozen version normal on input line 6294.

Package fancyhdr Warning: \headheight is too small (15.0pt): 
(fancyhdr)                Make it at least 26.2484pt, for example:
(fancyhdr)                \setlength{\headheight}{26.2484pt}.
(fancyhdr)                You might also make \topmargin smaller:
(fancyhdr)                \addtolength{\topmargin}{-11.2484pt}.

[117 <./chapters/05-chap5_files/figure-pdf/fig-mis-phate-1.pdf>]
<chapters/05-chap5_files/figure-pdf/fig-upset-one-1.pdf, id=1236, 710.655pt x 348.30125pt>
File: chapters/05-chap5_files/figure-pdf/fig-upset-one-1.pdf Graphic file (type pdf)
<use chapters/05-chap5_files/figure-pdf/fig-upset-one-1.pdf>
Package pdftex.def Info: chapters/05-chap5_files/figure-pdf/fig-upset-one-1.pdf  used on input line 6310.
(pdftex.def)             Requested size: 455.25139pt x 223.12462pt.

Underfull \hbox (badness 1454) in paragraph at lines 6326--6326
\T1/mdbch/m/it/10.95 (+20) ods are pyra-mid_rectangular_base, non-lin-ear_hyperbola, el-lip-ti-cal, s_curve, pyra-
 []

LaTeX Font Info:    No math alphabet change to frozen version normal on input line 6351.

LaTeX Warning: Reference `fig-upset-two' on page 118 undefined on input line 6356.

LaTeX Font Info:    Nested math: keeping math alphabet allocation in version normal on input line 6360.
LaTeX Font Info:    No math alphabet change to frozen version normal on input line 6360.

Package fancyhdr Warning: \headheight is too small (15.0pt): 
(fancyhdr)                Make it at least 26.2484pt, for example:
(fancyhdr)                \setlength{\headheight}{26.2484pt}.
(fancyhdr)                You might also make \topmargin smaller:
(fancyhdr)                \addtolength{\topmargin}{-11.2484pt}.

[118]

Package fancyhdr Warning: \headheight is too small (15.0pt): 
(fancyhdr)                Make it at least 26.2484pt, for example:
(fancyhdr)                \setlength{\headheight}{26.2484pt}.
(fancyhdr)                You might also make \topmargin smaller:
(fancyhdr)                \addtolength{\topmargin}{-11.2484pt}.

[119 <./chapters/05-chap5_files/figure-pdf/fig-upset-one-1.pdf>]
<chapters/05-chap5_files/figure-pdf/fig-upset-two-1.pdf, id=1259, 710.655pt x 348.30125pt>
File: chapters/05-chap5_files/figure-pdf/fig-upset-two-1.pdf Graphic file (type pdf)
<use chapters/05-chap5_files/figure-pdf/fig-upset-two-1.pdf>
Package pdftex.def Info: chapters/05-chap5_files/figure-pdf/fig-upset-two-1.pdf  used on input line 6387.
(pdftex.def)             Requested size: 455.25139pt x 223.12462pt.
LaTeX Font Info:    No math alphabet change to frozen version normal on input line 6458.

LaTeX Warning: Reference `fig-upset-three' on page 120 undefined on input line 6463.


Package fancyhdr Warning: \headheight is too small (15.0pt): 
(fancyhdr)                Make it at least 26.2484pt, for example:
(fancyhdr)                \setlength{\headheight}{26.2484pt}.
(fancyhdr)                You might also make \topmargin smaller:
(fancyhdr)                \addtolength{\topmargin}{-11.2484pt}.

[120 <./chapters/05-chap5_files/figure-pdf/fig-upset-two-1.pdf>]
<chapters/05-chap5_files/figure-pdf/fig-upset-three-1.pdf, id=1277, 710.655pt x 348.30125pt>
File: chapters/05-chap5_files/figure-pdf/fig-upset-three-1.pdf Graphic file (type pdf)
<use chapters/05-chap5_files/figure-pdf/fig-upset-three-1.pdf>
Package pdftex.def Info: chapters/05-chap5_files/figure-pdf/fig-upset-three-1.pdf  used on input line 6491.
(pdftex.def)             Requested size: 455.25139pt x 223.12462pt.

Package fancyhdr Warning: \headheight is too small (15.0pt): 
(fancyhdr)                Make it at least 26.2484pt, for example:
(fancyhdr)                \setlength{\headheight}{26.2484pt}.
(fancyhdr)                You might also make \topmargin smaller:
(fancyhdr)                \addtolength{\topmargin}{-11.2484pt}.

[121]
LaTeX Font Info:    No math alphabet change to frozen version normal on input line 6538.
LaTeX Font Info:    Nested math: keeping math alphabet allocation in version normal on input line 6545.
LaTeX Font Info:    No math alphabet change to frozen version normal on input line 6545.
LaTeX Font Info:    Nested math: keeping math alphabet allocation in version normal on input line 6551.
LaTeX Font Info:    No math alphabet change to frozen version normal on input line 6551.

LaTeX Warning: Citation `ref-palan2018' on page 122 undefined on input line 6553.


Package fancyhdr Warning: \headheight is too small (15.0pt): 
(fancyhdr)                Make it at least 26.2484pt, for example:
(fancyhdr)                \setlength{\headheight}{26.2484pt}.
(fancyhdr)                You might also make \topmargin smaller:
(fancyhdr)                \addtolength{\topmargin}{-11.2484pt}.

[122 <./chapters/05-chap5_files/figure-pdf/fig-upset-three-1.pdf>]
LaTeX Font Info:    Nested math: keeping math alphabet allocation in version normal on input line 6578.
LaTeX Font Info:    No math alphabet change to frozen version normal on input line 6578.
LaTeX Font Info:    Nested math: keeping math alphabet allocation in version normal on input line 6589.
LaTeX Font Info:    No math alphabet change to frozen version normal on input line 6589.

Package fancyhdr Warning: \headheight is too small (15.0pt): 
(fancyhdr)                Make it at least 26.2484pt, for example:
(fancyhdr)                \setlength{\headheight}{26.2484pt}.
(fancyhdr)                You might also make \topmargin smaller:
(fancyhdr)                \addtolength{\topmargin}{-11.2484pt}.

[123]

Package fancyhdr Warning: \headheight is too small (15.0pt): 
(fancyhdr)                Make it at least 26.2484pt, for example:
(fancyhdr)                \setlength{\headheight}{26.2484pt}.
(fancyhdr)                You might also make \topmargin smaller:
(fancyhdr)                \addtolength{\topmargin}{-11.2484pt}.

[124]

LaTeX Warning: Citation `ref-hadley2019' on page 125 undefined on input line 6658.


LaTeX Warning: Citation `ref-douglas2015' on page 125 undefined on input line 6659.


LaTeX Warning: Citation `ref-ben2024' on page 125 undefined on input line 6660.


LaTeX Warning: Citation `ref-erik2023' on page 125 undefined on input line 6661.


LaTeX Warning: Citation `ref-russell2025' on page 125 undefined on input line 6662.


LaTeX Warning: Citation `ref-thomas2024' on page 125 undefined on input line 6663.


LaTeX Warning: Citation `ref-achim2020' on page 125 undefined on input line 6664.


LaTeX Warning: Citation `ref-hao2024' on page 125 undefined on input line 6665.


LaTeX Warning: Citation `ref-hadley2023' on page 125 undefined on input line 6666.


LaTeX Warning: Citation `ref-nils2019' on page 125 undefined on input line 6667.


LaTeX Warning: Citation `ref-jesse2015' on page 125 undefined on input line 6668.


LaTeX Warning: Citation `ref-tomasz2023' on page 125 undefined on input line 6669.


LaTeX Warning: Citation `ref-moon2019' on page 125 undefined on input line 6670.


LaTeX Warning: Citation `ref-kevin2024' on page 125 undefined on input line 6671.


LaTeX Warning: Citation `ref-harisson2024' on page 125 undefined on input line 6672.


LaTeX Warning: Citation `ref-baptiste2017' on page 125 undefined on input line 6673.


LaTeX Warning: Citation `ref-winston2024' on page 125 undefined on input line 6674.


LaTeX Warning: Citation `ref-winston2025' on page 125 undefined on input line 6676.


LaTeX Warning: Citation `ref-winston2021' on page 125 undefined on input line 6678.


LaTeX Warning: Citation `ref-carson2025' on page 125 undefined on input line 6679.


LaTeX Warning: Citation `ref-dean2021' on page 125 undefined on input line 6680.


LaTeX Warning: Citation `ref-yihui2016' on page 125 undefined on input line 6681.


LaTeX Warning: Citation `ref-lucy2025' on page 125 undefined on input line 6682.


LaTeX Warning: Citation `ref-mark2024' on page 125 undefined on input line 6683.


LaTeX Warning: Citation `ref-jennifer2025' on page 125 undefined on input line 6684.


LaTeX Warning: Citation `ref-dean2024a' on page 125 undefined on input line 6685.


LaTeX Warning: Citation `ref-fanny2024' on page 125 undefined on input line 6686.


LaTeX Warning: Citation `ref-damian2024' on page 125 undefined on input line 6688.


LaTeX Warning: Citation `ref-etienne2021' on page 125 undefined on input line 6690.


LaTeX Warning: Citation `ref-victor2025' on page 125 undefined on input line 6692.


LaTeX Warning: Citation `ref-kirill2025' on page 125 undefined on input line 6693.


LaTeX Warning: Citation `ref-winston2021' on page 125 undefined on input line 6695.


LaTeX Warning: Citation `ref-dean2024b' on page 125 undefined on input line 6697.


LaTeX Warning: Citation `ref-amid2022' on page 125 undefined on input line 6699.


LaTeX Warning: Citation `ref-yingfan2021' on page 125 undefined on input line 6700.

LaTeX Font Info:    No math alphabet change to frozen version normal on input line 6705.

Package fancyhdr Warning: \headheight is too small (15.0pt): 
(fancyhdr)                Make it at least 26.2484pt, for example:
(fancyhdr)                \setlength{\headheight}{26.2484pt}.
(fancyhdr)                You might also make \topmargin smaller:
(fancyhdr)                \addtolength{\topmargin}{-11.2484pt}.

[125]
Chapter 6.

LaTeX Warning: Citation `ref-laurens2008' on page 126 undefined on input line 6721.


LaTeX Warning: Citation `ref-leland2018' on page 126 undefined on input line 6722.


LaTeX Warning: Citation `ref-jayani2025' on page 126 undefined on input line 6739.

[126

]
LaTeX Font Info:    No math alphabet change to frozen version normal on input line 6756.

LaTeX Warning: Citation `ref-winston2025a' on page 127 undefined on input line 6766.


LaTeX Warning: Citation `ref-joe2024' on page 127 undefined on input line 6769.


LaTeX Warning: Citation `ref-dean2024' on page 127 undefined on input line 6774.


LaTeX Warning: Citation `ref-jesse2015' on page 127 undefined on input line 6782.


LaTeX Warning: Citation `ref-james2025' on page 127 undefined on input line 6783.


LaTeX Warning: Citation `ref-jayani2025' on page 127 undefined on input line 6786.


Package fancyhdr Warning: \headheight is too small (15.0pt): 
(fancyhdr)                Make it at least 26.2484pt, for example:
(fancyhdr)                \setlength{\headheight}{26.2484pt}.
(fancyhdr)                You might also make \topmargin smaller:
(fancyhdr)                \addtolength{\topmargin}{-11.2484pt}.

[127]

LaTeX Warning: Citation `ref-rahul2025' on page 128 undefined on input line 6822.

LaTeX Font Info:    No math alphabet change to frozen version normal on input line 6839.

Package fancyhdr Warning: \headheight is too small (15.0pt): 
(fancyhdr)                Make it at least 26.2484pt, for example:
(fancyhdr)                \setlength{\headheight}{26.2484pt}.
(fancyhdr)                You might also make \topmargin smaller:
(fancyhdr)                \addtolength{\topmargin}{-11.2484pt}.

[128]
<chapters/../figures/menuraR/menuraR_ui1.png, id=1338, 999.735pt x 473.77pt>
File: chapters/../figures/menuraR/menuraR_ui1.png Graphic file (type png)
<use chapters/../figures/menuraR/menuraR_ui1.png>
Package pdftex.def Info: chapters/../figures/menuraR/menuraR_ui1.png  used on input line 6866.
(pdftex.def)             Requested size: 455.24625pt x 215.73918pt.
LaTeX Font Info:    Nested math: keeping math alphabet allocation in version normal on input line 6871.
LaTeX Font Info:    No math alphabet change to frozen version normal on input line 6871.
LaTeX Font Info:    No math alphabet change to frozen version normal on input line 6873.
LaTeX Font Info:    No math alphabet change to frozen version normal on input line 6875.
LaTeX Font Info:    No math alphabet change to frozen version normal on input line 6875.
LaTeX Font Info:    Nested math: keeping math alphabet allocation in version normal on input line 6878.
LaTeX Font Info:    No math alphabet change to frozen version normal on input line 6878.
LaTeX Font Info:    No math alphabet change to frozen version normal on input line 6881.
LaTeX Font Info:    No math alphabet change to frozen version normal on input line 6881.
LaTeX Font Info:    No math alphabet change to frozen version normal on input line 6882.
LaTeX Font Info:    No math alphabet change to frozen version normal on input line 6882.
LaTeX Font Info:    No math alphabet change to frozen version normal on input line 6883.
LaTeX Font Info:    No math alphabet change to frozen version normal on input line 6883.
LaTeX Font Info:    No math alphabet change to frozen version normal on input line 6884.
<chapters/../figures/menuraR/menuraR_ui2.png, id=1339, 1001.7425pt x 489.83pt>
File: chapters/../figures/menuraR/menuraR_ui2.png Graphic file (type png)
<use chapters/../figures/menuraR/menuraR_ui2.png>
Package pdftex.def Info: chapters/../figures/menuraR/menuraR_ui2.png  used on input line 6887.
(pdftex.def)             Requested size: 455.24327pt x 222.60393pt.

Package fancyhdr Warning: \headheight is too small (15.0pt): 
(fancyhdr)                Make it at least 26.2484pt, for example:
(fancyhdr)                \setlength{\headheight}{26.2484pt}.
(fancyhdr)                You might also make \topmargin smaller:
(fancyhdr)                \addtolength{\topmargin}{-11.2484pt}.

[129 <./chapters/../figures/menuraR/menuraR_ui1.png>]
LaTeX Font Info:    Nested math: keeping math alphabet allocation in version normal on input line 6894.
LaTeX Font Info:    No math alphabet change to frozen version normal on input line 6894.
LaTeX Font Info:    Nested math: keeping math alphabet allocation in version normal on input line 6898.
LaTeX Font Info:    No math alphabet change to frozen version normal on input line 6898.
<chapters/../figures/menuraR/menuraR_ui3.png, id=1347, 1018.80624pt x 464.73625pt>
File: chapters/../figures/menuraR/menuraR_ui3.png Graphic file (type png)
<use chapters/../figures/menuraR/menuraR_ui3.png>
Package pdftex.def Info: chapters/../figures/menuraR/menuraR_ui3.png  used on input line 6903.
(pdftex.def)             Requested size: 455.24062pt x 207.66147pt.

Package fancyhdr Warning: \headheight is too small (15.0pt): 
(fancyhdr)                Make it at least 26.2484pt, for example:
(fancyhdr)                \setlength{\headheight}{26.2484pt}.
(fancyhdr)                You might also make \topmargin smaller:
(fancyhdr)                \addtolength{\topmargin}{-11.2484pt}.

[130 <./chapters/../figures/menuraR/menuraR_ui2.png> <./chapters/../figures/menuraR/menuraR_ui3.png>]
Overfull \hbox (21.63522pt too wide) in paragraph at lines 6942--6944
[]\T1/mdbch/m/n/10.95 (-20) All the ma-te-ri-als to re-pro-duce the pa-per can be found at [][]\T1/SourceCodePro-TLF/m/n/10.95 github.com/JayaniLakshika/paper-menuraR[][]\T1/mdbch/m/n/10.95 (-20) . 
 []


Package fancyhdr Warning: \headheight is too small (15.0pt): 
(fancyhdr)                Make it at least 26.2484pt, for example:
(fancyhdr)                \setlength{\headheight}{26.2484pt}.
(fancyhdr)                You might also make \topmargin smaller:
(fancyhdr)                \addtolength{\topmargin}{-11.2484pt}.

[131]
Chapter 7.
LaTeX Font Info:    No math alphabet change to frozen version normal on input line 6973.
LaTeX Font Info:    No math alphabet change to frozen version normal on input line 6974.
LaTeX Font Info:    No math alphabet change to frozen version normal on input line 6975.
LaTeX Font Info:    No math alphabet change to frozen version normal on input line 6977.
LaTeX Font Info:    No math alphabet change to frozen version normal on input line 6977.
LaTeX Font Info:    No math alphabet change to frozen version normal on input line 6979.
LaTeX Font Info:    No math alphabet change to frozen version normal on input line 6981.
LaTeX Font Info:    No math alphabet change to frozen version normal on input line 6982.
<chapters/07-chap7_files/figure-pdf/unnamed-chunk-1-1.pdf, id=1370, 568.1225pt x 349.305pt>
File: chapters/07-chap7_files/figure-pdf/unnamed-chunk-1-1.pdf Graphic file (type pdf)
<use chapters/07-chap7_files/figure-pdf/unnamed-chunk-1-1.pdf>
Package pdftex.def Info: chapters/07-chap7_files/figure-pdf/unnamed-chunk-1-1.pdf  used on input line 6984.
(pdftex.def)             Requested size: 568.1211pt x 349.30414pt.
[132

]
LaTeX Font Info:    No math alphabet change to frozen version normal on input line 6987.
LaTeX Font Info:    No math alphabet change to frozen version normal on input line 6993.

LaTeX Warning: Citation `ref-Allaire_Quarto_2024' on page 133 undefined on input line 6996.

LaTeX Font Info:    No math alphabet change to frozen version normal on input line 6998.

LaTeX Warning: Citation `ref-tidyverse' on page 133 undefined on input line 7002.


LaTeX Warning: Citation `ref-lmtest' on page 133 undefined on input line 7003.


LaTeX Warning: Citation `ref-kableextra' on page 133 undefined on input line 7004.


LaTeX Warning: Citation `ref-patchwork' on page 133 undefined on input line 7005.


LaTeX Warning: Citation `ref-glue' on page 133 undefined on input line 7006.


LaTeX Warning: Citation `ref-ggpcp' on page 133 undefined on input line 7007.


LaTeX Warning: Citation `ref-here' on page 133 undefined on input line 7008.


LaTeX Warning: Citation `ref-knitr' on page 133 undefined on input line 7009.

LaTeX Font Info:    Nested math: keeping math alphabet allocation in version normal on input line 7020.
LaTeX Font Info:    No math alphabet change to frozen version normal on input line 7020.
LaTeX Font Info:    Nested math: keeping math alphabet allocation in version normal on input line 7025.
LaTeX Font Info:    No math alphabet change to frozen version normal on input line 7025.
LaTeX Font Info:    Nested math: keeping math alphabet allocation in version normal on input line 7026.
LaTeX Font Info:    No math alphabet change to frozen version normal on input line 7026.
LaTeX Font Info:    Nested math: keeping math alphabet allocation in version normal on input line 7026.
LaTeX Font Info:    No math alphabet change to frozen version normal on input line 7026.

Package fancyhdr Warning: \headheight is too small (15.0pt): 
(fancyhdr)                Make it at least 26.2484pt, for example:
(fancyhdr)                \setlength{\headheight}{26.2484pt}.
(fancyhdr)                You might also make \topmargin smaller:
(fancyhdr)                \addtolength{\topmargin}{-11.2484pt}.

[133 <./chapters/07-chap7_files/figure-pdf/unnamed-chunk-1-1.pdf>]
LaTeX Font Info:    Nested math: keeping math alphabet allocation in version normal on input line 7029.
LaTeX Font Info:    No math alphabet change to frozen version normal on input line 7029.
LaTeX Font Info:    No math alphabet change to frozen version normal on input line 7032.

LaTeX Warning: Citation `ref-barber1996' on page 134 undefined on input line 7033.


LaTeX Warning: Citation `ref-stephane2023' on page 134 undefined on input line 7034.

LaTeX Font Info:    No math alphabet change to frozen version normal on input line 7035.

LaTeX Warning: Citation `ref-leland2008' on page 134 undefined on input line 7044.


LaTeX Warning: Citation `ref-dang2014' on page 134 undefined on input line 7045.

LaTeX Font Info:    Nested math: keeping math alphabet allocation in version normal on input line 7049.
LaTeX Font Info:    No math alphabet change to frozen version normal on input line 7049.

LaTeX Warning: Citation `ref-tomasz2023' on page 134 undefined on input line 7067.

LaTeX Font Info:    Nested math: keeping math alphabet allocation in version normal on input line 7072.
LaTeX Font Info:    No math alphabet change to frozen version normal on input line 7072.

Package fancyhdr Warning: \headheight is too small (15.0pt): 
(fancyhdr)                Make it at least 26.2484pt, for example:
(fancyhdr)                \setlength{\headheight}{26.2484pt}.
(fancyhdr)                You might also make \topmargin smaller:
(fancyhdr)                \addtolength{\topmargin}{-11.2484pt}.

[134]
LaTeX Font Info:    Nested math: keeping math alphabet allocation in version normal on input line 7092.
LaTeX Font Info:    No math alphabet change to frozen version normal on input line 7092.

LaTeX Warning: Citation `ref-cook2000' on page 135 undefined on input line 7094.


LaTeX Warning: Citation `ref-wilhelm1999' on page 135 undefined on input line 7095.


LaTeX Warning: Citation `ref-casper2024' on page 135 undefined on input line 7103.

LaTeX Font Info:    Nested math: keeping math alphabet allocation in version normal on input line 7108.
LaTeX Font Info:    No math alphabet change to frozen version normal on input line 7108.
LaTeX Font Info:    Nested math: keeping math alphabet allocation in version normal on input line 7113.
LaTeX Font Info:    No math alphabet change to frozen version normal on input line 7113.

LaTeX Warning: Citation `ref-andreas2009' on page 135 undefined on input line 7128.


Package fancyhdr Warning: \headheight is too small (15.0pt): 
(fancyhdr)                Make it at least 26.2484pt, for example:
(fancyhdr)                \setlength{\headheight}{26.2484pt}.
(fancyhdr)                You might also make \topmargin smaller:
(fancyhdr)                \addtolength{\topmargin}{-11.2484pt}.

[135]
LaTeX Font Info:    Nested math: keeping math alphabet allocation in version normal on input line 7136.
LaTeX Font Info:    No math alphabet change to frozen version normal on input line 7136.
LaTeX Font Info:    Nested math: keeping math alphabet allocation in version normal on input line 7164.
LaTeX Font Info:    No math alphabet change to frozen version normal on input line 7164.
LaTeX Font Info:    Nested math: keeping math alphabet allocation in version normal on input line 7165.
LaTeX Font Info:    No math alphabet change to frozen version normal on input line 7165.
LaTeX Font Info:    No math alphabet change to frozen version normal on input line 7169.
LaTeX Font Info:    Nested math: keeping math alphabet allocation in version normal on input line 7170.
LaTeX Font Info:    No math alphabet change to frozen version normal on input line 7170.

LaTeX Warning: Citation `ref-hadley2016' on page 136 undefined on input line 7172.


LaTeX Warning: Citation `ref-carson2020' on page 136 undefined on input line 7174.


LaTeX Warning: Citation `ref-casper2024' on page 136 undefined on input line 7181.


Package fancyhdr Warning: \headheight is too small (15.0pt): 
(fancyhdr)                Make it at least 26.2484pt, for example:
(fancyhdr)                \setlength{\headheight}{26.2484pt}.
(fancyhdr)                You might also make \topmargin smaller:
(fancyhdr)                \addtolength{\topmargin}{-11.2484pt}.

[136]
LaTeX Font Info:    Nested math: keeping math alphabet allocation in version normal on input line 7206.
LaTeX Font Info:    No math alphabet change to frozen version normal on input line 7206.

Package fancyhdr Warning: \headheight is too small (15.0pt): 
(fancyhdr)                Make it at least 26.2484pt, for example:
(fancyhdr)                \setlength{\headheight}{26.2484pt}.
(fancyhdr)                You might also make \topmargin smaller:
(fancyhdr)                \addtolength{\topmargin}{-11.2484pt}.

[137]
<chapters/07-chap7_files/figure-pdf/unnamed-chunk-2-1.pdf, id=1421, 722.7pt x 722.7pt>
File: chapters/07-chap7_files/figure-pdf/unnamed-chunk-2-1.pdf Graphic file (type pdf)
<use chapters/07-chap7_files/figure-pdf/unnamed-chunk-2-1.pdf>
Package pdftex.def Info: chapters/07-chap7_files/figure-pdf/unnamed-chunk-2-1.pdf  used on input line 7250.
(pdftex.def)             Requested size: 722.69823pt x 722.69823pt.

Package fancyhdr Warning: \headheight is too small (15.0pt): 
(fancyhdr)                Make it at least 26.2484pt, for example:
(fancyhdr)                \setlength{\headheight}{26.2484pt}.
(fancyhdr)                You might also make \topmargin smaller:
(fancyhdr)                \addtolength{\topmargin}{-11.2484pt}.

[138 <./chapters/07-chap7_files/figure-pdf/unnamed-chunk-2-1.pdf>]
LaTeX Font Info:    No math alphabet change to frozen version normal on input line 7350.
[139


]
LaTeX Font Info:    No math alphabet change to frozen version normal on input line 7373.

Overfull \hbox (42.51889pt too wide) in paragraph at lines 7376--7379
[]\T1/mdbch/m/n/10.95 (-20) Irizarry, R. (2024), ``Bi-ol-o-gists, stop putting UMAP plots in your pa-pers,'' https://simplystatistics.org/posts/2024-
 []

LaTeX Font Info:    No math alphabet change to frozen version normal on input line 7384.
LaTeX Font Info:    No math alphabet change to frozen version normal on input line 7452.

Package fancyhdr Warning: \headheight is too small (15.0pt): 
(fancyhdr)                Make it at least 26.2484pt, for example:
(fancyhdr)                \setlength{\headheight}{26.2484pt}.
(fancyhdr)                You might also make \topmargin smaller:
(fancyhdr)                \addtolength{\topmargin}{-11.2484pt}.

[140]
LaTeX Font Info:    No math alphabet change to frozen version normal on input line 7498.

Package fancyhdr Warning: \headheight is too small (15.0pt): 
(fancyhdr)                Make it at least 26.2484pt, for example:
(fancyhdr)                \setlength{\headheight}{26.2484pt}.
(fancyhdr)                You might also make \topmargin smaller:
(fancyhdr)                \addtolength{\topmargin}{-11.2484pt}.

[141]

Package fancyhdr Warning: \headheight is too small (15.0pt): 
(fancyhdr)                Make it at least 26.2484pt, for example:
(fancyhdr)                \setlength{\headheight}{26.2484pt}.
(fancyhdr)                You might also make \topmargin smaller:
(fancyhdr)                \addtolength{\topmargin}{-11.2484pt}.

[142]
Appendix A.
LaTeX Font Info:    Font shape `T1/mdbch/b/n' will be
(Font)              scaled to size 11.52008pt on input line 7585.
! Missing $ inserted.
<inserted text> 
                $
l.7590 Hyper_
             parameters & NA\\
I've inserted a begin-math/end-math symbol since I think
you left one out. Proceed, with fingers crossed.

 
Here is how much of TeX's memory you used:
 24705 strings out of 469519
 420048 string characters out of 5468894
 837935 words of memory out of 5000000
 51596 multiletter control sequences out of 15000+600000
 1033671 words of font info for 834 fonts, out of 8000000 for 9000
 14 hyphenation exceptions out of 8191
 64i,12n,93p,1002b,752s stack positions out of 10000i,1000n,20000p,200000b,200000s
!  ==> Fatal error occurred, no output PDF file produced!
