1_emb1,1_emb2,2_emb1,2_emb2,3_emb1,3_emb2,ID
6.167,7.345,-0.14527177670208383,11.362681571018113,-6.505719612668655,-1.9043222125966863,1
-5.919,7.412,1.0578395440319401,-3.9074223604088885,1.3344043983710785,-2.946547811885627,2
4.829,6.658,-1.3936813757678645,10.406037512790574,-7.2758492933022,0.1406715456049128,3
5.481,7.316,-0.7682358310481684,11.592632475864304,-6.014186810086868,-1.6769524272878484,4
-0.9468,4.001,-4.308173029210248,3.2212397489661115,-5.3277859197365265,2.7964557949106377,5
17.04,12.64,11.870809705469929,7.869599047672167,12.420779754091598,5.841575795749871,6
-1.875,6.717,-1.9620057032367366,-1.215018686283217,-0.5840547190414888,0.4347931686441584,7
7.816,2.383,-1.474801747586407,5.658898058902635,-2.37698192460408,10.850010568241327,8
16.49,11.35,11.706311376307331,6.939784708988085,10.811790038515426,6.292876893619744,9
-7.953,8.516,1.9825154854992253,-6.426819142330275,-0.08421500338187032,-5.758567160030158,10
8.545,18.12,6.130777032587848,15.8898269567603,9.21259074347148,13.06225841675207,11
7.403,2.693,-8.5876997397205,1.6593671474570173,-3.0236665712105255,10.323543244938104,12
-7.623,10.51,3.316041381571613,-4.921068963039503,3.0457611574424286,-5.645206278224738,13
6.039,3.028,-9.081827966954387,2.0792897377127546,-4.182499359677933,9.703091317753046,14
15.96,13.39,11.436763913843953,6.969098273288622,10.855303336550094,5.9415337387125176,15
-3.59,5.867,-3.403382389332928,-0.7425252761727433,-2.146038006375931,-0.16154367293909355,16
1.07,4.844,-4.863169996525921,4.530475798618212,-6.692758511136673,3.1368780675928276,17
7.457,19.02,6.244891793940387,16.28184336758794,9.834916640688277,13.087989503483026,18
-3.315,6.544,-1.7164219305774349,0.12861252165974568,0.022570320088960587,2.2651551309625786,19
-0.6441,6.123,-3.853941767003216,1.1236807141417402,-3.2044903741585236,2.510020906070916,20
7.091,2.143,-1.8087552473804134,5.170066061984911,-3.405536602567337,11.09185760651037,21
16.83,12.9,11.798179776881062,7.810511294376268,11.986645270754195,5.506670171360223,22
8.444,18.63,5.787272603724323,16.35211581326665,10.06795363562236,12.319978410343378,23
12.82,-0.1841,6.02257171413692,-15.3168962564355,3.614168216158249,-15.201479261775763,24
12.74,-0.7146,6.58185544750484,-14.811943825710403,4.560739566255905,-16.226139372249396,25
16.51,10.33,11.700819165919148,7.315025511752977,11.049111892153121,6.001727277378289,26
-1.833,6.926,-1.9269643709918636,-1.0069854822045428,-0.5913386450516206,1.1161842289964838,27
-4.514,9.721,3.431216628763996,-2.9691472616082293,4.501083899904587,-3.8250048812825996,28
-3.278,7.307,0.10855659750121069,-1.443333205211745,2.19101648466716,0.13512247238561348,29
0.4553,4.017,-4.401838629033246,3.6407622728461164,-5.591477821897171,3.9517311397592705,30
17.14,12.45,11.329083593104206,7.42888182736577,11.1868815912498,5.291209870914666,31
-6.162,9.316,2.5934466435650214,-4.0353062715417005,3.1620114340079803,-4.33675271834925,32
1.282,5.004,-6.593334524418988,3.920884076129808,-6.28497547967305,5.272366458515374,33
-4.052,12.07,1.7077868296841008,-4.736300286281691,0.8267981304420012,-4.164998834987434,34
-1.028,3.74,-4.847987501408734,2.6960231695288557,-5.374440144132278,2.4729557577173393,35
-2.123,4.263,-4.279364912297406,2.0628095302695173,-3.5798706517921906,3.646998101810662,36
1.014,2.183,-6.331390707280316,6.203046980869188,-9.27436871392598,5.1299750152628105,37
-2.632,9.441,0.20116265258582663,-2.925569828975783,1.3097403539908905,-1.872580831905158,38
-6.403,8.532,1.1163302972057683,-4.371642407405958,0.7363914741767424,-3.838677233119758,39
1.515,0.8287,-6.242306082036175,6.849354926120653,-10.409255455564164,4.665045196155755,40
13.4,-1.392,6.705612809870563,-15.75594597719966,2.968207885195114,-16.666523283382208,41
16.63,12.33,11.939512403223835,6.757682028781786,10.783961821962691,6.920849973301141,42
6.689,8.792,-3.8118189261218682,-10.900297936428176,-4.443248699735306,-3.50557596053675,43
-5.957,7.611,1.2866957499721867,-3.2098372545128924,2.4350879682792206,-2.682861631770881,44
4.929,5.793,-1.4589755223056453,10.124861899387254,-7.8712148175941925,0.4179830494920893,45
-5.82,7.323,0.5254175080993994,-3.9388931360131365,0.53557716744075,-2.9916709121663887,46
-1.491,4.955,-4.100440828587689,1.8182746801489729,-3.408511112760208,3.575324231723992,47
7.432,9.559,-4.103101579930462,-10.241948899257766,-3.6344167695747833,-4.17986041869715,48
1.313,1.797,-6.317514745976605,6.422519389163866,-9.458128403257035,5.225301915744988,49
-4.141,6.816,-0.8473548577090876,-2.2537997331505877,0.5759124054206389,-0.8271876033742742,50
1.834,3.035,-6.67684587695805,5.889738741886034,-8.862762878965043,5.630164796451775,51
1.569,3.661,-6.16298040607182,4.529649439823046,-7.3417958722816925,5.364925557712762,52
-4.728,10.44,4.250255735133014,-3.176337059963332,5.450153399874069,-4.8146870788534,53
-2.167,7.695,-1.5597538635989803,-1.3416362371331316,0.18385369019637293,0.40010517273351387,54
12.64,-1.342,7.041774900172077,-15.502218064296828,3.1767733587516327,-17.270151441951544,55
-4.775,12.69,2.9880575253704413,-5.756749447811232,2.0646884931815643,-6.5048893150289375,56
-1.384,7.644,-2.2249077246448175,-0.7703171338921647,-1.1056731448875885,0.8282567802469416,57
2.891,4.16,-7.855003683354535,3.960578385364427,-6.136955212186478,7.499637300113885,58
-6.626,7.708,1.9245732142666203,-4.308759984005079,2.0237699045432587,-4.114403551479133,59
-3.101,5.477,-3.5693734572192803,0.1433490548247237,-2.855149220060013,0.8664434793989344,60
-4.231,5.139,-2.5114401266833917,-1.0938773717766863,-1.5659503446327667,0.2892492357294245,61
16.48,13.08,11.805308492396199,7.8366114530676745,12.204299498964644,5.5530468765299,62
4.95,7.628,-1.3169493363162654,11.495772543918504,-5.5418385968910675,-0.8249540981252508,63
16.7,11.85,11.32309833309444,6.708968821536913,10.238970328737594,5.806930238346307,64
2.033,1.216,-7.150380937840619,5.373037997257128,-8.661818932126664,6.302239114383904,65
1.007,2.747,-5.809157697941937,5.850307169925585,-8.848814438413285,4.0577234569589775,66
0.2657,6.438,-4.602198450352826,1.74863165951909,-4.229390572141312,2.3558050933878105,67
8.172,18.87,5.70385423443111,15.914767447482957,9.359949637819625,12.172199899296015,68
7.105,2.117,-1.7920289919635433,5.186122599613085,-3.4343931184517364,11.210617715458124,69
0.9877,3.473,-6.3496859953662534,6.672000590335741,-9.502700279782914,4.740909034351556,70
1.137,4.835,-5.320670454289593,3.596174899112596,-5.329603622983597,4.541726762394158,71
16.57,10.71,11.286954076502644,6.595203581821337,9.93655543463359,5.793138677219598,72
-2.748,4.579,-3.6655212328693048,0.9235462281817336,-2.866654347013138,2.1449661198656242,73
1.512,1.019,-6.488451330449261,6.573321047794237,-10.096160362790727,5.106757337192742,74
-1.638,4.689,-4.7033894942065855,2.6446167860144514,-5.201388786862991,2.026882523636071,75
16.12,10.35,11.727613599512898,7.629787627231493,11.989317466188766,5.907273942569939,76
12.39,-2.332,6.902302892420612,-15.46378689669429,3.4081576360953827,-16.922930067439825,77
-5.892,11.51,2.0634736134746894,-6.433387574184523,0.11532684104571528,-5.943071192165168,78
16.98,11.22,11.540228994105183,7.495319071781053,11.485647727419234,5.462423497776238,79
-1.926,3.449,-4.645649759556927,2.9456185732001203,-5.154140423368118,3.1879119220773857,80
6.075,8.8,-3.4315167353412286,-11.05026036166011,-4.468438576291702,-2.5651539024312813,81
-4.386,10.83,3.8557411744335517,-4.14477949999629,4.056706477571823,-5.41537935103968,82
13.46,-1.204,6.465247781489215,-15.287800606716262,3.5180411829246063,-16.3682120498617,83
-5.772,12.31,2.789477021906696,-6.1881898012047865,1.2141744388831635,-7.152574842830451,84
16.51,12.64,11.976592214320027,6.99913853741826,10.936896850038863,6.533553296665398,85
12.89,0.03342,6.845783860895954,-15.574248131740676,2.8505237592948456,-16.5759814437826,86
-2.143,3.823,-4.340880243565716,1.47082084752263,-3.9031123624550323,1.9746462646524592,87
-1.048,2.838,-4.19965442874638,3.3768186006659406,-5.513174961637161,2.594584280590264,88
-3.633,7.687,-0.1887226090690272,-3.8325718011742693,-0.5637064681755525,-2.592722004314216,89
-4.419,5.268,-2.1163142607471124,-1.7014191713219744,-0.9901299582230073,-0.17820412482813164,90
-2.188,4.199,-3.7211631224414483,1.4291552338713545,-2.787668179105423,3.5333754364053886,91
-5.74,8.347,3.727706105921589,-3.877464589107619,4.072822619844772,-4.554077452083381,92
6.23,2.069,-9.64256271579472,1.4676403436774152,-4.5909718976723175,11.216689759830683,93
-5.491,7.079,0.08637714247050118,-3.0738845434075457,0.742151190210678,-2.0990834888418037,94
-5.08,11.65,3.4697851254680976,-3.8079064454918963,4.027171183992722,-4.917768305202277,95
-4.962,11.96,3.3840684010723456,-5.074304398525343,3.0840302004111786,-6.428242987056525,96
-7.052,10.94,3.6835137917736396,-4.984822567928419,3.0735550417197723,-6.613337343593391,97
-7.126,11.43,2.8033510758617743,-5.8915713395959,1.7381601824058075,-6.68868667449549,98
-1.828,3.991,-4.404179899480023,1.7375187311285871,-3.583069037030838,4.319413358310906,99
-5.117,7.57,0.8235575868824346,-3.370717581737624,1.3934906019462128,-2.566279714961799,100
7.282,9.123,-4.257861940648236,-10.771409806240188,-4.497205685208939,-4.2384613212545235,101
7.367,9.593,-4.0943315909167906,-10.183495339382278,-3.6822354303108673,-4.273754423518928,102
-4.673,12.32,2.566597373698078,-5.95632153414546,1.131672550608017,-6.651191061397346,103
-4.291,11.63,2.6549750878551825,-6.401823815334425,0.8337455286277312,-7.221911734004768,104
12.89,-0.9519,6.184466035578571,-14.835482415187942,4.418570090700485,-15.737251585384161,105
12.28,-1.84,5.897564561579547,-15.23829632662593,3.7650340093863983,-15.214350050349982,106
-5.62,8.775,3.31666317722591,-3.3874991502648455,4.165658999849655,-3.870371168514045,107
1.187,3.922,-5.901593534733929,5.158720675479784,-8.085559319089555,4.563252383808343,108
-0.8873,2.947,-4.420078127171673,4.0586971674078844,-6.52676482064595,2.5652981344263237,109
-3.599,7.314,-0.5984871671458857,-2.5402751531487566,0.2887410117877502,-1.1753628906209783,110
15.02,-0.7942,7.028696210596881,-15.599026497829543,2.9213967813743134,-16.954710310359747,111
-6.344,7.277,2.1124707772472724,-3.5027332868462664,2.4981725706351776,-3.1904500183065254,112
13.74,12.09,-5.57618316867558,-7.910200890529738,2.785356093813278,5.382818395237176,113
-0.8217,2.57,-6.136796800877728,4.869426909458055,-7.782128285001419,5.131742889026849,114
6.483,7.663,-0.05819386103359628,11.391475859653367,-6.206917713712357,-2.488045042415412,115
13.01,-2.356,7.070535333369098,-15.344709214199172,3.2761948599113007,-17.17591697539881,116
-5.818,9.634,4.275568635676227,-4.996602353084669,3.999084044863083,-6.985963171382697,117
-6.682,7.251,1.176427157137714,-4.100670632351027,1.4447267545951386,-3.377782171626838,118
-4.102,7.646,-0.07091300049034524,-1.4694406356698138,1.9687095178855438,-0.3993144687612371,119
-4.376,5.728,-2.00035342433659,-2.2312820520287615,-1.1556180225121002,-1.0267008003194646,120
-0.4299,3.382,-4.661754934575238,3.283069077503099,-5.200180958341263,4.415108138660638,121
-2.32,4.097,-4.0685084746143,2.1796776685828108,-4.116313885282181,2.9133514705698174,122
4.943,7.618,-1.2224524901172298,11.652448836337937,-5.247803639005325,-0.9425457176168279,123
0.6502,4.481,-4.680687753941693,4.276903096210375,-6.718451927732132,2.99192684326574,124
-7.387,10.68,3.098227651331745,-5.599500950801954,2.203305293489792,-6.4968045410116035,125
7.08,9.817,0.7128475024441107,-7.140902337062941,-2.398343514035843,-4.467815702815803,126
6.79,2.05,-1.8421095297595638,5.14732140637578,-3.7183854089485626,11.288415605167597,127
4.889,2.858,-9.75494941928593,2.698441687595262,-5.936386059354446,9.628257447818964,128
-4.566,11.66,3.503216655466877,-5.628226574886427,2.3909194959891815,-6.873183554073127,129
-6.64,10.34,3.8237861706951484,-4.920117672908888,3.4479284776938934,-6.10602123107508,130
1.574,2.601,-6.220636217381634,6.034661952030077,-9.083818863462113,4.897016221622674,131
8.454,18.48,5.966546209071002,16.09779566861333,9.780702163149215,12.674463922123163,132
0.2577,4.273,-5.246782629277386,3.8903190527075666,-6.61295981271138,3.6466569248239677,133
2.155,1.965,-6.796017973210492,6.084636393558397,-9.333319138120316,5.89413803253576,134
15.34,11.55,-5.325775949742474,-11.650085267055617,7.912084151674606,5.796428376774041,135
16.8,12.82,11.54950443050655,7.414097014438524,11.48385481970439,6.144905740360467,136
-2.51,8.133,-0.890668480183758,-2.132695015895949,0.42650713460574335,-0.7063315566976385,137
8.278,11.04,-5.331207124974408,-8.187727745998489,2.5377233518851776,5.732375318149773,138
6.288,2.575,-9.333396761204876,1.7875282201880354,-4.16309351785054,10.557552034000604,139
1.432,5.823,-7.573551504399457,3.4674839410895246,-5.213435123990677,6.706135923008172,140
4.221,3.299,-9.502791254307903,2.9468390379065412,-6.013795803617142,8.891215497593134,141
-0.292,3.983,-4.422981111790814,4.46180361844243,-6.7680630193459015,2.215250784496514,142
-3.546,6.341,-1.2536043808719295,-0.678501066196547,0.18384641842971033,0.9993998650114222,143
16.67,12.41,11.857313306544148,6.703795615207567,10.314640571047164,6.707793408970086,144
-2.544,6.783,-2.054177610661663,0.2784290347212691,-0.9949427352653962,2.4418720546762627,145
-5.834,7.061,-0.027277989771045924,-3.3881726827508074,0.4851078285468597,-2.3579450305898506,146
-3.115,4.086,-3.9563091681262628,0.7117825034970183,-3.3152830110298614,1.4562871846954508,147
12.74,-1.965,6.855329663966022,-15.429734047878371,3.4227698339713593,-16.90639335479334,148
1.726,0.7831,-5.921422807957806,7.009450617801561,-10.474047134946488,4.435354644397942,149
16.7,10.75,11.483460576746785,7.30233210660161,11.42712931769023,5.789893323520867,150
-2.951,6.711,-1.803438393857159,0.23134962059201192,-0.20876532358994299,2.5198505464594048,151
-5.699,11.29,3.472152145121418,-5.448304471004591,2.645777512956955,-6.484825914760383,152
-3.818,10.91,0.95663139364513,-3.748297509182082,1.4484612240088959,-2.865321939845832,153
6.426,8.954,-3.515209047581829,-10.645824250209914,-3.3342139230476837,-3.341032331844123,154
-4.954,10.42,4.185561330530963,-5.396644410122023,3.4931715025199432,-6.965744322200568,155
13.06,-1.033,6.6626431061962466,-14.900435265529739,4.476066161562302,-16.378158872981817,156
4.864,6.249,-1.4870766089221614,10.068533125888719,-7.687798451017044,0.7748112026254816,157
-7.555,8.885,2.07274547359737,-6.399339016903029,0.41500802772174067,-5.917543714900764,158
8.117,18.5,6.019157560084186,15.944956007968797,9.4612956537498,12.641881639103143,159
-4.435,6.049,-1.2385440752765315,-1.8769467439538103,0.10877551572451777,-0.3971356805761175,160
8.305,11.09,2.516844423029743,4.144061747562303,2.8536813749564667,6.007251435856072,161
15.07,11.54,-5.003343431737103,-11.37319451235591,7.46688752310405,5.531582051853387,162
-2.847,6.684,-0.9499907181522028,-0.915957030284987,0.7629160775435943,0.8503455463449641,163
4.679,6.376,-1.475022523190655,10.185819808017625,-7.5802578435646515,0.44810014400884346,164
-3.794,7.82,3.4605073048809394,-2.776995953548537,4.48283343451152,-2.922199076076301,165
-6.596,9.5,1.744297178004108,-4.247956570613966,1.9438651098502655,-4.120841806789191,166
-5.213,10.51,4.108306558344684,-4.7392247285729505,3.9961047662986298,-6.3504045661886055,167
-6.154,11.06,3.182855279658161,-5.462984856594191,2.2375855936301727,-6.1112688240011055,168
6.053,8.663,-3.4278939650317803,-10.761695679653274,-3.8604614244209747,-2.888026541133674,169
-2.197,4.637,-3.5081532881518975,1.8205339346045393,-3.126096914838455,3.2798392120401543,170
-2.615,9.411,-0.7215054319163935,-2.023726042736159,0.6401288999808806,-0.5691585000951604,171
-4.731,6.007,-1.1226514265796321,-1.5064586963540179,0.49230520861277766,0.12449663315221504,172
-5.404,6.814,-0.20321220019070077,-3.7554758157616717,-0.46630377633442693,-2.48580319251612,173
-7.605,9.405,3.8442877843120917,-5.7564929094201185,2.3801446451438446,-7.213865583797248,174
5.729,8.109,-3.2870491431018487,-11.18611126803218,-5.09737725121846,-2.2046170886953194,175
12.39,-1.441,6.710592897150836,-15.577095803249465,2.991539050508835,-16.525108641048224,176
-4.752,10.89,2.784025819514118,-3.6183441247826678,3.536522675920822,-3.9541762527425606,177
-0.256,5.617,-4.998925535466351,3.3711869154089826,-5.633819531034134,4.29422872696325,178
12.68,-2.352,6.698577554438434,-14.891329583156692,4.231647540499069,-16.43566352691248,179
-1.57,4.958,-4.1150997565051695,1.9295932684058088,-3.469170282910965,3.587467128376214,180
12.79,-2.345,6.522456319544635,-14.781954583156692,4.467513133455612,-16.09107047881678,181
16.51,10.89,11.085897596094929,6.810685339939012,10.223406363893844,5.362735444645135,182
-4.201,7.062,0.823098392699085,-2.1981962289696795,2.6004059805167694,-1.2103934940297918,183
0.8859,2.294,-6.406604139592328,6.574669066440477,-9.77446980340352,4.929327184299676,184
-4.194,7.268,0.27059792122634485,-1.6508701410180193,2.261601258684494,-0.4794337209661321,185
-2.07,6.48,-3.0412527010699884,0.07002571560086202,-1.728616665433548,1.2445107195179148,186
-4.716,7.387,-0.1999362991115229,-3.6934073533898455,-0.3008813963638764,-2.43016034926966,187
16.95,12.49,11.86435046932491,7.253171149265184,11.125505973268844,6.433086568454949,188
-2.335,4.717,-3.624320833470501,1.2544031772726911,-3.044997643064163,2.5391867700616997,189
6.024,2.265,-9.766856996800579,1.6864537630194563,-4.832454632352493,10.98280113373205,190
0.8834,5.143,-5.6899383948108335,3.7871198091620344,-6.553170155118607,4.829702788929192,191
-2.931,7.126,-1.6792375729343074,-1.4947829809075457,-0.06769906667938047,0.010511929134575881,192
-0.7712,6.83,-3.149499742772259,1.167131665717973,-1.9869833694206696,3.142816955188958,193
0.834,3.354,-6.012944071080365,4.5051247511023425,-7.254868935178421,4.931922608951775,194
-4.73,9.066,4.490654142115436,-3.1697071161156756,5.70155434744487,-5.011309450526984,195
8.367,18.69,6.283554704401813,16.372773352634326,10.289998580385543,13.164922410587518,196
-4.571,12.62,2.6908866479137763,-5.81442814730464,1.2330681576026459,-6.779760664363654,197
12.85,-2.531,7.051967771265827,-15.29947453402339,3.6959381593955536,-17.244707411189825,198
13.85,12.07,-5.608739225651898,-7.8783472146874525,2.7593935026420136,5.38689344559118,199
-6.735,8.909,3.9969390942791327,-3.3317037191277605,4.9942589296592255,-4.530288046260627,200
-5.08,8.773,4.178377778742633,-4.154114541042433,4.1818929209006805,-5.474368875880988,201
-5.605,7.209,0.24836243829520774,-3.0246193971520525,1.2575954689277191,-2.1036420520742256,202
-3.75,5.779,-2.3516033575793878,-1.4286501970177752,-1.3469554887520294,-0.1081976350744085,203
-0.05704,4.714,-4.863853781010785,2.7872445020789045,-5.48598284585347,2.6665573659937065,204
-7.084,8.265,2.3440426900127753,-6.1491721238976575,0.6090742840064544,-6.194991415401252,205
-3.309,5.625,-2.0720168040057794,0.010073009502305497,-0.5275673971878511,1.6559083405534907,206
-8.066,9.186,3.401701362345539,-5.392142590511427,2.7580271257651825,-6.134305780788215,207
-4.784,12.51,2.754406602595173,-5.253006276119337,2.0564561380637665,-5.755528753658088,208
3.808,3.669,-8.712042658116497,3.1568617258185285,-5.684980343412064,8.14009922180578,209
1.447,5.563,-7.557235090520062,3.5462119016760725,-5.397219608853958,6.715191060642449,210
-0.01369,3.629,-3.8937078402301446,3.0851849947089094,-4.376371334623001,4.293014461139886,211
-6.865,11.63,2.868782432291828,-5.01091080569087,2.3098254694236298,-6.165512865443977,212
1.137,5.809,-6.4447248862048765,3.433004323017015,-5.158982227872513,5.7431341949503105,213
-4.038,7.12,0.08067877544852328,-1.488412436473952,1.9916525377524872,-0.04711586799219414,214
16.07,13.35,11.222258718226277,7.449660960208788,11.186078597475387,5.078707391361443,215
-6.422,9.806,4.185271413538776,-3.8648803796654803,4.92155699865947,-5.239319151302131,216
-1.053,7.503,-2.7929802820941583,-0.11401962899027873,-1.8005634055839996,1.4088569637040778,217
-5.195,10.81,3.9868070199230536,-3.8885858621483904,4.407002498079636,-5.207792108913215,218
16.4,11.5,11.240217359278523,6.993445578586473,10.494211722780562,5.320643121341912,219
-2.092,6.496,-3.122581569935955,0.02149895168484639,-2.1666283117043,1.4165842998425646,220
7.276,19.13,6.427095563624225,16.403597060214892,10.093593169618941,13.492902452091425,221
16.14,12.79,11.484142453883015,6.7709361944312,10.451914359499312,5.720561677555291,222
-1.724,3.851,-3.62356480815617,2.562889519702806,-4.222026299070023,3.4216808620493095,223
-0.1834,4.327,-4.574588625218548,4.519469443332567,-6.637591312955521,2.5959213319818657,224
-4.67,5.84,-1.3012942955752986,-1.6770012941247088,-0.01635125287754053,0.031139427761284866,225
-2.18,6.584,-2.39738711574284,-0.19770925902186443,-1.0463983522163849,1.55311439369127,226
5.461,7.318,-0.7692004130145685,11.052375975620164,-6.719220589231155,-1.407263105769904,227
1.532,2.075,-6.424183218266644,6.580226603519335,-9.849910210202836,4.856705600361077,228
6.426,2.111,-9.597314684178508,1.456115904819383,-4.358286808560989,11.249690705875604,229
-0.4791,4.117,-5.010391084935345,3.659803811084642,-6.061085651944778,4.163936549762933,230
-3.923,5.043,-2.456715433385052,-0.20997631214915324,-1.0726559863792877,1.4862263593475504,231
-1.246,3.256,-4.358384935643353,4.403397503864183,-6.914013813565872,2.334756011108605,232
6.847,9.535,-4.030454962041058,-10.158105668056594,-3.3042449460731964,-3.9377124961812813,233
-4.562,9.675,4.411714704249225,-3.012157496440993,5.862890769411423,-4.586519544978889,234
15.21,11.62,-5.179904310490765,-11.512063797939406,7.722612906862595,5.701583081821648,235
-4.589,6.648,-0.4198730275890009,-2.8658059205895525,0.2208171083224792,-1.6541779693563299,236
-4.167,6.638,-0.8212446854373591,-2.1068552102929217,0.35712375180850214,-0.7405412849386053,237
0.4122,4.216,-6.650386659886517,3.9554128084296125,-6.511047791074417,6.013161832432,238
5.457,2.425,-9.902618257786907,2.0215552482718366,-5.388469647000931,10.617416078190058,239
-5.765,8.871,3.1084851338604316,-3.8261678781396014,3.5501456751121063,-4.162432497401984,240
5.915,2.33,-9.822411386754192,1.7699437770956892,-4.973756741117142,10.964929277042597,241
7.959,18.21,5.2086516930797915,15.699177924167527,9.002650786806441,11.697758370975702,242
-5.14,11.9,3.135679633829914,-5.667315300930128,1.8643298639548798,-6.619903391261848,243
6.863,9.318,-4.056258528020062,-10.151807602871047,-3.4902591214882355,-4.305755918880256,244
5.034,7.592,-1.1892423317691463,11.621284667026414,-5.460164021085403,-0.9236233886678533,245
-4.875,10.01,2.654416949961506,-6.5366442766076185,0.4774366809619445,-6.552504843135627,246
-7.466,8.822,3.6088906838634833,-4.636902626979933,3.1950107111228485,-5.253268068691047,247
-7.211,11.33,2.1872042729595527,-6.451918419826613,0.1342416598094482,-6.381010836025031,248
16.33,12.54,11.983187825892292,6.788465205203905,10.449517775942184,6.887369329075066,249
0.7724,5.342,-5.6421359465381284,3.518857184421434,-5.9454617009865265,4.234718734363763,250
-1.94,4.683,-3.531221000935711,2.5002872381323713,-3.9078542695747833,3.558130914310662,251
-4.455,5.492,-1.1415974781772273,-0.8472751941567521,0.4157103492511291,0.4561082068483515,252
16.63,13.09,11.980831296656453,7.231008711826219,11.358283568788863,6.478191072086541,253
-1.515,5.145,-4.1211260245105406,1.5251707468146223,-3.0528554425941925,3.7328380886118095,254
-0.2454,4.578,-5.549854128148236,3.254856768619432,-5.791954945157669,4.164030725101678,255
-3.291,5.692,-1.8048078701755184,0.22930127717198323,-0.16041883392205053,2.430925184826104,256
16.51,10.38,12.105597646448933,7.199691954624071,11.627082396913863,6.7491742912332695,257
8.468,17.77,6.181978376124225,15.953687850009812,9.542139579225875,13.328152352909296,258
-4.853,10.09,4.056839616511188,-4.334774788845167,3.6357996954215546,-5.936664408107551,259
-5.334,8.216,1.4763131453731877,-3.27277308367549,2.5242620004905243,-2.9264076408346016,260
-6.934,9.823,3.3671709611156806,-5.489327248561964,2.3310015692008514,-6.182909792323859,261
1.087,3.292,-5.545156328465619,5.595275584232225,-8.5354027257668,3.6819934192697685,262
1.541,4.79,-6.3743489668628355,3.9504384431952375,-6.374082993100784,5.737274343113152,263
1.214,4.058,-4.920081465031781,5.051170054447069,-7.529704044889114,2.9838823619882744,264
1.709,2.441,-5.848469106938519,6.635948363315477,-9.545140694211625,4.229883128742425,265
-3.855,6.126,-2.0016294405719415,-2.2160888280755144,-1.4298210845695953,-0.8654676135976629,266
-2.784,5.76,-2.8204015181323663,-0.13834863566218425,-1.7552291856514435,1.1810237560074015,267
6.005,7.198,-0.23514112689701486,11.133173171054734,-6.6886209951149445,-2.309300726314338,268
-5.309,9.973,1.8466883017757756,-6.892500695217238,-0.5476847396599275,-6.083294218440803,269
-0.4206,4.16,-5.32273325183598,3.567697945606126,-6.0237369046913605,3.6734227481882256,270
16.54,11.85,11.846266896937214,7.141548338901415,10.96841578619609,6.349435502628533,271
-4.951,9.433,4.457862050745807,-3.3138554658776385,5.512753058840134,-5.308500116725715,272
-4.689,6.973,-1.92167648532597,-2.2802022066002947,-0.8467438326584321,-1.203870123286994,273
8.01,18.88,5.936227948878131,16.56083983517827,10.406517554689742,12.664389306644647,274
6.88,18.38,5.441519410822711,15.971269789707078,9.621410895754195,11.879271203617304,275
-0.6307,5.376,-4.4307549879809995,2.106765571605577,-3.7454120622383575,3.7623156848947685,276
-5.832,9.257,3.0137895657757148,-6.479779061306105,1.5633466734183807,-7.476126974483283,277
16.29,10.25,11.427275808070027,6.743661108981981,10.413463164736129,5.896436387638299,278
-4.997,12.21,2.512393624995075,-4.4331334199792005,2.6487675203574677,-4.641215151210578,279
-5.27,6.659,-0.25099524715153143,-2.133215960491286,1.367866684366562,-0.7856438812215643,280
-5.435,7.216,0.023866103504024266,-3.676217850673781,0.22306821184287257,-2.724624460597785,281
6.735,18.55,6.129634530756793,15.970475379001511,9.494543601442672,12.822070771793573,282
6.2,8.705,-3.4203256056567803,-10.937452134121047,-4.220629166196487,-2.560476606746467,283
0.2931,2.925,-4.4204281256457945,4.587417307865038,-7.068654488156937,2.1996442619363945,284
-5.759,10.85,4.1748124673107485,-4.252685841549025,4.2557688249839325,-5.485053366084846,285
-3.49,6.834,-2.0018919394275323,-2.2066939439660174,-1.364391993116043,-0.9704981502492742,286
13.05,-0.9155,6.435995729182086,-14.96153908633052,4.116519977022507,-15.81614906158045,287
5.156,7.249,-1.315700619008221,11.175628844272508,-6.374208401273392,-0.5125284847219305,288
-7.687,9.795,2.005084545824848,-5.598851498592482,0.673632849623062,-5.263851469417365,289
-7.33,9.282,3.1525568082073554,-4.067207631099806,3.2742465032828827,-4.724844282527717,290
8.065,17.61,5.224681527827106,15.719815436374558,8.974131156374312,11.777259523014276,291
4.802,6.779,-1.4088743613025325,10.35368365384282,-7.373150299619339,0.17830150757238106,292
-4.344,8.07,-0.2276268885394709,-3.5605271425133806,-0.07107615036835485,-2.41917402114466,293
-5.084,12.2,2.9220902039745673,-5.587751206386671,1.9407352699531097,-6.759547537227424,294
-6.392,8.702,4.26451507351192,-4.126101788509474,4.46044163839946,-5.601074522395881,295
-0.6228,2.584,-4.412731497075238,4.766745749484911,-7.051867912839554,1.9675031844179316,296
16.81,11.54,11.693440587733113,7.139640036594286,11.077892829347945,6.156290227512566,297
0.7051,5.008,-5.4854706213733335,4.767920199405565,-7.123046825956009,3.4953336063425224,298
-5.624,10.53,3.706193835947834,-5.00159102343379,3.4243786825431366,-6.18091136779383,299
1.885,1.331,-6.643440573002972,6.6556140813940905,-9.822503517697953,5.624614411930291,300
-3.704,6.396,-1.6406006500980037,-1.3944882717019182,-0.31802050335278326,0.13548927936956123,301
3.876,3.536,-8.837202875401653,3.219736281406297,-5.916462849210403,8.496904546360224,302
-0.5536,4.98,-4.989377348210492,2.5258666906470197,-5.095712612699173,2.815451914409844,303
-3.825,6.113,-2.1621659682056085,-1.6937707033043963,-1.0947024331795197,-0.46071965064600273,304
-3.875,9.097,3.6899532391765937,-2.824925002086745,4.894609023500778,-3.593704050441535,305
1.283,4.013,-6.325336305882611,5.329954329502001,-8.156564186643266,5.260683709720818,306
-5.639,12.4,2.842018039439045,-6.107077416408644,1.3034962906135101,-7.156762426753791,307
15.13,-0.7236,6.13423696300777,-15.827544030178176,2.5559814466727753,-15.53884536590174,308
5.709,2.907,-9.411745874669231,2.184175673496141,-4.6739525304543,9.847477609256952,309
-7.382,8.218,1.9676131322124821,-5.708690937984572,0.546809483934738,-5.310307806392463,310
-6.319,9.829,2.8694366528728827,-3.900200184810744,3.2713959707511444,-4.393146341701301,311
1.099,1.568,-5.685951559331097,6.12290734387578,-9.171928833554887,3.6904911342661064,312
-6.483,7.49,1.1000060751179082,-5.601060208309279,0.2549092962039489,-4.065571611781867,313
-3.578,6.682,-0.7485191509982722,-1.1025863256341082,0.9598219885123748,0.5359998289148493,314
16.55,10.5,11.595448644373738,7.772315207492723,12.02455477850566,5.3179394546549,315
-4.37,6.645,-0.5290104434749262,-1.823777493465529,1.0816697372687836,-0.5964697059591131,316
12.79,-1.539,5.733911664698444,-15.424475487697707,3.2098305715812225,-14.949024504085333,317
-0.6777,4.97,-4.821964113499798,2.4386724863165754,-5.050171803067825,2.4700964036981743,318
-0.6108,6.613,-3.6693495199939385,0.9783262941950698,-2.505230377744339,2.56647997532293,319
-4.342,6.055,-1.9963820860644954,-2.2084737386590105,-1.0827276216255646,-0.8709452804525213,320
-4.184,6.398,-1.9542816565295833,-2.2323895063286883,-0.9126020179497224,-0.9549177345235662,321
1.348,2.309,-6.713542787816205,5.82423848248662,-8.630326698850297,5.824012452701775,322
10.68,1.473,-7.9587982580920835,9.541983786594285,-3.848259876798294,-7.314312284847053,323
-5.587,12.2,2.7754155709484443,-6.1141074266320325,1.1656427873862762,-7.0838921722371895,324
-2.531,4.337,-3.932031957890667,1.5236808691138166,-3.336463402341507,2.602293068508355,325
1.538,1.344,-6.527257292058148,6.636523905765428,-9.982515762876176,5.117047006229607,326
8.241,18.74,6.200519712183795,15.964430037509812,9.471359778810836,12.932079965213983,327
14.15,5.699,-6.297316877629437,-12.80560475252925,-1.5632104383217316,-8.134047811885626,328
-5.282,11.66,2.698061855051838,-4.7142260637169935,2.297853280474045,-5.396412199397834,329
5.327,7.502,-0.8727720067760126,11.563994589816941,-5.931948612760208,-1.6816263851125555,330
-4.072,6.895,-0.39399131992069647,-1.2382968034630877,1.5157672657264252,0.1295488420526667,331
1.05,2.576,-6.116709081914105,5.524960700046434,-8.448224495481156,4.733141595463006,332
-4.666,9.169,3.526426465723835,-2.8537133302575213,4.710166980196335,-3.4325926956136543,333
-6.737,10.32,4.265237958643756,-4.447317418087111,4.301611472536423,-6.25875503387049,334
6.654,18.47,6.428850801203571,16.100442114841357,9.352699805666305,13.462886506656854,335
13.09,-1.003,6.848571927759967,-15.278623398769485,3.5443990721000214,-16.470829313655646,336
16.92,12.39,11.942579419825398,6.832121554386034,10.875261832643844,6.7830416503946465,337
-5.537,9.836,2.8581308438518866,-3.192418154705153,4.0099730982078094,-3.4331348594625313,338
6.372,2.16,-9.614978639866985,1.4901089105719465,-4.389343212674759,11.196577722171991,339
-4.345,8.94,2.87431755802425,-3.461291369426833,3.92133932249675,-3.9157808479268867,340
7.08,9.523,-4.080278246190228,-10.100840386379348,-3.4186813340889435,-4.2626593765218574,341
12.58,-2.02,6.5029045655468325,-15.482053574550735,3.158998538423874,-16.03900749053553,342
-1.512,3.897,-5.176412908818402,3.0058209333533186,-5.218986939023636,3.9933130088846367,343
10.63,1.538,-7.989342539097943,9.558407965671433,-3.9357614026772003,-7.442331617732795,344
-1.501,6.31,-2.001800148274578,0.41639968342722844,-0.8155409203278047,2.752198034862725,345
4.456,3.133,-9.565942613866008,2.89779633618535,-5.997407864164017,9.127794915775507,346
7.378,2.717,-8.593518106724895,1.6437655124777693,-2.9569346414314728,10.267217332462518,347
-8.133,9.546,4.060110480997882,-5.0782654847985365,3.4848809732688446,-6.476607149501594,348
-5.215,6.14,-0.5702513740321772,-2.6973839368706805,-0.12082320017685705,-1.445463961025031,349
-1.581,5.58,-4.851853697087445,2.9482693109625715,-4.648830364774368,4.557938033680169,350
-1.562,6.521,-4.169455854680218,0.9155687425249953,-3.4108154283272247,1.3533979539877905,351
-4.815,12.56,2.372266442988239,-5.656141575801954,1.1615007414115448,-5.509094065089973,352
12.87,-1.147,6.823871762965045,-15.0690353479272,4.087448169161179,-16.73415214385584,353
-2.724,4.171,-4.458042471196332,1.0700402293318647,-4.087374638150833,1.118105703930108,354
16.33,12.99,11.419243962977253,7.4313780698889635,11.295639563967086,5.328379804233758,355
8.252,11,-5.350793211247601,-8.184459504116164,2.5293796552909393,5.666002446750848,356
-3.234,4.953,-3.0294433520099298,-0.02691393755732585,-1.9304062829720001,1.1354315075676127,357
-4.754,11.71,3.8200911595562324,-3.9995549287682635,4.591239024568893,-5.175549810786994,358
-6.539,7.531,0.4514256431797369,-3.9556496705895525,0.413521994520523,-3.026599710841926,359
1.967,2.318,-5.829031793858685,5.934126559268846,-8.867690514157914,4.104731494526116,360
-5.082,8.265,1.1444278075435979,-4.050099667537794,1.4829973472846527,-3.3638861831624824,361
1.199,2.446,-6.012047617222943,6.152554217349901,-9.442588280271195,4.3783881012003105,362
-6.402,11.48,3.035757692072712,-5.9225180711632825,1.5910139574302216,-6.510258978267463,363
0.05169,4.725,-5.721515028264203,3.9402684602850813,-6.277304123471878,4.693254167179314,364
-4.493,9.545,4.451845796320758,-3.0481975641137224,5.960322429109909,-4.6241472419698555,365
7.63,2.374,-1.5799108431598323,5.595394316684618,-2.6000399099098663,10.732222253421991,366
12.68,-0.8098,6.509569795344196,-15.373239335048781,3.393932868410446,-16.02206069793299,367
16.86,12.71,11.70420757076534,7.760660830509081,12.000600387026168,5.609995061496941,368
-2.186,3.485,-4.311258165623822,2.298812690746202,-4.29913563592305,3.424379283527581,369
1.615,3.714,-6.266304342534222,5.7641627225989245,-8.75516648156514,5.0555331054727715,370
1.432,4.143,-5.836716501500287,4.930339041721239,-7.535937260221146,4.08819001350805,371
-0.6079,4.237,-5.2022698805591245,2.9371826086157697,-5.234258602689407,3.6058759037058037,372
0.3271,2.174,-5.6309102461597105,5.724465552341356,-8.605220268796586,3.691809827427117,373
12.68,-2.522,6.755022676203571,-14.853802498806106,4.321514655519821,-16.579939192195685,374
12.47,-2.456,7.025230081293903,-15.202759560573684,3.85637931959758,-17.210604017635138,375
1.24,1.335,-6.400671808507123,6.53912991620244,-9.645836304258012,5.070461684803216,376
-4.567,9.661,4.2912603928783755,-3.6100028123742205,5.226859618593552,-5.0949748214681465,377
-4.441,6.241,-0.9078975603839533,-1.5515328016167742,0.8249604596389312,-0.055108016391547165,378
7.093,8.991,-4.2107523367664,-10.78916531466304,-4.562796066831253,-3.932424848933967,379
-3.929,5.983,-1.9612611220142024,-1.9975572194939715,-0.991423975061081,-0.3311571535070257,380
1.729,3.137,-6.4291094229480406,5.463046256076708,-8.287188004087113,5.321489984134881,381
1.294,2.944,-6.713537065770306,5.155241194736376,-7.882359932492874,5.9309040847818535,382
7.006,2.651,-8.931280939366497,1.7482474479788679,-3.6205205426918488,10.208507234195917,383
7.898,18.29,5.23734393856319,15.783122244846238,9.209475089479781,11.596210176090448,384
6.995,2.123,-1.8477176115771907,5.118445578586473,-3.4113990770088654,11.332124406437128,385
2.034,1.159,-6.892683832432904,6.046527567874803,-9.257681320737504,6.095253163913934,386
2.067,1.632,-6.762729971196332,6.59327334500493,-9.838522385190629,5.67183988724157,387
-4.376,9.751,4.43554893276485,-2.977571782100783,5.971597243715622,-4.597379511256965,388
-5.771,6.991,-0.30557271697727606,-3.1877027120476824,0.15697324710021204,-2.004380768199714,389
-0.6732,4.243,-6.315068571355023,3.6116856966132063,-5.626171539853714,5.571215325931756,390
-2.549,4.582,-3.827845184590496,0.947032574188127,-2.9035753713356476,2.2301204148332756,391
-3.033,5.616,-3.1848243162891046,-0.4102330174332719,-2.1808816896187286,0.5513478461305781,392
1.531,5.414,-7.420831053044476,3.4963395032996076,-5.3412699208961945,6.311499768833367,393
7.007,9.926,0.858555586550556,-7.152045067775831,-1.9598761306511383,-4.864842718501838,394
-7.554,10.65,3.0458716466167792,-5.056436833370314,2.601252604891159,-5.419977968593391,395
0.5638,4.013,-6.246820299412884,4.104253474246874,-6.71294875008931,5.594531232456414,396
-4.688,7.139,0.7259404375294073,-3.7246835794335467,0.8687493099463958,-2.497333830257209,397
17.09,11.44,12.187322766993367,7.100331488620653,11.281534720827437,6.83894889984533,398
12.57,-1.626,6.459789903376422,-14.818410691249953,4.433579970766403,-16.23053008880213,399
14.14,5.77,-6.2695163176318784,-12.777761277187453,-1.5212474570976715,-8.271482771297247,400
-3.913,10.94,2.337595851633869,-3.751255330074416,2.8934011949790497,-3.5940120872457344,401
-3.866,5.366,-2.3060968802234307,-0.5897175636178117,-0.8915820227371675,1.054735744337289,402
4.907,2.794,-9.801879732396282,2.604171219837083,-5.890325497220657,9.895196611026972,403
8.537,18.1,6.3599859788158755,16.322637740146533,9.950729895998336,13.538797074894159,404
12.89,0.006601,6.692824514124713,-15.622105416286574,3.0061793817771454,-16.41446906890467,405
17.11,11.8,11.75520339748653,7.808423701297655,12.064106513429977,5.620025807956902,406
-5.141,7.484,0.20013005426915717,-2.6882422532921892,1.4342725767386932,-1.7285147365529852,407
5.053,5.959,-1.2846474335452693,10.364237967502488,-7.523031662534378,-0.42052871551111504,408
2.11,1.922,-6.606520025517621,6.605144682895555,-9.76055092675557,5.641478234867303,409
5.491,7.912,-0.792911915566601,11.85048598385991,-5.4390177236305695,-1.857791727443488,410
5.436,7.32,-1.048810570027508,11.388479414951219,-6.144799183438919,-1.195820873637946,411
-3.911,8.94,1.8618560149410588,-3.46327978037654,2.7612686647666473,-3.2940366920430977,412
1.62,4.977,-6.9453962729236265,3.860084000598802,-6.544657181333206,6.169076615909783,413
15.9,12.13,-5.480136244084515,-11.797843750942336,8.455500174929,6.067094022373406,414
13.29,-1.132,6.164155156824909,-15.413758095729934,3.1638269914878387,-15.760797804256232,415
13.3,-1.129,6.237862260554157,-15.31259709261714,3.6174235834373016,-16.05342704619959,416
-2.804,6.485,-3.4398148939868585,-0.6900952424889665,-2.1664509282814484,0.02766853008672432,417
-0.2095,3.808,-4.732063143040814,3.8630923662299055,-6.075053642820023,3.7373477760355156,418
0.9108,5.729,-5.43419679858891,2.9207384023779768,-5.110204647611282,4.438306981662957,419
5.168,2.603,-9.861266939427532,2.2681081924551862,-5.544006298612259,10.255136186222284,420
-0.4813,2.589,-5.4242571280261656,5.39565486050786,-8.238531540464066,3.693206483463494,421
1.403,4.031,-5.279321043278851,5.280072394382372,-7.938205193112991,3.241766029934136,422
0.6255,4.313,-5.045801965977826,5.001262370120897,-7.712669323514603,3.4990407768289726,423
-3.06,4.617,-3.4221447394153253,-0.044492122161970626,-2.625878285001419,1.1822379324237986,424
-5.642,7.664,1.5927406861523015,-3.6668260660058123,2.1465845598472137,-3.2242115196187813,425
-6.429,8.666,3.980927140925251,-4.87972241305171,3.5454276098502655,-6.138573950191291,426
-7.36,9.09,3.089926870081745,-4.458692368496046,2.95443897383342,-4.854309385677131,427
-7.714,10.52,3.70964732906612,-5.647189434993849,2.5974205030692596,-6.968167608638557,428
5.301,2.884,-9.494506685521282,2.318846288692369,-5.145025204251907,9.691754037479608,429
-5.296,8.928,4.185769708369098,-4.063822564113722,4.7279062761558075,-5.033880537410529,430
-6.44,9.791,3.2252153470257148,-5.2673218812829115,2.661001492906906,-5.866201227565559,431
5.235,6.825,-1.0234840796252864,11.007082167636765,-6.762579868863724,-0.9289236720998602,432
-0.1566,2.627,-5.878249017979779,5.956032935153856,-9.07559342248311,4.199113542179314,433
13.12,-0.7819,5.947602422449909,-15.009603318203078,4.067008067537643,-15.377983396907599,434
1.032,1.436,-5.751925794865765,6.333126727115526,-9.565626572202348,3.9061869922678154,435
16.65,12.06,11.438070447657429,6.800093832981005,10.361096908022262,5.966373139957635,436
-3.472,4.807,-2.5292693064471856,0.33819525278748463,-1.3123906360374908,2.2466626111070793,437
1.234,1.423,-5.927257864262738,6.205448809635057,-9.48251194817891,4.351027423481194,438
-4.641,10.73,1.5034244372585637,-3.697924908626662,2.0687921537650604,-3.226978128810676,439
-4.898,9.541,4.5906168534496645,-3.454958733547316,5.563620616365768,-5.4447625335653145,440
1.561,2.616,-6.330048887517132,6.39698714352788,-9.382811974118852,5.258389169315545,441
0.9782,1.62,-6.116407243992962,6.4983212385291,-9.729928444455766,4.436571532825677,442
6.655,9.196,-3.9800818846484796,-10.032296952236281,-2.9107896791206818,-4.348696535487922,443
-2.892,5.335,-3.3666311190387384,-0.22032248638926555,-2.3888372884499054,0.8518003765146418,444
-6.239,10.41,2.851608426783405,-4.2521312799340345,3.1441627039207,-4.686203306575568,445
-3.711,7.113,0.2612346573809011,-1.6728811826592547,2.3672142519248505,-0.5875979122121648,446
-7.487,10.88,2.9116765572765693,-5.8932068910485365,1.568876673151352,-7.032431906123908,447
-6.149,10.24,2.77594748279842,-5.193087872493849,2.2416022314322968,-6.01244909133509,448
1.703,1.591,-6.507069437291302,6.468979540836229,-9.846313904355668,4.9784035030405205,449
-2.84,9.425,0.2696772380808218,-2.8744705285912615,1.4539586796058197,-1.7975173648794012,450
6.159,2.337,-9.634576647069133,1.643424335491075,-4.5003365979897,10.989268952945917,451
0.7243,4.8,-5.681326715733685,4.373150053989305,-6.950483749936722,4.766668731312005,452
5.118,6.098,-1.3122535631915706,10.404011908542527,-7.468610714505814,-0.32987863387659355,453
-7.778,8.955,4.060863645289264,-5.317552861202345,3.2659738554252167,-6.750575369258674,454
-4.737,6.437,-0.5949753210803644,-2.1052089300042254,0.673984993864395,-0.6527400669057684,455
-1.988,3.723,-4.059357969548382,2.5297884378546613,-4.554144810269974,3.2650007549326103,456
-2.355,5.268,-3.106599180485882,2.0223198566550153,-2.7160546289192657,3.677782708744256,457
-1.231,6.195,-3.291163055684246,1.22720831967534,-2.258277844022415,3.0529491249124687,458
4.432,3.108,-9.476603357579387,2.8558575544470686,-5.709923695157669,8.914609128574579,459
-8.258,8.872,2.468833120081745,-6.394622143734083,0.6240103139174956,-6.810034101863654,460
-5.451,7.389,0.7895710184315069,-3.1957436170464617,1.8037252916587372,-2.2784796413381416,461
-0.6792,7.075,-3.101148693349041,0.8649398419970412,-2.171872566770218,2.410907799343316,462
1.316,3.349,-5.599942533757367,5.686586085330858,-8.65574021203389,4.230389768223016,463
-7.306,11.2,2.689026982996784,-5.154810246456251,1.936374355722763,-5.954478567500861,464
-4.536,5.466,-1.0631072209140437,-0.9300873842125993,0.4838169111503143,0.5435962024728938,465
-1.114,6.149,-2.5913444445392266,0.8187575671786208,-1.655816863607071,2.679279381374566,466
-3.638,7.433,0.19960460952313971,-1.5438304510003191,2.3800757421744843,-0.36434001292780205,467
-3.234,6.46,-2.0623360560199395,-1.113947686184035,-0.6885963187920076,0.5412952247659846,468
-5.265,10.04,3.6226092889049872,-4.390589055050001,3.3696747316611786,-5.246145075221809,469
-0.5978,3.202,-4.966801016118207,4.929316226016893,-7.37756056649556,3.1291865650217217,470
-3.773,6.572,-1.9553800509235042,-2.2579594221001726,-0.9906799898849946,-1.211682861705573,471
-2.364,4.901,-3.8554943487903253,1.0302146110648054,-3.252324055265091,2.0930094066660088,472
-5.66,10.9,4.011539848063312,-4.938233670223341,3.4407663835776825,-6.728323286433967,473
-7.238,10.82,3.2333163335064277,-5.990115937221632,2.1539388193381805,-7.3977749999959785,474
0.4666,2.748,-4.384019701268353,4.139236393939867,-6.624267529081009,2.667204195598809,475
14.07,5.706,-6.285185186650433,-12.792418297756301,-1.3877564178215485,-8.298917120357306,476
-0.3602,5.19,-4.2241156981250425,2.515681210529222,-4.519782494138382,3.692326003650872,477
2.033,1.95,-6.632312147404828,6.629869643222704,-9.97462506158223,5.508454972843377,478
-0.2854,2.463,-5.510049192692914,5.174891654025926,-7.669209908078812,3.602085286716668,479
-3.992,9.118,3.230723531458698,-2.8060310449486834,4.402154017855026,-3.02637035216883,480
8.637,18.16,6.3273440911510805,16.46078795529546,10.2855144037498,13.321027452091425,481
-6.655,7.781,1.0311876847484929,-4.370592411983595,0.7598493589652556,-3.8590787109334785,482
7.275,9.387,-4.045947401311078,-10.367235001552688,-3.6661900983559113,-4.003517931361945,483
8.223,17.53,6.072386892054401,16.547909918796435,10.450153876711227,13.013614350895136,484
1.784,0.9175,-6.79914983966557,6.340790453922167,-9.398767899106645,5.783630067447869,485
-3.42,5.295,-2.0950597212573663,-0.18895566128550578,-0.8650035963760835,1.8735728207628413,486
-5.243,8.688,2.082063706133686,-3.2214034166222674,2.983860303331711,-3.010975664516242,487
1.523,5.737,-7.510315267827191,3.494574967395677,-5.346293877195023,6.547661000827996,488
16.81,11.46,11.800696523402058,7.024482909213915,11.014598418642379,6.172888928989617,489
-0.9901,4.32,-4.2643402502795835,3.2318415079230207,-5.4016136632668,3.2588398996393364,490
-2.144,5.112,-3.976573793675579,0.7306009564513106,-3.159938524793289,1.4669037405054255,491
-1.59,6.106,-3.146147339131512,0.6577698174828429,-2.039109657834671,2.236719841102807,492
14.41,12.44,-3.8872748301288262,11.21040743924321,8.955113936830855,5.121388608555047,493
-4.719,10.77,4.4388104989269594,-3.4277959432488543,5.415027667452194,-5.3290985282857735,494
-3.449,4.36,-3.199276296879925,0.13711539245785664,-2.2390436635719757,1.4380187857548876,495
14.14,-0.9684,6.736447961542926,-15.198848542202102,3.8488376631034393,-16.776321714778692,496
-5.834,11.38,2.233556897852741,-5.767007645595656,0.8126752866996306,-5.810049360652717,497
-7.549,10.43,2.9580751969555243,-5.6334837045556165,1.6288631452811737,-6.017843550105842,498
-5.315,12.09,3.583117158625446,-5.821685132015333,2.067481566835739,-7.224797552486213,499
12.6,-2.05,6.107515962336383,-15.278116044033156,3.560574580599167,-15.59866744842127,500
-5.617,7.521,0.06596127665432525,-3.522219475734816,0.48434715407023615,-2.530062502284797,501
0.539,5.532,-5.236125795628705,3.0879623327368635,-5.200115154813431,4.381344014744012,502
-4.393,11.97,2.8576284959057197,-5.303666409481154,2.5480356706870575,-6.387878244777473,503
-5.411,7.914,1.0039108111599309,-2.55410009287654,2.503502417970993,-1.984477108379157,504
-4.572,10.33,4.533723027918659,-3.56537562273799,5.426581908632614,-5.491443937679084,505
7.163,2.214,-1.7447193548938411,5.322982970249071,-3.246606062482498,11.14133041534826,506
-3.98,5.174,-1.6058283732196468,-0.3061377372628312,0.2869290603889007,1.5185485425989314,507
-0.1233,3.756,-4.540707914616742,3.590266409885301,-5.3296546445595245,4.111942702869622,508
8.074,19.09,5.99198785564693,16.4851753149146,10.426144172121383,12.729818040470331,509
0.6712,4.462,-5.770979254033246,4.154890481006517,-6.738678406308792,4.905265266041009,510
-6.732,10.24,3.3042809083202704,-4.231881913173781,3.379885484148361,-4.757707422633918,511
-7.111,8.053,1.260050089571796,-4.395592984188185,1.1078687204612274,-3.8776992019613106,512
-4.431,6.361,-0.6953322575351374,-1.1716820564156634,0.970988978315689,0.2137405220071955,513
8.169,18.38,6.087270887110553,16.449730101596728,10.46720843451152,13.149757081608026,514
15.15,12.92,10.883474500391804,6.9086706075781725,10.008392859865523,5.162920648197381,515
-6.197,10.33,3.187984855387531,-4.592084225643263,3.1226184858573456,-5.1795414146383125,516
-4.424,11.78,2.8864785744884833,-5.5318811502343275,2.179304410387375,-6.368861025234016,517
-4.484,12.53,2.3523089005688056,-5.537759121883497,1.3054556144965668,-5.3190348800618965,518
2.499,3.38,-7.664973108555951,4.168712559711351,-6.827214668820999,6.896320039371697,519
6.297,2.053,-9.635666696812786,1.372391048442735,-4.4719886289345245,11.18005340729162,520
-6.072,11.72,3.000035913203083,-5.144717511165724,2.567074824739792,-5.461019342799934,521
-0.5153,3.937,-4.779587595250287,4.29375523663701,-6.904847096036575,3.2789947334329765,522
-7.127,10.01,2.8158282353618964,-4.624508675563917,2.5790179266227264,-4.897503679652961,523
5.289,6.681,-0.9175874874850886,10.867400351535691,-7.017973373960159,-0.9808533843953924,524
-5.845,8.036,2.522532613489948,-3.5175507631188494,3.281517316271164,-3.637902563472541,525
10.6,1.551,-7.945900766637005,9.53031939603032,-3.7947518335091095,-7.225508039851936,526
12.44,-0.6434,6.094850213740192,-16.064963158596143,2.269397069383957,-15.849367445369513,527
-0.1905,5.743,-4.7850359366199156,3.643928471576585,-6.0688843236671906,2.5731858554880302,528
16.89,12.96,12.010022313807331,7.798766795169725,12.253167678285934,6.288225823978631,529
5.978,7.183,-0.24830105760303903,11.126714888584031,-6.877734135221146,-2.085374420543464,530
-4.085,9.275,3.413743884775959,-2.816300686824904,4.818626452852585,-3.622878378291877,531
-7.387,9.311,2.8107995106914863,-3.972240742672072,3.250718404222824,-4.423321073909553,532
-1.616,8.132,-1.5716039822360652,-1.26932590864955,0.014485590775110184,0.47931235466405586,533
-6.138,9.129,3.8942522122600898,-4.668263253200636,3.3655026449454803,-6.124760454555305,534
-6.346,9.017,3.8409885480144843,-3.830211934078322,4.344153453279831,-5.140696352382453,535
5.529,7.158,-0.8747452781459467,11.358986083042039,-6.328661869596146,-1.5019767936666326,536
14.93,11.67,-4.956610052373089,-11.335212525356399,7.4760189546836395,5.431275540928094,537
-5.333,11.84,2.4456969811657294,-5.924809273708449,0.9344497217429656,-6.181288545985969,538
-6.92,10.16,3.764534385416828,-4.778531846035109,3.350031424929001,-6.311253851314338,539
1.811,4.713,-7.2084601805469175,3.8156046304816145,-6.143569420407913,6.460160428623406,540
2.087,4.628,-7.708909361149945,3.9475795660132307,-6.334517906736038,7.015845471958367,541
1.485,5.531,-7.372053472783246,3.735405388843431,-5.8110694394813995,6.576857740024773,542
-4.882,9.035,3.930003078196369,-3.770040806758986,4.667593528200485,-4.4318206962545235,543
-5.686,11.06,3.456468494150959,-5.711787518489943,2.500920344759323,-6.959461515804084,544
7.147,9.111,-4.233987657811322,-10.698954400051223,-4.434038590024612,-4.062739675899299,545
1.47,1.142,-6.5898946211597105,6.652713004123583,-9.95792527062764,5.315651828388421,546
-5.172,7.118,0.6934224083164556,-2.3581555452233416,2.248520423342087,-1.3167207893331365,547
7.348,19.14,6.171397359583698,15.831007185947312,9.161075164247848,12.883237535099237,548
-0.4321,6.088,-3.6142915175220147,1.6056025657767194,-2.7965712056862335,3.6246132198373955,549
7.411,2.675,-8.567281572606243,1.652773324024095,-2.9883858667122345,10.248684579471796,550
-2.467,4.981,-3.0751691744586602,0.9710496101492782,-1.8125286803947906,2.6769781652490776,551
-4.279,11.68,2.619667442057453,-5.12607890032588,1.801770378519394,-5.490090196986945,552
10.71,1.462,-7.9639814780017515,9.56060618497075,-3.901099871228836,-7.24958927001551,553
6.385,2.259,-9.630065767552532,1.5972669754141706,-4.313027332852982,11.06896942291662,554
8.146,18.2,6.1501447274425844,15.724107924472703,8.932871390749312,12.588491136173456,555
-1.461,4.031,-4.611330358769574,2.741637888919725,-4.773671578000687,3.9121198001901787,556
1.746,5.234,-7.603679506566205,3.480170670520677,-5.172503899167679,6.821882421116082,557
-1.93,5.334,-3.4810675070544854,1.1416041884535688,-2.3851851926552277,2.7322646919290703,558
-2.239,8.353,-1.4128834889194148,-1.2019560899621111,0.31858928935656733,0.73655586872503,559
7.186,9.499,-4.055432169224896,-10.141282853115188,-3.440998028348587,-4.2487271484334785,560
-5.231,10.92,4.129869611475788,-4.857583817470656,3.9230776323569794,-6.718332594295295,561
-1.856,4.674,-3.790763227727093,1.774246517192735,-3.693505476544998,2.4931469503442925,562
16.13,13.43,11.249539525721394,6.728268805515184,10.103864242006637,5.683052236179559,563
-5.859,11.55,2.5109290196636542,-4.778505143154249,2.173424531389572,-5.213645285030158,564
0.1203,4.739,-4.445042936589398,4.591461840640917,-6.703472565244339,2.2889203969041985,565
-6.819,7.67,1.875919015620075,-4.105233963955031,2.279365111757614,-4.110011881252082,566
7.114,8.82,-4.237080423619427,-10.915740784633742,-4.785066555570267,-3.841822927852424,567
-7.728,9.997,4.08241024753841,-4.879210766780958,3.7694941057456512,-6.720229452510627,568
-2.06,3.796,-3.6186157152911798,2.623734656345262,-3.929392288755081,3.4829947296182793,569
-5.512,9.292,4.525572450373493,-3.7888353433495623,4.852981139589645,-5.92891580428675,570
12.73,-1.065,6.130445630762897,-15.640280541408645,2.9621334566367645,-15.478634184261114,571
14.17,5.943,-6.133443681981244,-12.621471222866164,9.083871413637496,5.0663482490579765,572
-4.437,10.48,4.57654014370235,-3.4438577260857683,5.669699717928268,-5.3372514900167305,573
-7.517,10.84,3.346130998347126,-5.481175717342482,2.4570487036002655,-6.171675508876594,574
5.273,2.536,-9.914847223546184,2.2195182476157087,-5.58481736047139,10.471258813480585,575
16.97,11.53,11.85688796779903,6.552325907718553,10.203554679323531,6.582519704441277,576
12.75,-1.588,5.7512919022777895,-15.377316292751418,3.563272286821701,-15.095232313533575,577
12.73,-0.9699,6.92732253811153,-15.2444503869897,3.6649063123954315,-16.901424711604864,578
6.67,18.41,6.186947019312702,15.699110213291062,8.845449019838668,12.860495263675897,579
-2.246,4.464,-7.4668758795520445,3.2976533804053205,-2.823364447187088,4.052933389286248,580
-3.811,5.402,-1.9673062250873226,-0.2415674295312028,-0.3586104915844422,1.5747208688060923,581
-7.225,8.594,3.160619886133991,-5.1314647760277845,2.182511617113449,-5.472628897090705,582
-2.009,7.872,-1.1680444166919368,-1.2436336841469866,0.6180387629760283,0.6832461300890131,583
15.08,-0.7665,6.09550872585567,-16.051781472194776,2.3516664995444794,-15.775543516536505,584
-4.212,11.34,3.0673452927807197,-3.651998814571486,3.941217948366501,-4.162847345729621,585
4.906,7.572,-1.325409738804974,11.541656676303758,-5.315349052976273,-0.6353693660695867,586
-4.306,6.291,-0.7383914873859064,-1.5400982465630633,0.8350583209289092,0.10941224728032783,587
-6.957,11.12,2.1633206917980536,-6.468976792324171,0.06521361010203547,-6.360182588954719,588
2.092,1.176,-6.839174597050824,6.784254256259813,-10.026873062680863,5.9459869209329765,589
-1.211,5.872,-3.9968899176379815,1.6968942318076032,-3.107879351209305,3.8159684482614677,590
12.43,-1.831,6.726223142359577,-15.643221673000442,3.1581800474418182,-16.652115171809942,591
-5.841,6.987,0.9790080501774175,-6.1582053270226575,-0.6346887455688935,-4.098977869411262,592
-6.896,8.887,3.4780811383465156,-4.202205952633009,3.754270364214279,-5.331179445644172,593
17,12.35,12.028371007654988,7.600256625186815,11.676409293581344,6.477974588016717,594
-6.246,9.532,1.4876917912700993,-4.140763577449904,1.6893114341987152,-3.555018728633674,595
1.274,1.596,-5.855024187352337,6.779869738590135,-9.78932232720723,4.264774972538201,596
13.59,-1.34,6.14179197094234,-15.591257866848098,3.1544099344504852,-15.633539503474982,597
7.115,9.549,-4.080954878117718,-10.07266026400386,-3.3569561944710236,-4.352241819759162,598
-0.06323,5.864,-4.006790964390912,1.3863872919196027,-3.253643463681839,2.647425109485833,599
-2.175,3.395,-4.357970087315716,1.7900374565237898,-4.517807434629105,2.126867169479577,600
-4.622,9.178,4.101440580103717,-3.873506840694533,4.7580857767356415,-5.164683168788703,601
-4.113,9.281,4.2821170403698305,-2.7976699437981707,5.937480021883347,-4.201731508632453,602
-4.529,6.896,0.37642607233317926,-1.7800248231774431,2.4642739786399384,-0.9187603649099187,603
6.649,8.741,-3.974117605473675,-10.948051270473586,-4.742625187467239,-3.6500218566854317,604
16.59,11.2,11.379258306238972,7.26830357648076,11.062107612062789,5.641552621463982,605
14.08,5.744,-6.2675774977466245,-12.776654061306106,-1.6127717004524689,-8.246481245418341,606
12.79,-0.3899,6.210991056177936,-15.88474350832759,2.660503436495163,-15.72459632720545,607
-6.038,10.81,3.8196147992351874,-4.792008217800245,3.477313567568161,-6.0318692382772285,608
14.91,-0.8357,6.144830854151569,-15.93547707461177,2.5630274309409637,-15.73448402251795,609
-7.454,9.197,3.6543878628948554,-5.432879265773878,2.2745066179526825,-6.323366468807014,610
0.202,5.638,-5.090553610112347,3.149398032199754,-5.1488403783546906,4.4193543735544365,611
14.87,11.54,-4.67076906421391,-11.101192292202102,-4.257567833493851,-4.176064318080695,612
6.884,8.95,-4.083373873021283,-10.678640183437453,-4.386936615537308,-3.820432966609748,613
-2.73,7.309,-1.6122467205783504,-1.1237633790856463,0.12227708535323328,0.9369904640714808,614
-4.554,12.63,0.8654812886455877,-3.2623305883294207,1.733068634439804,-3.4071186241109688,615
5.392,7.153,-0.8531093285342829,11.479314986240281,-6.024176548551224,-1.592061108012946,616
-3.953,9.757,2.789110572550617,-3.070044812191115,4.1030822290671844,-3.3608058151204903,617
-3.342,6.747,-1.3482143566867488,-0.5026228394394975,-0.16318892998566442,1.179616520146577,618
-1.882,6.427,-2.8804980204364434,0.033582958948029984,-1.9046397910820465,1.588439071516244,619
-4.167,7.39,0.2652201666572912,-1.5751417245751482,2.6018429292930145,-0.5839099344213323,620
4.985,7.609,-1.1738775656482356,11.617872420322312,-5.525228928159378,-1.0610087570150213,621
-8.241,8.853,2.562405021403156,-4.9104493226891615,2.0134900106681366,-5.5671451744039375,622
5.008,7.383,-1.227683155324139,11.237827483188523,-6.242512177060745,-0.7819705661733465,623
1.773,0.9555,-6.55780348041264,6.710501376163378,-10.31878895623555,5.201257402042596,624
-5.974,10.44,3.9991079880932197,-3.8958261575585467,4.631712008882858,-5.414976423640998,625
-6.332,7.374,1.121808917734943,-4.183736142147169,0.7699090732825774,-3.4408305343587715,626
-2.858,4.788,-3.1569004938861505,0.8906127843970199,-2.242377947400711,2.493472153286187,627
-3.414,6.585,-1.7258786843082088,0.15696022249401997,0.06521778987775034,2.19862907562658,628
17.11,12.22,11.748705060694538,7.239639464389696,11.171319533754684,6.1282026115457695,629
-6.736,10.31,3.1926104142406806,-3.5770366754418474,3.8552485002769012,-4.153607195277961,630
-1.708,6.005,-3.1694763586780206,1.0944522652739423,-1.9224649177299957,2.824998671154229,631
13.82,12.05,-5.585429518010296,-7.903151329982863,2.8104303373588104,5.52372615967199,632
-3.397,5.374,-3.0210412428638116,-0.8824763860589128,-1.9736489759193878,0.11186879311010078,633
-7.901,9.293,3.777635963175617,-4.036539372432814,3.8799758447898407,-5.1079705413778145,634
-6.298,7.213,1.0885451748112065,-5.790394124019728,-0.03886224267949873,-3.991204565425666,635
-6.883,8.65,3.370373399470173,-4.8338807191735365,2.866096068788864,-5.5291965660055,636
-2.587,9.393,0.047424489174209356,-2.822079953182326,1.1279241337073822,-1.681801145931037,637
-5.499,7.242,0.32517862460406854,-3.760742005336867,0.5159155620826262,-2.7568686660726387,638
12.68,-0.6088,6.688303144190631,-14.878669556606399,4.405436564852097,-16.54622489776209,639
16.97,11.27,12.205941350672566,7.144699278842821,11.388637114931441,6.9949395004312676,640
0.6563,4.64,-5.51688608386723,4.053203049671068,-6.672839592527054,4.631264144520013,641
-4.433,11.64,3.7494365288952216,-3.7625883188134295,4.2523556246055145,-4.9830859359701,642
-0.3428,4.133,-5.779610960271039,3.6298565302008527,-5.9683217511879425,4.599119121174065,643
-6.781,9.993,2.8094004704693183,-3.8874118890648943,3.1954706205619354,-4.094192331691535,644
-5.928,12.21,3.2822944237926825,-5.901440915096388,2.2375004781974335,-7.201797788997443,645
-5.078,8.4,1.647953183863483,-3.334850605953322,2.8983898653281708,-3.045575445552619,646
-6.458,8.438,1.9324978902080876,-4.215600308406935,2.071744729448654,-4.1618741210897285,647
-4.997,11.96,2.8301805569866523,-6.177029427517042,1.1314263834250946,-6.805771177669318,648
-3.971,8.715,0.6849921061733587,-2.0976734723931414,2.7300794615043182,-1.2793341335256414,649
-1.58,3.886,-4.483889429356732,3.1953229341620344,-5.444150398801468,3.2646952215234917,650
-4.602,10.15,3.896839292261921,-3.6557186212426287,4.869502593447067,-4.960563009639533,651
-4.686,11.63,3.2821389748791083,-4.145869549739943,3.6084645284904022,-4.782173460384162,652
12.5,-2.26,6.466824205134235,-14.948472794521438,4.117695857454636,-16.260658567806036,653
1.394,2.346,-6.248608438756146,6.458549204837694,-9.63737149102559,5.076434547046868,654
-5.022,9.723,2.8369304253795966,-4.133820828426466,3.1959057344687958,-4.447562521358283,655
6.921,18.74,6.168496759150348,15.908724967014207,9.26636557715068,12.699862176517694,656
-4.278,10.89,3.6857220246532783,-3.409038599956618,4.56187682287822,-4.466679876704963,657
-2.372,4.109,-3.548941938664593,1.6405894193762678,-2.624781559537552,3.3488553110162895,658
0.2869,1.544,-4.468846647526898,3.118755761157884,-5.368183563779495,2.9244795385400932,659
6.982,2.176,-1.8176597044726985,5.1620275411719225,-3.5095395551430206,11.013988191227167,660
-5.483,6.758,0.3033089949825628,-3.0618818368798357,1.2228830351127167,-2.2529671844442207,661
16.5,10.6,11.829065473292195,7.6418153677100085,11.58539633886943,5.932296926120965,662
6.26,9.014,-3.7746933386584893,-10.644594964016067,-3.85339851243367,-3.4784334358175117,663
-0.9418,5.839,-3.649420349385418,1.661702219020738,-2.9813482270943146,3.4319817367593926,664
6.407,2.106,-9.571983186986126,1.466465357314958,-4.327362011502884,11.191126519779413,665
-1.257,7.721,-2.838950722005047,-0.6074122753029924,-1.9167536006676178,0.8050190154115839,666
-1.512,7.72,-2.178031532551922,-0.8059570159798722,-1.0127890215622406,0.8389168325464411,667
17.03,11.97,11.748904378626667,7.722093287479296,12.272931624819137,5.841745072941033,668
0.672,2.184,-5.794929353978314,6.007287684451952,-8.990086983274125,4.142520600895135,669
-2.747,9.525,0.281049089048229,-2.7393646802788836,1.5613835348380585,-1.8408513721425848,670
-8.106,9.005,2.044771464083515,-5.7340686883813,0.6316522850287932,-5.20480806197718,671
-4.904,11.13,2.8275450780132636,-4.987194355953322,2.2884247793448944,-5.172828024287971,672
12.88,-0.1535,5.985895784113727,-15.514647301662551,3.286388923097946,-15.388273542781622,673
-0.09678,5.757,-4.32727369525639,2.3029592666739362,-4.429145287107132,2.7059990707437676,674
-0.7079,4.513,-4.393577902104535,2.9512040052527326,-5.109753082822464,2.731427485088555,675
-7.802,8.424,2.267311008189045,-6.3207276430016615,0.3302097214950103,-6.154988592525275,676
7.859,2.343,-1.462292997624554,5.672167483341112,-2.3944169984566193,10.771553689579218,677
16.49,12.97,11.68832507869991,6.893220129978075,10.736594726015426,6.218168908695428,678
15.36,11.52,-5.30799993732182,-11.63296013735591,7.8861046327842255,5.964128667453973,679
-4.289,11.27,3.3177832677105292,-4.197613057125197,3.4555702699912567,-4.9444478210409,680
6.565,1.91,-9.617138712193645,1.3966203365439314,-4.084209869931839,11.38393753204748,681
-3.404,9.096,0.09291989124210906,-2.8061886396294695,1.211912800241806,-1.7858119663198309,682
-4.488,8.405,1.2767931534984929,-3.6795356836205584,1.9799695505393524,-3.000822370906623,683
-1.689,7.544,-2.4420691416522637,-1.2195109691506487,-1.3821641908394318,0.2545396629373713,684
-4.738,11.49,3.2851697518566474,-3.683114823330031,3.9917355074180145,-4.269420927425178,685
-2.24,4.86,-3.893220274235882,0.9569891724699874,-3.443220804761551,1.85170599255964,686
5.322,2.573,-9.90974792697636,2.0815988216513532,-5.178891609738968,10.400115663150995,687
-4.544,9.656,4.695145280573688,-3.9133408632165056,5.374300052095749,-5.973199194331916,688
-4.542,9.139,4.178850324366413,-3.219275292385207,5.262946177889206,-4.421349352260383,689
-2.064,6.63,-4.66620716312138,3.941263619434251,-5.929667900632523,2.25200038586065,690
-6.603,9.029,3.6671825959423408,-5.644275959957228,2.7073328985465546,-7.198089903255256,691
4.69,2.993,-9.566225855137981,2.6273106966132063,-5.554413269590042,9.350882226566522,692
6.297,2.849,-9.041316835667766,1.8488830957526106,-4.06361956460347,10.149945909122675,693
-5.899,6.94,0.42649096390994623,-2.5738044347649676,1.8370881571067352,-1.6088605579336004,694
1.708,3.082,-6.418790190007367,5.466142836582079,-8.377610634397172,5.364991361240594,695
-0.7654,3.095,-5.027350275303998,4.92351597882451,-7.4020070539223175,2.962834054569451,696
-2.941,3.997,-4.459915010716595,2.01488823033513,-4.296316574643753,2.1805026474992912,697
8.144,17.44,5.652238996241413,16.001826468479052,9.514391471315719,12.121137315372675,698
16.82,11.7,11.817468793604695,6.567210379611864,9.827347327638961,6.651714498142449,699
0.6875,5.482,-5.562808840062298,4.173954907428636,-6.807418297361038,4.6311909500162285,700
-3.37,5.255,-2.303888170506634,-0.2511500086670976,-0.8146582947479707,1.4829562995235606,701
1.033,1.43,-5.935810892369427,6.217733565341844,-9.543969582151078,4.250534707645623,702
-5.584,10.14,2.3610700680950507,-3.7777698602563006,2.832140971590378,-3.8092315849263985,703
-4.423,12.24,2.7146624638775214,-5.099708374965773,2.012864161897995,-6.056127375026496,704
1.556,0.9564,-6.490286676671185,6.401490870487108,-9.475802849362992,5.393384629825799,705
6.011,8.625,-3.5195554182788507,-11.081418808925735,-4.478716801236771,-2.6941750701864082,706
-2.756,4.425,-3.938332884099163,0.8973936770075698,-3.346271704267166,1.7396777514021082,707
7.095,18.98,6.367816598627887,15.953117552768601,9.474791099001266,13.492690736393183,708
-6.948,10.1,2.461233766291462,-5.07297306917964,1.8265297903312225,-4.993087118526252,709
7.67,2.252,-1.6173063204547542,5.475809756290331,-2.682542275022171,10.974599534610956,710
-3.735,6.779,-0.9413885758182184,-2.4403133954888445,-0.0355889455782395,-1.1114922222097234,711
-2.178,3.745,-4.2474029944202085,2.76067680455388,-5.109251450132034,2.528064543346612,712
-6.78,8.503,3.8327728821972236,-4.195780095089064,3.518730927873947,-5.14128619994715,713
16.89,11.51,11.80943218014034,6.784747305881395,10.467014838625289,6.372086221317498,714
8.068,17.39,6.272383840296588,16.11195010281743,9.499772597719527,12.815539056400507,715
7.029,8.901,-4.148733942296185,-10.790242966640578,-4.653871487210892,-3.805989092250617,716
8.353,17.59,5.796431691859088,16.237710181247607,9.921942283083297,12.293076211551874,717
-0.4071,3.441,-4.775719969060101,4.246972743045702,-6.679797123502396,3.5105666461984795,718
8.295,11.02,-5.358343927647748,-8.182511147487746,2.5971546663535614,5.707187825779168,719
0.469,3.666,-4.640026895787396,3.5670248899573225,-5.754251907895706,4.425878697971551,720
1.265,4.197,-5.491265623356976,4.896072569858446,-7.395950268338821,3.5682772937814873,721
-5.639,11.29,1.984606416437946,-5.761238392818556,0.4017330004466552,-5.276325529475959,722
-6.417,8.857,3.7319964482525214,-4.1534445848351575,3.8834214700950165,-5.13561279143885,723
12.74,-1.404,6.393326432917438,-14.807123002040969,4.444881011415817,-16.21013862456873,724
12.87,-1.883,5.885612161372028,-15.32907658480464,3.385075379778244,-15.341575926204474,725
-0.3676,5.447,-4.447605459477582,2.3778193626517194,-4.372846554349564,3.5151461902658623,726
-2.894,4.819,-3.4541185782214776,0.22094914652050923,-2.785304735730789,1.3119430821041747,727
7.624,18.4,5.180646569941364,15.680891219150437,8.993099738527633,11.504830056766718,728
-6.129,10.27,1.074944288943134,-5.961184796321974,-0.37039760811199957,-4.59455997314051,729
4.9,6.779,-1.3150418684741634,10.535513106357469,-7.246327828000687,-0.3151511606176214,730
17.13,11.81,11.664676816675984,7.701438609134569,11.830616523195602,5.731037789921014,731
-6.924,10.49,3.091095597956501,-6.4357483949547865,1.8343685163749237,-7.362106626888068,732
-6.374,10.14,3.2079719617107734,-3.8852484788781267,3.783801366258957,-4.6513336357076485,733
-3.004,5.52,-2.819895832326092,-0.02028983496485759,-1.5177145705925446,1.3513016062441452,734
8.134,10.77,-5.313456384923138,-8.273505982387649,2.3908188833488007,5.528254205326287,735
6.761,18.31,6.513515145991168,16.171031180393115,9.362515975405074,13.734456712345331,736
5.004,2.755,-9.88066086032597,2.420085254680528,-5.850591133664749,9.91906994018957,737
16.07,12.16,-5.447273580815472,-11.764740761745559,8.498807479311324,6.197281533817498,738
-7.327,9.527,2.6360887601116523,-4.6047947969323255,2.501318980623581,-5.015783136745246,739
-0.3659,6.561,-4.205423204686322,1.3026514086836714,-3.262995909284256,2.9874550643961113,740
16.33,10.37,11.999799878809773,7.293500128757372,11.538059760500289,6.637221509556023,741
1.658,5.235,-7.181433527257123,3.779184523593797,-6.091565083097122,6.5275227371256035,742
-5.37,7.716,0.035778039608321904,-2.9268336858636004,1.0712292684806366,-1.914927547832282,743
0.04172,2.423,-5.347510664250531,4.804500761997118,-7.687313030789993,4.0287060085336845,744
16.85,11.86,11.949450643275105,6.73454588986577,10.595714141298629,6.7598659339945,745
-4.936,10.12,4.298913629267536,-3.6912782754784685,5.086196948458054,-5.452608889003547,746
-4.663,11.68,1.9407723262050969,-5.088323887813673,1.3675821317924042,-4.9127095397909,747
-4.496,9.819,4.452955873225055,-3.0098698701745135,5.84725861685405,-4.617561643977912,748
-6.588,9.579,2.292279155466877,-5.280320462215529,1.6168959631217499,-5.385327642818244,749
-0.102,1.892,-3.8678384707233087,3.325728598606004,-4.77174420220723,3.5240010562936943,750
-5.562,10.57,3.9666153504589423,-4.1538575258141615,4.228164245058395,-5.174980944057258,751
-8.197,8.825,2.521137387965046,-6.446129616726027,0.4956962360633392,-6.99685317840174,752
-1.781,7.264,-2.467664806630291,-0.7758548822289567,-1.3408455358253937,0.5877776685754939,753
-0.7384,7.174,-3.1231878683826104,-0.28197085522471477,-2.3965701566444855,1.2233536634246989,754
16.53,12.31,11.912041814539753,6.609746638309374,10.107569266725875,6.819927865604607,755
-5.744,8.706,3.1420289590099677,-6.3097227182274915,1.4113810552848358,-6.88704044189051,756
-4.331,10.18,4.377952726099811,-3.0630710687523943,5.668392707277634,-4.4216654952962715,757
16.01,10.28,11.33150020382198,6.732456389438524,10.30048136847148,5.684831315616814,758
-4.062,8.433,0.9032262279728277,-2.3203962411767107,2.7289627088798065,-1.5922084506948309,759
-3.151,6.999,-1.1314948485156673,-0.8777530755883317,0.32845484154353327,0.39977192316457466,760
8.311,18.83,6.25859466335567,15.80106848813237,9.033594657350875,13.377580339054315,761
15.07,-0.7617,6.1126762940624575,-16.03227311037837,2.3283472551597137,-15.729393309016974,762
-0.5234,2.863,-5.891719190861859,4.4816216859930895,-7.174166153501175,4.728965455631463,763
-1.749,8.423,-1.702307669903912,-1.2177062597161394,-0.17280265254845434,0.2699794117014094,764
-2.062,3.439,-4.093846647526898,3.0664944086188215,-4.742769669126175,3.2465190235178154,765
13.23,-2.003,6.939774663660846,-15.449874695766555,3.612097789217331,-17.097381895442755,766
15.71,13.31,11.53240123531612,7.215161505710497,11.237511207033492,5.733287984470574,767
-4.693,9.321,4.231721074793659,-3.722338971126662,4.794900466371872,-5.478050058742316,768
12.29,-1.899,6.403801591608844,-15.193220910060989,3.747326184679367,-15.801836317439825,769
7.427,19.06,6.104820401881061,16.563065711032763,10.599572707582809,12.92110508118078,770
17.13,11.76,11.992108495447956,6.828754130374803,10.601315070558883,6.6992289367716,771
1.209,0.791,-5.7881320402881284,7.0865270528906725,-10.5035423742043,4.136924201587884,772
-4.464,5.288,-1.9105063364764827,-1.8165264692193133,-0.8178835020767671,-0.21276993121698662,773
-4.252,11.2,3.5965460850933417,-3.378041800487624,4.521966983248093,-3.93376142348841,774
-0.7238,2.422,-5.05146106937138,4.753289881717577,-7.373079250882767,3.517138177494256,775
-4.162,10.1,4.317186029169879,-3.139970358837233,5.530417491365768,-4.944776361842902,776
-1.808,6.416,-2.882407514836468,0.15977880693615865,-1.8366436467873077,1.5897735003034754,777
-6.652,8.256,2.8448344781139716,-3.499913510311232,3.717167188097336,-3.7760255989034492,778
-7.419,10.76,3.7584530427196845,-4.518149670589552,3.619853784014084,-5.8096941169698555,779
-0.1647,2.763,-5.0152462408801695,5.282602969180956,-7.877618263791702,2.8382309022943657,780
-7.349,8.765,2.1143814637401923,-6.584549721706495,0.126596723367073,-6.305103605647834,781
-1.903,3.43,-5.055782644536175,3.0681123170966047,-5.083648632596634,4.51661437187597,782
-6.223,10.75,2.5578307225445136,-6.418350514400587,0.5926681055320281,-6.535880869289191,783
12.58,-2.004,6.567805440638385,-15.861065682399856,2.6125853552115936,-16.316734617610724,784
1.648,5.656,-7.573947279240765,3.4463533792609113,-5.255949448178909,6.883493119816033,785
-1.514,4.164,-4.541638700749554,2.287612739574327,-3.9703404412971954,4.197643691639153,786
-1.355,4.566,-4.089605181004681,2.5376297865027326,-4.285688351224564,3.6402522865335625,787
1.506,5.14,-6.5530246184131284,3.8518738184088606,-6.207585285733841,5.639372521976678,788
16.61,12.84,11.730776937220417,6.661942187320604,10.198803473879195,6.2283236328165215,789
-5.757,8.142,2.3546890332439765,-3.1823382940178973,3.3586402429832,-3.164295500179084,790
-3.264,7.145,-0.8907716558238642,-1.5894277658349139,0.6761385096801299,0.16718536053106026,791
1.615,1.866,-5.9463046477100034,6.123131457340135,-9.255643318723344,4.446022206882684,792
-2.697,8.578,0.06835093117149901,-2.804607209194289,1.1115063919318695,-1.7791388687093572,793
-6.874,7.494,1.0077231242397648,-3.9999936189538103,1.1410476459754486,-3.2125008758504707,794
-4.862,10.54,4.4555975510815005,-3.31531721018611,5.551701117922165,-5.303357904811652,795
-2.703,8.258,0.08012515633197856,-1.5418365564232928,1.9641953005088348,-0.18095988597467705,796
-7.191,9.158,2.83265701076778,-5.762377079952345,1.231547523905136,-6.176098173518928,797
-5.72,11.2,2.1157316281536445,-3.7362168397790056,2.459474374224045,-3.7587059196431953,798
15.85,13.24,11.355427892420613,7.42870682812871,11.254557181764937,5.420849973301141,799
-6.213,11.12,2.285403878901325,-6.348229226101027,0.4034967912925262,-6.379802053828986,800
6.971,8.345,0.010792942259631871,11.430792990695847,-5.460850189756058,-3.1274173912008125,801
-4.752,9.045,1.530874521944843,-5.321232613552199,1.2774861349357147,-4.81615478362635,802
-1.672,8.023,-1.858265726353802,-1.6019697751885515,-0.5731728182541352,-0.3754363712270574,803
7.263,9.037,-4.1602166579028745,-10.737665947902785,-4.498657654355667,-3.8198617156942207,804
12.55,-0.7491,6.421642453883014,-14.974373635280715,4.13334088461528,-15.991501158138067,805
16.32,12.27,11.416283757899128,6.709280673038378,9.988476325441695,6.09369915161535,806
-5.447,9.997,1.4735162570217473,-3.878818806636916,1.8272028459800262,-3.1959293540914375,807
4.799,5.602,-1.4796753809711116,10.089840117465867,-7.942464302610062,0.5540129486124201,808
-5.936,9.434,4.626117856715045,-4.1620128717309095,4.962896872927048,-6.091982191463264,809
-1.696,5.278,-3.8350318358203546,0.7524532411211867,-2.887305687497757,1.746481085161416,810
-0.01289,5.586,-4.053247301366009,3.025690737735643,-4.551583717893265,3.9565855804483574,811
5.319,7.832,-0.8140822932979243,11.867442313205613,-5.201843212674759,-1.8970452007253484,812
-6.884,10.33,3.638613851282917,-4.122598465908156,3.7025585665000458,-5.172188108821662,813
-5.489,6.815,0.17882809928449225,-2.6169345941430193,1.5128486646903534,-1.5234153922994451,814
-7.277,8.856,3.4785529687145575,-4.76856165789424,3.106409598757126,-5.597239321132453,815
-6.606,11.77,3.5316375806072577,-5.008148964870558,3.2622647775901337,-6.272138422389777,816
-6.528,9.456,2.260555179331623,-5.475258645046339,1.1415555967582245,-5.5200565513570625,817
7.379,9.249,-4.125354139592328,-10.603449639309035,-4.290198277066849,-4.0582292732198555,818
-5.642,8.062,1.0339972688892705,-3.800741013515578,1.6176351799262543,-3.200186556239875,819
-0.5767,5.854,-4.234581796910443,1.5656861696356672,-4.064784954618118,2.4356759134332817,820
-5.442,8.297,1.3906392171123845,-3.8651908006554705,1.9739017977012177,-3.305603330989631,821
7.222,8.987,-4.512114374425091,-11.002664383876906,-4.505444477628372,-4.1739824470479805,822
-6.49,9.131,4.486436517451129,-4.305860814083204,4.620046187807419,-6.215304201503547,823
5.218,7.333,-1.0034624026080745,11.370714369785203,-6.129549454282425,-1.2548471149404363,824
-5.462,11.85,2.5792872025707587,-5.358741578090773,1.6500213636649628,-5.883532827754768,825
11.34,0.6813,-1.9941142485400813,6.62685078717412,-3.0972423063026886,-6.992264097591193,826
4.99,6.383,-1.404413072850384,10.384277525913133,-7.4924683080421906,0.05276828442022041,827
4.779,5.54,-1.474133817937054,10.110560599338426,-7.865851353238724,0.5447028223077937,828
5.13,6.888,-1.173347799565472,11.130073729526414,-6.481165360044144,-0.7962594684560613,829
0.8702,6.104,-4.719616739537396,1.729592147838487,-4.205101917813919,2.925939375499932,830
-4.927,11.15,3.1204456402996406,-6.19818812273799,1.637768913675644,-7.353196447749885,831
-2.229,7.822,-2.013603060033001,-1.8497660722619158,-0.9255235896812898,-0.44326156940058037,832
1.794,1.666,-6.21158298709599,6.867675486575975,-10.379516075681352,4.8596808258096855,833
-4.111,11.92,2.3215653016308173,-6.062607106197462,0.7217229499114531,-5.816925352474006,834
-6.048,11.87,2.4715050770977363,-4.934688385952101,2.0062401785148163,-5.002036398311408,835
-4.045,9.084,4.008044631693683,-2.9795256223565203,5.378666926790573,-4.043740099330695,836
-4.511,10.04,4.291960866663776,-3.001194771755324,5.753747035433151,-4.374773329158576,837
1.834,2.011,-5.712046949650921,6.052866641055956,-9.257334183286332,3.8878604713480156,838
-0.6227,3.267,-4.672166197087445,4.352090064060106,-6.886980007718704,2.864552909473626,839
12.67,-1.902,6.674440057490192,-15.807545479763137,2.637575436998703,-16.623817747493536,840
-5.7,8.211,2.014278800700031,-5.965754803646193,1.4785982860816498,-5.788366144557746,841
7.821,18.91,5.859693677637897,16.45144385434331,10.340005446840621,12.435784036258905,842
-7.462,8.409,2.063150794718586,-5.5099180307274915,1.0872138036979218,-5.287676638026984,843
-3.467,7.214,-1.0457651303073543,-1.7660782899743181,0.15290804641375727,-0.31644172038629814,844
-6.044,7.289,0.6414656951168402,-3.1545134153252703,1.6386325849784393,-2.3869465049703438,845
14.3,12.36,-3.8870170996448175,11.205543700229539,8.643043090273238,5.029000455478875,846
-2.612,7.782,-0.8128578350803034,-1.5672052469140154,0.6261049403441924,0.014867598156182327,847
5.722,7.949,-0.7224823520442621,11.86554831601323,-5.542675446103714,-1.9716630634267645,848
12.55,-1.702,6.196462781641803,-15.188062485683547,3.686833192278244,-15.514118498225958,849
4.516,3.097,-9.595932810094036,2.8962537679785627,-6.006934593747757,9.103411370853632,850
-3.27,5.495,-1.8981455252429622,0.26675741709412526,-0.4868315563904267,2.4617121759454887,851
0.09098,4.363,-5.2158735678455015,4.326473179828539,-6.9084085927711945,4.094594413379876,852
4.982,5.921,-1.3911555693408626,10.277045432102097,-7.73113722665181,0.24692028198644356,853
-5.055,10.61,4.234516771052204,-4.405647095668898,4.465906669069626,-6.2738760169942696,854
-6.413,10.33,3.148875148508869,-5.271662053096876,2.63956384794841,-5.75898057784632,855
17.09,11.4,12.025141866419636,6.82805174924077,10.95267920630107,6.875744039158074,856
4.761,2.908,-9.761656610753215,2.675680581104173,-6.000077675412796,9.700438195804804,857
16.5,13.05,11.962809713099324,6.851410571109667,10.711702872682906,6.888981515506951,858
5.915,7.173,-0.3351986394187586,11.041598502170457,-6.912761162351273,-1.9052284416158514,859
-5.758,6.634,-0.6378549621364252,-2.8140338029748064,0.035333067793943344,-1.8278248962362127,860
-6.908,10.78,4.151943357203327,-5.313010510433302,3.1847737325919647,-7.281713789363654,861
16.51,11.03,11.291783483240925,6.923799220096483,10.565733481813766,5.512453729252068,862
-4.3,11.16,2.488000781748615,-3.742027577388869,2.9447882665885468,-3.791898554225715,863
-5.202,7.858,0.16070434219034743,-2.8127477731591326,1.2434366239799042,-1.8607571777303533,864
-5.179,10.45,4.204027326319538,-4.208540734279738,3.9177232279075165,-5.634372537990363,865
-6.268,11.51,3.0983318402508124,-5.5310657586938,2.0639937414420624,-6.244000738521369,866
1.446,0.9296,-5.822939722325482,6.333354655277147,-9.597434471677445,4.157038623432366,867
-0.1334,2.562,-5.049329607274212,5.3983275327795885,-8.173978279660844,2.8678826633493584,868
16.54,10.72,11.383542211268269,6.488877955448046,9.902550269533492,6.1273128334085625,869
1.023,2.328,-5.890720217015423,6.15629881955327,-9.122528503965043,4.271390611271111,870
-1.309,4.939,-5.370226232793011,2.8401181135291,-4.804311703275345,4.591339522937981,871
-6.667,10.11,3.3285991265514716,-4.65672379397212,2.877999831606247,-5.5044878181417305,872
-7.412,10.27,3.6476484849193915,-5.042992886531935,3.0156775011313934,-6.02081615295008,873
-0.07806,5.855,-4.897498457219281,2.9618517789954084,-5.654123257230423,2.665215307811944,874
6.009,8.852,-3.3949030325671807,-10.745252427089797,-3.7219039903389435,-2.694264238734992,875
1.586,4.701,-6.535526125218548,4.338515940677538,-7.195486973355911,5.927635366062371,876
-2.594,8.426,-0.4245044873019831,-2.203251656520949,0.8486336364043731,-0.7876210864980535,877
-1.232,6.839,-2.9955819533130303,-0.44578486346064616,-2.1928488717781525,1.0346669796507044,878
-1.259,6.036,-3.0426596091052667,1.6236311826819319,-2.256617497037552,3.452448779682366,879
-1.364,4.223,-4.102144567753949,2.453554574024095,-4.1514625058876495,4.009893352131097,880
17.06,11.33,11.933750303004109,7.671118441593065,11.831549216677047,6.221872026066033,881
5.869,3.054,-9.090752451207317,2.0630655918234724,-4.364393185208939,9.557971650699823,882
-1.82,5.333,-3.670674650456585,2.3387728366965193,-4.27405543191304,2.784860307316033,883
14.55,12.53,10.845583112452351,6.952783289920702,9.903407622743941,5.061656409839837,884
-3.827,7.531,-0.48224213578907416,-2.545652207363234,0.5894612564338225,-1.2134333309133367,885
6.388,8.814,-3.704825727727093,-10.925638016689406,-4.237740944455765,-3.28196698989466,886
-0.507,6.752,-3.838009922291912,1.0927748713606733,-3.1036979661690216,2.676471764187066,887
5.314,6.847,-0.8010399625560419,10.95049876309575,-6.9184183583961945,-1.0614219364126043,888
0.6344,5.084,-4.506620256688275,4.388770285617723,-6.494889210294388,2.339209789375512,889
-4.557,5.487,-0.684603183056988,-1.1331629123574358,1.1338563455832977,0.5219126287500544,890
17.09,11.41,11.669875295374714,7.41135949231328,11.498544265199996,5.885362321476189,891
-5.26,11.41,3.1951035573223456,-4.295436200130568,3.3862672342551727,-5.079099005122932,892
-4.241,6.581,-0.6626596138736384,-1.4586798515206438,1.0489135278953094,-0.02317995395258232,893
-6.284,8.198,2.404354484293781,-3.600825604427443,3.04534940855632,-3.6791303810079414,894
-0.8938,5.616,-3.8370040343066827,0.42354581094922017,-3.390303801129959,1.1451689842741175,895
15.08,-0.7257,5.9710136964062075,-15.621102150905715,3.082855273653366,-15.647442167659552,896
5.361,7.47,-0.7762572453281061,11.394576254856004,-6.134202908109329,-1.5022230800588445,897
3.066,2.987,-7.7332309172412534,4.071347418796434,-6.592245529721878,7.13605755005285,898
14.03,5.753,-6.294538347508587,-12.804448899257766,-1.5918281779991608,-8.37966567840174,899
1.162,3.624,-5.507171957280316,5.488548460971727,-8.310555885862016,3.7470571342508476,900
7.591,18.59,6.292283208582721,15.742746535312547,9.143989135195113,13.586261445621698,901
-2.631,8.477,-0.7886185333987848,-1.8025036420708758,0.68707041876445,-0.3803137000997381,902
5.196,7.308,-0.9563681767245905,11.453061285983933,-6.0399159894691925,-1.4716709312398748,903
-4.862,11.22,2.2284044339397773,-5.3323925104027845,1.4424185051215668,-5.385221784969123,904
-6.976,9.097,1.4184463336208684,-4.72961836718379,1.392351318765976,-4.465285604854377,905
15.61,10.94,-5.413663236882367,-11.734334763515578,8.299542952944137,5.9126169029276054,906
-2.897,4.09,-3.9825585768481866,1.2180807027930158,-3.3411058889137726,2.0626076403658073,907
-0.2532,3.228,-5.3440707609912534,5.111948672305956,-7.861582706998489,3.841782504657952,908
0.2154,5.937,-4.6221259520312925,1.5323813591116804,-3.649836491178177,3.570427352527825,909
-2.409,7.385,-2.4480570242663995,-1.3808131780511004,-1.51793606145253,-0.06326336230829521,910
-0.7149,3.156,-5.645893900181927,4.1223217878455065,-6.6523804174171906,4.473365241626946,911
12.7,-0.8906,6.257557542536579,-15.023129281032668,4.213063289095261,-15.914194410701544,912
0.7189,4.464,-4.4084347174426695,4.928690615665331,-7.0067386136757355,1.860119158367364,913
-6.679,10.74,1.4785943343380314,-4.338804539669142,1.3900710834754486,-3.975008791347297,914
12.98,-0.2506,6.1093875481823305,-15.839438256252395,2.6653516783011932,-15.568680113216192,915
-4.6,12.4,3.529887111399494,-5.890560921657667,2.5987062944663544,-7.109822576900275,916
-5.004,9.545,4.59886852047237,-3.3597777452355486,5.689263392855026,-5.2619527038534,917
1.491,2.676,-5.966149656560101,6.159953776370897,-9.254541824887895,4.311096603016106,918
-5.928,11.89,2.3648563935497626,-4.363899048793898,2.346245337892868,-4.5256999191243965,919
1.648,4.791,-7.439022390629925,3.6664282713049787,-5.700588177274368,6.6611663642923515,920
-1.437,3.063,-4.349130480076947,3.708933058750047,-6.025620411466263,2.7423052135507744,921
-0.3436,5.849,-4.234826891209759,1.6012114915961164,-3.8730501638161163,2.298665458301751,922
16.44,12.61,11.41111675045284,6.579903307926073,9.930871535707809,5.9588405433695,923
-0.6467,3.076,-4.661383955266156,4.020720187198534,-6.332382153104446,3.562225276569573,924
-2.363,5.091,-3.165716497685589,0.7722840938681502,-2.1676697240578156,2.210595184902398,925
-0.7084,6.221,-3.982258646275677,0.8856201503390212,-3.2624012933479767,1.8419024292032404,926
6.04,2.277,-9.79966720798222,1.7732597026938337,-4.979752491544388,10.955021554569452,927
7.883,2.376,-1.5258537218829769,5.713150683414354,-2.3347675309883575,10.738035852054804,928
-5.79,8.511,2.3605231358745917,-6.572146233547316,0.5664486183417815,-6.430010622401984,929
-1.74,4.703,-3.8545015738269464,3.052513781558885,-4.511363457273148,4.144905978779046,930
-1.266,4.933,-4.38957199313847,1.9912915859335798,-4.478589962552689,2.1071844640772026,931
0.02291,5.711,-4.799571363713421,3.614006939899339,-5.7268385396706085,3.4455477539102715,932
-5.494,8.197,3.0944439484814033,-3.761458214748488,3.8077073587668915,-4.292543714900764,933
-5.097,6.209,-0.5462533519527094,-1.5679557886010271,1.348882843424179,-0.1812024768789129,934
1.775,2.256,-5.87793287494389,6.917148772251024,-10.027429054807328,4.206968719104974,935
7.11,9.157,-4.067730753209271,-10.496161278713332,-4.11802573068013,-4.036731069942268,936
-4.797,10.59,2.965335281107746,-6.4683788385277845,1.4648442758811493,-7.18036205138758,937
6.013,2.582,-9.463207094456829,1.8805747661703962,-4.555550049375198,10.505121881107538,938
-3.696,5.33,-1.785868732716717,-0.1408901777154069,0.0064693602366227496,1.703071558813302,939
0.7907,1.663,-5.811134187962689,6.88856429196538,-10.131054352353715,4.116661244968621,940
-4.415,5.974,-0.7324931309482233,-2.0736065473443133,0.2205741895926971,-0.494471496005805,941
-4.251,5.648,-2.037446348454632,-2.1688805189019305,-1.5567019687401276,-0.6806100067098455,942
-5.163,7.412,-0.10418073692528176,-3.7081826295739275,-0.2553056137072068,-2.588031595607551,943
-5.423,11.97,3.846821696970783,-4.846453484523878,3.3682921423209686,-6.541601007838996,944
0.5672,4.091,-3.8168240473529473,3.248148385059251,-4.481100987027786,4.092950278858392,945
1.804,1.214,-6.6436007902881284,6.68497485257329,-10.043038796018266,5.519098931888787,946
0.4344,2.633,-5.260286657597699,4.5155383978003405,-7.353108357022903,3.8496238533060234,947
-3.123,7.865,-0.3093386576434748,-2.2138283815270525,1.1465803875220795,-0.9631860908468084,948
-1.255,4.453,-5.099591104771771,2.840365353595628,-5.393485020230911,3.079652244190423,949
5.69,8.638,-3.324544517781414,-10.871187027919875,-4.339148472379349,-2.125498360057624,950
-7.317,9.161,3.8048113896587714,-5.775045689571486,2.3349121107352753,-6.755320852657111,951
7.549,2.269,-1.5473662302753108,5.509094897281542,-2.726581762860916,10.977662736515253,952
-5.501,10.79,3.04492941639217,-5.11084681414424,2.5763841165793915,-5.60593110885218,953
5.527,7.288,-0.8375219390651362,11.49976462460698,-6.017292450498245,-1.6819370445211248,954
-4.9,6.071,-0.5240265414973871,-3.0615177717095476,-0.1557451294170838,-1.895124023814948,955
7.084,9.518,-4.037211267735638,-10.050986107814895,-3.313140581678055,-4.48370153274134,956
6.093,7.162,-0.18040528753010202,11.25749510861577,-6.993723343442581,-1.3969240840871648,957
-2.377,8.06,-1.8233633921405452,-1.741823729503737,-0.6427573667274934,-0.20715076293543144,958
-4.507,5.46,-1.922876207616009,-2.340294417369948,-1.1537975774513702,-1.153248613734992,959
16.33,11.08,11.545361669276081,6.684028807651415,10.2300363077415,6.125086480716912,960
5.288,7.744,-0.9438053057452814,11.712229910861863,-5.656070183347366,-1.5404704269368963,961
-7.118,10.51,2.142358691904865,-5.485112484920607,0.9906907572043914,-5.379362886806281,962
15.6,12.94,-5.458350031163373,-11.776213463771926,8.363083411623336,5.905602151493279,963
-0.1143,5.728,-3.346418707158245,2.3401662740820783,-3.649165342878006,3.7051538768808525,964
12.36,-1.574,6.206211717341266,-14.940719422329055,4.274994422365524,-15.681021040340216,965
0.4726,5.677,-4.865703432347455,3.964280787479295,-6.390441368650101,2.962788158992974,966
-7.684,9.18,2.1519159390667304,-4.451484974849806,1.9214996589911957,-4.686020677943977,967
-2.855,7.953,-0.6699911639949457,-2.250328358638869,0.8018838061584014,-1.02254897918299,968
13.56,-1.164,6.946510942194782,-15.57820397280513,3.0439205660117645,-16.574106520076544,969
-0.9848,3.34,-5.355891077305951,3.365262213718309,-5.8650855527626495,3.7650384250681084,970
-6.761,9.345,3.3764108731487616,-5.890818413723097,1.8840721143973846,-6.747047727962287,971
12.6,-2.477,6.68432822963985,-15.445987519252883,3.5410914911521454,-16.24631721343592,972
1.348,2.591,-6.62660345294682,5.290428820621385,-8.064820717404984,5.791366750339715,973
-2.709,9.633,0.6597599103191717,-2.877574976909743,1.5802461399329681,-1.9849095996816473,974
7.068,18.74,6.006314428065143,15.878399077426804,9.302924682070113,12.470369989017694,975
-2.527,4.184,-3.355841247822918,1.7348989877814192,-2.888763617108963,3.455444032291619,976
-6.484,10.8,2.250383289072834,-3.8364036645775896,2.5671346678031464,-3.7650192436178047,977
11.66,0.4663,-2.0055080340167657,6.777696314823046,4.423913051058151,-1.8104534801442937,978
14.56,12.06,-3.8865869925281182,11.20705622769536,8.645142127443648,5.082747394184319,979
5.863,2.836,-9.34884819247929,2.0605209503287214,-4.558044861386917,10.05027931366369,980
0.7903,4.361,-4.402432768132367,4.971847239505663,-7.038186024259232,1.5890836957494898,981
-5.5,8.16,2.0539447381237372,-4.227614697445021,2.0570898546470184,-4.464715307613166,982
-7.337,10.77,2.13922873279842,-6.418331917751417,0.11829384105334467,-5.957832640071662,983
-4.042,5.359,-1.7270012781879085,-1.0487642850762469,-0.12481052739491277,0.8009744230310603,984
13.18,-1.77,6.192235143397174,-15.700083550441848,3.0727262987388153,-15.70257598723963,985
-1.568,3.262,-4.855950681950726,3.3477370176428694,-5.897811363767288,2.8609474245111626,986
10.61,1.514,-7.907388536717572,9.51402014828862,-3.650020311902664,-7.372983282466682,987
-3.62,5.507,-2.14207705714909,-0.828466590870009,-0.9509939656959993,1.0983396414320155,988
7.025,18.98,5.84630504390987,16.47124594784917,10.445946265627242,12.377481156925409,989
-5.309,6.945,-0.36826336243359015,-2.391485985744582,1.000796963144638,-1.1111684497793035,990
3.684,3.682,-8.727875559117473,3.2678591642493147,-5.880849312375687,8.14217441711828,991
15.13,-0.7829,6.996821553919635,-15.602141198146926,2.721008349825241,-16.874658888240607,992
-6.57,9.612,2.4268609597423896,-3.4474146928673846,3.3910179628623505,-3.321866815944465,993
11.56,0.5384,-2.006983129765667,6.773935023319139,4.423244048525192,-1.916221207042487,994
1.317,2.121,-5.065374700810589,5.304358187686815,-7.9758033262001495,3.1814765277902763,995
1.721,0.8611,-6.618454782750287,6.812483969699755,-10.404205750058793,5.249731237034051,996
-1.33,4.744,-4.598193971898236,2.0380321178549665,-4.741686295102737,1.8576895538370295,997
16.61,12.11,11.329043538782917,7.025607768070116,10.872721244264937,5.365576440433709,998
5.189,7.836,-1.151907174374737,11.69346636868657,-5.335794876645706,-1.2420869525869207,999
-7.021,11.23,1.891143830035053,-6.77646952532588,-0.3251320229279023,-6.127795046230109,1000
-2.743,5.451,-2.938555805470623,0.8299774263018508,-1.9988009439217072,2.4629170242349785,1001
-7.083,8.411,3.299540670130573,-5.046727475154982,2.1194732679618378,-5.24794132079676,1002
0.9025,2.353,-5.796581594731488,5.625755969058885,-8.56662888390889,4.346375877002923,1003
1.282,4.641,-6.508366911198773,3.9156200323218244,-6.4469594465004425,5.681842500309197,1004
-4.628,11.95,3.0943535878399238,-5.764600094783888,1.6517344011558075,-6.18631440963343,1005
5.226,6.869,-0.813064126755871,11.083183470737351,-6.698594044278763,-1.2656443771322088,1006
16.59,11.86,11.392577321741902,6.9220630560034655,10.489661742616988,5.907355004886834,1007
-5.652,9.384,4.695870073054157,-4.092482861507521,4.991371203829147,-6.264881914516242,1008
-5.267,10.61,0.7485771491268499,-3.1810706224328142,1.8974155678046722,-2.8007758315999824,1009
8.41,18.03,5.606124074671588,16.223232451450244,9.978199531008102,12.048431092838495,1010
0.02302,5.89,-4.962165205266156,2.609305087100877,-4.816235493253372,3.2536231819193047,1011
1.49,2.843,-6.49713453510014,6.04030818082036,-8.948669861386918,5.37609022293493,1012
-2.294,5.651,-3.0814493582507745,1.1618403825873274,-1.986012290547989,3.3857213798563164,1013
0.119,3.688,-4.794103948857464,4.225440922748461,-6.671976994107864,3.4065577331583183,1014
-1.862,4.466,-4.463703005101361,2.0324904356116194,-4.534932564328812,1.8469746652643366,1015
-6.526,8.352,2.5300811841228827,-5.070939358699904,1.9919064535392303,-5.373897379298957,1016
7.119,9.431,-4.100900976445355,-10.188530739772903,-3.623143147061966,-4.293934648891242,1017
-4.503,10.89,1.4787580086925847,-4.476344403255568,1.4877992166770477,-4.036148374934943,1018
-6.037,9.263,4.415390641901813,-4.196763810146437,4.653399993349411,-5.880127733608039,1019
-1.53,4.855,-4.160973398472943,1.2709131274336714,-3.413156221936844,2.6956449094812553,1020
-7.901,9.858,2.9051906182506904,-5.323124703395949,2.206655312944748,-6.154567545314582,1021
5.148,6.021,-1.2768637821933406,10.40634650326909,-7.468321274350784,-0.4268365558584051,1022
-6.233,9.314,3.6283828332165107,-4.931346711147413,3.2980316175712128,-5.819897001643928,1023
-0.7161,6.672,-3.9566753790637628,0.9026041362399001,-3.1055292592751007,2.152378791908471,1024
-0.289,4.441,-5.889498083378949,3.7873308096045393,-5.9226417051063995,5.060023242572991,1025
-2.571,7.755,-0.927166430737652,-2.229912337291823,0.28908427493701166,-0.6676583942373113,1026
-6.783,8.672,2.5829209401348456,-6.423161801326857,0.5951127900374907,-6.976094549556525,1027
6.501,1.932,-9.606200067784465,1.3770599398726362,-4.291763256620071,11.418755227665155,1028
-4.27,6.573,-0.8983509228488581,-2.7355378236657244,-0.5115855739819032,-1.305528944392951,1029
-6.418,11.94,2.7311774804333075,-5.766886528957472,1.6205825104011078,-6.301756208797248,1030
10.45,1.543,-7.9053572104236265,9.52034682370366,-3.6321751580940704,-7.10652286376551,1031
8.209,18.92,6.169132383082233,16.513880911838427,10.508406211305953,13.183088952640741,1032
7.904,18.23,5.22378888866695,15.736020270358933,9.12762980597148,11.466557199100702,1033
-7.126,9.641,3.6175700738170966,-4.465501603115187,3.3217621340049286,-5.080942457576545,1034
-2.524,8.654,-0.6513572023173945,-2.781146821010695,0.294533569980957,-1.7178922351796941,1035
-3.571,4.61,-2.675700275685467,0.6045611236208815,-1.3081466661201935,2.545543367008416,1036
7.262,8.712,-4.637461511876263,-11.099079903591262,-4.892683456967972,-3.88480598296717,1037
13,-0.7233,6.529936464045368,-14.902044114101516,4.2552733911765594,-16.268408125301153,1038
5.389,6.85,-0.7685986445209162,11.053940955173386,-6.8142642484413605,-1.3194928821523504,1039
-7.088,9.184,3.210983426783405,-5.279784497249708,2.010643292833664,-5.509882753749641,1040
16.52,11.25,11.31419006130489,7.000105086337938,10.694837142397262,5.705458337406365,1041
5.884,8.127,-0.806647209908642,11.782926741611375,-5.253285358976028,-2.216591184993537,1042
-2.455,7.947,-0.5648764655849116,-1.5198469724541765,1.260538984705307,0.056543523411004104,1043
0.5726,2.726,-5.123360006596722,5.148885909091844,-7.879596184323929,3.487236196140496,1044
-6.839,10.94,3.7848245217541083,-3.5730178918725115,4.513944198061325,-4.761193102260383,1045
-1.083,3.663,-4.880297987248578,3.631167117130174,-6.1389832006203156,3.015868121723382,1046
-1.882,3.176,-4.207039205815472,3.1063944730872053,-5.380706738065384,2.296705478767602,1047
1.005,0.8307,-5.795607416417279,7.083232584964647,-10.561264465879106,4.034914666752068,1048
15.04,-0.8075,6.2209292962292055,-15.904913720119582,2.675952245165207,-15.68672019805506,1049
13.04,-2.159,6.495272309992633,-14.87806969546138,4.320314933229782,-16.169580763240607,1050
-2.729,6.075,-2.717589227940716,-0.30555903576670695,-1.6661878333794098,1.0681434813539668,1051
1.202,5.692,-7.4427669928332945,3.502561274539842,-5.222580860685013,6.3894235435526054,1052
3.153,3.152,-7.759264318730511,4.04505557156743,-6.485878418515823,7.345899278263299,1053
0.083,3.473,-5.070033876683392,4.371367398273363,-6.862483929227493,4.147790605167596,1054
-6.158,8.853,2.431183965418659,-6.634531792629347,0.4617744578612823,-6.7106974777181465,1055
-1.737,6.388,-3.283080427434124,0.015300962697877396,-2.358381937574051,1.2415657136242075,1056
-6.965,9.813,4.40528074047359,-5.015144642818556,4.094664622713425,-7.0265896972616035,1057
16.81,12.46,12.101541669581257,6.859184447299852,10.62611727850566,7.01254623566076,1058
-5.451,11.39,3.413429172251545,-5.519617375362501,2.522575904299118,-6.443873709102424,1059
-6.694,11.02,2.2186087681988105,-4.486489113796339,2.1584809316886444,-4.594016855617316,1060
-0.5573,3.832,-7.048498956944623,3.7226526174658674,-5.844701717923782,6.27677791748449,1061
0.898,2.168,-5.83564361789433,6.7595641050452135,-9.99309487206807,4.184611970524041,1062
-3.548,4.543,-3.624975292470135,-0.06166052483378459,-2.858332584928177,0.733761781791894,1063
0.02596,4.611,-5.65436634280888,3.4601878557318586,-5.752570580075882,4.519636565784661,1064
-7.328,10.8,2.9033674313763007,-5.339442547786818,2.2148049368155975,-5.875570600887092,1065
6.884,18.33,6.385126741144977,15.781899634372605,9.165807296205855,13.574217492679804,1066
-4.471,6.264,-0.7143824980518,-1.6261835660821062,0.9738869561446685,-0.026572054286749802,1067
-6.364,7.28,1.1074172570446355,-3.815532979000197,1.3824257148993988,-3.179244345088752,1068
-0.5648,5.915,-4.4783647940417906,1.1065489087218183,-4.237538765500687,1.124296838382928,1069
5.604,2.39,-9.898486940648235,1.8660447034949201,-5.18121046883931,10.784714395145624,1070
11.57,0.532,-2.011324016835369,6.779722872745409,4.4171529306663055,-1.814919060130866,1071
-4.84,7.196,1.447870404932819,-3.128584918010817,2.660064031053879,-2.5465837177236397,1072
8.322,18.9,6.260697992060504,16.42164820767583,10.317694236208297,13.110993081669061,1073
-0.895,2.523,-5.017210809971966,5.128374758731737,-7.563988636563919,2.8163006845514458,1074
1.3,4.453,-6.4117706702014585,4.196469727527513,-6.836493919919632,5.686340028385369,1075
0.9819,5.466,-5.682373850133099,3.675581875812425,-5.96843380792012,4.516357118229119,1076
-6.508,9.39,3.8337468220928534,-4.124771889675245,4.023446132112839,-5.451497381587775,1077
-3.075,4.816,-3.081122247960247,0.4447925124281783,-1.8772565828072052,1.9135711732904597,1078
-2.9,8.795,-0.07417164602486062,-3.6341960992699724,0.05882117586264795,-2.6393678840596992,1079
2.006,2.428,-6.740802614476361,6.105755034458055,-9.362095306943559,5.714073831180779,1080
-5.259,9.036,1.2746918513515813,-3.8453429307824236,1.7904904379142303,-2.985865896602424,1081
7.417,17.66,-5.624656049992718,-7.8607175912743665,2.8074701322806854,5.4889251533548515,1082
-4.903,8.505,1.006541938994251,-3.897630032528029,1.0907061590446014,-2.8710535224874336,1083
1.813,5.147,-7.616978971745648,3.4875945482367414,-5.289319943021439,6.908539945224969,1084
-4.41,11.87,1.7169477059582097,-5.023351010311232,0.9023395075095672,-4.50847369994715,1085
-6.605,8.475,3.213551194880329,-5.019190129268751,2.5303473963035126,-5.024850672145637,1086
-4.741,5.561,-0.6813732073566096,-2.9581218328362566,-0.34580333096852117,-1.3828633483846502,1087
5.265,2.475,-9.904579012181438,2.226980391513719,-5.644359539579056,10.395475083927362,1088
-3.134,8.724,0.2717683180311544,-1.7640281286126238,2.4251647485984344,-0.9477954563100652,1089
-0.8107,5.784,-3.323194591786541,2.2547143135184187,-3.302401255201004,3.7618924919168633,1090
5.041,5.876,-1.294961659695782,10.381680670749558,-7.534182499478958,-0.35892576541498467,1091
-1.597,3.714,-4.533736078526654,3.4121810827368635,-5.754207085202835,2.4595314804117363,1092
16.9,11.1,11.70973506710323,7.390171233188524,11.606399108339644,6.16511552963659,1093
-4.292,9.596,3.769027860377155,-3.0510166253930193,4.889698077608444,-4.228648012538703,1094
12.87,-0.2847,5.861615808222614,-15.433183487880813,3.3422365679038544,-15.017145460506232,1095
-4.922,6.086,-0.7889887974521296,-2.1923723783379656,0.6287918581260222,-0.7467735465963201,1096
1.036,4.812,-6.177657453801312,4.660105410587206,-7.522367905210159,5.13455289040014,1097
-1.879,7.459,-1.9652098105212825,-0.3240253891831498,-0.35224987132420355,1.6557280365030451,1098
-4.084,7.165,0.25625026366504267,-1.7107747163659197,2.1940036310447235,-0.536842888255866,1099
5.105,7.194,-1.259914247777142,11.178137007724656,-6.173646877835892,-0.6683004554708318,1100
5.948,2.271,-9.757066576268352,1.6517084274405378,-4.74164051873555,11.075112992862909,1101
-6.251,11.3,2.3738402440288886,-6.441167172420607,0.3285199596179504,-6.771543806453498,1102
5.638,7.598,-0.5878544137736933,11.622388068210496,-6.061864327024124,-2.049243992229255,1103
-6.745,8.92,4.468312413904987,-4.365003403652296,4.539512683321335,-6.27603608932093,1104
0.3866,1.834,-5.685429899480023,5.610078040134325,-8.463185738156938,3.9917697254221123,1105
-3.321,7.008,-1.213601557995953,-1.6075761880761248,0.25646825568804926,-0.07307130660608574,1106
-8.156,9.276,2.9987882687786445,-5.010135468471632,2.5896752371085663,-5.428370779414924,1107
7.063,18.94,6.049029977534137,16.054981413852587,9.755161811281539,13.012495690921991,1108
-6.289,8.406,2.0383687331417426,-4.672522362697706,1.4467785848868866,-4.56526834334925,1109
-5.626,8.449,2.247970493052326,-5.198252018917189,1.5061002268088837,-4.924529856105598,1110
-4.347,6.849,-0.4611398265620844,-2.7268007364159685,0.3968455685866851,-1.4498203453023748,1111
-1.39,5.917,-4.135926573064007,1.0381844077223676,-3.3366152749763947,1.978027636150567,1112
-3.562,6.86,-1.7678281948825496,-1.8958860006219012,-0.3272677467571717,-0.4170115646322088,1113
12.93,-2.017,6.337060601923786,-15.091043290126906,3.961303759981491,-15.906681364436896,1114
-0.8535,4.834,-4.666913358952679,2.5006415281409162,-4.640815208982132,3.0283966604273003,1115
-6.292,10.98,2.415694625590168,-3.917372044551955,2.813400794435837,-3.9441688713033516,1116
-2.002,5.185,-3.104834406163372,1.6059883270377058,-2.2796546922432404,3.3626663032571953,1117
-5.464,11,2.024678738329731,-3.6810834970360857,2.3707192434562225,-3.509066885371955,1118
-3.532,9.851,0.1363024353125913,-3.6616380777245623,0.24116962092051691,-3.0386183914144356,1119
0.8725,2.487,-5.089637129094281,4.556656065952196,-7.507320355008743,3.855428630451409,1120
-8.217,9.579,2.739158065531574,-5.939292248714552,1.3180305256141205,-6.457236593623908,1121
0.1818,2.029,-5.5233639166614195,4.777835074436083,-8.157954643796586,4.428189450840203,1122
-6.67,8.16,2.1519586159923896,-4.217924889553175,2.172592688967087,-4.548297232051643,1123
-3.918,7.576,-0.2852145121356623,-1.2206855382805926,1.7419640316260834,0.3337081018488093,1124
-6.593,9.479,4.5439578606823305,-4.3287962045556165,4.746941615511276,-6.338539427181037,1125
5.361,2.527,-9.921380846287883,2.145923796665086,-5.455305050443314,10.566096002201288,1126
-5.652,6.884,0.27957980475219324,-2.5656729307061297,1.6736902488959808,-1.6512995418508367,1127
8.22,18.77,6.296245248530231,15.793339911472215,9.030859519411422,13.379847222904413,1128
-1.674,4.321,-3.784787027623333,3.030480090152635,-4.568496655057571,3.5401405635873955,1129
-5.668,6.509,-0.1996652767917292,-2.0338543023949724,1.5613796009315033,-0.7969813999135809,1130
-4.925,6.165,-1.004496662404217,-2.032627638805495,0.17412174182067103,-0.5040805992086248,1131
6.028,7.355,-0.22150578954426217,11.155159178745164,-6.610336254666946,-2.3431771453817207,1132
12.94,-1.187,6.477609307978473,-15.301569756496535,3.498971511293747,-16.22448188628748,1133
12.3,-1.844,6.202368409846149,-15.04359703921138,4.040252257753708,-15.761249845882208,1134
-0.4882,2.735,-4.756445257451214,4.292873087894335,-6.862582634519241,3.2212323490183037,1135
-2.226,6.387,-2.5021949694415704,0.05979553199948262,-1.0802949176537018,1.672438824514596,1136
-5.422,10.62,2.9825674607494697,-4.712793168056593,2.947093774248459,-5.799892252345832,1137
7.693,2.35,-1.565785257603802,5.564047995578661,-2.6607205377327423,10.895500833133905,1138
-1.877,4.737,-4.181203691746869,2.6845852766150373,-4.689536045621536,2.054920190910546,1139
-7.46,8.978,2.2352360799053534,-4.276325520504103,2.3664050592673798,-4.205000704189094,1140
1.012,0.7611,-5.781020490910687,7.112673941623583,-10.412144135068559,4.079110080341546,1141
-6.892,10.81,3.138126046870075,-6.183429535854445,1.5682672752631683,-7.276735609432014,1142
8.091,17.46,5.899470479700885,15.7892410192603,9.022478629518844,12.435897523502558,1143
-1.993,7.091,-1.9652419970294612,-0.4675672616845231,-0.5274048553215486,1.2764451820056124,1144
0.5795,3.125,-5.3975704596301695,5.33079308606328,-8.074106644223832,3.49555986557409,1145
-2.765,6.29,-1.6934210942050594,-0.7943190898781877,-0.002063106130264343,1.4119973387221976,1146
12.74,-0.4062,6.287219674799762,-15.631808098781692,3.1020770563376923,-15.859527891536505,1147
-2.245,4.439,-3.391558496739544,1.6543279323691267,-2.6880413995491486,3.1971457544366997,1148
10.6,1.5,-7.958145944859662,9.539061728488816,-3.964254807065628,-7.398531263728889,1149
-2.267,6.627,-1.8422763035556453,0.14577800370396565,-0.2836771713005524,2.248719328979699,1150
-4.345,9.744,4.496823461268268,-3.094827231395827,5.86448102133403,-4.876365488429816,1151
16.6,10.9,11.442253263209187,6.9683229360693835,10.577244330812789,5.799248391727654,1152
-7.726,10.25,3.906777055476032,-5.153280552852736,3.1866634382499237,-6.762785261531623,1153
15.26,13.01,10.995289952967488,6.908666316043749,10.291910697389937,5.171626502613274,1154
-3.013,5.624,-3.859907238270916,-0.03946000002680827,-3.3926734433876495,0.439294749836175,1155
12.74,-1.404,6.659254701350055,-14.975625809658156,3.5750837816489716,-16.339998548885138,1156
-3.517,5.516,-3.3032952235004083,-0.8953310813790422,-2.2983202443825226,-0.19447798099115654,1157
13,-1.12,6.894341619227252,-15.753477868068801,2.9113097681296844,-17.10721237029627,1158
4.922,7.634,-1.322300879742779,11.504649344455613,-5.641805122922562,-0.707330530544074,1159
-4.734,11.61,3.421523959849201,-4.863308247554884,2.93495278494487,-6.256304567714484,1160
-6.218,9.786,3.6141699864605292,-4.429618176448927,3.6800642503989716,-5.814006155391486,1161
-3.44,6.344,-1.691855757023968,0.027649227153672684,0.20243424611220545,1.9590036216776057,1162
0.9505,4.716,-4.307498781468548,5.037070933353319,-6.995562981198929,1.2480028215448542,1163
6.459,8.67,-3.611531345631756,-10.986062821376906,-4.218846272061966,-2.9342368301351387,1164
-4.506,12.66,2.8014196469524726,-5.751898583400831,1.756874252725937,-6.224643534084113,1165
-5.222,9.91,3.951842220042072,-3.4660559263115984,4.934458304811813,-4.642631357570441,1166
13.29,-1.632,6.228967817042194,-15.881188210476028,2.655693580080368,-16.090975111385138,1167
15.85,13.35,12.129796178553425,7.089413825046434,11.065464545656539,6.802719766239373,1168
1.19,1.752,-6.038307039525189,6.029032412540331,-9.111172150205277,4.534836703876702,1169
-6.221,11.31,2.29236856243404,-6.036420639980421,0.8458747162116546,-6.204305475612434,1170
-4.919,12.31,2.952162893030964,-5.049048718441115,2.606210042406418,-5.626785581966193,1171
-5.8,6.803,0.7403224422672613,-2.4480290975457293,2.3000615133536835,-1.6933847125966863,1172
16.66,12.76,11.709487111780964,7.870591822635546,12.223904181887008,5.407212430576531,1173
-5.736,7.017,0.3530465974548681,-2.874262389171706,1.461301137377121,-2.0753303226430733,1174
-6.978,9.55,3.971051604960285,-4.808865365017042,4.035911609102585,-6.123921697994025,1175
0.9086,4.276,-5.63559421756474,4.174092236530199,-6.883585880826614,4.603422814945428,1176
-6.272,10.08,2.4438067986706122,-3.678776558864699,3.1183715357078094,-3.81006175841883,1177
16.99,11.92,11.72588268062862,7.787718478214159,12.21390967505107,5.542739564518182,1178
16.85,11.57,11.916711957667195,6.712762537967577,10.315304328371383,6.6934701744119804,1179
5.174,6.357,-1.0515817091724056,10.763172331821336,-7.2529873357521515,-0.7493804153402166,1180
16.51,10.62,11.351120145533406,6.699776354801073,10.25708537237773,5.717923337558953,1181
12.88,-0.04418,6.565720231745563,-15.44919663332759,3.581139136720993,-16.127050703426153,1182
0.4679,2.495,-5.2921412871143,5.464852515231981,-8.3530296788918,3.2949498239557427,1183
4.412,3.142,-9.589464990880169,2.9043049249762434,-6.1484035955177765,9.274421388248651,1184
6.596,1.952,-9.590570299412883,1.382068577777757,-3.9852032170998077,11.293096238712518,1185
16.05,13.17,11.973070295069538,6.7804333601111315,10.52187209265361,6.804149800876824,1186
-2.406,5.82,-2.163314907338299,0.5385827753657241,-0.9910166965233308,2.7214452568094414,1187
-0.282,3.274,-6.003057806279339,4.7382628355139635,-7.3729614721046906,4.857884103397576,1188
16.03,13.3,11.378970296595417,6.623997393619432,9.94446616308818,6.0179635826151054,1189
12.76,-2.312,6.969979913447223,-15.198223885524856,3.9287570013297577,-17.012981718440802,1190
17.05,12.32,11.755396993372761,7.650365534793749,11.749112655092574,5.8979989830057304,1191
-6.051,12.17,2.5810684277752265,-5.771545704830275,1.4092708124412079,-6.2557061370809395,1192
-2.341,3.978,-3.844897596623577,1.9004147682303327,-3.7260891900764923,2.990964347461907,1193
0.2923,6.113,-4.708066313054242,1.707049194347276,-4.6405953870522,1.953614944557397,1194
0.7378,5.035,-5.694327680852093,4.745173159610643,-7.082557629178665,3.878121787647454,1195
0.0593,6.414,-4.606402723576703,1.6645317707175153,-3.6953865991341095,3.9641782585184258,1196
-6.667,7.784,1.650438935969196,-4.593859490383253,1.3189919485343475,-4.369006460567268,1197
-4.792,8.848,2.37281814358028,-2.907744940746413,3.504948188234665,-2.6585777458150703,1198
-5.065,11.62,2.8659495427349433,-5.283278759945021,2.1287522806418915,-5.852083509822639,1199
-4.348,5.504,-0.9041052744647639,-0.960536297786818,0.7711872352851409,0.6010552588503046,1200
13.32,-1.636,6.150829942438922,-15.232936676967727,3.5931146635306854,-15.636360472102911,1201
-3.899,8.956,1.568964989397846,-2.9701738920098406,3.2356174482596893,-2.6357978042562324,1202
-3.018,7.453,-0.7931022928020136,-2.046877202022658,0.5490351809752959,-0.41013163890436455,1203
-3.75,6.633,-0.5831384942790644,-1.166406330097304,1.2198256744636078,0.5457996669809504,1204
7.865,18.8,6.044900567744098,16.459512892734423,10.2739177240623,12.915156060795038,1205
-2.086,3.67,-4.184399454381146,3.0480248365515608,-4.849482487271927,3.2828438821832817,1206
0.2171,5.864,-4.589803545262494,2.6368231210822004,-4.088241051267288,4.413844520191399,1207
0.291,2.275,-5.76105865695683,6.001055899631395,-9.09049649102559,3.857075864414422,1208
5.117,2.657,-9.827980844762005,2.3814931545370954,-5.556729744504593,10.017491036991327,1209
1.958,1.16,-6.638958303715863,6.55750149823369,-9.671555946897172,5.693952733616082,1210
1.042,2.936,-5.859823553349652,5.241430464755907,-7.946631382535599,4.413002425770013,1211
-0.7659,5.448,-4.420868246342816,1.859274331104173,-4.040504406522415,2.1666852179567497,1212
-2.478,4.121,-4.5511773512622495,1.766209546100511,-4.539130638669632,1.5551147851745768,1213
-7.209,10.6,2.8562695100048408,-4.676150139797316,2.8163340582145233,-5.781405275722297,1214
17.05,12.32,11.766127736780964,7.829432192813768,12.26446299688945,5.833952600101678,1215
16.49,10.6,11.327179105494343,7.375679675113573,10.877302695680953,5.342827493290154,1216
-4.467,12.36,2.710433395121418,-5.269511994350538,1.931864429880478,-6.038990801234992,1217
6.624,18.56,6.370203645441852,16.233738127719775,9.973058272768355,13.537304574588983,1218
-0.8706,6.42,-3.2247298643848077,1.3894872102850813,-2.2321929441200714,3.4626657310526054,1219
1.06,4.131,-5.786469309117474,4.327516499530687,-7.062583874295853,5.092200690845696,1220
16.75,10.64,11.58355155727657,7.025680247318163,10.844376136232711,6.017857247928826,1221
-4.291,8.895,1.4420889928081853,-2.7363429632073504,2.9766943945182343,-2.3906307872732,1222
-5.944,6.819,0.62959119818004206,-3.797509011257277,0.8610766424430388,-2.7043855842550117,1223
0.09229,5.122,-5.035803644444623,3.0596374902838606,-5.583829353879593,3.1829442325632256,1224
8.566,17.94,6.231162698481403,16.249435606967822,9.939629126955367,12.895143205265253,1225
-2.504,4.134,-4.104901163365521,1.1167774829977888,-3.4313325391518097,2.0466026607553642,1226
6.76,18.38,5.493117006037555,15.961576643955125,9.636983443666793,11.880240136722772,1227
6.058,8.38,-3.4377039358874932,-11.093066033352004,-4.565605591367386,-2.5342915710409004,1228
12.38,-2.055,6.387929589960895,-15.001679238308059,4.09318785803447,-16.08239013518885,1229
-2.006,7.503,-1.6852246210834163,-1.0271549787407976,-0.1598727510677796,0.9832151475946589,1230
-0.2306,6.242,-4.111682264592328,1.6136263046378034,-3.588247965406082,2.5122540536920708,1231
-0.3124,5.176,-4.62936863162724,3.524601880084886,-5.693234871457718,2.8971256557504814,1232
-7.484,11.14,2.881081016276203,-6.316780385006056,1.1930537714255829,-7.424878424068244,1233
4.857,7.244,-1.3633285448810237,11.112181845676316,-6.513133476804398,-0.23576266135767265,1234
-2.838,7.889,-0.5322945401927607,-1.511124667156325,1.580312777925827,0.19123082790776924,1235
-4.731,8.706,2.4453620030620917,-3.7395127382165056,2.6868372453940887,-3.7189415153463203,1236
16.52,10.23,12.15175166866573,7.322830382358446,11.808638144899703,6.833779031376092,1237
0.862,5.006,-6.283796636845746,3.643379155170335,-5.805616329740189,5.457091504673211,1238
7.049,18.95,6.363182218287311,16.300790015231982,9.792348433901168,13.398302728275507,1239
-0.1115,5.884,-4.461080400731244,2.111419025432481,-4.1133436666237335,3.2328937593500298,1240
-6.252,11.42,4.107886464808307,-5.362807091701613,3.2308388246787567,-7.183442419429572,1241
-5.055,7.673,-0.1652102158328669,-3.3391776647454363,0.27132188217768854,-2.1279762443502266,1242
-5.411,7.522,1.7777096345165593,-2.9366016950493914,3.0262718691123505,-2.420976465602668,1243
-5.325,10.32,4.521562249873004,-4.612409886348829,4.321394492555954,-6.543296640773566,1244
7.464,18.63,5.365253122065387,15.752926054965867,9.240173865724898,12.064636880497186,1245
2.162,1.726,-6.812338201787152,6.4528810415381335,-9.658003281186723,5.9740044418375176,1246
2.036,1.252,-6.811501352574505,6.934848967563524,-10.186057518552445,5.537089997867791,1247
-0.07814,4.983,-4.940471975590863,3.447577658664598,-5.841911266873978,3.2769197765390556,1248
-0.454,6.836,-3.8164657042285577,1.0729318294638532,-2.8658437238441925,2.7175891939203423,1249
0.4125,4.388,-6.124686090733685,3.9683000478857893,-6.348407696317337,5.260621720890252,1250
-3.4,6.334,-2.5982154295703546,0.8538616035097976,-1.3576777683006744,2.8969919029276054,1251
12.38,-1.998,6.199936063502155,-14.870286759365188,4.420773555208542,-15.677360838313849,1252
-4.592,12.23,2.546258123133503,-5.039282139766798,1.806960750986435,-5.227270429988654,1253
-5.83,12.18,2.5409146859386786,-5.9099023904687025,1.1680737032187958,-6.427053755183967,1254
-4.801,11.84,3.6932770325878486,-4.349577721584425,3.4948745264304657,-5.475004976650031,1255
7.193,2.137,-1.7131937430163997,5.290507975589647,-3.1735386358009796,11.093656236271112,1256
14,5.738,-6.268137304570355,-12.778336342800246,-1.4899606214272003,-8.479810064693243,1257
-0.6168,6.519,-3.574164001729168,1.3006623420828718,-2.5703484521614532,3.054730707744805,1258
-4.666,7.182,1.1732248379925114,-3.2221129503136736,2.247940827776291,-2.4558895286519844,1259
0.8907,1.699,-5.897618620183148,6.371273699771776,-9.860525559018754,4.181497508625237,1260
-2.89,8.088,-0.15386307099071908,-2.049215849865065,1.6451908840430756,-0.7455559429128484,1261
12.68,-2.563,6.350560338709674,-15.23019200228511,3.6063995851768036,-16.016971891780646,1262
-2.388,6.713,-2.4481585905810967,0.39343207664431523,-1.3822181926475983,2.1477452460329216,1263
-2.481,8.816,-1.0345728085300105,-2.374716099727736,-0.17331651909222417,-1.2109757121999578,1264
-1.998,4.115,-4.153895704533734,2.1823495063895124,-4.418423603604935,2.916275674442498,1265
17.09,11.24,11.851900251124226,7.928683939945116,12.462646056581832,5.771625215152947,1266
1.548,3.967,-6.014653055455365,5.008626166355028,-7.968761871884964,4.677765065769402,1267
16.35,13.3,11.243065984461628,6.893596831333055,10.33015780584941,5.625314408878533,1268
13.04,-2.111,6.805760534022174,-14.924272355068313,4.193615485597946,-17.014589613338263,1269
17.04,11.67,11.835032613489949,7.828429881107225,12.139162589479781,5.7574068847696465,1270
-4.605,11.31,3.237566383097492,-4.020638760555372,3.6211047662986298,-4.71265489425257,1271
16.02,10.4,11.18576923153194,7.0825807485693835,10.802594710756637,5.495567494968621,1272
-6.667,7.481,1.3187989308575017,-4.433948811519728,1.2708861126197357,-3.9047334846456367,1273
-5.724,7.856,1.7052626921871525,-2.966919001567946,2.9580321802390594,-2.4741717037160713,1274
-2.058,3.589,-4.257331697728314,2.029649201404466,-4.09389824731221,3.000621968845574,1275
-5.432,11.42,2.065878780100666,-5.476570424068556,1.131098796297409,-5.091697042842658,1276
-0.5461,6.973,-3.9962461874744073,0.9160500500315566,-2.840465973447464,2.007673496345727,1277
10.7,1.485,-7.891091673161664,9.508694830905808,-3.4425668225990753,-7.292821234126838,1278
-6.409,7.225,0.19274394354613852,-3.1696839895135027,1.0186732305778046,-2.1843414958913643,1279
-1.138,3.955,-3.9765246794482842,3.379963103305711,-5.129612396787308,3.865753108600823,1280
4.538,3.074,-9.607081262852825,2.9186608228796858,-6.1007046209084015,9.233895951847284,1281
12.58,-1.836,6.754262120936237,-14.908949669826614,4.282185603548386,-16.639171903987677,1282
-5.423,8.853,0.8074473454693182,-4.172602948177443,0.5611508383048552,-3.30769998397425,1283
8.491,11.26,2.516869695399128,4.14474720097722,2.8394861711753387,6.055461579899041,1284
-3.291,6.256,-1.4661980555316585,-0.4292290177231889,0.2192909909976501,1.3448342373247428,1285
-6.293,9.389,2.5267545296886786,-4.751747426021681,2.233604480196335,-4.969412630458625,1286
1.847,3.167,-6.415966837193646,5.680991831790819,-8.533477257321977,5.2830745521585625,1287
-6.554,11.54,3.456165464136921,-5.454606350887404,2.582685758043625,-6.631158655544074,1288
6.085,2.245,-9.764462320592083,1.6511493358725446,-4.759652565549515,11.036566430668085,1289
5.272,6.473,-0.8647859380504267,10.967875662814988,-6.973216007779739,-1.0241728481252508,1290
14.42,12.44,-5.123915521886029,-11.463032540310012,7.922680427004196,5.476881200412957,1291
-2.396,8.352,-1.0749853537341731,-1.6424162950402361,0.7622948779357451,-0.3004475292165594,1292
-1.107,6.678,-3.492081253316082,-0.27259421013651897,-2.7353527055489044,0.7075439039270564,1293
16.7,10.81,12.058343084071003,7.214388075839891,11.284637977053023,6.80055778656408,1294
-7.453,9.56,3.837774188731037,-4.335048493373976,4.221636821199753,-5.8133257087667305,1295
-4.69,9.245,4.226965100977741,-3.829244431484328,4.816272307802536,-4.904462164302619,1296
-2.013,3.378,-5.086284963872113,3.360682431232347,-5.586766193936966,3.086962873081414,1297
-1.258,5.434,-4.058886854436078,1.8674348030203718,-4.147042702268265,2.554792100528924,1298
7.452,9.003,-4.267167894627728,-10.684757050502883,-4.289489220212601,-4.136020487209113,1299
-4.717,8.482,1.180780561182819,-4.550744828212843,0.789972235132553,-3.914807623286994,1300
-0.5093,5.729,-3.878229229237713,2.325303259860887,-3.969644974301956,3.262934977153985,1301
16.91,10.99,12.070713193629109,7.158041659366503,11.335907508303023,6.680118733982293,1302
-0.3268,2.899,-5.456601469304242,5.209142390262499,-7.938023994992874,3.792129928211419,1303
4.717,2.961,-9.61842426517216,2.792853775989427,-5.814888428281448,9.355961495975702,1304
-3.954,9.016,1.6584678008297307,-2.9736223783379656,3.1803999437583466,-2.502068584819587,1305
4.941,7.47,-1.3095180676242488,11.500155631076707,-5.621300648282669,-0.6716359313924627,1306
16.3,10.79,11.265434415552937,6.959138575565233,10.882020522524215,5.644390279392449,1307
-0.8205,6.164,-3.2284308359882012,2.1340741548651594,-3.1760410772072296,3.582458192447869,1308
-4.447,5.284,-1.2953595803043025,-0.7492403354531388,0.060440023113586365,0.819620186428277,1309
-6.557,8.518,3.9123553349712714,-3.9572127427941424,4.142810870577194,-4.870833700557502,1310
-4.391,10.28,3.8328589513042792,-3.010823782909499,5.022476245333054,-4.214042013545783,1311
-7.301,10.02,2.5286089493969306,-5.245189961422072,1.607133199144699,-5.656312292476447,1312
-2.628,8.992,-0.967382519032635,-2.3757021989709,-0.003495904001794399,-0.9676616844137029,1313
0.5505,5.673,-5.736743776585736,4.4997584257239245,-6.804698895047806,3.9079472366373222,1314
8.059,10.58,-5.30119308688847,-8.317770775783645,2.4034011854423065,5.45529525909826,1315
0.9735,5.615,-5.7992709563037534,3.6478073034399885,-5.475494812558792,4.93408673439428,1316
0.7191,5.705,-6.010882704045453,3.7089242372626203,-5.7442640767799835,5.166524345020501,1317
-6.601,9.407,3.421859891627155,-4.820193108547316,2.77732281820903,-5.5930498298604805,1318
7.489,2.3,-1.6620036051532405,5.37171048260869,-2.8391174779640656,10.982261354068964,1319
15.18,-0.8613,6.234543473933063,-15.829216774929153,2.7161217226279755,-15.981333082576544,1320
7.036,8.494,-4.606747953679242,-11.083862122524367,-5.15503687722554,-3.585740869899543,1321
-6.184,7.07,0.7862809016445501,-2.843886431682692,2.0171478285087128,-2.3915687259633858,1322
5.616,2.39,-9.924171297337688,1.9683375988119978,-5.272246788571976,10.735459024051874,1323
14.08,5.796,-6.2735799238940855,-12.78300076388179,-1.5412218080269318,-8.339151686092169,1324
8.092,10.63,-5.309058992650189,-8.307144936550246,2.3814423574698944,5.399306470493523,1325
-0.7659,3.436,-5.16705641010014,3.921563092243089,-6.725723217557571,3.2174866739313286,1326
14.42,-0.95,6.9935990884044985,-15.599581536281692,2.794335175920822,-16.8389151748617,1327
-4.359,8.504,0.8953565671184881,-2.271073159206496,2.790557195116379,-1.6024614032705145,1328
-4.974,10.49,4.279622228358112,-4.257310685146437,4.3678927912009735,-5.789125746150764,1329
-4.547,10.74,4.120062024805866,-3.439211186397658,5.050511409212448,-5.105719869991096,1330
1.385,4.257,-5.954600183751263,4.766099635135546,-7.655233810971878,4.513944083790032,1331
6.009,2.966,-9.080711214329876,2.067731681835069,-4.322352360318802,9.734274560550897,1332
-4.194,5.971,-1.9051543162128108,-1.4975963201409441,-0.5244639621483308,0.07322924766942696,1333
-1.322,3.548,-4.857068388249554,3.03157204724492,-5.688384960721634,2.7270806375543755,1334
-1.65,4.767,-3.9283445761462823,1.7940104637259382,-3.1722681031929474,3.912038499454705,1335
-1.495,7.663,-1.7232865975162166,-1.1911442842370135,-0.21323553783764654,0.5040469709436579,1336
-1.951,3.977,-4.727788297917523,2.0107814703101057,-4.410661648343704,2.8086727205316704,1337
-0.6682,4.058,-3.8917346880695,2.4698863659018415,-4.229299019406937,3.2091315332452934,1338
-4.647,5.807,-1.5761230871936458,-1.8664887514000994,-0.292212914060257,-0.3787989076574163,1339
-5.397,10.02,4.2320844247082094,-5.480474766719923,3.015789081026413,-7.415244406123908,1340
-2.802,6.788,-2.0099390433093682,-1.1671205129510027,-0.6644471393333894,0.5978764835397883,1341
-4.027,8.539,1.0134355141857487,-5.901900586116896,-0.32392297251095586,-4.04170877303675,1342
-5.877,10.61,3.896870525095783,-4.825012978542433,3.7350574030173798,-5.86852819289759,1343
-3.22,8.006,0.1459229863324983,-2.585284766185866,1.4171098961127777,-1.5316537078817205,1344
14.37,12.38,-3.8862663195392266,11.206747237216844,8.562774230409957,5.185115272144524,1345
-7.077,9.019,4.023538739893756,-4.465820607174025,3.7361388696921844,-5.8437259849508125,1346
-5.829,7.386,0.7894707038143499,-2.5067236986046892,2.2567778124106903,-2.0873566326101143,1347
-1.494,4.63,-4.367165891911664,2.6397973928564924,-5.0129312978493195,2.1379881444971245,1348
-0.03371,3.852,-6.703019945408978,3.9045898351782697,-6.393764446805618,5.982385331730096,1349
-7.999,8.73,2.01665678760799,-5.52051478289424,0.8051537765754241,-5.268933599849494,1350
-3.7,8.797,1.009326429579578,-2.415576037395583,2.713306237627365,-1.964793032069953,1351
1.855,0.9968,-6.717893926884808,6.654011908542528,-9.969377945493363,5.738975221256463,1352
-7.194,10.71,3.614646108362995,-4.9478476610070325,3.3986120714438934,-6.327237432857307,1353
-2.594,5.717,-3.240482418324627,0.03017914630116414,-2.2525784478889923,1.0635495427648707,1354
5.228,7.923,-1.251740305211224,11.689319792758836,-5.204487274716995,-1.2109757121999578,1355
-7.937,9.542,2.10177436611446,-6.0130260553246595,0.8536727322829741,-5.853771513362678,1356
0.4976,5.05,-5.544113962437787,3.697507086765184,-6.1529244886147,4.105512792209832,1357
-5.912,9.177,3.8449398591259345,-3.9663045968896014,4.1712584985984344,-4.841466253658088,1358
7.114,19.01,6.1252285554149966,15.807830039035691,9.090672065187789,12.79675262604162,1359
-6.141,10.17,1.2697235657909733,-4.610880669582472,1.2342961324943085,-4.119589155574592,1360
1.687,4.745,-7.028975336339154,3.8366243276709455,-6.423791359494827,6.280853444675652,1361
-3.135,5.548,-1.9755643294116634,0.33199726380051564,-0.6558504210220796,2.4956182781259697,1362
-3.852,7.074,-0.7101650522014277,-2.525258835781203,0.22385514216551966,-1.2607258018453436,1363
-5.304,7.849,1.3765645339229924,-4.942333516109572,1.0389931692374725,-4.468550032039436,1364
-1.552,6.341,-2.7136956141254083,0.8297502431982894,-1.3772967563377838,2.8048744741480034,1365
1.92,2.922,-6.366976587559857,5.938893023502245,-9.055016945432328,5.127451831440179,1366
-0.3451,2.251,-5.308884470250287,5.498409930240526,-8.334320496152543,3.4852115455667656,1367
-2.125,4.591,-3.9072264120837823,1.953949156772508,-4.126534412931107,2.486991221050469,1368
-3.862,10.55,0.21774430713447165,-2.951411303508864,1.281662751604416,-2.1754823383291084,1369
-6.488,9.717,3.239178569529377,-4.083260354030714,3.7911243929160614,-4.878314321895393,1370
6.328,2.11,-9.569079248692669,1.4625160131567854,-4.3544654355751495,11.212112123111933,1371
16.55,12.28,12.098469884608113,6.852097216617479,10.702920485903121,7.087504560093133,1372
-6.116,9.169,4.2464934899547915,-5.045553978908644,3.185809661318161,-6.546319311519416,1373
-6.796,7.558,1.7192766978481633,-4.8202488984948255,1.240668584276535,-4.533590143581184,1374
-2.353,5.477,-2.726726381566204,0.31793906129540395,-1.478907774518631,2.0937278214494865,1375
16.89,11.89,11.810190351221882,6.682566348087206,10.301689673830367,6.434781724552361,1376
7.496,9.567,-4.150963156010785,-10.286364373195754,-3.795574616025589,-4.272114580531867,1377
8.519,18.47,6.1620890214184145,15.702442351352586,8.960943747927047,12.768793756107538,1378
-3.444,6.024,-1.793941347386517,-0.0011295344716172329,-0.32970703704228216,2.014550561050622,1379
12.8,-1.979,-6.810288278844037,7.016315642368212,4.102419425417282,-15.801140135188849,1380
-4.615,11.44,4.102964074824176,-3.5193555917626482,5.051204253603317,-5.269860094447883,1381
15.19,11.64,5.1260782792309145,15.62807101346196,7.8524508966697235,5.992009336094109,1382
-5.52,8.957,2.5455650403240546,-3.9512084092980486,3.033796597887375,-4.069409197231086,1383
-0.8869,4.517,-4.288973181035199,3.214667502414598,-5.116082142423294,3.4883975330393,1384
-5.188,10.51,4.570512445185504,-4.239925202358351,4.821899463106491,-6.10823709334925,1385
16.26,13.22,11.66248336574825,6.702535334598436,10.213834334780074,6.210667783359734,1386
1.09,0.7698,-5.7601192877551695,7.147577944766893,-10.534857224057816,4.148726398090569,1387
-7.699,8.287,1.4892818047741276,-4.523703392971144,1.2040906442893524,-4.312751596828254,1388
0.352,1.89,-5.050544588353314,5.4044005308264635,-8.113008926938676,3.036466890911309,1389
12.65,-2.04,6.089139135096393,-14.888287362087356,4.288807441164352,-15.584022825618536,1390
-3.194,8.822,0.16735445103438926,-1.8194196786767107,2.059619952608444,-0.8872149642904119,1391
16.94,11.48,11.43570056698116,7.464339915286913,11.330800582338668,5.557551557163445,1392
-3.891,6.424,-0.7362011358997004,-1.1460623111611468,1.1093757642997284,0.48608725700780586,1393
-4.364,11.55,4.068886192057453,-5.019900616634474,3.794579316545822,-6.3093021568258125,1394
1.45,4.851,-6.298714964177289,4.32570332623662,-7.094140480588577,5.442704850773064,1395
-5.063,9.151,4.395395429346881,-3.062447842586623,5.813355971742966,-4.6029070075948555,1396
10.65,1.486,-7.940687982823529,9.5476638708228,-3.9199325547920685,-7.168384855647834,1397
-6.554,7.558,1.1118570878246647,-4.236912068355665,0.9897808326972503,-3.5160253700216133,1398
-6.156,9.874,1.89906588337215,-5.341579255092726,1.0684603943122406,-5.028179472347053,1399
-1.343,7.589,-1.8437429354449886,-1.0712332095986468,-0.4924429164635163,0.7230921331445856,1400
8.184,10.85,-5.336541979100384,-8.249337967861281,2.4825306429160614,5.615843946079461,1401
-3.459,8.506,0.4727081968525274,-2.928046759594069,1.5476217760337372,-1.8851295169790105,1402
1.054,1.848,-6.027292101170697,5.9888989362830065,-8.9991917119728555,4.719172889332024,1403
-6.997,9.142,3.4720291211346015,-4.967328366268263,3.122664262224533,-5.6279690917928535,1404
12.93,-1.551,6.941270978663288,-15.395337876308547,3.534062196184494,-16.929651564021857,1405
16.89,11.27,11.923772962305867,7.622134867679491,11.629576255251266,6.461627179722039,1406
1.133,2.89,-6.262651769902386,5.01924580670537,-7.672524403165482,5.087644034961907,1407
-7.593,10.12,2.639358194086872,-3.9798224534875017,2.9814672960532684,-4.137026136775764,1408
-5.304,9.601,2.866321714136921,-6.508351143825636,1.1875607265723724,-7.087367361446174,1409
-5.992,11.33,2.4838587357738837,-4.137546357143507,2.4721448911918182,-4.266043012996467,1410
-7.542,10.09,4.1925102784374575,-4.778508957851515,4.334530402590134,-6.523402517696174,1411
-3.42,6.216,-1.712290851857342,-0.4191865291482072,0.1448188616527099,1.436118574778287,1412
8.268,18.06,6.122344167445026,15.716291609775437,8.94508700506816,12.442727738956659,1413
-1.009,6.247,-3.135292856480755,0.4768339009919901,-2.083897780011795,2.1035377923051994,1414
16.27,12.45,11.330101163599812,6.628619853031053,10.033462096620894,5.871553117374627,1415
-7.596,10.35,4.075643928263507,-5.509060200679884,2.9944119943870087,-7.4628689941366035,1416
0.4178,5.798,-5.108912317540326,3.0455479059332746,-4.905913780759476,4.714722806553094,1417
8.186,10.91,-5.36939605930058,-8.228688057888137,2.475294877458908,5.58314531479284,1418
17.15,12.26,11.971877248499714,7.719846907627001,12.170194198061324,6.225676709751336,1419
-2.349,5.534,-2.9287048266193048,1.7838386926764387,-2.040299366544388,3.548811370472161,1420
1.139,3.042,-5.831242410924115,6.09266585446538,-9.332753609250688,4.111386472324578,1421
15.98,10.36,11.23539081356319,6.898490611087694,10.488733817507125,5.640021020511834,1422
12.81,-0.853,7.078824193690143,-15.36147862337886,3.457521487642624,-17.192468946834357,1423
-1.241,5.038,-3.813135235097088,2.009646717082872,-3.383646200727127,3.2318769041101616,1424
-6.468,9.52,3.054251344416462,-4.747160729396925,3.137033511568405,-5.772009199519904,1425
-6.076,8.142,1.4620919539669377,-4.699050721157179,1.0562469257606049,-4.241830652614387,1426
1.168,1.286,-6.144933073308148,6.615717593204393,-9.87129254205098,4.700692350010125,1427
-3.234,6.347,-0.9111759350558893,-0.984134611118422,0.7303260459197539,0.6779727283518,1428
-1.215,5.4,-3.5443800375720635,2.0014454755896467,-3.498454998563431,3.2575369421045464,1429
-4.665,10.13,3.0229343487957343,-6.367708024013624,1.1213754905951996,-6.807086294551643,1430
-3.273,6.86,-1.2403905079623836,-1.4760743942147356,0.41615151302943415,0.009508902172295608,1431
-6.841,11.46,3.0944069936016425,-5.6903308000451185,1.9444717659247894,-6.478068178554328,1432
-4.828,9.951,4.279005201075397,-3.6030166711693865,5.006169368196823,-5.179795568843635,1433
16.52,12.05,11.560040624354206,6.950898829471483,10.656229545046187,6.18144910965368,1434
-6.044,6.628,0.02148431679996085,-3.7438695993310076,0.08256385909447855,-2.8433879074056465,1435
-3.18,4.706,-3.1816411898395196,0.8075699541682143,-1.86747641427388,2.1669424119989555,1436
6.309,8.597,-3.4316905424853936,-11.099963006008254,-4.720305870603226,-2.5427289661367256,1437
5.221,7.828,-0.9167027161380427,11.819858733188523,-5.090450237821243,-1.784627025981696,1438
0.2829,2.611,-4.9623993323108335,5.209089938175096,-7.564303825925491,2.8331825080911797,1439
-2.578,9.318,0.11260014633478951,-2.7308917608147723,1.2843764318717499,-1.5595248397786932,1440
-4.07,6.493,-1.9301539347430843,-1.9473465051537615,-0.7515384064423066,-0.37856609191492363,1441
-7.56,9.398,3.1428731991985663,-6.136548813808546,1.413443972040512,-6.959101980586799,1442
-5.635,7.356,1.2316785170772893,-3.2089291181450945,2.4111812605155487,-2.6495516952474434,1443
-5.093,7.772,-0.9485160992404597,-2.4302518930321795,0.029998127986289917,-1.3933320697744207,1444
-4.783,12.73,3.2363838269451484,-6.09299260042964,1.9143065704597015,-7.14665729369715,1445
-7.097,8.449,2.6191126420238837,-5.833998974788771,1.2612492336524506,-6.2799347099263985,1446
7.355,19.06,6.039967687342487,16.425598326694384,10.497260619570113,12.711278611759393,1447
15.78,13.29,11.349877507899128,6.9908215437048815,10.59146266119609,5.549569303135125,1448
-7.396,9.445,3.987180621836506,-3.9851620759850603,4.407504130770065,-5.269344633479865,1449
1.374,0.9994,-6.017458288457074,6.623494330417528,-9.591439674924516,4.499579841236321,1450
16.04,10.34,11.119887502405964,6.7145997915381335,9.96091895239482,5.369114095310418,1451
6.931,10.11,0.8999671652057989,-7.129738625515089,-1.7279484973656158,-4.995883291621955,1452
12.31,-2.273,6.65548244259151,-15.26199894808589,3.8250155939353485,-16.479225462337286,1453
-6.099,9.213,3.9996260716656074,-3.8344271745568377,4.619845439363815,-5.170220678706916,1454
-2.423,3.762,-4.081543772008099,1.797834220897569,-4.195568989347122,2.6574894729654472,1455
5.185,2.622,-9.903920976903118,2.3445978794211286,-5.624449204038284,10.201557809452265,1456
-0.5639,4.665,-4.448864309575238,2.6812519464606184,-5.049004982541702,2.1635212245981377,1457
-6.243,8.658,3.322909505579792,-4.875461396206007,2.2750392450583954,-5.220572298427375,1458
6.332,8.891,-3.7000194475909844,-10.838446434963332,-4.0838284002052765,-3.318150823970588,1459
12.87,-0.8106,5.843638570521198,-15.137712296474563,3.8502088083518524,-15.272524183650763,1460
6.727,8.74,-3.7815531180163995,-11.026226815212356,-4.688475082944534,-3.191981619258674,1461
7.504,18.95,6.02673545620235,15.92938059903325,9.491599608827926,12.502050096134393,1462
-0.9737,3.734,-4.698974935795941,2.8036565218085188,-5.2537221418129425,2.87477391395971,1463
-6.996,8.031,2.3588015153148993,-3.959500607479201,2.837441970278122,-4.075075453182014,1464
12.78,-2.548,6.868242891047321,-15.140424546230422,3.9437971605552216,-16.726654356380255,1465
-5.761,7.002,-0.12514728167263436,-1.8392036523705584,1.8092751993430634,-0.7637682613332586,1466
-1.652,5.204,-3.6625369475146905,1.627838078510179,-3.131242226194046,2.8660109582941216,1467
-5.021,10.24,4.278111608240924,-4.229315098751173,4.460428763796188,-5.784156626125129,1468
-4.597,6.996,0.8920901133755071,-2.4217143621331316,2.466357757021286,-1.8820684608419256,1469
5.837,3.144,-9.01808246829716,2.220000329982652,-4.388750504087112,9.415143663028925,1470
-2.075,4.988,-3.489487020756878,1.23429638482274,-2.579916189740799,2.911021644214837,1471
16.33,13.12,11.678430707667195,7.030486289035692,10.931971122194625,6.084420854191033,1472
5.637,7.533,-0.7345726177951472,11.430426779758347,-6.084893654416702,-1.806406801601203,1473
4.624,5.345,-1.4834741041919368,10.090851965915574,-8.062065552304887,0.8709899130861445,1474
14.12,5.859,-6.269010870244183,-12.778184708583938,-1.5767887340294342,-8.358845060725958,1475
-6.333,9.109,3.377517135355793,-5.9465892877465345,1.796885420252182,-6.524184530635627,1476
-5.271,11.22,2.8446697308758124,-5.267700966823683,2.1941357149375458,-6.189972227474006,1477
0.8087,0.8933,-5.727130262639203,7.13047570325078,-10.3764671788918,3.951823884586541,1478
-3.039,4.905,-3.0726629183551446,0.19508767462910603,-1.9056144462334137,1.5382337215940638,1479
5.021,3.486,-8.930945246007122,2.5828282270544904,-5.041198204587601,8.796546632389276,1480
-1.078,3.441,-3.8702555582782403,3.257878247272386,-4.901351879666946,3.937039786915032,1481
-4.636,12.44,2.1314062192180976,-6.141423520076857,0.4909443749679107,-6.064110582729133,1482
-7.203,9.498,2.1689542844036445,-5.987489041317091,1.148093391825058,-5.802753275295051,1483
-1.472,5.075,-4.1624678061267515,1.4145323071593183,-3.493415545056961,2.728058868984429,1484
17.14,12.17,11.736844213221394,7.74276703931035,11.949254561830855,5.7289316001932304,1485
-0.6229,2.52,-4.178497164036908,3.816908541690721,-6.1892923818336945,2.509974176029412,1486
16.36,10.58,11.271080167506062,6.581396761905565,9.943212081362105,5.815673524479119,1487
-5.877,10.36,1.6067872359493596,-5.436640080440626,1.3525921596778412,-5.119824713130744,1488
-6.112,7.163,1.2823391272762639,-4.334484395015822,1.1589770807517548,-3.776306455989631,1489
15.07,-0.7791,6.313293130610309,-15.778693016994582,2.889554311205246,-15.858000105281622,1490
-4.157,5.607,-2.0484085963031426,-1.201068219173537,-0.814823280404709,0.5004976931612177,1491
-4.712,8.997,4.445155770991168,-4.172815140712843,4.716051150728561,-5.772937601466926,1492
-6.021,6.626,0.15766368201764655,-2.8968518342858416,1.221150328089096,-2.021754568477424,1493
17.01,11.26,12.01614204189571,7.6815306577795885,11.979718734194137,6.470771962742059,1494
-7.559,9.838,3.173873813364826,-5.165927704799757,2.519681264330246,-5.987446134944709,1495
-2.938,7.335,-1.5187384770175594,-1.12512641810237,0.20076498823294825,0.8921282235185786,1496
7.24,8.832,-4.431772081639447,-10.95832520388423,-4.660293053220413,-4.003519838710578,1497
-1.699,6.173,-3.389168827321209,2.378896299373521,-3.640930126737259,3.6470550838510674,1498
0.6573,4.716,-5.444286672856488,4.349396172534838,-6.876972626279495,4.1975781265299,1499
-2.117,4.892,-3.7403565333148614,1.3601104054564375,-2.9987711415993195,2.7758479658167046,1500
14.09,5.815,-6.277150957371869,-12.787338074672805,-1.4687896476494293,-8.478842085262091,1501
-5.324,9.044,1.190174133990131,-4.14091044329463,1.0521953596366425,-3.8687546905477364,1502
6.494,2.812,-9.029141275670208,1.8461654815787214,-3.9613825784431915,10.027069741825311,1503
14.45,12.25,-3.893373100545086,11.215110960971726,8.90801768438945,4.9371227565805595,1504
-4.098,5.583,-1.1866715834399837,-0.8460032310372453,0.0014778270019072878,0.6351737323801203,1505
-0.09958,4.681,-5.546198694493451,2.8920583162421125,-5.325489948819778,4.3928698841135185,1506
14.96,12.8,10.884301336024128,6.908399764072313,9.909311820436812,5.254318172077386,1507
14.26,12.31,5.1328836991527895,15.666750136386765,8.932520438600875,11.081549340824335,1508
-4.259,11.12,3.656290919993244,-3.5886543359643084,4.373712588716843,-4.562918489833625,1509
-5.516,6.235,-0.9557102606555598,-2.4320402707940203,-0.029463390204511226,-1.2717989143331365,1510
6.842,2.167,-1.83689865329472,5.139423552524462,-3.5044142709480743,11.039337808231561,1511
8.116,18.8,5.825819642756305,16.46001261807622,10.616821814943648,12.430792504886835,1512
8.079,19.07,6.189043672297321,16.36919516659917,10.305601645876266,12.94966953430578,1513
7.271,9.563,-4.069104044224896,-10.106222924221145,-3.1199874387489777,-4.211573427577766,1514
16.7,12.94,11.645267636988484,7.434604350101366,11.56840472357402,5.61179989014074,1515
-1.266,7.737,-2.4008248732349053,-0.9180262651330094,-1.2509306178795319,0.5845316592256709,1516
5.575,2.822,-9.386855928685344,2.0788628492468733,-4.945504616330765,9.967757875065058,1517
-6.236,8.682,3.282515676234089,-5.4463732805138685,2.1844420923484344,-6.102950399776252,1518
16.92,12.45,11.89077869198116,7.843646708499803,12.309409667421676,5.8633052650491875,1519
4.876,7.483,-1.3823052332660335,11.358370963107957,-5.594403217862747,-0.3729710039098577,1520
5.355,2.583,-9.855892030980266,2.1380960378760236,-5.245511482785843,10.214271241764276,1521
-2.677,4.933,-3.18960746982304,0.6572835776919265,-1.954240273069046,2.2373098674814385,1522
-4.709,6.006,-1.3478219197055477,-1.9892705049401385,-0.19469044668545538,-0.4648998435933904,1523
-7.64,9.747,2.6040665223339423,-4.966441449154005,2.1174490942252655,-5.462331598659309,1524
4.935,7.267,-1.3652181313296932,11.344018164646043,-5.918498467038773,-0.4260740932424383,1525
-1.427,3.875,-4.735022394444623,3.043314400684251,-4.742594193051956,4.58592909012243,1526
-1.14,4.922,-3.8645118162891046,3.0816127691382307,-4.310704182218216,3.7867793384592217,1527
-7.757,9.284,1.9274653508404118,-6.7900035943871595,-0.16535095436444097,-6.415882414241584,1528
1.43,3.887,-6.2931230948230406,5.290268603336229,-8.03850788934102,5.173226529697625,1529
-0.361,4.42,-4.579199163701214,2.812302771579637,-5.463356445859573,2.219220751861779,1530
-7.425,10.84,2.3739430024364814,-6.5476892557030775,0.285695005823471,-7.032827680965217,1531
7.923,2.326,-1.4666367457172054,5.6682435903662585,-2.3518201814400177,10.653260881046503,1532
-0.6712,3.636,-5.2461751387378355,3.45934361554326,-5.925485085080765,3.4843303504984062,1533
6.257,2.863,-9.011674730565227,1.8864999446982282,-4.135395954679153,10.171170884708612,1534
5.908,2.911,-9.192437975194133,2.0936510000342268,-4.416583012174271,9.869239503483026,1535
-4.4,9.025,4.168101461146198,-2.7736311521416765,5.6752071871055145,-3.9298847373922188,1536
-2.832,3.748,-3.944966165806927,1.3304632935637373,-3.8040825830208282,2.063742214779107,1537
-7.081,8.599,3.151748330805622,-6.035238560665236,1.3946183218253632,-6.44824535216883,1538
-0.02688,3.641,-5.6707991049548765,4.1235682401770495,-6.616871784757278,4.609803611377923,1539
-0.6968,3.542,-6.307732908513226,3.6188764009589094,-5.789443443845413,5.550749951938836,1540
6.281,8.57,-3.5900529310962335,-10.988463219631301,-4.335966538022659,-2.8142340835531074,1541
-5.329,11.07,1.3591318442562443,-4.5607860650902845,0.8989841832412261,-4.169851606746467,1542
5.771,7.909,-0.6882062838336603,11.805813017856492,-5.702768276761673,-2.0703020748098213,1543
15.55,11.62,-5.390858022954144,-11.709893998134719,8.212435294557906,6.048815423588006,1544
1.163,2.881,-5.847673742558636,5.852727595340624,-8.81071133477559,4.018694573978631,1545
-2.373,6.855,-1.8649191544314998,0.3225996527785201,-0.5386142836319429,2.6684336010019463,1546
5.171,2.676,-9.807653276707805,2.3303225669974226,-5.429065655301712,9.928275758365839,1547
-1.582,7.858,-2.181764213826336,-1.157204088199721,-1.1260220514046173,0.36142634783193306,1548
-0.404,4.767,-4.496987192418255,2.8596629533881086,-5.6509131894813995,1.9286067429582758,1549
-1.372,6.054,-3.11174258449284,1.6492013368719953,-2.093653629850052,3.3966328445474785,1550
7.13,8.854,-4.364906637456097,-10.909527596462356,-4.828046749662064,-4.010306661983283,1551
-1.347,4.233,-4.325517980839886,3.3470618162268537,-5.6840786443459015,2.272830897907464,1552
5.998,8.891,-3.4880753443500176,-10.677537735927688,-3.6036226258980255,-3.0808633026082832,1553
-7.393,10.82,3.0589543893078193,-6.253000077236281,0.9934231533301848,-7.052354162593635,1554
-6.361,9.269,3.2039257600048408,-3.761833485591994,3.7286477579368134,-4.387807672878059,1555
-4.232,11.38,3.319761665079914,-4.677736100185499,2.7794166101707,-4.847249811549934,1556
0.2065,3.153,-4.694168894078412,4.2269524965399645,-6.609943817685745,3.1743879858057182,1557
8.62,18.36,5.988818319056354,16.44553965665044,10.323792983461715,12.643951112369745,1558
7.373,8.68,-4.916378347661175,-11.300617989528762,7.211080123354294,5.3219820800821465,1559
14.36,12.28,-4.703059046055951,-11.141853150356399,6.836213637758591,5.133434468845574,1560
5.752,2.423,-9.809787599827922,1.860037032138719,-4.822492550443314,10.836002999881952,1561
5.534,7.132,-0.7222675965091364,11.162958327304734,-6.540661762784622,-1.6683090385396795,1562
5.099,7.581,-1.09929939964024,11.590105238925828,-5.667499016355179,-1.1761472877462225,1563
-0.06561,2.929,-4.7448371336719175,5.060940447818651,-7.684962223600052,2.641012126545159,1564
-7.22,10.3,1.8044843985775334,-5.091692742336378,1.0808190597785492,-4.630691831966193,1565
8.427,17.8,6.0362226083019594,16.302434149753466,10.007185508180953,12.70460289154455,1566
-0.6466,5.941,-4.615044443394818,2.8822853002661604,-4.378539513181351,4.313003951648919,1567
1.138,2.675,-6.174662439610638,6.213598433505907,-9.206349800656938,4.997464830021111,1568
1.645,1.309,-6.559005110051312,6.6371471319312,-9.926366280149125,5.372313195804803,1569
1.908,0.8367,-6.4729159758350034,6.859088126193895,-10.390018890927934,5.286620313266961,1570
4.925,6.758,-1.2933882162830013,10.643302145969285,-7.184987019132278,-0.4122057613332586,1571
-4.843,10.68,4.57148757717403,-4.456098374355421,4.668472815920212,-6.729688948055061,1572
7.673,19.2,6.345513494227252,16.350827399265185,10.087645102907516,13.380197221378534,1573
-4.901,10.11,3.6654545380810126,-3.7326839532738787,4.527406741548874,-4.652549570461066,1574
6.903,2.072,-1.8266169712802547,5.154753867160692,-3.680638502668045,11.275419885257929,1575
-4.644,12.64,2.6665264680126533,-5.732311066616163,1.5944933189643402,-6.645979231258186,1576
4.929,3.043,-9.456906168248333,2.4507611427420515,-5.236467312406204,9.353647405246942,1577
-1.27,4.123,-4.663885442998089,2.789907637607469,-4.6831607328163605,4.107394153217522,1578
-1.95,5.572,-2.891954748418011,1.5477266941183943,-1.9313235984550934,3.462157899479119,1579
-3.06,4.419,-3.4276004717609063,0.9866454932803054,-2.542590569089554,2.2816267553369682,1580
-7.237,10.42,3.4562393738964423,-5.039640244472609,2.967853118349411,-6.233660047908576,1581
-5.387,7.319,0.43114051363261774,-2.4876366224175555,1.8758373750937958,-1.5261605438192205,1582
2.154,1.865,-6.888635008122601,5.9847461614722155,-9.00042958123555,6.123356515506951,1583
16.69,11.28,11.274515302393757,6.925054255496874,11.035834838320113,5.6509310546915215,1584
-4.976,10.31,4.539782197687946,-4.2136767473107435,4.87362580435405,-6.066981619258674,1585
13.21,-1.483,5.837314756129108,-15.049332436550246,4.013910342623093,-15.163385694881232,1586
-1.581,5.125,-4.03162750461308,1.0391105446928877,-3.546863506864212,1.8922386113207026,1587
-3.269,4.87,-3.032023756291546,0.14381137825192403,-1.6300622926460724,1.56001236472532,1588
6.766,10.11,1.040082068655811,-6.896805104244337,-1.2304012284981232,-4.890435999294074,1589
1.272,5.086,-6.178226320531048,3.736774388324632,-5.979875038694046,5.43773573074743,1590
8.276,11,-5.306712476994671,-8.23833351992427,2.6717846884025116,5.787864858249871,1591
3.704,3.631,-8.76292404391972,3.2695187959784406,-5.943663071225784,8.223424607853143,1592
1.854,2.822,-6.712504713322796,6.005449000369921,-9.029015968869828,5.739122087101189,1593
14.3,12.07,-4.9294145987292906,-11.308946427333938,7.49163584845195,5.422747308353631,1594
-0.3909,4.233,-4.759237615849652,3.949470463764085,-6.286175201963089,2.918004328350274,1595
-7.885,9.729,3.4359079911449775,-4.932295140255079,3.031724025179245,-5.674057310481818,1596
7.841,2.369,-1.489189593579449,5.675023737918749,-2.4782940850960236,10.726569825748651,1597
-0.05511,5.88,-4.5880754874011656,2.272142473232164,-4.585072468351028,2.626465851406304,1598
-4.859,9.27,1.87610343239101,-6.272766884792433,0.5055023922217864,-5.459657972713264,1599
-6.799,10.91,3.765564830515705,-5.701787766445265,2.4375591768516083,-7.10852367248133,1600
-5.666,11.23,1.408631713602863,-6.741932686794386,-0.5751999126183015,-5.4520939048726875,1601
-2.619,9.274,-0.3527530119678156,-2.19000941180049,1.1237048401130219,-0.7648676094014959,1602
4.95,7.39,-1.297769276883282,11.186015311252488,-6.318657349179886,-0.5116037782628851,1603
4.633,6.728,-1.4532040045520442,10.35535544491948,-7.075858067105911,0.30188565884038643,1604
-0.2019,1.95,-4.163780538823285,3.7048892412299055,-5.839248608182571,2.616074020008294,1605
0.6704,3.374,-5.659451811101117,4.406971398364916,-6.978047321866653,4.384774381260125,1606
-1.58,7.267,-1.8419679091235774,-1.0228098001366717,-0.6469757662521821,1.0994753483335657,1607
4.962,6.647,-1.3751107142230647,10.473603430759324,-7.236057709287308,-0.07697243060663506,1608
7.613,18.97,5.607830198023639,15.951717558872117,9.380455542970992,12.21937339935705,1609
-2.194,8.515,-1.4413565085193294,-1.9674482908135515,-0.3613907502399903,-0.37077195014551445,1610
-6.193,9.635,2.9093717648723945,-4.91890173815547,2.2775064005149384,-5.299422567745002,1611
16.8,12.54,11.18670097133907,7.40923661328496,11.381056357790328,5.132342034916131,1612
-4.31,12.24,2.378676803324543,-5.556252774227247,1.310303856302597,-5.684967821498664,1613
-4.781,8.065,0.9503117515781744,-2.4898734655266863,2.7488248838675995,-2.1585400756795723,1614
-5.873,7.838,0.9760678126552923,-3.6909659471398455,1.5329214824927826,-2.9783852752645332,1615
-4.788,9.032,3.095407874796711,-3.701331433284865,3.4760182394279022,-4.156162088771613,1616
-2.71,5.23,-3.055130569722332,1.8430985841864485,-2.4574715600716095,3.2735596242944878,1617
-1.889,6.335,-3.397356836583294,-0.43140947483836223,-2.6924950586067657,0.45239757929250435,1618
16.6,11.81,11.676476628992878,7.015626612674608,10.836297561098434,6.326973134617059,1619
-4.155,11.44,1.5425106599071843,-4.335714634883986,1.234432388712265,-3.84161693420008,1620
16.51,12.93,11.816301496241413,7.762597266208544,11.94872527258525,5.7687737289468926,1621
-7.251,10.74,2.7985290600994452,-5.205039319027052,2.152911235262253,-6.043831175227912,1622
-7.428,10.77,2.134595544550739,-4.477923211086378,1.958088566233017,-4.39020091857508,1623
-2.642,6.585,-2.0853157923480645,-0.676249679554091,-0.8918855891930085,0.9931685272257014,1624
16.61,10.79,11.910946042750203,6.719569865238085,10.46743636267314,6.775085145572869,1625
12.87,-0.9957,6.218986184809528,-15.145649727810012,3.939777423311569,-15.833545988460333,1626
3.661,3.792,-8.51759704807011,3.330641451846971,-5.721200417112015,7.973160440067498,1627
16.07,10.41,11.128923566553913,7.08916825390996,10.495450545717574,5.238154584507195,1628
-7.252,10.45,2.617751510355793,-4.2999170389062025,2.9472496999991913,-4.690833872218879,1629
-2.938,4.62,-2.984449236180462,0.8480326864832778,-1.7974298701988678,2.5405500474970024,1630
-1.513,3.159,-4.362283079411664,4.4717597398871325,-6.7413930402504425,2.087372893432824,1631
-3.491,5.647,-1.6624724552890437,0.0034731958025832066,0.26534797685275263,1.9201568308870478,1632
-6.602,10.26,1.8552950932720524,-6.770896252620802,-0.45007372958531194,-6.0221808608968574,1633
1.138,0.7144,-5.780152647282757,7.10418004132451,-10.575917671750688,4.098287755588738,1634
-3.51,6.616,-1.8763566897174495,-1.5569446649438006,-0.4259751842724305,-0.033655708690436326,1635
8.067,18.84,6.498276384089313,16.484271231662646,10.405776549745894,13.64825409088537,1636
-6.761,8.81,1.9795786454418522,-6.049292859066115,0.9857177032722014,-5.7990506347616035,1637
-4.125,12.08,1.7626352622249943,-4.499278363216505,1.7628757251990814,-4.198493307491096,1638
-4.44,11.27,3.1277021481731757,-3.934720810878859,3.4562879099143524,-4.229303186794074,1639
-5.241,10.45,4.244426400873981,-4.169333752620802,4.586329986025192,-5.753910845180305,1640
7.588,2.487,-8.469173280980266,1.6577932272070783,-2.833750198911331,10.730223352054804,1641
12.84,-1.113,6.9458462311962466,-15.572617348659621,3.155157853533127,-17.132227247615607,1642
1.984,1.209,-6.523239939000287,6.30272215939702,-9.495373200009965,5.223278218845574,1643
-3.602,6.582,-1.7773154661914485,-1.2666876878625017,-0.2149887190567475,0.3257797304193659,1644
16.67,11.91,11.506716878626667,6.868810835849657,10.701568175722457,6.112364465336053,1645
-0.1443,2.248,-5.659072248723187,5.648770037662401,-8.295278976987504,3.8989283386270683,1646
-2.7,6.979,-0.3131560073157923,-1.1787580814248186,1.3358594669593353,0.8118672910730524,1647
-4.529,7.222,0.8303270652035101,-6.617916401851759,-1.111692379544876,-3.756686037441047,1648
1.644,2.557,-6.1237948820850034,6.2043811712378405,-9.3817800985085,4.63570969734594,1649
-4.725,9.253,4.458940656397663,-4.744294461238966,4.165966559816696,-6.492348497768195,1650
-1.613,6.056,-3.5028718397876397,0.7503423426264663,-2.2994989858376007,2.0878546777765434,1651
8.467,11.27,2.519811542246662,4.148044053089037,2.9205399050010223,6.136931115726678,1652
-7.154,8.363,2.227492959711872,-3.302283343303786,2.994856168199875,-3.3482630905111153,1653
7.583,18.94,6.431956918452106,16.334748450290576,9.682811309267379,13.67577808533117,1654
7.194,9.349,-4.095761625554242,-10.369525727260696,-3.9717213617073517,-4.272985762019904,1655
-5.036,11.65,3.416607768748127,-5.388785656917677,2.685131122042038,-6.54215986098841,1656
13.05,-1.912,6.397860200617633,-15.509030159938918,3.2811055673850555,-15.985023802181036,1657
-3.512,6.941,-1.8709762976428645,-1.8548386659508806,-0.5894909606682283,-0.47730976905420586,1658
1.782,1.065,-6.373107759740033,6.0692164335364245,-9.050318192075395,5.452284032444207,1659
5.155,7.022,-1.0700474665424007,10.95887106991948,-6.75431198937764,-0.8142266925771551,1660
-3.181,6.566,-2.3560963557025567,-1.3597207631951433,-1.1975373731361847,0.07919626865789131,1661
5.409,7.922,-0.9113965914508478,11.770887557041062,-5.456629704068802,-1.6205857452352361,1662
7.165,9.667,-4.038471548344769,-10.055977639186965,-3.174964617322586,-4.533592527766975,1663
-0.938,4.791,-4.081345884587445,2.1516320142859358,-3.9540535913216095,2.9129396024744194,1664
-1.615,6.553,-2.8907900736590997,1.3927212987059492,-1.8127370582329254,3.4617201629678886,1665
-2.046,4.272,-3.905214159276165,1.9605143699759382,-3.3775085912453156,3.5501896682779472,1666
-3.579,4.633,-2.642948238637127,0.8120789561385054,-1.3974928365456085,2.5659499708215874,1667
-7.248,8.715,2.1872080876568183,-5.492253598201857,1.0572413696540375,-5.499237841029914,1668
-0.6451,5.955,-4.141261904027142,1.6473432216757673,-3.9573239789711456,1.8620974365274592,1669
-2.292,8.662,-1.2259019301196712,-2.0610101785546404,-0.05503804547657782,-0.6048629936178045,1670
8.535,17.98,6.4135443284252505,16.060347739231005,9.491132308412887,13.526324922184198,1671
-7.447,10.86,2.891823442194782,-5.17689734362422,2.1793034567130585,-5.623318975826057,1672
-1.069,4.74,-4.569865553166546,2.189192954074754,-4.004052589963577,3.8568093124429863,1673
4.419,3.153,-9.54416069247929,2.900165501605882,-5.890413235257767,9.066921884159296,1674
3.674,3.694,-8.708247988011516,3.277867022525682,-5.87983746392598,8.101415807346552,1675
-8.032,8.956,2.8549214913586005,-5.557737645137892,1.9323136104835053,-6.420398062129768,1676
-0.4477,6.606,-3.2515197680255548,1.390120748054399,-2.383294294904373,3.4687015358011406,1677
16.7,10.56,11.28584304592403,7.218062582981005,10.652340461183883,5.303460532764642,1678
16.51,11.8,11.501484067652546,6.678412619602098,10.189625312258102,6.054546052555291,1679
5.241,7.604,-0.8982559130450861,11.548979941379441,-5.857621620725296,-1.4077594932515936,1680
-6.182,11.18,3.694102437708698,-5.831731614101515,2.3406482233298798,-7.453746145625861,1681
-4.48,8.896,3.626351030085407,-2.821995553005324,5.156328250337936,-3.63067418899134,1682
-3.81,8.032,1.5037161423900944,-3.013411101329909,2.802602578569748,-2.680272406001838,1683
0.8652,4.954,-5.059672205235638,4.924388113986864,-7.304287861417435,3.146720821003167,1684
4.508,3.085,-9.657660333897747,2.8568643961066145,-6.091538380216263,9.428616220096796,1685
-3.09,8.963,0.26197259268554285,-3.1252501573449236,1.1529670252097626,-2.20530421104029,1686
12.9,-2.609,6.884129674647174,-15.621422585476028,3.0471787943137665,-16.98813278045252,1687
-1.441,3.767,-4.482971994664349,2.597864810001268,-4.959446857999466,2.3876457754175346,1688
1.038,1.28,-5.828256456639447,6.351237002384081,-9.580380867551469,3.9891053978006523,1689
4.462,6.858,-1.4398021385928768,10.459674063693894,-6.930903385709427,0.2361530605356379,1690
-4.526,5.287,-1.8278141901752132,-1.392075833309279,-0.35578895671238714,0.02936368618413643,1691
-4.783,9.232,4.40397516033443,-3.067401226986037,5.676799346376755,-4.480886286159309,1692
-4.751,10.05,2.096323402140461,-6.7016833391076185,0.13917452530989832,-6.38560468520716,1693
12.77,-2.581,6.948528917048297,-15.116585549343215,3.9812708391440887,-17.05810577239588,1694
-6.303,11.05,4.267046125147663,-5.412985619533644,3.0295534624351044,-7.407577818294318,1695
-2.814,4.406,-3.8871723101398126,0.6950051967018981,-2.7643632398354034,1.4151877667407675,1696
-5.554,10.84,4.145667703364215,-5.099819001186476,3.8827827467216034,-6.964731520076545,1697
-4.595,5.772,-1.8398596928378719,-1.2914233770257098,-0.16959908170571142,0.0035511795084162134,1698
-0.9127,6.459,-2.8911891863605157,1.4531486663931745,-1.8020667539345245,3.437457257847039,1699
12.55,-2.198,6.475899846766315,-15.421626862514602,3.188915301729538,-16.356014555354864,1700
-5.413,9.196,4.578990133021198,-3.834193524349318,4.928621341158249,-5.935202902217658,1701
14.6,11.92,-4.896988718297162,-11.286464508998977,7.205839206148483,5.422235662082879,1702
12.73,-2.383,6.729384095881305,-14.887949761379348,4.262115050722458,-16.681598966975958,1703
-7.242,8.905,4.0552586629131655,-5.442062195766554,2.9983065618766327,-6.674421614070686,1704
-1.75,5.959,-2.4520104811450616,-0.12074798010645915,-1.217912148069046,1.7386000398199244,1705
-5.615,9.741,4.4163333489635805,-4.576663788784132,4.256197024751999,-6.519625967403205,1706
-4.436,11.09,2.942831905100666,-3.9880855646020037,3.2534852518332977,-4.50322467650965,1707
6.148,2.869,-9.137561647679485,1.9371065530890363,-4.224520157407425,10.06786029968664,1708
5.848,8.567,-3.328100292470135,-10.84575539492427,-3.9457344518410187,-2.1675170120199043,1709
12.81,-1.084,6.82639947674068,-15.12246495150386,3.960650493074753,-16.72045165862635,1710
16.31,10.33,11.88865581295284,7.552867117893114,11.40193514959941,6.1265475097696465,1711
-2.808,7.679,-0.690952687050976,-1.4632862176781756,1.2273699535621185,0.18670266304418281,1712
-5.971,8.581,1.9585404708126408,-6.853626545894728,-0.1949754313932877,-6.188253706355842,1713
7.732,18.17,5.200605066035114,15.704034033786668,9.039072562624312,11.552658731083124,1714
8.52,18.44,6.059828908655963,16.413577261936084,10.087747146059371,12.71800678406164,1715
5.006,7.641,-1.138088075902142,11.624010268222703,-5.596122692655228,-1.188693827052863,1716
-5.648,6.784,-0.09662394085136819,-2.706073340404616,1.215728808809616,-1.389546221156867,1717
-3.625,4.937,-2.6981225893756524,0.13368961549939107,-1.3788520799385529,1.593534121255128,1718
-4.682,9.976,1.9313947274425847,-6.869090374935255,-0.387277554105423,-6.3437283691366035,1719
7.96,18.11,5.212748677943073,15.715892020236863,9.098984290529586,11.547764474491327,1720
10.62,1.567,-7.96110519626347,9.557473364841355,-3.9032530294167023,-7.398578947444709,1721
-4.492,7.098,0.3838795735576971,-1.7952523794060808,2.546646644045212,-0.9695678409536199,1722
-5.859,9.903,3.6933549954632148,-5.371443566310988,2.7706149114860077,-6.701353376765998,1723
0.6143,5.62,-4.40687689044682,4.690574351322069,-6.479350517820023,1.9528282228510065,1724
-4.418,8.001,0.9556233002880438,-3.5765255060082537,1.4767306341422577,-2.885876959224494,1725
-5.352,9.404,4.602721841547809,-3.6920407380944353,5.340091754366257,-5.796544855495246,1726
-7.48,9.381,2.2385901524761542,-3.9225433435326678,2.5675814642203827,-4.116512125392707,1727
16.41,10.94,11.311061055872761,6.701776686679735,10.12612013952861,5.907085115055291,1728
1.789,0.8186,-6.640982477452435,6.829975310336962,-10.423963974546098,5.426079446415154,1729
-4.819,9.313,4.369330556605182,-3.982755478847609,4.885072280336716,-5.530050104518684,1730
-3.611,8.484,-0.14491042354313302,-3.659386452663527,-0.09104020459523016,-2.5472100433309395,1731
-4.577,6.295,-0.67017844178883,-1.1374812688714129,1.0841317667258759,0.45301806364461616,1732
-1.796,3.36,-4.1893938467761656,3.407029810916795,-5.4912147031532745,2.9564369264642876,1733
-2.779,4.438,-4.078227846409955,0.9653753969782729,-3.131723593305252,2.1158634964029472,1734
-1.92,5.397,-3.581816522862591,1.3713327083701032,-2.8789500699745636,2.5875654760400932,1735
1.738,2.278,-5.472295610692181,4.618268195163622,-7.79385466439595,4.475200111011712,1736
0.8329,2.163,-5.859053938176312,6.2781140241736315,-9.463319252561234,4.345366651157586,1737
16.56,12.13,11.371915014002644,6.609225932132616,10.131511260439254,5.913031274418084,1738
-6.714,7.565,0.7951028063038214,-3.7819650735741717,1.00363855497966,-3.090745752712043,1739
7.847,19.1,6.444880635950885,16.32890910245122,10.17149024145732,13.455172235111444,1740
-4.88,11.69,3.563845546458088,-3.718262013424025,4.231851149965622,-4.570871656795295,1741
1.144,2.416,-6.534421293522992,5.703175250064745,-8.713436554502152,5.510824376682488,1742
0.8264,4.065,-5.4776881621143,4.243864241611376,-6.55109400613179,4.688634807209222,1743
-3.692,4.952,-2.2319270060321466,0.03466675020398091,-0.9962820516334993,2.0027447882692497,1744
-1.449,4.768,-4.659494249608197,3.219142380725755,-4.921668480466507,4.130051070789544,1745
11.55,0.5436,-2.0050433562060967,6.75936860181035,4.280718852449753,-1.8123875316579656,1746
0.5282,3.346,-4.869941561009564,4.876632872592821,-7.346080254148148,3.181050116161553,1747
-1.803,5.227,-3.8924640105029717,0.8180832896345992,-3.026806067060135,1.7935957852403803,1748
-3.578,7.083,-1.7735038683673519,-2.425869997966872,-0.9222269163834077,-1.4712002929647283,1749
-4.545,8.181,0.29361470184119776,-2.73326736353694,1.4248033060325165,-1.8153873142202215,1750
1.887,2.469,-6.217341272618451,6.7807289991492175,-10.043343971799516,4.6641308609049,1751
-4.327,9.242,4.262595327112995,-2.8416693773156267,5.811845828462936,-4.122248953243049,1752
0.3307,4.61,-4.779039709355511,3.808729830753221,-5.952515553067825,4.098373824695794,1753
-5.88,12.28,2.831149013254963,-5.8514683809167005,1.6048704876197357,-6.864511793514045,1754
-2.784,8.771,0.08300657152029109,-2.8870931234246355,1.1291920437110443,-1.6458712276418523,1755
-2.46,3.699,-3.5044940397998467,2.508801165592088,-3.7478234277473907,3.4130167308847588,1756
-4.567,11.21,4.250237615321002,-3.6243932809716326,4.939043570925095,-5.447963541408332,1757
-0.3292,4.965,-4.726678697850384,3.1200851831549543,-4.8794898496376495,4.244362527469842,1758
-7.292,9.426,1.2992728068569523,-4.128645237911329,1.492576886583664,-3.8166149314840156,1759
-4.292,11.05,2.5645846440533027,-4.685368355739699,2.3039138807548065,-4.985647505183967,1760
-1.876,3.666,-4.481676428105511,2.7806908521765608,-4.973864506314896,2.8511196914713066,1761
16.44,10.42,11.40795341274532,6.705227557193651,10.323501159120894,6.014276200870721,1762
0.8165,1.653,-6.849023191716351,6.042802515994921,-9.011825035642289,6.019207173923699,1763
-6.179,8.065,1.3836565329769475,-4.339420136440382,1.371613670755722,-3.741883104701789,1764
13.19,-1.122,5.848461778376422,-15.073714074123489,4.139035273958542,-15.221609419246466,1765
-7.796,9.896,2.6235586716869697,-5.65369063280879,1.3547295822394867,-6.037849253078254,1766
-7.697,10.94,2.8977755620220527,-5.67002945803462,1.981233645845749,-6.565410917659553,1767
11.59,0.5109,-2.0046158716937676,6.770541850101366,4.335883189607956,-1.8682013210256414,1768
6.853,8.643,-4.495777933385052,-11.00875359438716,-4.839787911008499,-3.9050830062825996,1769
15.33,11.64,-5.299367754246869,-11.622132119167434,7.8110738291038055,5.838554078678338,1770
-8.033,9.48,2.5978790833690986,-6.486021336544142,0.6481607450736541,-6.764447515865119,1771
-5.284,9.643,4.642447145197711,-4.00872164629756,5.040936042238571,-6.302984541316779,1772
-1.192,4.992,-4.347260801579632,2.635598603259935,-4.972093533109329,2.269882375339715,1773
-4.638,12.57,2.2554511143902167,-6.468166169155226,0.3302134169829864,-6.5262091812093574,1774
-5.278,8.583,-0.6996054933330195,-1.3360821571236712,1.3564854158652802,0.2797134462396784,1775
-7.594,10.36,4.206785829279743,-5.400773819912062,3.1888268484366913,-7.220777815242561,1776
-5,8.846,3.391196639750324,-2.948303040493117,4.56162457602153,-3.466323202510627,1777
-4.952,11.74,3.354020745966755,-4.740775879848585,2.8108363641990204,-5.6746843513448555,1778
1.327,1.571,-6.436570017125287,6.823780718814745,-10.264265488217973,5.1381630245248955,1779
0.9189,5.472,-5.528663961674847,3.5120992097968,-6.002291630338333,4.119137698749749,1780
-6.097,8.696,4.035123021815143,-4.0119321908837415,4.314967681337692,-4.79306489791468,1781
-4.91,12.13,2.060343415949665,-6.490471657741652,-0.08861899686922842,-6.090179747005256,1782
-5.542,6.574,-0.0916088656446116,-2.7842040624505144,1.0250455631507416,-1.673399513622077,1783
-1.444,5.341,-3.9557479307910577,1.4684486422652143,-3.783769320081375,2.08330046568319,1784
6.96,2.859,-8.792633859898723,1.799997273456468,-3.461791943143509,9.9640633407633,1785
7.541,9.524,-4.133065550114789,-10.165438469875442,-3.4528495774971466,-4.19437105025843,1786
-3.472,4.637,-3.4290138170978204,-0.31045734547434856,-2.675377796720169,0.8554158154527827,1787
-4.525,5.395,-1.9359286711475032,-1.8931241598015887,-0.8516906009422761,-0.5908864196737127,1788
-5.118,6.885,-0.2778481529018061,-3.253422554958449,0.09104198651442713,-2.1737263854940254,1789
0.0954,3.634,-4.430401174809613,4.709125224124803,-6.909273575376175,2.0351796690027397,1790
-1.538,2.979,-4.5412262366077085,4.327184620868578,-6.878387402127884,2.455312425235955,1791
-3.02,4.854,-3.028366892125286,0.4396803449803729,-1.9036721692787628,1.8723122421304865,1792
-2.733,4.809,-3.7769804880878106,0.3402358327025313,-2.956149052213333,1.2852597850958987,1793
8.378,11.17,2.5163835599163398,4.143028203021898,2.774970580507614,6.053984338382928,1794
-4.497,12.44,2.0644101216534003,-5.835135754573927,0.718359161783554,-5.6951921638448555,1795
12.33,-1.897,6.911851556513629,-15.497157868373977,3.331393052507736,-16.818254774471075,1796
12.88,-0.165,6.699303300593219,-15.621115502346145,3.1794374479545136,-16.502880400081427,1797
16.52,11.59,11.469855458948933,7.269580546390428,11.005083609987594,5.786924058536736,1798
-7.933,8.747,1.9511540248134953,-6.394792374599562,0.1722362531913299,-5.928924387355598,1799
-1.621,4.656,-3.7893560812732354,1.92069775201024,-3.9790775285469513,2.540820891002862,1800
-5.053,7.308,0.9178010537365301,-3.70775204562007,1.3326975597632904,-3.1667569335897285,1801
1.469,3.93,-6.519110052373089,5.218252364169969,-7.75492234094014,5.6744367424051445,1802
16.47,10.44,11.473854215357624,7.229996863376512,11.04694419043193,5.763534719089715,1803
16.63,10.43,11.944996984217488,7.632515612613573,11.750450660158492,5.84617489014074,1804
5.774,7.324,-8.692984430577434,1.8765625391119856,-5.87696881158223,-1.8549898323018865,1805
-4.601,10.54,4.315213830683551,-4.306982811916456,4.184267093111374,-6.005757635494025,1806
-2.467,4.236,-3.843411056782879,1.4197346601599592,-3.4630934701668243,2.2755496445696037,1807
-4.627,5.479,-0.5982295558711664,-1.4047972526436907,1.2400948299659271,0.13553136024877266,1808
6.024,8.771,-3.4945658133288995,-10.990094002712356,-4.213609646390579,-2.7563989814718086,1809
-5.265,11.59,2.8353926255443915,-5.438492115963087,1.9468260301841278,-6.149363344569953,1810
12.44,-0.9348,5.777737767908893,-15.4064376916772,3.3005500330222626,-15.199760740657599,1811
-0.9757,3.179,-4.741136400487103,3.952585164081468,-6.194190453122757,3.807285243610589,1812
1.386,3.929,-5.916672556187787,4.354844990741625,-7.0332955823647,4.971148187259881,1813
14.05,5.795,-4.230699865605511,3.3505260381811994,-1.4245941148506622,-8.330246275325567,1814
-5.463,10.76,3.8302086903789863,-3.9719641771203142,4.473862697054245,-5.148738211055549,1815
-3.746,4.969,-3.425993768956341,-0.8610377874261003,-2.6109981046425323,-0.4103446659047918,1816
-3.855,10.58,1.1708499505260808,-3.9460576143151385,1.1972690119040985,-3.410785501857551,1817
4.314,3.244,-9.544217912938274,2.930974188815965,-6.07601494653096,9.059329682926386,1818
1.16,4.639,-5.265410272862591,4.194419566165819,-6.781512688230179,4.032176667789666,1819
-6.767,9.117,3.810029418680988,-5.608605202663527,2.7779431833518524,-6.886428182979377,1820
-6.003,9.044,4.442640931818805,-4.151301678646193,4.990276385713913,-5.695045774837287,1821
10.61,1.535,-7.928258745457806,9.516614142429246,-3.783879231046341,-7.232521360774787,1822
-6.977,10.12,2.8773566796520575,-4.632470902431593,2.8701093687308807,-4.973285501857551,1823
12.44,-1.962,6.302949102137409,-15.55884247683345,3.0478475584281464,-15.866018598933966,1824
-0.762,6.985,-3.5317860529681817,0.059334102641953934,-2.5024241910683136,1.0997661593954249,1825
-1.868,3.262,-4.671006529118695,4.113847914707079,-6.538765381406448,3.106773549656121,1826
0.09385,5.928,-4.482664434697308,2.407218757640733,-3.969623755048416,4.2380117717783135,1827
14.06,5.811,-6.259250967290082,-12.769396599758254,-1.492996285985611,-8.416386907954962,1828
-4.179,10.44,3.9445401742199286,-2.80267768763362,5.38300662176738,-3.9534276184041817,1829
-7.241,10.4,3.790124089930378,-4.999723729122267,3.6822784437430878,-6.493053739925178,1830
-0.05389,3.605,-6.091107694890179,4.848260108005419,-7.566479157041214,4.786343747715203,1831
15.16,-0.8158,6.306427152369342,-15.886715706813918,2.5540566934836884,-15.824981993099005,1832
6.442,2.416,-9.381490556981243,1.6759462986105818,-4.098068665097855,10.839425737003534,1833
0.6139,1.97,-5.398992864873089,5.901128474246874,-9.010146568845414,3.4572977367441338,1834
-0.9311,6.133,-4.585788576390423,1.179456296932115,-4.334757278989456,0.9300262871782465,1835
-2.815,4.929,-3.9308122084399835,0.4631699860060353,-3.6157996164070587,1.0240445676843806,1836
5.943,7.532,-0.2678214595576899,11.448974791538133,-6.109927128385208,-2.13236457671717,1837
7.314,18.88,6.018929631922565,15.926590147983445,9.284702826906539,12.783086473087518,1838
-2.65,8.576,-0.26993504026142523,-3.3313658800011736,-0.0075102675141912115,-2.2119069751699287,1839
0.7661,4.797,-4.913721887852826,4.861410323154344,-7.2661051259743195,3.090758496860711,1840
6.822,9.774,0.8568604304531439,-7.160722073543654,-2.033217381070755,-4.740396326442512,1841
4.172,3.159,-8.83299240329472,3.220949355136766,-5.832336376737259,8.294954473118036,1842
-5.726,6.357,-0.3210970447322504,-3.2238545980340105,0.2976730062259216,-2.108074730296882,1843
-0.3948,5.789,-4.016328184392132,3.066944304477586,-4.606613586972855,3.5382630172769707,1844
16.87,12.36,11.939930112574421,6.925686064731493,11.037754584719039,6.6201974693338554,1845
-3.854,10.54,1.1949503733852727,-3.6993649568444353,1.6871152414573212,-3.2251012977559883,1846
1.494,1.19,-5.731993524815716,6.724930468570604,-9.728264282773637,4.000517303089349,1847
6.307,8.526,-3.567910043980755,-11.036014374721633,-4.412003468106888,-2.9361570533712227,1848
-1.11,3.187,-4.0951484129687925,3.103907528888597,-4.881747196744583,3.2121896091501396,1849
5.661,8.718,-3.3092909739276544,-10.844989594448196,-4.117019127439163,-1.9274011310537176,1850
-6.003,10.26,3.2068177773693427,-4.974779900539503,2.1124744905723114,-5.369769400020393,1851
1.067,3.362,-6.109423963811078,4.922189417850389,-7.7124552236305695,4.703056747059075,1852
7.209,9.24,-4.096952287938275,-10.576713379848586,-4.211941670011185,-3.9972923454244453,1853
16.62,10.78,12.080664785120808,6.859836760532274,10.754493285585738,6.9562737289468926,1854
-6.073,8.688,1.865287215922199,-6.8707812394982435,-0.4566150711285096,-6.141780680080207,1855
-2.714,6.795,-1.8712634728213924,-0.8700863685494523,-0.2594762997137528,0.9350299480955286,1856
5.172,7.526,-1.0110115692874568,11.607217017185105,-5.659872959684036,-1.3655379470784978,1857
-2.131,6.838,-1.5179989025851863,-0.19943517111598064,0.5198151959670562,1.5648123565714045,1858
-5.06,11.72,3.5996600701549872,-5.919904526699171,2.141160537172653,-7.4016669448812324,1859
-2.66,3.861,-4.139538137700238,1.8192135725134748,-4.021909664701126,2.5487599912683647,1860
-7.105,11.49,2.4659871175030097,-6.460214909542189,0.39587624805102534,-6.824022596736701,1861
-2.147,6.76,-8.561763613011516,1.6256757412070173,-3.222339342664383,10.664249116520136,1862
16.62,12.04,11.10157790920528,7.227668944370165,10.970847655702926,5.354723149875848,1863
-7.342,10.56,3.1591533734539374,-5.02995377444087,2.4659338487876434,-5.70471507873133,1864
0.8508,2.063,-5.861314146306195,5.652346793186083,-8.547977875302934,4.129528457264153,1865
-1.895,3.903,-4.717746107365765,1.7667524252051252,-4.779549549649857,1.8080397490064783,1866
16.88,12.62,11.584000737879597,7.408553782474413,11.788882781435348,5.925314122776238,1867
-4.588,11.43,3.7369760586956366,-4.981909092891798,3.033280183245041,-6.171724623103889,1868
6.38,2.507,-9.355028955723919,1.698459211360826,-4.211942146848343,10.680181199650018,1869
5.437,7.051,-0.8019538209697382,11.279510680210008,-6.489920090268753,-1.4537819084127264,1870
-5.423,9.764,1.548390300486408,-4.279005822170363,1.6052362217200775,-3.79309398498133,1871
-2.68,9.004,-0.43738713720051214,-2.468026455867873,0.6176670088065642,-1.180477207561286,1872
12.7,-0.8013,6.024682672236286,-15.34467774294673,3.445837785173752,-15.613445585628302,1873
6.912,18.81,6.471510560725055,16.439330283176318,9.935440589357711,13.525481874088495,1874
7.003,9.51,-4.032839624669232,-10.030759629238235,-3.3129517541634064,-4.53660041656092,1875
5.056,7.635,-1.1171483681460994,11.653907958042039,-5.473315666745804,-1.2440071758230047,1876
15.81,10.55,11.110811383936726,6.618570986759081,9.700586844850875,5.6538020912210625,1877
-2.484,4.982,-3.3157611773273126,0.6700645569676299,-2.6633529172646027,2.052112037281243,1878
8.513,18.52,6.296853692744098,16.377501669895068,10.21214251654277,13.116473847965448,1879
4.858,6.697,-1.4283302710315364,10.376803580295457,-7.215930889676712,0.16283207569524483,1880
-6.681,10.15,4.025473268244586,-4.767968472469435,3.8562157644523163,-6.386213606258186,1881
-6.153,9.013,4.177353532526813,-4.2215245332604505,4.132142592836716,-5.6114752944906074,1882
16.7,10.58,11.825514943812214,6.932575407993212,10.963491965700484,6.612381631473748,1883
-7.245,10.24,2.9806438996532783,-5.181668099392042,2.646629859377243,-5.515608137508186,1884
0.1787,3.539,-6.441470949437298,4.290011826526537,-7.118782948087357,5.747224980930535,1885
-3.787,8.896,1.557503373835407,-3.017061289775954,2.9081287874473114,-2.424910848995002,1886
-7.298,11.07,2.090611250613056,-5.794825848568068,0.683087994028427,-5.440761392970832,1887
-1.649,4.814,-4.403784601475873,2.599696818363084,-4.993695686887405,2.298065120319573,1888
16.48,11.92,11.540943296168171,6.764152232181444,10.579917479921676,5.9955708328287285,1889
0.1328,6.077,-4.5648749754687925,1.9215635690802473,-3.7042486177193146,3.4274021926920097,1890
0.6249,5.569,-1.4500522301456111,11.235147658359422,-6.277756165097855,0.30995922718450264,1891
12.6,-1.913,6.389271409724079,-14.98331814669429,4.209280539919235,-15.96810561980799,1892
6.954,9.841,0.8197240545490606,-7.145341214168654,-2.1765107618080597,-4.793444937129768,1893
7.538,8.693,-4.90552076556889,-11.292960938442336,7.221342135835983,5.323173457721917,1894
0.8948,3.004,-5.6797784254809995,5.1136242780798815,-8.064113091062211,4.6417640987436455,1895
1.3,5.644,-6.914622633244671,3.7618755731696027,-5.843976925443314,5.990100556949822,1896
0.4033,3.683,-5.552621214177289,4.501759234439745,-7.272966335843704,4.756642991642205,1897
-4.817,8.593,1.3647404029110295,-4.122463997829542,1.7616918577445526,-3.7328346427877266,1898
-3.34,8.522,-0.06774657824245858,-2.3980911340600115,1.2692288650764008,-1.1441462692220525,1899
1.247,3.03,-6.083394853856244,6.287784758579149,-9.400818298886918,4.679054910282342,1900
-4.279,11.36,3.8719362332561835,-4.503959473598585,3.9401002420676727,-5.85260326232508,1901
6.818,9.808,0.8678307845333441,-7.130239781368361,-1.864402602742813,-4.879218881984504,1902
16.56,12.29,11.724363477442585,6.812607947360887,10.53191905157695,6.3526241127054375,1903
11.56,0.4993,-2.0128205702563897,6.780540171634569,4.2319088472617645,-1.9200251754720525,1904
6.496,2.829,-9.003483621861614,1.842200938236131,-3.8600122438179474,10.057148629764765,1905
8.673,18.47,6.308037431452594,16.255705061923877,9.80794386999736,13.124777490238397,1906
12.86,-1.037,6.963343293879352,-15.512112435329543,3.3419104112876434,-16.57860786284998,1907
15.92,10.4,11.979634435389363,7.1369702253455065,11.2117257608665,6.57184045944616,1908
-2.299,5.06,-3.6880310461780206,1.0740975175017256,-2.6240157590614777,2.507815176586358,1909
-6.251,7.061,1.1958811595180852,-3.8621442880517107,1.7751631035102386,-3.0570295509298164,1910
-2.755,7.261,-0.7368753240367548,-1.2906747426873308,1.042133976389267,0.3243561330835505,1911
16.77,12.86,12.156053693507038,7.447900477420702,12.053086806703902,6.6304714027445,1912
-3.761,8.98,3.211889417383991,-2.7782891359215838,4.16960911886821,-2.821770494838508,1913
-5.733,6.906,-0.2265251562854426,-2.8458939161187273,0.5157881869567412,-1.877158230205329,1914
7.426,18.36,6.4582878663280825,16.373227301608935,10.084654380251266,13.391800576786249,1915
-6.195,9.021,3.9699207856396064,-4.036445435512648,4.269624282289841,-4.884160345454963,1916
-0.5489,4.747,-4.4530185148975034,3.5853990945929426,-5.563561390470169,4.0102333370248955,1917
16.38,11.34,11.512693555567585,6.659815493595018,10.040452529360152,6.103204900364129,1918
-6.941,10.42,3.4547609402874335,-4.998522576320753,3.00034003393779,-5.501029318233283,1919
-5.719,11.45,1.7866838290432316,-5.336927231777296,0.7854723228705901,-4.8158586677511055,1920
16.99,12.78,11.844576986048542,7.88926476575078,12.455448676515914,5.6553866210977715,1921
-1.935,5.441,-3.420832006718792,1.1510282788390058,-2.238112400602005,2.893766695598809,1922
-0.5504,3.922,-5.534343092229046,4.09140533543767,-6.50269312722554,4.123820239643304,1923
-5.693,6.674,-0.043799965169109584,-2.7062297429925066,1.241291929651596,-1.6004448589284734,1924
-0.5603,2.858,-5.2623799727222105,5.221103373538866,-7.868158768247269,3.3000348154108208,1925
1.017,4.038,-6.793447344090619,6.721063796054735,-9.840123604367875,5.8456451240579765,1926
-2.628,8.572,-0.1409250334760325,-2.7771142091637713,0.837144721914627,-1.5942304786641912,1927
0.3981,3.923,-5.350871412541546,4.374272051822557,-6.937888096402786,4.37316053543493,1928
-2.646,7.586,-1.2605212614795345,-1.4987060394173723,0.21487449543605036,0.14222579632207588,1929
16.65,12.54,11.590963514063679,7.310888949405565,11.29514746801982,5.968056375126092,1930
6.107,2.455,-9.167345850255169,1.704882207881822,-3.963583181928299,10.755636865238397,1931
-3.047,5.009,-2.966570703770794,0.47727142888696383,-1.762128661702774,1.9375619832079096,1932
-4.806,6.961,0.7209561183193548,-2.227247532833205,2.398192693163254,-1.4588699993093328,1933
-1.342,2.884,-4.556860296513714,4.24871415234746,-6.929774235318802,2.7486347499887627,1934
-5.771,8.263,0.9957643463352545,-4.35488921068965,0.565447498728134,-3.7964499649007637,1935
-2.806,6.914,-2.2438636706134454,-1.4373552169686419,-1.0421078906761627,0.09094732437535957,1936
-5.331,11.33,3.4817124917248115,-5.588962849605665,2.4970379366172333,-6.93779498900965,1937
0.4691,2.213,-5.6935747549792906,5.024323645603075,-7.630662392209671,4.172169858555047,1938
-5.793,11.19,1.3123331382015568,-4.069106873500929,1.5348973764670868,-3.60558873977259,1939
-0.8895,5.564,-3.375426618840374,2.3176185522192854,-3.592423866819046,3.7582256141702812,1940
0.9317,0.7831,-5.766810266759076,7.110943022739305,-10.643531273435258,4.112951928714959,1941
-5.42,10.43,3.725114734385334,-3.7800300683861834,4.526284743715622,-4.878972834010871,1942
6.49,2.141,-9.555682031895794,1.4468960795515913,-4.085973213742874,11.135408097843378,1943
-0.61,2.362,-5.281864969517865,5.33055943585576,-8.201263855527543,3.1277607027094048,1944
-2.117,3.482,-4.922726003911175,2.5810369882697004,-4.872445057462357,3.249947959522454,1945
7.805,2.448,-1.4734718487521785,5.652174178134813,-2.542112063001297,10.609919244388788,1946
-5.571,6.889,-0.024657739784397364,-3.8274434175377947,-0.26980439884533697,-2.881864374538215,1947
-1.699,3.738,-4.943639127995648,3.0057007703894514,-5.47565979821553,3.174721056560723,1948
-6.73,7.307,1.0624906732776982,-4.174143132198439,0.9137673272384185,-3.1899526771505196,1949
-4.586,8.626,2.295256288264118,-3.450267848003493,3.0040317072165985,-3.4420870002706367,1950
-4.247,6.385,-1.9324849531909603,-2.331407126415358,-1.1288048730598907,-1.3426261600454168,1951
-0.7699,6.612,-3.8471027300616876,0.9585122797602553,-2.7343015180336456,2.210545832256524,1952
-6.485,10.61,2.787993343088947,-3.9724600877648455,3.1073663725150604,-4.383535688777717,1953
-2.053,5.822,-2.7806938574573175,1.3315904770010847,-1.4910698638664703,3.1728970352213066,1954
-1.297,7.803,-1.883497922207989,-0.9957079257851701,-0.6808037863480073,0.9877827111284418,1955
5.082,7.15,-1.2393886730929988,11.040016356479539,-6.6181983457313995,-0.6159377750356512,1956
-5.341,11.26,2.1236800267437324,-5.5941489305382825,0.8314105762733001,-5.552345102687629,1957
-5.194,11.53,1.8974756314495427,-6.31140547655879,0.14888830917010493,-5.469825571437629,1958
5.927,7.423,-0.2905160472652094,11.20530432797612,-6.381005714963577,-2.151827639003547,1959
0.2373,2.008,-5.778541414525189,5.862323943149462,-8.856876801084184,3.9341899696390312,1960
1.077,4.545,-6.04035267093388,4.8410341177100085,-7.502766083310745,4.569196158985345,1961
3.875,3.522,-8.787140695836223,3.2180587682837385,-5.811102818082474,8.249061757663934,1962
16.91,12.67,11.88237682125362,7.400874320041551,11.501291800905562,6.271522218326775,1963
15.41,11.52,-5.3472283766528745,-11.668643769252883,8.100376655031539,5.898210698703973,1964
1.668,4.536,-7.04471811511723,3.8235067758673567,-6.309915493558548,6.350512200931756,1965
12.47,-1.329,6.900070340845905,-15.535219964016067,3.1348064436210175,-16.8400195297201,1966
-0.9304,4.441,-4.514904348637738,3.663929167758836,-5.755354355405472,3.7879599872629326,1967
15.9,12.67,-5.458875028874554,-11.774928864467727,8.857625533510543,6.1997262779276054,1968
-4.545,12,3.7197095467785224,-4.2597067918664075,3.970964003969528,-5.741764849086555,1969
-7.142,10.12,2.7089740349987372,-4.435982045162306,2.9962149156821747,-4.78099853362635,1970
4.979,6.297,-1.3522543595096248,10.373011771213426,-7.612882088254593,-0.029403155704291306,1971
10.56,1.606,-7.967387048985638,9.555260840427293,-3.9040171609627228,-7.367472952266486,1972
4.924,6.891,-1.3059628889819759,10.760521117221726,-6.9644765363441925,-0.22848564948633476,1973
16.58,13.2,11.237535627100788,7.416229907047167,11.12411646978984,5.30894082222387,1974
0.2479,3.521,-6.441082803990521,4.306423369418993,-7.056996773313187,5.77318494949743,1975
-6.201,7.398,1.1921840026119572,-4.014714058864699,1.2076436771644135,-3.3984935935933906,1976
-3.728,8.974,0.9902122332790716,-2.2474628057366473,2.847526837755539,-1.6002593692739324,1977
6.568,2.509,-9.038449136998333,1.7561486396902937,-3.8127333627449493,10.559566194156854,1978
-0.8757,2.863,-4.701210825230755,4.727585974704637,-7.321736286710403,2.7567041460077446,1979
-7.067,10.71,1.89375320217403,-4.955863770473585,1.0604379667533417,-4.847626036067756,1980
12.73,-0.7567,6.205801160548053,-15.40304356478511,3.533052970339157,-15.92066795196131,1981
7.454,18.77,5.267621667597614,15.74153822995366,9.125084449220992,11.862283403019159,1982
5.948,8.527,-3.3685983107349053,-10.970613297451125,-4.403153370450638,-2.392248218913825,1983
6.994,18.89,6.158931882593952,16.400596800815478,10.151740600038863,12.809113198856561,1984
-2.309,6.185,-2.591903774525799,0.107121560346498,-1.16566235883107,1.8126585725347681,1985
16.95,12.46,12.120553167078816,7.383587065708055,11.737442542482711,6.679557973484246,1986
-3.592,7.881,-0.2442897246143,-2.8724780645257098,0.5546043409598845,-1.7377136405904607,1987
12.94,-1.887,6.928849370692096,-15.075712975490676,3.9737957014335175,-16.92648727264002,1988
-3.072,7.964,-0.1298582688829081,-2.414696034420119,1.2892753376258392,-1.230131691356452,1989
0.7334,4.136,-5.749251692082562,4.341377202045336,-6.961781452726028,4.5807337108652275,1990
15.07,-0.743,6.1766716553905825,-15.817850884426223,2.703429509569504,-15.572347944637091,1991
1.454,0.8214,-6.314501135136761,6.874139491092577,-10.307393501828813,5.125234300235955,1992
-7.064,10.38,3.9397107674816474,-5.576294239986525,2.7476635469687958,-7.019305532832893,1993
16.39,11.34,11.547694356654011,6.467201891910448,9.818649817873336,6.3175665679971855,1994
2.078,1.195,-7.1847222731372495,5.083687964450731,-8.263654182981156,6.134339505771844,1995
-0.9934,6.599,-2.744325248982586,0.7881003651732345,-1.6607597575890045,2.677302652935235,1996
13.41,-0.9915,6.34122577450069,-15.337219056118117,3.4773657812369843,-16.26721793975428,1997
-7.533,10.55,2.926607997629963,-5.413148221004591,2.101780940462448,-5.966427153011115,1998
-4.836,11.73,4.104867131922565,-5.350596722591505,3.46445398466716,-7.302049940486701,1999
0.4529,2.128,-5.1473921225330015,5.465485278140917,-8.119569252561234,3.2199390474359673,2000
-6.041,8.349,1.3492402150371892,-6.768782910335646,-0.7891403542267305,-5.268697088619025,2001
-4.836,6.722,0.23147423705848288,-2.4448159303551775,1.723701883722641,-1.3510163482625799,2002
-0.4688,2.934,-5.039040891911664,4.4022712144965075,-6.940047691892288,3.848897391895501,2003
-4.213,5.349,-2.0247739241382257,-2.0290089216118914,-1.328052233289383,-0.45495182838037773,2004
6.686,10.08,0.9972304417827947,-6.779442605007277,-1.2308932052360992,-4.519554441829475,2005
7.895,18.81,6.351196439478717,16.4174844656104,9.983222533632613,13.299796754459589,2006
10.53,1.594,-7.907852022435345,9.509856406223191,-3.756418417524002,-7.2699979003866035,2007
13.17,-0.9919,6.253869683955036,-15.087394532192336,4.156673003603317,-15.964216535945685,2008
5.108,7.797,-1.281671135213055,11.604452315341844,-5.214271496366165,-1.0320380386312322,2009
0.1447,4.52,-4.885775892522015,3.667360487949266,-6.113804291318558,2.8103120866815727,2010
-3.843,6.593,-1.7124093458911556,-0.022877570617781173,-0.14068864596953207,1.9322626534502192,2011
-5.929,8.689,1.9284022166469914,-6.862587746608839,-0.25795436961521917,-6.3596513923604805,2012
6.698,2.763,-9.000692217137493,1.765863481532945,-3.719550798963211,10.136119538883417,2013
6.9,8.35,0.04268172896298003,11.466791335117234,-5.405874680112503,-3.149309461971076,2014
16.76,10.69,11.525386960718953,7.346835795413866,10.962021399904586,5.559823209385125,2015
-7.646,9.029,2.225835235331379,-4.475777920711622,2.2155066026938934,-4.613518541713508,2016
-5.14,8.124,0.6942389919498785,-3.103296812999831,1.7776846184028168,-2.2609029468496162,2017
17.08,11.26,11.899258764002644,7.782018366824999,12.12769370215068,5.987177068332879,2018
0.9178,1.634,-6.87201246478764,6.0456945333594225,-8.990224312375688,6.0646673980753105,2019
15.85,13.29,11.139328153345906,7.133510294925585,10.659356643129684,5.385235482792107,2020
-6.403,7.398,1.020945401404224,-3.7632997598534685,1.2882851852668304,-2.7468956169088203,2021
-3.637,8.177,0.5216995193699224,-2.682635363567458,1.9701999916327972,-2.372402017970832,2022
8.401,11.19,2.5175539567211493,4.145176116001024,2.823601533342697,6.084187203983514,2023
12.44,-1.331,6.989040048334918,-15.509242829311477,2.8367808355582733,-16.923649137874396,2024
-3.164,4.433,-3.6765185282489434,-0.3565268483048539,-2.9318980680214386,0.30283337269231514,2025
-5.606,6.923,0.602818281863056,-3.010916050899611,1.6164639486564178,-2.1325536426503975,2026
8.152,17.49,6.436957509730182,16.454161826145068,10.168010283876754,13.81515854034826,2027
-1.633,3.033,-4.392654268529095,4.162536326419725,-6.342330883573196,2.5014989915887993,2028
7.432,9.785,-4.052499143864789,-10.132459458339797,-3.1962804303871613,-4.28506118621424,2029
13.08,-2.224,6.706546933863483,-15.370103653896438,3.4047134413016815,-16.33485252227381,2030
-0.6651,2.726,-5.1189449713489195,4.539948645603075,-7.074775169919632,3.7502774539987724,2031
-5.522,10.66,3.871073873255573,-4.622110661495314,3.20067863600383,-5.8304765876729805,2032
-0.4433,4.637,-4.17238506534306,3.056262436878099,-5.128222416471146,3.014487320522515,2033
-4.702,6.021,-1.2428651736041683,-2.071089562404738,-0.11616762293448263,-0.5941829141576604,2034
-7.273,9.906,3.844856889460407,-5.743270691860304,2.269829560686447,-6.848836248775275,2035
14.41,12.24,-3.884631483342327,11.209523383151902,9.030982543398238,4.963760310749261,2036
-0.1563,5.538,-4.796412794377484,2.7040929231757063,-5.140333126615189,2.707372004131524,2037
8.203,18.3,6.383355291102252,16.390092078220263,10.029661704470016,13.539389306644647,2038
7.049,9.528,-4.038274137761273,-10.03901940249263,-3.2547857270943146,-4.580459898372443,2039
4.959,5.805,-1.3357609198352474,10.300979796420945,-7.682453583310745,-0.02086204852655693,2040
1.803,3.337,-6.425307600285687,5.731967154514208,-8.683811615537309,5.3673407379190605,2041
0.9819,0.7768,-5.769592611577191,7.118707839023485,-10.57958454949727,4.0134307685892265,2042
16.38,11.49,11.782285840723835,7.082560721408739,11.20420794623027,6.148966008762566,2043
-6.117,11.62,3.986575277064167,-5.192209538448439,3.271897126604416,-6.85992748107508,2044
6.333,2.815,-8.956818430211223,1.8513595495337385,-3.95060367448201,10.049795800785272,2045
1.11,5.948,-6.213560430791058,3.1868671808356184,-3.8707565770851593,4.36474817428991,2046
0.1323,4.234,-5.132264463689007,3.1771063242072004,-5.428388546537064,4.072683507541863,2047
1.29,3.856,-6.171093313481488,4.9647290144080065,-7.915734242032669,4.781261617283074,2048
12.9,-0.6645,6.210130841944538,-15.583479699123489,3.0447352422965546,-15.515802687068732,2049
15.37,13.04,11.780603559229695,6.583727065097704,9.920900870729781,6.4913241210977715,2050
-7.882,9.174,1.9496395899990422,-6.743719395626173,-0.05371384633650595,-6.34430248107508,2051
12.84,-2.09,6.308887155268512,-15.581538018215285,2.9183948530448456,-15.955917662044317,2052
8.087,18.9,5.68626275799068,16.195111456882373,9.786763717104293,12.231949502567499,2053
16.53,10.27,11.409525068018757,7.472922984134569,11.452091742922164,5.467262918094842,2054
5.916,8.966,0.6949565126636846,-6.88670426272212,-2.281672905515335,-3.559763735194953,2055
-5.867,8.01,2.042794258807026,-3.4738383855706316,2.626412679125168,-3.293443506618293,2056
16.78,10.83,11.85142150661739,6.703569594394579,10.370189238954879,6.6440669837991875,2057
-6.478,11.32,3.774234445307575,-4.6822388734704115,3.5924931062949677,-6.3086474594076,2058
-2.548,6.561,-2.5474604056140557,-0.323859747875319,-1.3256945119606476,1.2511584031979723,2059
-7.01,8.562,2.1882034852245673,-6.12744027041255,0.8443889512313384,-5.934335535426887,2060
-0.3138,2.549,-5.271674959447064,5.535244647037401,-8.436846207212113,3.3961915317575615,2061
12.21,-2.095,6.360513360712848,-14.927125748623,4.329919864107468,-16.225252455135138,2062
-2.997,6.474,-2.0251117632648126,-1.2619244422799212,-0.7539602623688203,0.2910056654016657,2063
-1.619,7.874,-2.278260557439007,-1.3070779409295183,-1.278112720082901,-0.0335910972554998,2064
1.442,0.901,-6.263790457036175,6.863201323520555,-10.256601761411332,4.905579024891106,2065
6.922,2.042,-1.8201017067691463,5.157411280643358,-3.443052004407547,11.218453103641718,2066
5.011,2.711,-9.911779253270305,2.39799267388524,-5.757281731198929,10.00362747345373,2067
-4.215,8.744,1.6605444266537053,-5.4359410371667005,1.6720951093925018,-5.095513170619758,2068
15.12,-0.7623,6.148406656000934,-15.946873482692824,2.3788927091849823,-15.626581495662482,2069
5.658,7.127,-0.4257370517512934,11.016328040134324,-6.968765209745071,-1.6177721675832586,2070
6.706,2.802,-8.94217094638554,1.763691965114488,-3.546914766858719,10.179825479129999,2071
-5.956,10.1,3.515463979456745,-5.6002171602135755,2.5160742296470184,-6.685808485408576,2072
-4.625,8.608,1.1622872664669377,-4.487932023037062,1.2648883356345673,-3.841475790401252,2073
1.413,1.043,-5.8538387701770445,6.922290507327928,-10.181299637387895,4.092275077442376,2074
8.24,17.66,6.381030233118854,16.39262980557622,10.195616294313766,13.235782319645136,2075
-4.346,9.253,4.2210723473766665,-2.780111369121657,5.851971198488571,-4.126883333583625,2076
1.8,5.039,-7.565793363835492,3.626384678851976,-5.6664418683754425,6.873869592289178,2077
8.244,10.99,-5.355641214635052,-8.195347603786574,2.5468595518363495,5.757325345615594,2078
-6.635,8.567,1.8991165473202092,-5.478959855068312,1.1998931659949799,-5.147549932857307,2079
-1.827,4.086,-4.35594162204472,2.090520325672044,-4.2851318822609406,2.879556948284356,2080
7.726,18.88,6.22227350017818,16.25416201687993,9.828831244875289,13.106066400150507,2081
0.2306,2.713,-4.965910284306683,5.252288046848192,-7.761275719236038,2.7526054922144096,2082
17.09,11.95,11.988963277552449,7.707519236575975,12.076964904238082,6.304655725101678,2083
-7.47,9.309,4.053486497614704,-5.113665398586378,3.5470490946067352,-6.838838880916389,2084
-0.08193,4.873,-5.135115473057904,3.5227112207526106,-6.072488735746048,3.49883978996679,2085
17.21,11.9,11.608911664698445,7.655145350467577,11.691077758241988,5.547314817051141,2086
-1.295,7.449,-2.4770279810687676,0.11459675766171407,-1.187687824796341,2.106310779194085,2087
0.4831,5.6,-4.6928656981250425,2.4590452346915144,-4.200228165219925,4.4360427204172295,2088
-5.701,10.99,2.181854875300251,-5.748999890316115,0.652895499636032,-5.628371542354377,2089
-2.17,5.658,-2.719042150761761,0.9577281806582351,-1.6664098010765533,2.8831071201364677,2090
7.376,19.11,6.4301435067394594,16.2272931966895,9.678242255617477,13.346583062748163,2091
7.774,18.06,5.185017259333454,15.689820471774949,8.989151526857711,11.249004060367792,2092
5.562,7.384,-0.6311273262759821,11.24888342953862,-6.356494854520462,-1.8015995677907781,2093
-7.309,10.59,2.781734855387531,-4.62773209475337,2.7604027284873505,-4.970520323177131,2094
-5.155,8.153,1.4217703654507023,-6.816441353786574,-0.7706127868401033,-5.5342777427633125,2095
-6.481,9.313,3.9140342786053046,-3.6613643731957537,4.607564021517136,-4.901178186794074,2096
0.5145,5.21,-5.9281586096545835,3.5179943475836652,-5.942302654813431,4.579381162265984,2097
8.49,18.47,6.251608045313678,16.369451704990283,10.080039550234176,13.047009164432733,2098
-7.595,8.997,4.1706644608715395,-5.4478710260277845,3.132068206240036,-7.1582377609212715,2099
-4.816,7.262,-0.04695716359821725,-3.7653539743310076,-0.20084319574703985,-2.8594706710775215,2100
-5.812,10.79,3.9913074090221747,-4.707508858669386,3.961324263979294,-6.24625617827967,2101
12.67,-2.035,6.8749162270763735,-15.45465260409175,3.4101508154166718,-16.83301383819178,2102
-0.9374,3.747,-5.418281404759564,4.013965073596849,-6.4747986303078156,4.280947381595818,2103
16.27,12.19,-5.511589853551068,-11.837559517849074,8.820071746279098,5.6213032547037285,2104
-7.346,11.28,2.7026390149334296,-5.991996106136427,1.0552807344687958,-6.66329604949549,2105
-1.66,8.066,-1.8371495888492244,-1.45090287588893,-0.6190902100311738,-0.12426418628290459,2106
-5.012,9.196,4.586946637842975,-3.346066769588576,5.722240497042038,-5.338277643581184,2107
-7.037,10.26,1.5266489102581364,-4.34669190310298,1.6843088163627167,-3.842600172420295,2108
1.812,5.489,-7.821481077458539,3.5286030206793684,-5.528778503965042,7.237567597965447,2109
0.2141,3.497,-5.483701078679242,4.94469517804326,-8.754998634885453,4.095168286899773,2110
-0.6384,2.547,-5.128479807164349,4.43049258328618,-7.092457722257278,4.011801177601067,2111
12.51,-1.075,6.948137910578571,-15.460473832119094,3.4710755838645477,-17.162065809627325,2112
1.954,1.233,-6.608826486851849,6.569194975864305,-9.945630501340531,5.490306073765008,2113
12.59,-1.295,5.883691461298786,-15.28713494204341,3.714296866823532,-15.100967710872442,2114
5.122,7.306,-1.179577080990948,11.283757391940965,-6.272966335843704,-0.7464199718435125,2115
-6.064,7.31,0.2747820629814489,-3.1571717824822527,0.9883052601111907,-2.2662931140859444,2116
-6.171,9.077,3.745710046503864,-3.4360826578026873,4.690559436251022,-4.297599142452033,2117
7.25,17.98,6.248549134943805,15.68912238217534,8.853128959108687,13.205411607364862,2118
-6.776,9.922,1.6188103272655827,-5.455488976467238,1.5200629724753876,-5.138325994869025,2119
-6.826,10.27,2.361385019038044,-4.118438061702833,2.4488575948966522,-4.4854682144124824,2120
-5.887,10.8,1.858489186976276,-5.398962792385206,0.7876928343070525,-5.099591558833869,2121
7.846,2.423,-1.4866662905475276,5.647970381748094,-2.339935015271805,10.872940713504999,2122
-5.498,10.32,2.263879211161457,-4.722296055782423,1.8603634132636566,-5.036312406917365,2123
7.495,2.702,-8.573842851903118,1.6510525379294294,-3.128641079496048,10.42088764343664,2124
-3.376,7.95,-0.11349151888100076,-2.8053768243676287,0.8200112475646514,-1.7975798305471258,2125
6.663,18.52,6.228631170008502,16.05531519986333,9.42231040136943,13.027504617313593,2126
-4.963,7.268,0.8858371689060552,-2.3666530218011004,2.3969994081748505,-1.4841323551137762,2127
6.358,9.048,-3.752783386494793,-10.634760674465285,-3.8472537503944855,-3.4941728767354805,2128
7.524,18.77,5.8072187020519594,15.874732199680222,9.290586997438766,12.464606935123651,2129
-0.8171,2.684,-5.400955049779095,3.716747704517259,-6.155148933957718,3.9262701812784355,2130
12.93,-0.7534,6.654868753168903,-15.790827568996535,2.8318214906943817,-16.45424491729334,2131
-2.758,8.705,-0.22611889102665353,-3.7422402467614275,-0.5152195797668916,-2.3718367275197823,2132
12.93,-1.8,5.896704347346149,-14.937539872158156,4.363705207277634,-15.244200056453497,2133
-6.093,8.406,2.5414711549023017,-4.2373374071007825,2.585390139986374,-4.464191263576301,2134
-0.5308,4.683,-4.247527925755658,3.2458197507971662,-5.497656773160599,2.879953438381402,2135
-2.789,7.625,-1.015721289899029,-0.9635277356988053,0.5683416618598479,0.5148576441805048,2136
12.45,-1.048,6.319675595972858,-15.133303460109817,3.836874057222702,-15.962930982967169,2137
5.801,2.335,-9.893066255833782,1.8722080621832746,-5.07653517587056,10.789264375309198,2138
-6.979,10.16,3.996587903712116,-3.9251349534875017,4.337062407900192,-5.021493738551887,2139
1.016,5.64,-6.3203986571094175,3.5918139848822492,-5.397722195218704,5.4792157951395195,2140
-1.356,4.012,-4.5266879484912534,3.2714318666571516,-5.214067886899612,3.6355554405252617,2141
7.192,9.57,-4.0594194815417906,-10.126807030666457,-3.2622758851753693,-4.141200369258674,2142
-6.783,10.99,3.3903264119366034,-4.373779591549025,3.5486746324790497,-5.365238970180305,2143
0.7627,1.671,-5.492834417607464,5.756219092380419,-8.910553406308793,3.6500901523630302,2144
-4.162,4.972,-2.3396800444385186,-0.6690295305138688,-1.0794802413689117,0.8678618017236872,2145
14.11,5.941,-5.972639887120404,-12.41208725832759,8.445736457277633,5.316973144153802,2146
12.47,-2.248,6.825642259333454,-15.45707016848384,3.2641330255759735,-16.51498824920252,2147
-3.092,6.503,-1.7881354973575252,-1.6983190145379168,-0.5136432753311616,-0.2760781702001409,2148
-4.978,12.45,2.8622452332714423,-5.680332001674757,1.696518708635666,-6.780988996883186,2149
-3.02,4.682,-3.4723676131030694,0.5717663425916572,-2.390641640256546,1.6398850027124567,2150
2.276,1.463,-7.441654054906048,4.689258757602587,-7.689307163785599,6.5325390640299,2151
12.54,-2.035,6.213721425745807,-15.117975052822219,3.9142656816733856,-15.776071852107794,2152
1.163,2.604,-6.206819860722699,5.043325606357469,-8.103773544858598,4.951015645603387,2153
-0.06206,5.056,-5.230038969304242,2.660792056095018,-5.16050619943013,3.2663225475351494,2154
-2.479,4.597,-3.3243368551990167,2.196802440654649,-3.2797274099098663,3.448309356312005,2155
15.98,13.22,11.631771238062703,6.677378836643114,10.155106116701461,6.2250863853494804,2156
-5.756,11.53,1.9957750155666691,-5.66517859362422,0.6215336217177886,-5.313266580959113,2157
16.86,11.57,12.006539495203816,7.441177550327196,11.433468390871383,6.593726331333367,2158
-3.91,4.895,-2.5784521982928887,-0.46239637993632365,-1.5609116063820343,0.8659605029623194,2159
7.298,2.161,-1.7047747061511653,5.349075976383104,-2.9880458818184357,11.052843743900507,2160
-5.606,11.83,2.458672673914753,-5.788659867275343,0.938782323767044,-5.900841539760383,2161
-2.818,4.443,-3.283591835286297,1.9342957172507185,-2.8948893056618195,3.117888862232415,2162
4.523,2.972,-9.548128931309856,2.774829331409349,-5.640017937253616,9.212307149509638,2163
0.7749,5.599,-4.721361009862103,2.352335992824449,-5.055256794522903,2.3772981706659477,2164
-3.454,8.898,0.08400162263604236,-2.3605316247826678,1.7205549968970795,-1.2091725524862127,2165
-4.939,7.464,-0.06861793854443002,-3.066361245143996,0.6626420511497039,-1.951348846812995,2166
-1.032,7.355,-2.5166259691974298,0.49489027829484533,-1.009107719491623,2.414848739246575,2167
-7.589,10.72,3.268940360758625,-4.928535756099806,2.323579837251999,-5.213901346584113,2168
-1.244,5.491,-3.7088294909259454,1.582660380374803,-3.6344410882698517,2.523850137333123,2169
-2.442,4.703,-3.9931176588794366,0.5992647368425269,-3.4655582414375763,1.2488544601599856,2170
8.668,18.28,5.840536267969928,16.47995013333501,10.491885711122848,12.424707109073847,2171
5.006,7.66,-1.123998729970135,11.495045844089402,-5.875459621976517,-0.9892559703786687,2172
-2.879,4.488,-3.3816250250598565,0.5330711189621825,-2.8120712743507843,1.8338904026548548,2173
14.28,12.33,-3.885172931935467,11.201430502902879,8.445214797426559,5.197241002659051,2174
16.93,11.76,11.415557058070027,6.804021540653124,10.319636870790816,5.895736390690057,2175
12.62,-1.193,6.704011113856159,-14.901161011684524,4.209946204592087,-16.813276594539435,2176
2.006,2.352,-6.606679765965619,6.804911318790331,-10.21079392297139,5.4541208091776054,2177
-6.442,11.25,3.776705892298542,-5.551822003353224,2.76850729124675,-7.104599302669318,2178
0.9068,2.189,-5.887366621281781,5.6801783475989245,-8.468431900571488,4.433553153614251,2179
16.54,13.15,11.390103490565144,6.8794910345190905,10.713426162172652,5.962382966617791,2180
8.024,18.69,5.515134484980426,15.975827399265183,9.652132560182906,12.015077287296503,2181
-1.156,7.536,-2.409613220479168,-0.5504904355889421,-1.465299557279251,1.250573160092084,2182
-6.749,10.59,1.8569388701656682,-6.343381699550734,-0.029654074776373447,-5.655265634914191,2183
-0.4383,4.905,-5.360967962529339,2.7138423357123274,-5.017178963254593,3.889927322010247,2184
-7.582,8.679,1.99884513160976,-5.217418011654005,1.5830071462882538,-4.885094469447883,2185
-7.907,9.665,2.9535519196728095,-6.197531994808302,1.646472264696457,-7.393604582210334,2186
12.91,-2.384,6.901081712458454,-15.282165345180617,3.786926080156662,-17.031095808406622,2187
0.5045,5.71,-5.587385027196087,3.0443319711798567,-5.517216633390091,4.579623157123772,2188
-3.158,7.866,-0.4259487078448908,-1.925987776744948,1.2528982652915497,-0.41385967101648613,2189
16.48,12.78,11.391773374293171,6.992902937900438,10.723036338259078,5.598179513553826,2190
16.82,10.75,11.584868581507527,7.37209529019536,11.379286338259078,5.878468686680047,2191
6.716,8.267,-4.68555530765263,-11.131919678676711,-5.245288322995804,-3.542788332362922,2192
-6.044,10.88,4.32674184582027,-5.180503186214552,3.8501286997092743,-6.962866133113654,2193
-4.499,5.363,-1.9316848204394954,-1.8588808145409685,-0.8424911008583528,-0.4464210924108343,2194
5.116,7.269,-1.2613743231555599,11.168592635166062,-6.257343720029495,-0.6645463165242986,2195
-4.363,11.98,0.9277423336246832,-4.164035138118849,0.7088722481025237,-3.3731849845846016,2196
-0.4876,4.231,-5.210405676152386,3.90463227368535,-6.143240879605911,4.179536277393548,2197
12.31,-2.077,6.159954698298297,-15.401926812160598,3.3365843786490936,-15.609459226985724,2198
-5.407,8.189,1.2943411185482365,-3.2703559961205584,2.3446171774161835,-2.7702906784017403,2199
-2.296,8.281,-0.4074436710139887,-1.644141253460036,1.536889721323349,-0.26180869903162285,2200
-4.814,11.51,4.5227080895641665,-3.76764613055049,4.922104407717087,-5.674274271388801,2201
-3.328,6.087,-1.7511635706683772,0.12949535585583638,-0.22612408859600835,2.2551947179834526,2202
-7.074,10.92,2.4373566224315986,-4.488704022396193,2.225662995745041,-4.802760904689582,2203
-2.847,9.818,0.8310544802883489,-2.9311140146142107,1.9802637590659637,-2.651783293147834,2204
-7.079,10.32,3.4845036580303534,-4.705162819851027,3.2754481329215546,-5.839316671748908,2205
-5.206,9.921,3.309056670878254,-3.5270565118676287,4.247079898287155,-4.1358893569906074,2206
5.92,8.278,-3.4241033480426446,-11.12147789858638,-4.595210026334427,-2.3748157676656563,2207
-5.512,7.562,0.8578996970394476,-3.1724551286584,2.18407445089946,-2.5988710578878242,2208
1.959,1.009,-6.589696256901898,6.817024413120165,-10.460853050779008,5.27223485145971,2209
8.571,17.99,5.968693406794391,16.524750891696826,10.503760863710738,12.806161576847284,2210
-4.74,12.55,2.357304961893879,-5.776704129207716,1.2151215566886444,-5.860910719295295,2211
-6.027,11.18,2.8942464902141913,-5.850365456569777,1.3314277424109955,-6.69951373900965,2212
13.3,-1.375,5.9905850007274966,-14.942497071254836,4.409315635134079,-15.370519941707403,2213
-2.727,6.939,-1.674896209027447,-0.03515255116282512,-0.02640904098694736,1.761639172176568,2214
-4.358,11.69,2.045675308916889,-3.7522500123864275,2.2334535612357636,-3.6554725822408516,2215
-7.774,9.873,3.620857389185749,-4.896795090664015,3.219419289995529,-6.354942148586066,2216
-1.438,4.472,-4.083065359379925,2.4970526132697004,-4.579722832273148,3.0967177692453545,2217
-0.5954,6.445,-3.5177663252612725,0.8629229996317763,-2.330573509763382,2.2793492618601006,2218
-4.173,10.44,3.7984639718273505,-2.9682601060753924,5.008264590669968,-4.038588827510627,2219
-6.815,8.671,3.812348516199909,-4.988055047023878,3.5427907003654022,-5.958867376704963,2220
-6.509,9.379,2.128981740687214,-4.466660794246779,1.917022515703537,-4.509425466914924,2221
-6.331,9.045,3.90589133045467,-4.757431324947462,3.48909359114299,-6.235365694423469,2222
-7.242,8.695,1.966257364962421,-6.694046792018995,0.22376826839575953,-6.127207582851203,2223
-1.557,7.157,-2.826497642781414,-0.663075622547255,-1.732946466039322,0.5033891740839167,2224
-5.981,11.45,4.420590551112018,-4.355220612514601,4.383391906191208,-6.040060346980842,2225
16.24,10.31,11.999319226954304,7.645594779025926,11.884327460695602,6.459518128971307,2226
-5.446,8.543,1.1304025962093693,-4.244404133785353,1.0680158628715057,-3.6844804939229805,2227
-5.919,9.224,4.3055731370190005,-4.441474732387648,4.27050023214946,-6.204461401363166,2228
0.8746,5.568,-6.094882814671673,3.479544106494798,-5.739633511136673,5.0584863964121025,2229
-3.728,5.44,-3.4346269057056085,-0.47608905695735027,-1.908808897565506,0.5416668001215144,2230
7.232,9.575,-4.0476911947986265,-10.066982087123977,-3.2224487767921906,-4.280960386653693,2231
-2.786,4.779,-3.4230395243426934,0.3530706647747893,-2.7368618951546173,1.5707136932413264,2232
-3.132,7.057,-1.4607561514636653,-1.7851431932335955,-0.1697282151686173,-0.16644055213526054,2233
-0.7181,2.813,-4.845742552067914,4.196359339725389,-6.583411644529007,3.7055486980478447,2234
-1.969,8.536,-1.2512283013126033,-2.1805618371850115,-0.10365869415869527,-0.8971033748586492,2235
-5.35,7.464,0.10066769296134245,-3.6537244882470232,0.2231437011254806,-2.8726442512471992,2236
2.343,3.768,-7.616187422063031,4.234007540714159,-6.835839222501419,6.83540361557409,2237
12.69,-0.9133,6.873933465693317,-15.020035561550246,4.245023776460983,-16.988684004207403,2238
-7.341,9.405,3.2755669667461738,-4.185557660091505,3.469778348375656,-4.873796289821418,2239
-7.869,9.076,3.9358355118969306,-5.726294335353956,2.641340543199875,-7.18909007873133,2240
13.36,-1.356,6.082270295832477,-15.251679238308059,3.7183948053611298,-15.43151885833338,2241
0.6211,1.751,-5.755686609532513,6.247037116062059,-9.502963493894242,4.010142976383416,2242
15.55,13.1,11.127610357020222,7.302123251926317,10.830737639833785,5.053111011127679,2243
-7.555,9.843,3.843830735895954,-5.08528357409297,3.4422073854697723,-6.459587877651008,2244
-7.902,9.304,3.0837329938152656,-5.259524640071974,2.3598459257377167,-5.88947374190882,2245
7.092,9.956,0.7586520626285894,-7.136918839443312,-2.3333446489082794,-4.611532038112434,2246
5.138,6.827,-1.1320721791049617,11.036151114475144,-6.675259541104935,-0.7274358924825506,2247
-6.382,8.698,3.84795037052425,-4.037334736812697,3.8746047510398407,-5.100888555904182,2248
7.577,19.01,6.024091870997272,15.797442618381394,9.011070777345992,12.657784158329218,2249
-3.006,6.264,-2.4181924746295587,-0.7218845453148942,-1.262927721570633,0.7889252248804255,2250
-4.99,11.64,2.7511991574505195,-5.143801983821974,1.9555278314841766,-5.527549093623908,2251
-3.558,8.508,0.9333972646931036,-4.063271817195997,0.8943301929725188,-3.402908152004035,2252
7.574,19.01,6.479813249323688,16.40996378995122,10.038508941103316,13.59740894470617,2253
16.36,12.87,12.01571479580196,7.449453536044969,11.612754393984176,6.36342399750158,2254
-6.757,7.544,1.0305471136310917,-3.631556805599318,1.6843905939353485,-2.901924436946662,2255
1.599,4.273,-5.9515984938403745,4.422158900272264,-7.123340557645462,4.993178302387444,2256
16.24,13.14,11.81817069790157,6.763631526004686,10.480740119387008,6.439793283085076,2257
16.08,13.14,11.10877242824825,7.241777125369921,10.80143695013652,5.143393928150384,2258
10.6,1.486,-7.962067453648724,9.542189780246629,-3.7948367105232697,-7.246351545711311,2259
-3.045,8.069,0.2950864895323141,-2.6810105409508806,1.6447943939460297,-1.4923966583211736,2260
12.31,-1.977,6.359017999384723,-15.070908364284621,4.060260344911911,-16.005152052303107,2261
-2.995,6.214,-2.511729328419842,-0.9360997047310929,-1.507557700704239,0.2333086076776667,2262
-1.264,6.749,-3.2544938013812676,-0.2525411810761552,-2.406398485730789,0.7302133384744807,2263
10.36,1.531,-2.0192306921741143,6.387988749515428,-3.6224963174568634,-7.110473936458381,2264
16.4,13.13,11.918687017176472,6.861221495639696,10.546971846987105,6.609918767551629,2265
-5.973,11.59,1.5617447211483342,-3.8822711076623064,1.978597690035202,-3.614948099513801,2266
-3.494,8.411,-0.18432533600536752,-2.6582317914849383,0.8995894088042754,-1.4074502643544988,2267
16.61,12.84,11.75581661007198,6.851115885745897,10.713274527956344,6.3730570617716,2268
-3.672,7.325,-0.8682824061175959,-2.7709901895409685,-0.3113765822159272,-1.6379233058889227,2269
-2.594,7.859,-0.7527351067325251,-1.69304257296382,0.8747571601165313,-0.19176048602655693,2270
16.05,13.27,11.652378232691609,6.842003050815477,10.643651534487105,6.489550763706414,2271
-5.123,10.4,3.034194858286701,-3.5610125627404314,3.934621621538498,-4.23071605529383,2272
-5.118,7.337,1.023842187140308,-3.721236046779738,1.506915379930832,-3.1224430259664375,2273
1.244,0.9341,-5.7630842612048765,6.672081652652635,-9.718825768064164,3.8426186386148613,2274
7.916,2.351,-1.4703349755069393,5.670120898258104,-2.2813853727089386,10.824380570987909,2275
-3.412,4.598,-2.8055325434466973,1.0137280259245771,-1.64449639184346,2.9456202331583183,2276
-2.98,9.492,0.047336739961229085,-2.8980320062523943,1.0497104419959564,-1.7231329139669256,2277
-5.111,10.38,4.239170224879108,-4.189283188808546,4.492452193666794,-5.8308990653951485,2278
-0.002036,5.184,-4.971477834965863,3.0259570512884992,-5.173990200589798,3.795851165394036,2279
5.434,7.938,-0.9127759621402399,11.778462592136277,-5.282750080655716,-1.9216559585531072,2280
6.92,8.614,-4.019150583531537,-10.930625733364211,-4.884056042264603,-3.4334986862142403,2281
-0.01667,3.902,-4.3158844397327085,4.114188138019457,-6.5069522367226105,2.5673434082071465,2282
-4.551,11.85,1.6889127804973942,-5.206792649257765,0.67020611899028,-4.543551271816047,2283
-5.963,9.588,4.0185131146648745,-5.659428891170607,2.6863360895408173,-7.428579634090217,2284
16.18,13.34,11.348999173853718,7.368775073062792,11.220280219484664,5.432161027530877,2285
-1.384,2.772,-4.499791471745648,4.273576441776171,-6.831378410886429,2.918030792812554,2286
-2.636,3.532,-4.007731287266888,1.1261640224570173,-3.7859484658943634,1.722454989294259,2287
-1.398,5.835,-3.259478418614544,1.3719785843008894,-2.286379765103958,3.3864139858286064,2288
-5.998,9.315,4.45195403835567,-4.015573319423781,5.065585185457565,-5.536093061824592,2289
0.5651,1.304,-5.210833875920453,5.623678866397753,-8.665788124631547,3.1397775951425713,2290
0.9042,1.426,-5.809672682072796,5.936703864108934,-9.044881294797563,4.170273954014031,2291
0.937,4.471,-4.334870188023724,5.064418498050585,-7.155951450894974,1.061727577785699,2292
16.81,12.92,12.026874692652546,7.297483626377001,11.583695937563277,6.547940904239861,2293
-1.347,5.753,-3.494870035435833,1.097058537971391,-2.3368737207161407,2.844858461956231,2294
0.4677,4.923,-5.649144975926556,4.061138096820726,-6.558272789548538,4.463931495289056,2295
0.6971,2.124,-6.159780351903119,6.124492827426805,-9.039976547788285,4.927942449192254,2296
16.79,10.49,11.643353612635456,7.765615645419969,11.98903517859111,5.391065293888299,2297
-5.348,9.075,4.569073350642047,-3.3553827371483904,5.528343726564743,-5.437899416347297,2298
-0.5042,4.253,-4.470188467290082,3.4427098665350813,-5.816813896726273,2.473292047123162,2299
12.72,-1.509,5.679848344538532,-15.417757805812942,3.4104602827323456,-14.914467161556036,2300
4.832,7.605,-1.2791027710696834,11.52469367123784,-5.589078377317093,-0.7810838874776678,2301
-6.32,8.122,2.460421712611042,-2.962768134105788,3.8108151449454803,-2.810895269771369,2302
-2.441,3.89,-3.946757643010296,2.3691812191122907,-4.15635056359639,3.282258683780877,2303
-4.314,6.244,-1.9567049429675716,-2.3282855119591814,-1.0429874168144684,-1.4034474548299627,2304
-1.737,6.257,-2.704786388661541,0.5487781498545546,-1.4046203599678497,2.3757019582788628,2305
5.597,7.991,-0.7244200990459101,11.85158461667241,-5.466518353055618,-2.023435657878669,2306
0.8173,4.244,-5.561679212834515,4.420369568836107,-7.263416241239212,4.721692973713128,2307
-1.146,6.487,-2.862611858632244,1.4986757669562238,-1.7611712918983917,3.4671520534555595,2308
-4.009,6.947,-1.0057226107379573,-1.6071625318413836,0.5035273923171538,-0.05786163177088066,2309
7.672,2.363,-1.5426584170123714,5.535772028934374,-2.50130529267659,10.973354989628046,2310
5.329,7.891,-0.9401740715762751,11.75606173611821,-5.285871933530472,-1.5420807060201482,2311
7.857,2.33,-1.4200499937793392,5.685506526004686,-2.564636419843338,10.738547021488397,2312
1.383,2.951,-5.854041902806439,3.992227974903001,-6.5219435201393585,5.06886571083471,2313
-6.679,8.843,1.4025969817379338,-4.511252221096144,1.113693167139389,-4.257171934505256,2314
4.877,6.755,-1.4548507616778987,10.347143355380906,-7.211796711515091,0.45170902643605904,2315
6.144,8.52,-3.3489993498584405,-11.10311680697261,-4.611590813230179,-2.35705358352259,2316
-3.931,6.961,-0.9175893948337214,-2.234747704494582,0.3817956341994781,-0.6789932903249578,2317
-1.288,4.438,-4.661572305943646,2.2010063562506574,-4.77345032555928,2.153789157013146,2318
4.186,3.339,-9.540622560765422,2.924699250232591,-5.940795372556351,9.148699456791132,2319
-1.714,6.636,-3.4072829172870294,-0.7627943124657731,-2.693347881864212,0.044193202594964065,2320
16.66,12.41,11.786452443812214,7.278878394138231,11.369295646120406,6.283639604191033,2321
16.73,11.13,11.708506734583699,7.648112002384081,11.78580908911357,5.525197679142205,2322
13.08,-2.293,6.992856176112018,-15.445578392971145,3.595339585710861,-17.223692243953497,2323
-6.445,7.856,1.1955584599712712,-4.179171380031691,1.1152983202231903,-3.763719862361701,2324
-3.878,9.331,1.827823312495075,-3.059145030010329,2.802323628832199,-2.627505129237922,2325
-3.156,4.948,-3.7583380625507012,-0.054994579780684005,-3.1523375020729523,0.6489326301614924,2326
-5.387,11.46,1.6304554059246403,-5.105675515163527,0.646809507776596,-4.3620060142476875,2327
6.881,2.144,-9.601643411900676,1.404644433032884,-3.860851954053543,11.349568063358515,2328
-5.025,11.37,2.6319736554363593,-4.733338650692091,2.3924756540549774,-5.221022432704719,2329
-2.816,8.765,-0.18892061569897103,-3.698519524562941,-0.19020928008427435,-2.4139495548208076,2330
-6.366,7.979,1.1444285227993352,-4.285445031154738,1.0141500725043793,-3.6099184211690742,2331
-3.669,4.839,-3.2476666853686944,-0.5568280782586198,-2.0696441636787872,0.3274134937326594,2332
5.618,7.365,-0.7321294234058039,11.325463477146043,-6.3836402402626495,-1.611563747783454,2333
-3.235,4.178,-3.870116321828045,0.654772180687799,-3.2252957330452423,1.55207579765722,2334
-1.777,4.617,-4.398344843175091,2.530604783069505,-4.926584194730423,1.6100054923097773,2335
-3.093,7.336,0.18497043988498282,-1.4338673915749651,2.390150357653,-0.5492982324560003,2336
-3.046,4.642,-3.43885645129887,-0.09811687134562541,-2.565606306623123,1.0411665085355921,2337
-1.905,6.293,-3.2931588576099053,-0.025794919956312667,-2.529374073575638,1.127987617592065,2338
-4.762,6.815,0.1409462145605905,-1.5378311242943865,2.0655973448050995,-0.15900272693231865,2339
-5.282,6.254,-0.33122837403026983,-2.9683218564873797,0.42079692022929377,-1.8363373931844549,2340
-1.357,5.892,-3.442524997975506,1.8155064020270246,-2.9319962964760284,3.516164476017205,2341
-0.8763,3.167,-3.911183206822552,2.4609441194647688,-4.4100870595680695,3.2126062456171196,2342
-6.819,11.46,3.11261740467342,-4.476703461635695,3.058741618563034,-5.207238024135383,2343
-4.874,6.162,-0.8437298224231379,-2.1727638807183367,0.4157907857192535,-0.7027419265706853,2344
-5.508,9.59,3.1409575059154853,-3.0497184362298113,4.319349337984421,-3.4611643012960274,2345
15.06,-0.7336,6.093897493098102,-16.055002984035596,2.3826306356681366,-16.012129133601935,2346
-6.73,7.497,0.35479280493053034,-3.9072015848046404,0.28377889530787653,-3.1526511367757637,2347
-6.644,11.68,3.6028412892559394,-4.806029614437208,3.1094413294089813,-6.1070597824056465,2348
-0.07313,4.081,-4.943719713475384,4.386455718051805,-6.859244297574661,3.6533307376901787,2349
-5.193,10.29,4.05826154491695,-3.6036971177941424,4.774651576448776,-5.13034517135218,2350
-0.2665,3.003,-4.894226400639691,4.940455618869676,-7.383919666837357,2.9404147211115044,2351
0.2805,2.204,-5.253408281590619,5.456399146091356,-8.587245415280961,3.4623741451303642,2352
7.925,18.1,5.212829740259967,15.71856516934575,9.053416778017379,11.478815728763788,2353
2.558,4.03,-7.745606748845257,4.021824065219774,-6.364259670804642,7.173132592777459,2354
-7.171,8.692,3.401929052088581,-5.694809254634962,2.059708882738449,-6.203083818813117,2355
-3.1,4.294,-3.1931301043292657,1.0434587631338972,-2.5209550367104034,2.6880034748117607,2356
12.21,-2.024,6.586761148188434,-14.870467957485305,4.4105210794700165,-16.12250549163416,2357
-0.3445,4.641,-5.172471849705853,3.3033749494666,-5.655634354184769,4.4305474105875176,2358
8.079,17.46,5.5532657220104555,15.980540457736863,9.527769614626266,12.061820680240839,2359
0.3921,4.112,-4.956635801579632,4.2175130281561755,-6.559493969510696,3.9182020965616386,2360
16.01,13.38,11.926401288721882,7.742022219669237,11.908817817140914,5.848504716495721,2361
0.5516,4.875,-5.546041815068402,3.839127722751512,-6.321249435971878,4.2888728920023125,2362
-3.884,9.115,3.487085015986286,-2.843395289409743,4.764100600649216,-3.316531008144172,2363
7.908,18.26,6.142680318568073,15.727889243137254,8.822749663759566,12.86512535248205,2364
1.894,4.894,-7.334453909184613,3.813079777728929,-6.3107594953285675,6.738362485508172,2365
-2.513,9.351,0.7155288769939764,-2.9813476171380144,1.5395780100120087,-2.5062113460500557,2366
7.472,18.99,5.298694284174762,15.732020560275926,9.079771567751266,12.141204530338495,2367
-4.421,7.066,-0.4227421567699091,-3.5351570215111834,-0.6173259125458223,-1.8982420619924383,2368
-7.12,9.227,3.673871667597614,-5.916745957363234,2.070939589907028,-6.916220968623908,2369
10.56,1.566,-7.91933330753056,9.519972983371629,-3.721470545362137,-7.217963522334846,2370
-6.401,7.397,1.2506335093716008,-3.1727753248101336,2.3061903013480682,-2.8599336799581367,2371
-7.754,10.71,3.005963237498127,-4.977564152706251,2.1917617811454315,-5.391118830104621,2372
-6.741,7.781,1.6770061566570622,-4.028598126400099,2.025350142885544,-3.5337260421712715,2373
-5.236,12.3,2.4296168400982245,-5.810992058742628,1.0335757030738373,-5.945299452205451,2374
4.09,3.098,-8.852100221898235,3.225764933597459,-5.952595661710403,8.395487004856317,2375
-5.049,10.28,3.9960674359539374,-3.7994611825829607,4.691978026796677,-4.641108339687141,2376
16.46,13.14,11.368473203394734,6.956915083896532,10.672606040407516,5.59866684112951,2377
2.133,3.204,-7.401058046605267,4.738149348270311,-7.566223572324417,6.535327130893914,2378
13.04,-0.455,5.8543778969982485,-15.044890221584426,3.9486439718497772,-15.106834715266974,2379
-7.454,8.135,1.2044421746471745,-5.90865307711421,-0.19644233150353246,-4.849048918147834,2380
-6.269,7.869,2.153220088694416,-3.147852477062331,3.2262230409873505,-3.0906007942159492,2381
8.53,18.27,6.093542249415241,16.351945105564013,10.147973586489059,12.759289437870233,2382
8.521,18.1,6.149565847132526,16.537329855930224,10.423739959169723,13.148173982242792,2383
14.08,5.785,-6.2687934325000425,-12.777902420986281,-1.6324624524818878,-8.181167906184942,2384
8.133,18.78,6.169675500605426,15.996232214939011,9.555755187441207,12.954421693424433,2385
-0.662,3.22,-4.88130315997807,5.04885310269536,-7.588964413236282,3.067235523800103,2386
0.4239,1.959,-5.378503172185101,5.170565787326708,-8.069848488401078,3.941354447941033,2387
6.896,18.81,6.5259100510815005,16.290126982700244,9.775986243654586,13.73562973175451,2388
-1.308,5.011,-4.513374178197064,1.4497103724593061,-3.7451369271980743,2.8193021360437553,2389
-5.73,9.31,0.8397405459621771,-4.227951344478712,0.4841198219550628,-3.5989368614156563,2390
11.63,0.433,-2.0091622755786553,6.778323832523241,4.445032645632126,-1.967307632823737,2391
14.44,12.19,-3.889332859303631,11.20656222439946,8.751355697084762,5.158881599048821,2392
16.9,11.42,11.94271960994991,6.765353384982958,10.697481681276656,6.588839227298943,2393
-2.103,4.096,-4.235407678868451,1.6838786039465803,-3.7643615709053497,2.663877541164605,2394
15.71,13.18,11.871324689600788,6.653490248691454,10.241261054445602,6.509647065738885,2395
14.07,5.793,-6.283531515385785,-12.793499764431106,-1.471198748181961,-8.33267909850672,2396
12.34,-1.952,6.234280736658893,-14.847346123684035,4.30035691397319,-15.667770689388067,2397
7.393,2.208,-1.6837057755252498,5.340252104770555,-2.989994953702591,11.110037500004022,2398
16.55,10.31,12.070982129786335,7.307389441501512,11.654354621340133,6.557317906955926,2399
-4.22,5.466,-1.9695206568500179,-1.3063444461709124,-0.47194121343960577,0.5020361486475153,2400
-4.133,5.775,-2.3566473410388604,-1.3417823877221209,-1.127744625638626,0.21908729706212715,2401
6.284,8.343,-3.739440052296795,-11.090377625454055,-5.142534206937454,-2.8559396919210274,2402
4.91,6.71,-1.3928612158557552,10.431721869480027,-7.331010769437454,0.0706949773828669,2403
5.434,3.071,-9.292297212865032,2.3346757326239485,-4.932350586484573,9.568595582584589,2404
-5.705,8.134,1.6311673238018376,-3.0400467481499773,3.1218784345878143,-2.8393572029073555,2405
-4.528,6.63,0.6805291487911566,-3.665684994686232,0.6736047758353728,-2.921901529689582,2406
5.754,7.351,-0.6106118247768061,11.659281912814988,-5.8638929830299835,-2.052802627940925,2407
1.317,5.377,-6.606541960026898,3.7653557691687483,-6.127503346036575,5.827349835972039,2408
4.641,3.658,-8.821008531834758,2.7457754049414533,-5.242561768125198,8.273595983127802,2409
-4.209,6.625,-1.2492834017535823,-1.7097881402855974,0.22046457665095515,-0.13404471244409844,2410
-6.603,10.88,2.254730613444172,-6.392733868587599,0.39971293943057246,-6.37281925048426,2411
1.201,1.609,-5.993866293217816,6.124191466342821,-9.303032349179887,4.472898179630486,2412
10.59,1.493,-7.91247352817265,9.516340437900437,-3.617173384259842,-7.362661665340217,2413
-4.472,10.86,3.9539977624157294,-3.4567859735375506,5.012766410280563,-4.794483488460334,2414
1.201,5.235,-6.142806379582562,3.8374063406103986,-6.385482739041946,5.301149779895989,2415
0.17,2.906,-5.443273870732464,5.583588305484667,-8.596099327634477,3.5552720371286552,2416
-6.422,10.75,4.539430291865192,-4.407725152004347,4.47485642569194,-6.608207529445441,2417
-0.8349,3.561,-5.57068714359013,4.467489901554003,-7.177827786039017,4.3857192340891045,2418
2.076,2.419,-6.666250555302777,6.613122645389452,-9.80831761224141,5.599294835666863,2419
17.06,12.32,12.16621700069698,6.957078162204637,11.083284903932906,6.931462461094109,2420
-5.1,7.808,0.08162759012373519,-3.3733928766137224,0.6150029792083281,-2.4742966350515205,2421
0.824,4.979,-6.242575971867718,3.6523141298407453,-5.730440567563675,5.467238122562615,2422
17.13,12.48,12.014524610255085,7.569998446475878,12.092024375368453,6.178947145084588,2423
-0.9294,5.734,-3.6478930399676934,1.5894377861136335,-2.9244157777534943,3.182003432850091,2424
3.736,3.634,-8.247205583836712,3.4094771776312727,-5.675524185727737,7.7255207840006035,2425
0.5269,1.831,-5.6167782233020445,6.0932289991492175,-9.239974449704789,3.7894973102609795,2426
-5.697,9.42,2.746108443949543,-3.5278561677819353,3.4905262483848114,-3.7023237403829414,2427
16.67,10.56,11.35155406734737,7.020924750339403,10.88634734289775,5.69698112640783,2428
-0.6361,5.921,-3.8386915610095635,1.4805703792685407,-3.383324812482498,2.5263039413492363,2429
4.967,6.71,-1.3306418345233577,11.042432013522996,-6.577050636838577,-0.23018450107172295,2430
-1.045,4.031,-5.186784593846478,3.101825419437303,-5.194023083280228,4.3069979492227715,2431
-7.905,9.035,3.9806915833690986,-5.669377621639357,2.85404138701091,-7.113561933894904,2432
1.831,0.9287,-6.602880327489056,6.736371222507372,-10.11510701043477,5.217244321445672,2433
-4.843,12.35,2.1336599900463447,-5.6104434099084,0.7805855764640349,-5.348243540187629,2434
-2.471,6.824,-1.4147913143893855,-0.49030977152644206,-0.4796603427635651,1.094608390669076,2435
6.284,7.578,-0.1046735183259623,11.373479071628465,-6.256779144834183,-2.259796446224006,2436
-2.059,8.055,-1.7913144514819759,-1.3876414861565691,-0.44397823078503423,0.11084216270848946,2437
17.09,12.85,11.90974727413448,7.821470442783251,12.359629203249312,6.053070241550652,2438
16.56,12.86,11.732907445643269,7.817867938053026,12.01641039984355,5.548479730228631,2439
-4.453,11.57,2.581806571696125,-5.085262116420851,1.9957731260550995,-4.99564058150843,2440
-3.613,6.432,-1.4738623783847469,-0.27468716763316203,0.6116235746634978,1.356896685867308,2441
16.45,10.3,12.025433690760456,7.391868296634569,11.738331366945602,6.4331108871500176,2442
-2.248,3.23,-4.37903675296513,2.6348821554297346,-5.130712460111282,1.8162751439611597,2443
-1.039,6.267,-3.611131994511761,1.39299840069951,-2.767893265317581,2.947283441166131,2444
-4.611,9.881,4.257310064051471,-4.088159378994093,4.580794383455612,-5.508747404475959,2445
-4.676,12.24,2.8349837376812324,-5.590274628627882,2.012765695024826,-6.528754537959846,2446
-7.492,10.11,3.0855971886852607,-6.181627568233595,1.4379141821158905,-7.156234091182502,2447
15.49,13.13,11.136197240565144,7.220727149021044,10.752753783632613,5.156121188739983,2448
-6.136,7.925,2.190751941416584,-3.575847920406447,2.9259343637717743,-3.4099023994405586,2449
-4.583,8.413,1.9553617551067692,-3.2671397294884783,3.2590010656608124,-2.937744444270881,2450
1.558,1.411,-6.46161731937138,6.432238284122362,-9.671216438840531,5.2318920436899345,2451
-2.579,8.474,-0.6229793117305414,-2.139256056774245,0.9147000207198638,-0.8220968898732977,2452
-8.18,9.003,2.388763816569172,-5.927399929988966,0.8644334568274993,-5.926231687923225,2453
0.06614,6.781,-3.418569175984539,1.417297307025804,-2.5385169492470245,3.5911959949533623,2454
17.03,12.83,11.831457288477742,7.852969351779833,12.295146514345504,5.704043084720818,2455
-2.61,5.717,-1.9011813090106624,0.32743800021351765,-0.547363768647812,2.5317646804849785,2456
6.874,18.48,6.3776370599010805,16.110567275058642,9.505987693239547,13.282243424991815,2457
8.158,17.44,6.350634248469196,16.224234763156787,9.767094184328414,13.205830270389765,2458
6.879,9.888,0.7338761999348028,-7.057063397396193,-2.1721670137154083,-4.217485254665168,2459
12.45,-1.938,6.732956083033405,-14.917417344081985,4.394932795931198,-16.569814985652716,2460
-3.432,4.403,-3.2089208052417413,0.21907201744259786,-2.3160716996895294,1.536685178021638,2461
15.19,11.57,-5.2137468741199156,-11.54683953188716,7.7337117685569305,5.73966329727575,2462
0.1663,6.288,-4.6898821280261656,1.720837298404588,-3.911555241178177,3.6590885463754814,2463
0.1786,5.518,-4.849741308476605,3.36406511403264,-5.4324974523293,4.108636314014642,2464
-6.961,7.556,1.2347456528881413,-4.360819634426222,1.0942689670814056,-3.767111605068,2465
7.736,19.1,6.1054226472118716,15.819935980808152,9.214611579347945,12.933524781803339,2466
0.4439,5.463,-5.271509973790326,3.0499517355078596,-5.1856712804543,4.686405116657464,2467
-2.87,5.706,-3.017445413853802,0.46085775605977963,-2.045963953565262,1.9836579505006953,2468
-1.585,6.458,-2.9352003023883477,0.1847810182684798,-1.94650633199086,1.6800248268644495,2469
-3.958,9.157,3.3947698189953193,-2.855727013576613,4.766322184969284,-3.6011470016439278,2470
0.7371,3.762,-4.674396364476361,3.9221374426001447,-6.053624104093216,4.13997166786596,2471
-3.754,5.999,-1.813850967671551,-1.212412771213637,-0.5097785697685701,0.5205351058046503,2472
15.61,11.37,-5.390383093144574,-11.709184464443313,8.297093917299605,5.971682244877068,2473
13.19,-1.799,6.2690130784252505,-14.859348114956008,4.21748976843486,-15.799598997493536,2474
-0.8811,3.914,-5.341101972844281,3.353623810779466,-5.754256676267288,3.8640052619974297,2475
5.805,8.091,-0.6139830038806574,11.711709204685105,-5.629877995084427,-2.2731154617269356,2476
1.097,5.31,-5.813093988682904,3.7142397794836897,-6.486799191068314,4.5939831081430595,2477
7.183,18.96,6.2729617669323305,16.097629729282275,9.596819449831344,13.05416458282873,2478
1.454,4.738,-6.194366781499066,4.576438132297411,-7.312314938138626,5.304311210254876,2479
6.48,2.912,-9.005730478551067,1.882935825359239,-3.9502155290352325,9.968620950321405,2480
1.132,3.115,-5.161063043858685,5.008966628085985,-7.647329758237503,3.841620618442742,2481
-4.412,11.01,2.0994320227840766,-3.4563885297661883,2.796908189226486,-3.1623581108053047,2482
-6.279,9.57,1.7901268317440373,-4.34435397051631,1.7186059250129242,-4.300758665462287,2483
6.183,8.797,-3.6169505999347344,-11.047934350002395,-4.461548279355667,-2.8660505470235664,2484
13.12,-0.3744,6.209328325007282,-15.464412507045852,3.2815204157126923,-15.857685392757208,2485
7.197,18.98,6.128826291773639,15.863744917880906,9.434543181825973,12.616203958133905,2486
-8.104,9.372,2.871394784663044,-6.315975007045851,1.041557599474289,-7.316936796565803,2487
-1.81,5.785,-2.7880323813220635,1.0195628438109297,-1.8819827543007355,2.8858616891901177,2488
8.021,18.84,6.171459825251422,15.847978774082078,9.082827140261031,13.080136949161737,2489
15.91,11.55,-5.455249635960736,-11.772029694545852,8.583031226564742,6.202264482120721,2490
1.48,4.474,-6.097024290349164,4.411056700717821,-7.0684837804543,5.211414987186639,2491
2.096,1.905,-6.640747396733441,6.642582598697557,-9.736095856259965,5.430882627109734,2492
-3.391,6.513,-1.811336366917767,-1.2896344032174212,-0.5566144095169526,0.3128597084085627,2493
-4.789,8.802,2.9252544953564033,-3.5186164941674334,3.7538996233237762,-3.9974167999227364,2494
-3.182,5.59,-1.9430590555926937,0.039292130243196,-0.4122141407238465,2.1201260629694145,2495
-0.5032,3.401,-4.3438900397082945,4.160004082691088,-6.250013302396439,2.064078206161706,2496
-2.305,6.724,-3.1963787958881036,1.876562181484117,-3.011787127088211,3.1007261816064995,2497
14.1,5.776,-6.269632189061322,-12.778158005703078,-1.6216500507103424,-8.438946073909552,2498
-2.752,6.977,-1.9004097864886897,-1.4746271934395891,-0.5841115222679597,-0.023278540035040818,2499
-5.312,8.197,1.4184489562252385,-3.307110127437697,2.4733095659507294,-3.0177887138326485,2500
0.6166,6.147,-4.5295003340503355,2.2408700618857282,-4.156775902341507,3.7763139549295586,2501
7.203,9.704,-4.053818552281537,-10.121779259670364,-3.0652598844276886,-4.23705322112635,2502
-0.5803,7.012,-3.2522378847858087,1.3661509785765547,-2.126059006284378,3.374147349933831,2503
-4.832,6.911,0.7466371967533453,-3.2582264509087664,1.5854614271415253,-2.5336979087789375,2504
-7.596,9.154,2.5787164284923896,-6.13596659563838,1.0936601652396698,-6.482654875179084,2505
8.465,18.65,6.340152414057575,16.3048135671729,9.804137755800582,13.036910707096308,2506
-2.218,3.501,-4.660703985478558,2.516486588489427,-5.020381401609085,2.207736307720391,2507
16.64,12.21,12.011728437159382,6.752931300174608,10.45380168097148,6.9811455551187676,2508
-6.363,11.93,3.076569707606159,-5.225414570797072,2.5379577173484344,-5.884867494960578,2509
0.9133,3.33,-5.553637830998578,5.187682810794725,-7.961886833737991,3.990778142551629,2510
16.98,12.58,11.8640185906628,7.74637621976079,12.11434798376689,6.061260396579949,2511
8.002,10.48,-5.305652467991986,-8.309163865078078,2.392235089708664,5.345059806446282,2512
15.19,11.53,-5.1997860358020445,-11.53475457094966,7.740410376955368,5.645420724491326,2513
-1.314,5.179,-3.120379297520794,2.0508737001532453,-3.277264069150589,4.115086490253655,2514
12.68,-1.005,6.947681100581012,-15.583924111354934,2.7280118955863495,-16.7794726547201,2515
-4.202,5.607,-0.9865752146503107,-1.4210072126275164,0.6275702013267058,0.3490312639276667,2516
1.603,1.011,-6.271752207066693,6.631623450290575,-10.114514778684281,4.805905276874749,2517
16.59,10.69,11.435213239405476,7.049433890354051,11.023815680910445,5.62642973099157,2518
-4.095,5.099,-3.483601896550335,-0.6009743776208024,-2.151148747037552,0.06720882091924385,2519
-4.927,6.942,0.20510477713140082,-1.722743090618239,2.199014474321701,-0.7985180076558904,2520
-0.729,6.387,-4.4846137450000425,1.1826713118666548,-3.964182327817581,1.3959129470984621,2521
-3.671,7.61,-0.7934608147403376,-2.528259572017775,0.11150509553084559,-1.3116589244802312,2522
-3.998,6.535,-0.5216419980785029,-1.5016325082665545,1.3697112097037811,-0.08631080951288506,2523
12.95,-2.266,7.089547307703815,-15.350131806362258,3.420642186571457,-17.369861906429083,2524
7.473,17.79,6.245179803583942,15.705169859897508,8.969061423708297,13.189708406070917,2525
-4.273,5.413,-2.308292715336956,-1.4318159189110857,-1.1556243406044464,-0.017820065875800095,2526
7.502,2.658,-8.571804849888958,1.6476138267630476,-2.877932261060379,10.226889306644647,2527
6.613,8.609,-3.868824808385052,-11.007797059047805,-4.720914314817093,-3.3536141571004707,2528
-2.511,6.181,-2.144713251378216,-0.04155647419749309,-0.7428412543045503,1.9405223074953242,2529
-2.494,7.136,-1.7011440680286067,-0.9469622936135392,-0.06775287849774175,1.15855194065973,2530
-0.9767,3.262,-5.268786756779828,4.039799395572557,-6.903015087674759,3.702788526157586,2531
5.97,2.74,-9.31336006381718,1.9564531478995222,-4.421465824674271,10.216800386051386,2532
6.949,9.125,-4.0701921866199156,-10.2946794595605,-3.817120503018997,-4.253021067043098,2533
14.87,-0.8334,6.216694505427204,-15.870808419216262,2.554879952837326,-15.756019895931036,2534
-1.512,4.641,-4.636628000523724,2.0964759025687116,-4.6502298818336945,2.2760912719766777,2535
13.42,-0.7751,6.656388433192096,-15.527642067897903,3.3366289629233856,-16.44330627288416,2536
-4.922,12.51,3.346492917750202,-4.690312680233107,3.2180307401908417,-5.941043680568488,2537
-2.212,5.465,-2.7033525393268243,1.1803150806540388,-1.7438597188698273,3.094811493496148,2538
-1.562,3.412,-4.318939058568158,3.626110020648851,-5.59419007165303,3.037403875927178,2539
5.56,2.437,-9.896118013646282,2.040625158321275,-5.195464562009476,10.496610337833612,2540
8.52,18.29,6.241311700556598,16.41670436001958,10.339559127260543,13.110156709293573,2541
-0.1289,3.789,-4.71607288577763,4.140420380603685,-6.4394826398598175,3.302731925586907,2542
-4.63,9.606,3.7717334344127997,-3.5659049119835955,4.667076159883835,-4.513024633785041,2543
5.909,2.514,-9.529300539281047,1.8876526985281843,-4.755628536771439,10.500665361026972,2544
5.316,6.483,-0.7843055413028376,11.035991850864304,-6.908270786832474,-1.306287353893073,2545
-2.813,4.474,-4.006775705601849,0.8367075953596969,-3.1073481546150665,1.7186190429727717,2546
-1.615,6.44,-3.125649063374676,0.12109360433758687,-2.2075347409950714,1.3861087243656798,2547
-0.4581,4.126,-5.131680815007367,3.3432416353339094,-5.854751061032913,4.167733365635125,2548
5.434,3.372,-8.993503420140422,2.3380509052389997,-4.616307209561966,9.150202447513788,2549
-6.965,10.27,2.0854337527492866,-5.922538098323927,0.8713330520881194,-5.526561087032111,2550
-4.29,9.312,4.166236074183307,-2.8263557519799334,5.636549998689987,-3.9822376426656563,2551
6.714,18.61,6.3738786294201235,16.35331839657964,10.1336589349998,13.469664270023554,2552
-1.598,7.424,-1.8591338084003108,-1.1903876628762347,-0.5855053768860322,0.42062633667394356,2553
-3.081,6.692,-1.7618162319919246,-1.1651968326455218,-0.2359055833326798,0.7093004528085871,2554
-5.329,8.774,1.2402184321621281,-3.208136614788161,2.269662667681076,-2.649933164974006,2555
-4.583,12.52,2.703846128199421,-5.005068596828566,2.1139109625113983,-5.665717428584846,2556
-5.6,7.845,1.8005998446682316,-2.949103411663161,3.2128091348899384,-2.659414595027717,2557
2.077,0.9193,-6.783525316502728,6.756329718601122,-10.190727661679887,5.825344735721795,2558
6.111,8.421,-3.443924276616253,-11.143100556362258,-4.838770340512894,-2.5710886177022774,2559
-2.619,9.473,0.8431105329731329,-2.6617718305474383,2.1903043283713837,-1.8329444583852605,2560
-6.242,8.819,4.06487980625423,-4.141157444942579,3.9613910211814423,-5.0644033607442696,2561
10.53,1.686,-7.97498401859013,9.550109091770066,-3.893918465207718,-7.285670584102424,2562
5.864,2.295,-9.77271351077763,1.7188366088980573,-4.721645306180618,11.03500717316076,2563
-2.657,9.3,-0.2349635050555842,-2.541909989345656,0.9738076223624724,-1.4518314060170965,2564
-6.221,12.02,3.5000518872478827,-4.854910191524611,3.211612988878586,-5.846179312129768,2565
5.883,7.436,-0.32249933340755865,11.24651927090825,-6.391792725156448,-2.096901005168708,2566
1.213,3.299,-6.251745550419964,5.22717923260869,-8.06891674859395,5.1406935993234795,2567
-2.232,4.573,-3.6180404112598077,1.5391630563849348,-2.7271317945229034,3.5895225349466484,2568
-0.2331,5.981,-4.511810629155316,2.2905715141409773,-3.9162356363045197,4.066808873752801,2569
12.38,-2.105,6.879698903773151,-15.580490883815871,2.9170866503013153,-16.478662794490607,2570
-3.067,5.024,-3.194215624119915,-0.05240392350016643,-2.111913155149124,1.2434785682360812,2571
16.8,12.87,11.729167134974324,6.932422820102587,10.773420859743453,6.295577699283807,2572
-7.583,8.395,2.057925136301838,-4.6925647821313,1.7753426327003021,-4.585668390651496,2573
12.41,-2.169,6.594429643366657,-15.577231225002395,2.9826088442100067,-16.344497984309942,2574
-0.361,2.85,-6.251726000096478,5.312198344241991,-8.171947907041215,4.901625806431023,2575
0.7964,3.468,-3.8764179632922784,3.248518887531175,-4.6217946515785675,3.9278950038950127,2576
-3.531,6.871,-0.6427840874454157,-1.0948584642296892,1.0398900999320526,0.9791950527231379,2577
8.157,18.66,5.971876771662555,16.331705275546923,9.97659449713359,12.517932588199823,2578
-0.1495,2.613,-4.968834249760785,4.906173411380663,-7.316915939878128,3.2989322486917656,2579
-4.047,9.358,4.476539285395465,-3.0668225850945574,5.970926810671188,-4.6802385505636055,2580
-0.6022,5.815,-4.767517893101849,3.110863629352464,-4.851604889463089,4.13550537262365,2581
0.03961,4.786,-4.893496362950482,3.3775031004065412,-5.827696274350784,3.0974520984689873,2582
7.431,9.195,-4.219708769108929,-10.778382119167434,-4.616558025907181,-4.1036794837911446,2583
-6.768,10.19,3.382693202708088,-5.652474698055372,2.2055557264579315,-6.7096503433187324,2584
-5.514,11.48,2.010071904871784,-6.057412919033156,0.27273120420108027,-5.5082648452718574,2585
0.007919,5.101,-5.560621111180462,2.9390782747382063,-5.254845093320511,4.5352224651376885,2586
-2.709,6.647,-1.761808721806683,0.011158112060441483,-0.3344688819157105,1.9906965437929316,2587
-7.203,10.38,2.1196774556377753,-4.954036053646193,1.6291652216208954,-4.91670352782801,2588
-7.188,11.4,1.9609270407894475,-4.770117577541456,1.4872013820899506,-4.780476396938117,2589
17.03,11.71,11.752533109400593,6.914067927371874,10.847358275820113,6.231667214969842,2590
-2.507,8.584,-0.8578638122340815,-2.5597656335717303,-0.06729810250868612,-1.208875244518073,2591
-6.037,8.235,3.289415986750446,-3.7656004991417986,3.627445508409836,-4.249439543147834,2592
5.78,7.889,-0.6395708010455744,11.757043066989793,-5.812602947782181,-2.2027888950307686,2593
2.263,3.968,-7.594929067876019,4.269480887424364,-6.949944923947952,6.799546414951531,2594
-2.03,4.691,-4.152265875126996,1.7394792471045393,-4.059969376157425,2.079292053322045,2595
15.35,12.99,10.949449689600788,6.842323962222948,9.902783919741012,5.213620359043328,2596
-4.59,12.57,2.908173234675251,-4.705364521968947,2.7638354791892548,-5.901459997554572,2597
-4.584,9.092,4.201013715479694,-3.3240550126916033,5.194802810121872,-4.897348707576545,2598
-3.924,8.791,0.9278887226322515,-3.748755749691115,0.9971265091193694,-3.184209650417121,2599
1.668,2.686,-6.156700460698285,6.0176207456702135,-8.92529816491475,4.75286548767492,2600
-3.98,5.036,-1.9901004717609065,-0.3412744369393449,-0.4510106251942139,1.673809343914239,2601
-2.365,7.189,-2.0279034064075128,-2.015105780590163,-1.3846123920189362,-0.2288660463292913,2602
12.57,0.07452,-2.027840702321209,6.798052016269579,4.354437877107956,-2.0177133735616524,2603
7.223,2.472,-8.539011804845012,1.6492189798468488,-2.980806778501175,10.52902858887121,2604
-6.374,7.82,1.1784667088726384,-5.836628731716261,0.19701472358832545,-4.324085062404426,2605
0.7794,1.538,-5.773722498204388,6.882914725314989,-10.070056389402055,3.956425363163201,2606
8.032,2.273,-1.5538825676700252,5.735768023502245,-2.4484073625313263,10.844655686954706,2607
-5.606,10.04,1.5313555314281804,-4.089338597286329,1.8494316829932709,-3.750033682246955,2608
-5.11,9.103,2.1291710450390204,-3.083662804592238,3.2951980127585907,-2.983152693172248,2609
14.08,5.769,-6.282794801976361,-12.790957268703567,-1.507305811475418,-8.252758329768927,2610
-7.743,9.608,2.6177460267284736,-4.174372014034376,2.5584826959861298,-4.513085668941291,2611
-6.239,9.422,4.0181705071667055,-4.709083851802931,3.944373656679489,-6.360024279018195,2612
-1.116,3.532,-4.768100588109173,2.699526015293016,-5.775663803647659,2.342760736088006,2613
0.01093,4.882,-5.321888296391644,3.51488298512639,-6.02447743279805,3.6408609691660088,2614
-2.681,4.289,-3.1853590891620294,1.844929519664659,-2.6513704763161163,3.683916741947381,2615
8.191,18.38,5.476544053767047,15.979885283481492,9.728731681276656,11.979133302311151,2616
-5.25,11.57,2.407976777766071,-6.189520653713331,0.7833813323272246,-6.428376501460822,2617
0.7021,1.639,-5.940833418156781,5.950574580203905,-9.035419891904496,4.166055614093987,2618
7.754,2.417,-1.47490712859837,5.637400332462206,-2.3630737767921906,10.812531167606561,2619
-7.066,9.933,3.2307459428051337,-4.737171467769728,2.8074050440085907,-5.129905050655158,2620
5.232,6.615,-1.349284021641888,11.102484885227097,-6.647398422788284,-0.2557781394918279,2621
-8.068,8.712,3.0241040303448066,-4.1803820695763685,3.1595259203208466,-4.6582120117147285,2622
15.98,13.31,12.050177724573933,7.1087719831580065,11.06938891546855,6.6856343093912285,2623
13.22,-0.8944,6.136361749384723,-15.044979866970168,4.1649132265342255,-15.549312895198614,2624
-1.62,7.813,-2.1556373522540704,-1.6327996816521746,-1.114930461476944,-0.3168049510915594,2625
7.731,2.419,-1.4617767021915096,5.653450671207323,-2.2908269868599396,10.812315637211054,2626
1.963,2.969,-6.6586836264392515,5.8548561964148425,-8.767757843564652,5.742703610996453,2627
4.159,3.184,-8.90791401126591,3.182781163226976,-5.835203598569534,8.552554303745477,2628
16.36,11.64,12.183252485010945,7.070861521732225,11.080004264284469,6.86844223175451,2629
-6.675,8.296,2.5307947709301337,-5.610571202266798,1.3982995046866913,-5.8179829772909,2630
-5.562,9.994,2.459126384470783,-3.688002404201613,3.0813794626487274,-3.789704149623664,2631
-5.349,11.3,2.7331561162212714,-6.530547436702833,0.8249223126662749,-7.05432445373133,2632
-5.022,8.457,1.2809586837032658,-4.515917119014845,1.28155021803508,-3.8218043502767403,2633
-4.148,7.703,1.1554367854336125,-2.3496196832543474,3.236577083040573,-2.0647528823812324,2634
7.551,9.44,-4.210681288029828,-10.713068779934035,-4.208656738828323,-4.081670587917121,2635
-4.394,8.185,2.5466684415081366,-2.9962452020531756,3.7369347109092255,-2.998176878352912,2636
-5.91,7.998,1.9705770327785832,-3.756262597072707,2.3842595114005585,-3.5566070732076485,2637
13.14,-1.8,5.997407586787067,-14.942264374721633,4.45025401251445,-15.506609266658575,2638
-6.373,11.71,3.004322202418171,-6.453869160640822,1.2698345674766083,-7.591965025325568,2639
16.89,12.95,11.86929145595821,7.916190806400194,12.389493514467574,5.814008409122674,2640
16.47,10.79,11.69138446590694,7.235055151950731,11.15188460486064,5.903899366001336,2641
-5.915,10.55,2.422808082316242,-5.84159403704463,1.3471097244514008,-6.141770666499885,2642
-2.832,8.244,0.1951720952132566,-2.9664276208764178,1.3025117410911102,-1.9149585422475652,2643
-6.309,8.325,3.4445046498516425,-4.613013562191115,3.1518781675590057,-5.447642153163703,2644
3.689,3.668,-8.756042330052532,3.2293478880041975,-5.858969639371536,8.222119027713983,2645
1.748,1.752,-6.4428022787830015,6.546399775516405,-9.883653114865922,5.045830184559075,2646
-4.362,10.13,4.461772592280231,-3.2287426557427508,5.805222083498337,-5.006668394466193,2647
4.755,5.509,-1.4767058775684017,10.081126395236863,-7.8599562154518585,0.5818328801195307,2648
-7.192,9.271,2.492704303477131,-6.375852879512892,0.8375453247321624,-6.760650938411506,2649
-6.023,6.573,0.543595732662998,-3.819002923000441,0.6150730146659392,-2.8598139938314278,2650
-6.861,10.82,2.456442744944416,-4.943335350978956,1.7466087831748505,-5.5377286132772285,2651
5.641,7.195,-0.6699946210643427,11.012368384372605,-6.853130768369339,-1.3909061607320623,2652
-5.172,8.791,3.6442135884502753,-3.6818159189110857,4.227983523775436,-4.3605621513326485,2653
-5.892,7.983,2.1506339623669013,-3.1571896638756853,3.1158698095572968,-3.1289103683431465,2654
-5.915,10.56,1.290110976908527,-4.012815293300734,1.6871938003791351,-3.461384600063117,2655
-6.314,11.22,4.285815866206012,-5.364296254146681,3.3486569418204803,-7.371307676692756,2656
-6.288,11.11,1.931817085955463,-4.1060388650780775,2.4641781343711395,-4.065188234706672,2657
-2.572,7.864,-0.659041909958996,-1.34567826651393,1.2152860655082245,0.35970240269109444,2658
-6.745,9.411,4.181056649897418,-4.520788964260206,3.8970997823966522,-6.058970755000861,2659
10.61,1.551,-7.9465607092639585,9.54010886288823,-3.754405926297806,-7.2906277831991035,2660
8.206,18.85,6.137286336634479,16.12386054135503,9.732566405702926,13.078197175602167,2661
-2.796,3.956,-3.4161117956897393,1.604656640064134,-3.124326895307205,2.714065963367669,2662
-5.415,11.59,3.5206154896953925,-4.574741658199415,3.543095160890915,-5.7802494224508125,2663
-4.793,8.934,1.5629114224651677,-5.3737977113610365,1.3042452825797577,-4.786569898982795,2664
-6.953,10.81,3.426089198801838,-5.786569413173781,1.9370981945289154,-7.142880743404182,2665
-3.553,4.83,-2.6307989046832696,0.8008955452555556,-1.2810002074944,2.7316742483179253,2666
-4.958,12.39,2.616669328425251,-4.952264603603468,2.0690382017386932,-5.7163360771138985,2667
-4.831,7.23,-0.3014757321139948,-2.6753244962578875,0.5010799659980315,-1.4376714881856756,2668
-7.838,10.11,3.4142378880718574,-4.977777298915968,2.91878109114299,-5.482287710567268,2669
-4.008,8.691,-0.1312708095571177,-3.7162230577355486,-0.12792244119515234,-2.602148121257575,2670
15.69,11.61,-5.450334875371136,-11.767039116848098,8.72906260626445,6.083985501865594,2671
0.1255,2.542,-4.31479868152348,4.297913256656542,-7.103137444089554,2.354571515659539,2672
0.6393,2.96,-5.5175093100330015,5.0327479276770495,-7.62442917687764,3.6298600975076836,2673
6.878,18.75,6.47498288891109,16.435119811069384,10.362856437136031,13.526684457401483,2674
7.529,9.429,-4.158903448369183,-10.38496666811763,-3.952176998685501,-4.368660276790412,2675
-1.421,5.894,-3.4112080023547784,0.6855623010510344,-2.509045551847122,2.1463327351610344,2676
1.767,5.427,-7.596843569066205,3.428506794940843,-4.802281807492874,6.677172357181756,2677
-0.1877,4.254,-5.1480730459949156,3.8793260488623518,-6.449534843991898,3.8213857952158135,2678
1.317,0.9186,-5.956836550023236,6.873752776157274,-10.2817463384377,4.4213380161325615,2679
-3.969,5.231,-2.4748185560962335,-0.7462989654427629,-1.5387253270851593,0.712028497795312,2680
-5.921,11.28,3.0691007687786445,-5.949471768367872,1.4111358417762299,-6.45338565673426,2681
-4.193,9.013,2.946501167033039,-3.452502545345412,3.8334196104300995,-3.878033941646369,2682
15.97,10.35,11.364229352686726,6.502091113101854,9.816495467592574,5.950905496219842,2683
12.46,-1.999,6.272747190211139,-15.732790764797317,2.9764540685905,-15.934616392513067,2684
7.02,9.53,-4.095473139073529,-10.138152894008742,-3.319932173322342,-4.4403165039022285,2685
-2.825,6.248,-3.4737883494159356,-0.5924771394616227,-2.28538412911763,0.13932650719091133,2686
1.848,4.776,-7.567606775548138,3.72065371609868,-5.975308369229935,6.893023187259881,2687
0.3344,4.894,-4.645984976079144,4.489711466800585,-6.497721623014114,2.7425493541757744,2688
-1.837,4.698,-3.8029743120929376,2.9365436468237776,-4.398831318448685,3.689632827381341,2689
6.712,7.988,-0.004709674503483058,11.433800879489793,-5.776719521115921,-2.830290144344123,2690
-7.892,9.217,3.033140094492756,-6.446245964992628,1.1769319071067352,-7.08896858062342,2691
-5.631,7.562,0.6586852385738714,-3.0557242002373797,1.8795667185081024,-2.1445685085256416,2692
0.6322,2.712,-4.924995748784222,3.8045551214331526,-6.520920704435013,3.4178358856241386,2693
5.048,7.595,-3.3623114512225762,-11.176283654201614,-4.890084694455765,-1.916479175945075,2694
0.5606,2.53,-5.891767828251996,4.123097840320482,-6.704413841794632,5.124153548816888,2695
7.579,19.09,6.446326883051715,16.37805289364995,10.083407927919723,13.577993089298456,2696
1.306,3.885,-6.155605165745892,4.8899547491187,-7.614227245877884,4.9996978584329765,2697
14.1,5.817,-6.27610763766972,-12.785898980129348,-1.5600182519661407,-8.314608877559454,2698
6.403,8.554,-3.8441589758655206,-11.019987877834426,-4.803764771054886,-3.210844343562873,2699
4.963,6.222,-1.3639522478839534,10.412614050876511,-7.471099327634476,-0.00455028380945488,2700
-5.849,10.34,4.141557843897663,-4.108728703487501,4.507646132875778,-5.304415529628547,2701
-2.29,6.788,-1.8418639586230892,-1.059974011409865,-0.4771548019157868,0.9041561130087061,2702
15.95,10.41,11.216574819300495,6.640045825015917,9.875170279909469,5.644157582859246,2703
-3.309,4.345,-3.315607397343792,0.5147012263500829,-2.348342131208084,1.8259686175386591,2704
-2.012,6.597,-7.5075276778003355,3.623894873630418,-5.597406815122269,6.575598889927117,2705
12.44,-1.7,6.043166310999713,-15.139784630764114,3.9925170435203094,-15.354561155696661,2706
-8.111,9.063,2.7561270310619697,-5.983679589260206,1.485657621790268,-6.814489668269904,2707
-7.345,11.27,2.3277415349224433,-5.730737980831251,0.9764224781287688,-5.834906881709846,2708
-1.695,4.903,-4.451740591313519,4.588912669193163,-6.668720673154495,2.1485119405786675,2709
-4.716,12.03,4.267218740198932,-5.115079697597609,3.711531449724533,-6.87042552795008,2710
0.4052,1.795,-5.8336738035937925,6.81148738003911,-9.890459488462113,4.107895785907952,2711
-4.504,6.171,-1.9391110823413509,-2.333171662319289,-1.058305214475296,-1.344547098537238,2712
12.82,-2.175,6.723596246455036,-15.069689568508254,4.152218390871384,-16.58123809661463,2713
-0.08604,4.777,-5.710647432591595,3.599820319187059,-5.621630619596146,4.896538192371575,2714
5.146,7.717,-1.0908116982242244,11.601583662998094,-5.75075335366597,-1.3935895618398504,2715
6.929,2.129,-1.812581746365704,5.162652674686327,-3.4975573526131134,11.247190171817987,2716
-4.052,10.27,2.7057942464092597,-3.0209942426568133,3.9075229658378143,-3.1709430870015938,2717
-2.062,3.362,-4.154237119939007,3.3418542776221174,-5.101059387754105,2.0688597503702324,2718
-7.041,8.972,3.837868125651203,-4.189559277523146,3.8307412161124725,-5.432050054927619,2719
-2.687,5.573,-3.2960678026935235,-0.37777191065608073,-2.4043380723701935,0.457879418472497,2720
-1.005,3.667,-4.70337232806889,3.195500556003465,-5.120718430112503,4.05552547607824,2721
-2.525,4.849,-3.694300262715496,1.3021093044394392,-2.745553921292923,2.587246352771966,2722
-1.478,3.042,-4.546857683446087,4.305945101749315,-6.372962425779007,2.4379231277506035,2723
-6.126,7.013,1.606270702097736,-3.8689001169091326,2.0526199831260223,-3.323623007198127,2724
-6.636,7.451,1.1119996621349675,-4.263773259151564,0.8971363200438994,-3.5063708480794746,2725
7.303,2.676,-8.614476053502239,1.6695467863196272,-3.254206608365677,10.391324693302362,2726
-5.23,7.689,0.5458251549938543,-3.0385561551934344,1.7248163713706512,-1.9846478160817937,2727
-4.277,11.77,1.3471163823345524,-5.797052201259718,0.18822059469351954,-4.72629768218592,2728
-2.317,5.511,-2.981897918965496,0.7665282521361251,-2.1426972852455597,2.3603424373666924,2729
-5.143,12.51,2.504850299570881,-6.472082432735548,0.6709138049376983,-7.252295797725471,2730
-2.273,7.172,-3.425456135060467,-0.8730619516259294,-2.408317993711136,-0.3569046911199407,2731
16.4,10.47,12.078406484339558,6.875703516971483,10.616740752626754,6.85852258835241,2732
5.222,6.701,-1.0547221586963313,10.831813040744676,-7.13099713189473,-0.7261515315969305,2733
4.841,6.255,-1.478628365780987,10.09208411313237,-7.799283455442093,0.6205206457178278,2734
3.341,3.829,-7.8763984129687925,3.9181625280493635,-6.108708332608841,7.680598432163445,2735
-2.214,4.884,-3.7437330172320977,1.9351463947409528,-3.873828838895462,2.744211966137139,2736
16.25,13.43,12.104478986475788,7.3860146436804675,11.482716132570602,6.539386445621697,2737
-6.87,9.474,4.371785314295612,-5.187931832302199,3.9262235655082245,-7.114492720027717,2738
16.55,13.19,11.312269361231648,7.496443930637255,11.528132964540816,5.198979074100701,2739
7.102,2.111,-1.7952965185901302,5.183010760318651,-3.2347869382606964,11.126912767032831,2740
-3.255,4.536,-3.2568736956378594,0.28613420165718984,-2.3256468282448273,1.6550635937254115,2741
-0.7442,6.582,-3.879456608082928,1.1444209847563642,-3.038466404508255,2.57092230949804,2742
-4.616,11.35,3.778410585139118,-4.124470051754103,4.106398154665329,-5.5169575866659,2743
16.66,10.92,11.577188642237507,6.718593779575243,10.380444098879195,6.398132020572869,2744
14.08,5.771,-6.2616170332690855,-12.768388566005813,-1.5047066913353424,-8.242941206355841,2745
5.251,6.316,-0.7804928109904902,10.952598753940476,-6.938665340970657,-1.3012688812215643,2746
7.086,9.644,-4.058547823216595,-10.087866600978957,-3.0430469022499542,-4.269830530544074,2747
10.61,1.531,-7.966240732457318,9.54458064175786,-3.847252796720169,-7.4314053710897285,2748
12.77,-0.422,6.448530347559772,-15.323215302456008,3.5292015566123505,-16.032711332698614,2749
5.761,2.404,-9.839429704930462,1.772320452701463,-4.917276333402298,11.0159432235758,2750
1.263,4.191,-6.067460863377728,4.387402955066576,-6.902791451047562,5.11548059616491,2751
8.279,18.66,6.344926030848346,16.26436823941411,9.837998916078902,13.366742784122675,2752
-7.151,11.15,2.8632859303692206,-5.283467587459669,1.8624623312247772,-6.137357538600715,2753
8.546,18.43,6.100695283625446,15.821561995517625,9.096995879579879,12.70444076691076,2754
0.995,4.457,-5.821821062352337,4.784434977542772,-7.508674095700882,4.318188840488641,2755
15.14,-0.7969,6.054162652705036,-15.827183541286574,2.728665639330246,-15.427091902156622,2756
12.83,-1.677,5.895178468439899,-14.946851548183547,4.235712100435593,-15.319950407405646,2757
10.68,1.503,-7.984002916600384,9.564519110690965,-3.960129688810013,-7.36789924468592,2758
-5.634,6.745,0.13220708771439624,-3.7848570909386736,0.28510712521205134,-2.894562548061164,2759
-0.9811,3.102,-4.301184503819623,4.166493121158495,-6.541124771665237,2.336608046631066,2760
12.19,-2.192,6.740569741938434,-14.887388047206985,4.387603331972458,-16.789854353328497,2761
-2.676,3.893,-4.178471891667523,1.7141962680930036,-4.235629032682083,1.94943588409826,2762
-3.246,4.321,-3.8826955244800225,0.4200616586917777,-3.3658980832802277,1.0647330823938532,2763
12.77,-0.6264,6.5189544274547915,-15.080894288051711,3.936600495745041,-16.29170066680506,2764
-8.13,8.863,2.0033319308498725,-6.208976563442335,0.3701556219352264,-5.495861833949836,2765
4.264,3.678,-8.810061304356731,2.8008183870428938,-5.450857113431595,8.17447250519201,2766
2.018,2.396,-6.814427702214398,6.035516444217577,-9.056086968015336,5.953558141330926,2767
2.045,1.175,-7.1817854330798765,5.237670603763475,-8.266137550901078,6.288859063724725,2768
-7.697,8.709,1.816251309130512,-5.377583798397169,0.9056315316451568,-4.978387182613166,2769
-4.791,11.25,2.6257819249370917,-3.193943318355666,3.5008016123069305,-3.1035173591573555,2770
12.39,-2.144,6.762228162501178,-15.257646378505813,3.619145442415573,-16.69093925323084,2771
-1.09,5.346,-4.034809915806927,1.2917605671996015,-2.9576875673042755,3.1544187608759087,2772
1.654,0.9743,-6.251993028905072,6.857920351993456,-10.283850143979691,4.951945716480462,2773
-7.079,7.955,1.6305357529857976,-4.0910924043542005,1.721760679651596,-3.6851890739400703,2774
-5.587,9.256,0.40177115938457086,-2.6745970811730486,1.7533870233787079,-1.848997896571906,2775
-0.521,3.948,-3.7788465903064385,2.6358305845374006,-4.638728092740677,3.3697563949625176,2776
-7.253,9.808,3.820984752390705,-5.393233117092238,2.7977428926719208,-7.064975088496955,2777
1.546,2.4,-5.908876745488324,6.270866099368944,-9.404097031186723,4.334049159626214,2778
-5.201,6.987,0.4326631142834051,-3.359069403637038,0.9295359148276824,-2.259340828319343,2779
-3.344,9.536,0.5571253909805639,-3.4554682340508562,0.7987038387549895,-2.408135717769416,2780
-7.652,10.29,2.7632259442547187,-5.206367787349806,1.9003252281440277,-5.45703965987757,2781
16.67,12.29,11.501791150782429,7.226871195804491,11.193565894533492,5.791490251163689,2782
-3.11,4.513,-3.9360583708545342,0.8226792547816176,-2.8526041017281036,1.6785589698354884,2783
7.919,18.56,5.405113847468219,15.927012625705613,9.502224494387008,11.783562356571405,2784
-3.423,8.43,-0.01292861112562585,-3.7409561242943865,0.009876132626630722,-2.7787402328450996,2785
7.008,18.78,6.503922136042438,16.226531210910693,9.604727317262984,13.827555352787225,2786
-1.202,5.466,-3.318865387227215,2.2541156444662946,-3.45170755250325,3.900115663150994,2787
1.86,0.8793,-6.770623533513226,6.733092013370409,-10.097670982907914,5.917944127659051,2788
-6.179,8.851,3.466755063746296,-4.919382390010939,2.9577298654807587,-5.789495294948371,2789
-6.209,6.815,1.068824560854755,-4.051256951320753,1.1763315691245575,-3.1593855079610664,2790
-2.4,8.958,-0.3258880660792963,-2.4954708185082537,0.7609716548217315,-1.1380639728505926,2791
-3.974,9.204,4.179001958582721,-2.8034232225304705,5.714106608797409,-4.0419586357076485,2792
1.294,2.807,-5.50949558475224,5.361686411868944,-8.087786148618363,3.6695815864603203,2793
-0.9988,5.748,-2.978993980672039,1.6526120338553327,-2.434575508664749,3.8000211063425224,2794
6.397,2.526,-9.322645036961712,1.7558158073538679,-4.085108707975052,10.552871400455683,2795
-1.244,4.238,-4.653724996831097,1.7478928003424543,-4.494591187070511,1.8799751344721003,2796
-4.591,8.484,1.2640811516979558,-4.190534409511671,1.4014708294166107,-3.486789053340705,2797
6.775,9.72,0.8920582844951971,-7.147311982143507,-1.9392661557899933,-4.89145881499842,2798
15.05,-0.7743,6.1206437661388735,-15.716881569851028,2.9042556776298065,-15.437338179012091,2799
6.1,7.264,-0.22554656722752023,11.130383673679246,-6.668478916715286,-2.304477041621955,2800
6.284,8.615,-3.7099634096881524,-11.041096505153762,-4.632402847837112,-3.1250246223409492,2801
-0.3019,3.504,-5.579959718968548,4.237694207202806,-6.878343533109329,4.1171600166361015,2802
-3.139,7.517,-0.48337253787723944,-1.6794064607506853,1.30684797899852,-0.342884844203742,2803
13.45,-1.277,6.475948484156452,-15.018406685817824,4.0707173837913055,-16.117159193416388,2804
-4.736,10.07,3.8122719838360175,-3.6813057031518084,4.369306613375046,-5.024762934108527,2805
0.1644,3.618,-5.106548635747113,4.368544283878221,-7.003933857511185,4.129369908909051,2806
6.962,9.812,0.7316554500797613,-7.146471318233595,-2.498110722135208,-4.524030512233527,2807
-7.853,8.42,2.1562310769298896,-6.395628270137892,0.390632887054779,-5.9993069824178535,2808
-3.159,5.286,-3.4550617621204034,0.2335592541808028,-2.6854164109932404,1.2927402015428229,2809
8.436,11.24,2.517222554896198,4.1448625955695055,2.6990881456626434,6.126686269382684,2810
-1.325,5.124,-4.823303072240033,3.183690491687669,-5.147035549710892,4.237258845905511,2811
13.73,12.1,-5.5968902991077085,-7.889134224880324,2.6725104345572968,5.52601640854284,2812
-5.151,9.868,3.65786567470821,-3.0740864839440447,4.810226966310837,-3.9866564926107246,2813
6.468,3.183,-8.980302660252727,1.8760294351691145,-3.796910713742874,9.680842095951288,2814
-6.493,8.783,3.9569250657299384,-3.9313505258446795,4.367247630525925,-5.01748306121424,2815
5.446,7.924,-0.7729256437083857,11.853718939792527,-5.341343353818558,-1.842680519481452,2816
1.722,2.688,-5.801323740269818,5.753934088718309,-8.695202301572465,4.196541959385125,2817
1.942,0.9762,-6.41738018253056,6.876511279117479,-10.300465057920121,5.226135665516106,2818
1,2.496,-5.668844072606244,5.477256003391161,-8.1830296025978555,4.04521864090368,2819
15.22,11.55,-5.1976803229114195,-11.53037053011714,7.753130008150436,5.764146501163689,2820
-3.076,7.189,-2.2069934294482842,-1.780865010250197,-1.2663932548271637,-0.6178386863668279,2821
-6.035,12.19,2.7620336129406318,-6.04995757006465,0.9768904341949004,-6.415531938930305,2822
-3.935,11.72,1.2038071467617375,-3.8798349466210467,1.6614220632804413,-3.4955666717489082,2823
1.076,3.461,-4.601037351872601,5.228373232852831,-7.812627266477249,1.7709730509321375,2824
8.213,17.72,6.07229963085445,15.734862509738816,8.904212523866988,12.630491906742304,2825
-0.6896,4.217,-5.331675379063763,3.7555479440802473,-5.815320919583939,4.438800508121697,2826
-0.4493,2.148,-5.0923336432239195,5.3257142934912585,-7.8864125715004425,2.9807050767938774,2827
1.118,2.557,-5.775371401097455,6.0319873724097155,-9.112244080136918,4.194982463459222,2828
5.069,7.306,-1.1955355093738216,11.52023810483159,-5.905476521085403,-0.9271071609456853,2829
13.02,-2.269,6.444281251643024,-15.041607674587356,4.118240882326462,-16.265161817928107,2830
15.57,12.94,11.481178434107624,6.442745390903368,9.672667075563766,6.10573356781408,2831
-7.693,9.226,3.194273145411335,-4.027967747676954,3.6490040315879364,-5.0183499511678535,2832
0.8205,2.208,-6.336587278630414,5.519377413761034,-8.478530357907914,5.032734567264764,2833
-6.857,8.436,1.9869852378109318,-6.538460549343214,0.3727926506293792,-5.888325041194709,2834
1.877,2.17,-6.328523962285199,6.735166731845751,-10.074117134641313,5.205696517566888,2835
-5.692,8.284,2.4120015217998847,-3.5740345086938006,2.9958575262321014,-3.827705210109504,2836
1.221,3.934,-4.745066969182171,5.057335082065477,-7.5078186498390656,2.450966173748223,2837
5.599,7.568,-0.7225856468936579,11.405126753818406,-6.1549038396584015,-1.6564441379506902,2838
5.468,7.361,-0.7516091153880732,11.329349699985398,-6.246747921537064,-1.6462073978383855,2839
0.4987,4.752,-4.2834628508350034,3.478034201633348,-5.2734107480751495,4.183532411197869,2840
16.69,10.57,11.525763662073933,7.66796464062871,11.646892119814254,5.27988808784887,2841
12.8,-0.5418,6.13363185665401,-15.330319222438918,3.744143296648361,-15.549949949641974,2842
-5.647,7.437,0.9472491457203253,-2.393392142284499,2.6379008783591766,-1.771760052104743,2843
12.88,-2.053,6.875644834254108,-15.445318993557082,3.419811059404709,-16.640884703059942,2844
6.555,8.921,-3.9593437598010675,-10.907341774929153,-4.419476460050247,-3.5293129142721016,2845
5.459,2.468,-9.867319910313762,2.1574609909171003,-5.4725660787331085,10.369377786258905,2846
16.26,12.64,11.340640218470417,6.62449950314702,9.990944434572555,5.732562715152947,2847
-4.304,11.89,2.1781539036968574,-4.519905385006056,1.8670903934730072,-4.6175649818380196,2848
1.026,2.087,-6.024385778691449,6.074021044742479,-9.031542252133988,4.53536790047094,2849
16.76,11.21,11.770705373499714,7.038074675571337,10.995532561708785,6.29635971222326,2850
-6.584,11.3,3.781959684107624,-4.413438137996779,3.662898112703659,-5.326377695461066,2851
-2.364,4.609,-3.2806592867633477,2.027416172992601,-3.050067852567337,3.6112589183847588,2852
8.22,17.47,6.127853543970905,15.82559413052739,9.116394568849898,12.79069965515539,2853
-6.638,9.237,1.836877973292194,-6.736233052242384,-0.2568049834476929,-5.903151815791877,2854
-7.099,9.385,2.0678543164471015,-5.549562272060499,1.1877937807334442,-5.4472015556295235,2855
-0.4246,4.081,-4.145303098942914,2.960327569019212,-4.909823368619583,2.8575711790125053,2856
11.51,0.5918,-2.0141204283496514,6.7704259786719225,4.1926327242148895,-1.9120016750295477,2857
1.628,2.841,-6.236528246190228,6.049862090122118,-9.106533478330277,4.989027673343865,2858
-5.103,10.04,4.0842901780346255,-3.250798043239699,5.158427287508347,-4.607175176997932,2859
0.4498,2.524,-5.48909649112431,4.5869423780554675,-7.416938255857132,4.018398696521966,2860
-7.436,10.53,2.73694864055904,-4.724830922115431,2.507217933107712,-5.1182621177633125,2861
-7.312,10.38,3.054263026926838,-6.406630810726271,1.5085801376594086,-7.585861509700568,2862
-4.926,11.56,3.425017268870197,-4.710673150051222,3.071244527269699,-5.6938212570150215,2863
13.11,-1.802,6.294708402369342,-14.971856888759719,4.224367667604782,-16.123939817806036,2864
6.252,7.381,-0.11334448912350106,11.372646513950242,-6.583638619016312,-1.946501320262702,2865
-5.433,8.968,4.475348146174274,-4.494983967769728,4.133419562746384,-6.436946218868049,2866
-6.578,11.74,2.871840627405964,-4.919434842098341,2.5562704099906464,-6.010480707546027,2867
-2.039,6.125,-2.7758859083911553,0.9959493908995528,-1.488552640508316,3.092351967434136,2868
6.19,8.913,-3.4445143625995294,-10.85530358218013,-3.933293055127762,-2.8819897827108223,2869
-6.094,7.488,0.27576093516143396,-3.1120520200615984,1.2022701992286224,-2.204266374965461,2870
0.1981,3.043,-5.550913660313763,5.817359152805223,-8.967539261411332,3.8199214283029717,2871
6.651,18.36,5.452788026545368,16.00327319241704,9.854620505739547,11.910274201969354,2872
16.66,11.23,12.002366216395222,7.483473483096971,11.649783660341598,6.605827504734246,2873
12.94,-0.8765,6.565112741206012,-15.49822121523677,3.2181904806388397,-16.286577528377325,2874
-0.6591,2.502,-4.31260141589848,3.659043255817308,-5.71963591439595,3.8366898838083427,2875
-5.798,9.295,4.636004121516071,-4.3418834771996595,4.7382164491904755,-6.436513727565559,2876
-1.367,5.283,-4.020033209111371,1.3090082440489668,-3.2541589246498566,2.3058122340242546,2877
16.95,11.08,12.062000425074421,7.402163687717333,11.809532691408492,6.3558131996195,2878
-3.034,7.133,0.1377794160583837,-1.4588006105309588,2.1550698770774384,-0.008104747195990525,2879
1.404,1.142,-6.466560690190472,6.695466700565233,-10.110549400876664,5.0231823268930595,2880
16.76,10.58,11.741298825953328,7.3093687925452135,11.469529677797652,6.324089700321404,2881
8.696,18.21,6.17595592281612,16.377794447910205,10.234206725527144,12.944112474064081,2882
1.498,2.625,-6.084721414830365,6.274213019382372,-9.324817131589555,4.70890157852575,2883
-0.5875,4.169,-4.435964433934369,2.5925893221014875,-4.889816235135696,2.2573362532655876,2884
0.7702,4.635,-4.374797193791546,4.745856467258348,-6.5036024556862335,1.804390752653329,2885
16.68,10.48,11.40310779354366,7.4367491636389635,11.409980346132613,5.6413204017679375,2886
16.01,13.34,11.43400207302364,7.4527637395972155,11.297061492372848,5.752517396549432,2887
1.563,4.042,-6.278203336980023,5.314477149021044,-8.268542717527055,5.09936206970617,2888
1.526,5.86,-7.583727209355511,3.4210316572302717,-5.023154209684036,6.727553063968865,2889
1.652,5.573,-7.67753586032597,3.5044457349890608,-5.316680859159134,6.979974919895379,2890
-2.565,7.396,-1.6832985565921443,-1.1703276004677874,-0.09301130039562994,0.6756123844186945,2891
-2.526,7.96,-0.26920550921169684,-1.7037857141381365,1.6441540016425629,-0.45609182681635185,2892
6.256,8.593,-3.539838402058758,-11.110894021022903,-4.755420635770462,-2.73567325439051,2893
6.064,7.287,-0.2119697020312922,11.245463553439988,-6.508865307401321,-2.0441206153829414,2894
12.67,-0.9066,6.316150338862262,-15.28214341067134,3.647544909883835,-15.926409071346075,2895
-6.802,11.31,3.508710296366535,-4.954118546474562,3.2608767046226044,-5.66485387649134,2896
1.049,4.925,-5.905344335820355,3.8374580774420637,-6.143151711057327,5.120210105518548,2897
1.726,4.375,-6.468282549168744,4.221341315280809,-6.89438767297139,5.752319032291619,2898
12.25,-0.8548,6.111799390528522,-16.02957993410884,2.340094376970627,-15.960897749324591,2899
-7.587,10.13,2.4539863183239325,-4.513600167263136,2.15488367216716,-4.875866239925178,2900
-7.145,10.47,4.138358743403278,-5.59837418459712,3.0845938219321747,-7.342823332210334,2901
17.18,12.14,11.778970868800007,7.724332991611376,12.164269019533492,5.696849042515008,2902
-6.277,6.803,0.5475139035919531,-3.1229022111779314,1.5570245279563446,-2.2299771961171944,2903
7.394,18.77,5.8164679124096255,15.841835204135789,9.193541099001266,12.366894418338983,2904
-4.051,6.585,-1.74345382907597,-2.5106866922265154,-0.8442693458305818,-1.6408534702260809,2905
16.41,11.07,11.19864002010616,6.674468222629442,10.013495017458297,5.666643792728631,2906
7.161,18.33,6.276300103876911,15.784311476718797,9.054189254213668,13.448970491031854,2907
12.94,-1.249,6.605259568903766,-14.859513100612746,4.40637498037944,-16.183515852351935,2908
6.641,2.793,-8.97256359317509,1.7813580665701765,-3.5904700265633087,10.128409082035272,2909
-0.2823,2.53,-4.702198354985394,4.094654503833666,-6.369221638272903,3.3197380844156426,2910
-2.666,8.585,-0.20486965635029245,-2.1954422559624773,1.2667754186881561,-0.9159296211202459,2911
-5.039,11.07,2.092054398272358,-3.3875666227227312,2.7371340288413544,-3.329642122646125,2912
-7.484,10.13,2.2715503289440497,-5.545607861507521,1.1619216694129486,-5.586938684840949,2913
4.983,6.04,-1.4203246519824642,10.29376048184575,-7.5883121000038605,0.25674408111974434,2914
16.68,10.88,11.946972043726765,7.606973353397264,11.654038001467086,6.4099408927957695,2915
-6.483,7.129,1.6775343730190617,-3.987485703456984,2.076185513903,-3.7401092704732735,2916
-4.128,11.35,2.548277766917072,-3.8766158189660174,2.94767193930278,-4.0215705093343574,2917
4.319,3.127,-9.332391588475383,3.000956002246751,-5.871134708951614,8.717806512455194,2918
-1.532,4.456,-4.5837982580920835,2.4875854883307356,-4.6826748357521515,2.938040072063653,2919
-1.547,4.25,-4.105499593999066,2.2384349737280744,-3.9925429330574493,3.4793824497263115,2920
-1.31,3.258,-4.822280256535687,3.8060454759711164,-6.280660103391312,2.7923701349298637,2921
8.48,18.58,6.127110631678424,15.852176848422898,9.38473372595439,13.142692262272089,2922
-4.831,7.19,-0.24822866776195932,-1.6034267511254412,1.719604302812912,-0.3415939268071966,2923
4.506,3.081,-9.551276056553997,2.909158411991014,-6.021735142301224,9.049498254398554,2924
-7.343,8.751,4.04768386623653,-5.05565768145381,3.328800727297165,-6.5926154312093574,2925
-4.299,10.99,3.685620935175739,-3.6500628557091814,4.530710746218063,-4.6375444587667305,2926
-6.393,7.664,1.083929987166248,-4.107504185665236,1.0558156265510101,-3.4950273689229805,2927
16.66,12.45,11.672016294215046,7.283408823978319,11.344276954103805,6.125705892185418,2928
-1.894,3.664,-4.947782842900433,3.34163064099492,-5.569661568235062,3.060589367489068,2929
13.13,-2.165,6.714064271662555,-15.178400811184035,3.836573888231613,-16.52526122893885,2930
-2.032,6.783,-3.0718649313708917,0.09586483575047444,-2.1001476751076202,1.5123866144220515,2931
-4.886,12.72,2.232384832117878,-4.779304322231398,1.6971798433555145,-5.033752268214973,2932
-1.497,3.605,-4.988747923161664,3.0580951604956526,-5.300575207303665,3.9665741268198174,2933
-5.869,11.61,2.7712234570721015,-4.879942234981642,2.520406772066452,-5.915753668208869,2934
0.01707,4.691,-5.6244100020190855,3.285026970874681,-5.688164185117386,4.421757394413201,2935
-8.23,8.817,2.6540004327038154,-6.362239655483351,0.7727001203788298,-7.2295621093709785,2936
12.51,-0.916,6.032583387110553,-15.434600647914992,3.223289777208664,-15.55087692107752,2937
-7.973,9.806,4.169147165034137,-5.406481083858595,3.3512251867545624,-7.131984060664924,2938
-1.799,4.935,-3.8292170450946466,3.2862257394904035,-4.616663883756302,3.9518350902597588,2939
-5.789,8.243,1.1455365731457097,-4.105437096584425,1.2454509033454437,-3.5057604965169746,2940
-6.305,8.983,3.9452892853954658,-4.014330681789503,4.099291850496628,-4.827678030391486,2941
-6.359,11.14,4.07116904995235,-5.533246811855421,2.991476108003952,-7.374427145381721,2942
1.655,2.42,-6.49934515216557,6.141003790866747,-9.217979858945512,5.3279778305093926,2943
-1.639,7.51,-2.284218399312176,-0.006439444053755294,-0.9297057495819551,2.064119035343377,2944
-1.794,7.477,-2.257273762013592,-1.066400465000258,-1.0828960643516998,0.5421560350458308,2945
6.66,18.44,6.212250859949909,15.904754820835008,9.346286345888473,13.115379029850214,2946
6.87,9.765,0.7626045658329351,-7.079976376522169,-2.194934319089554,-4.388959711452277,2947
-1.576,7.718,-2.48808535793034,-0.9284554090386491,-1.466655086110733,0.43348204527303413,2948
0.1132,2.272,-5.38544544437138,5.811995211612596,-8.960496376584672,3.4692010227243584,2949
-5.592,9.414,4.61565032741817,-3.830608662593947,5.047987033296921,-6.1421244796712715,2950
12.18,-1.973,6.592159421656452,-14.940043267238723,4.173461009432175,-16.326536482234747,2951
12.39,-2.16,6.1877447678783755,-15.420627411831008,3.5412872328055878,-15.85449249114588,2952
1.814,0.9649,-6.5852631018420835,6.680721465122118,-10.190337608884477,5.588026696781365,2953
1.48,2.153,-6.1253937170764585,6.18773717023076,-9.318378876279496,4.772530967334954,2954
-2.172,8.473,-1.6016374514361995,-1.3654193248635393,-0.12241621626486593,0.142258936504571,2955
14.06,5.815,-6.266699640538373,-12.777314003933059,-1.4798237786995392,-8.308040922542364,2956
-5.093,7.307,0.2521608485916479,-1.7113500203972918,2.203157473970749,-0.6524561103780584,2957
16.49,13.16,11.414074094508015,7.439166728031053,11.380434562136031,5.482191735843865,2958
-6.703,7.17,1.2361268117168767,-4.032391365993605,1.4444622291816254,-3.0737770256002266,2959
-6.489,9.258,4.227901609156452,-4.361903962123976,4.162603904177048,-6.069491213222297,2960
-3.099,6.366,-1.9856286928912776,-0.29548072480021526,-0.4454783008800965,1.5121501031915827,2961
5.449,6.413,-0.3244150862952845,11.056854430210008,-7.108820866178177,-1.621336763759406,2962
-7.031,10.89,2.618364961359821,-5.023898896206007,2.0835533632529755,-5.417711084743293,2963
0.3344,5.794,-4.898911325719037,3.4860283765906233,-5.902287434171341,3.2918185535471123,2964
12.58,-0.9143,6.695521028254352,-15.522929009426223,3.283970881868698,-16.49050552215174,2965
8.424,17.98,6.106053025935016,15.863369170200242,9.200256873537398,12.817076379398554,2966
-1.384,6.851,-3.112294285084881,-0.46847080849467326,-2.001980136464737,0.6806415263216181,2967
-7.607,8.467,2.2545792176464423,-4.091904934871779,2.4801369203818817,-4.134964292903693,2968
-3.853,5.201,-3.4116424010059014,-0.8341773118859391,-2.27448005540242,-0.35605377521112724,2969
0.3392,2.505,-5.386661379124798,5.556935492526903,-8.531559418271684,3.6330386940042656,2970
-7.942,8.911,3.22846999904903,-5.073898133266554,2.1772027506125946,-5.32002384032801,2971
-2.206,6.227,-2.5693522379657403,0.08785805441082906,-1.241961072515152,1.7718220296899958,2972
-3.966,6.805,-0.7222973988315241,-1.4283565845376116,1.0994476570380707,0.1589363161127253,2973
-5.404,8.93,0.6581130339840277,-3.967113312709914,0.7482385529769439,-3.0125449356038887,2974
16.81,12.38,12.200034291956745,7.060810271274462,11.076226760317184,7.116728955845086,2975
-0.2714,6.32,-4.047477094914593,1.484356108676805,-2.861499260495804,3.7931317630808037,2976
-2.662,4.606,-2.948483555104412,0.43745076991261433,-1.9726817117439728,2.073892349342553,2977
-1.898,7.28,-2.1385098383685723,-1.0357789363747698,-0.7879915343033296,0.5101270619432612,2978
6.23,2.123,-9.675731508519329,1.5628342065924543,-4.597303818296097,11.159214669803827,2979
16.62,12.91,11.857142598841511,7.850408259403124,12.204495002199508,5.782484227756707,2980
-7.939,10,4.089354665491901,-5.601875599849806,2.909709741045334,-7.412763899226936,2981
-5.423,7.722,0.6956082894543035,-3.21183615588008,1.6845198168052216,-2.524567669292243,2982
-0.2631,4.303,-5.290632574345746,3.5766922865027326,-6.248623798917435,3.671873981098382,2983
6.846,2.238,-1.828355877186932,5.1413695249670885,-3.5220722661720734,11.123178178409784,2984
7.765,2.258,-1.4778340742847103,5.636346045505419,-2.784616898130081,10.92841594849035,2985
17.1,11.54,12.19953933498653,7.2242834005469225,11.65463118689189,6.868154222110955,2986
4.321,3.266,-9.499722330357708,2.920820656787767,-5.970747421811722,8.796106511692255,2987
-0.6014,4.904,-7.511134474064984,3.380021277439012,-4.939428280423782,6.512601071933953,2988
1.441,1.533,-5.758737413670697,6.1119763288611315,-9.472832153867387,4.0288655105631035,2989
16.29,12.45,11.515011937830769,6.583429041873827,10.047586013246871,6.176469976047723,2990
5.094,2.584,-9.912649957921184,2.374986711513414,-5.850754688810013,10.123533898929804,2991
6.298,8.843,-3.6540294573566094,-11.025011834133254,-4.535096119474075,-3.0713613685567696,2992
1.778,1.124,-6.731433717991986,6.655671301853075,-10.047118614743852,5.70376938019201,2993
-1.244,5.277,-3.758109419133343,1.3647198114508527,-3.2111455903755646,2.7437674346964043,2994
-4.761,6.577,-0.35921221831051275,-2.7450218763238055,0.3554056777251739,-1.4105361160238103,2995
-5.364,7.541,0.1714754267671926,-3.894949254024611,0.03584661768803781,-3.143418615718635,2996
4.963,7.087,-1.2209285185596126,11.060447875034226,-6.621648739408157,-0.5539330896337347,2997
-5.242,11.07,2.7485694005230292,-4.3501914110070325,2.8807330621970673,-4.936988657375129,2998
15.51,13.2,11.60551372310909,7.6970521841162585,11.647159148622848,5.3611714187662285,2999
-0.3028,5.022,-4.294353334691205,3.180647793781175,-5.266395042966507,2.8501463476221245,3000
-1.376,7.151,-2.741092293049969,-0.9673460092431169,-1.6865543828712921,0.26769595776006416,3001
-6.263,7.952,1.6956619336346013,-3.9777815904503924,1.9210875524772186,-3.443031614681037,3002
-3.068,5.874,-2.630914776112713,0.13194838501156758,-1.5861016021477203,1.5462949219743891,3003
-1.818,8.162,-1.7986130402347225,-1.2295014228707415,-0.4193166897999268,0.5773967448274775,3004
16.57,12.5,11.845461995814167,6.599038306247606,10.199682761598922,6.494543248752801,3005
8.045,18.36,5.940853269312702,16.038953963291064,9.6611247553123,12.619101220707147,3006
-0.9692,5.856,-4.525398580815472,1.1192724738234419,-4.117421101163528,0.893937790731637,3007
1.818,1.019,-6.228567926671185,6.900798502933397,-10.390663574765824,4.928180629352776,3008
-6.173,7.479,1.1902487590053898,-3.8473098840600115,1.5809522165549774,-3.1067922767598946,3009
12.92,-0.8299,6.756770284388385,-15.504004296291457,3.2558277143729706,-16.397348707576544,3010
14.09,5.76,-6.259934751774945,-12.76950913332759,-1.5265180574165802,-8.454202001949103,3011
-2.977,6.604,-1.9257150576373714,-1.3315483894234759,-0.6658069000946504,0.3039020839731379,3012
6.07,3.002,-9.090980379368938,1.9935697946661848,-4.197693775724075,9.833616906742304,3013
-0.3149,2.686,-4.480446188237347,5.030329886447801,-7.375422905515335,1.896190935711114,3014
0.2136,3.896,-5.098887769963421,4.9664942655676745,-7.455967854093216,3.680560523609368,3015
13.29,-0.7298,6.098157556269489,-15.458571251857864,3.3514111532462616,-15.652136152644903,3016
-5.562,11.88,2.091774375651203,-6.37696009539424,0.034929410238363205,-5.807147329707893,3017
1.245,3.643,-6.126298754002728,5.070821467410936,-7.885903309415482,4.756864959339349,3018
-4.137,7.398,1.0177886202076298,-2.2838688459282976,3.096083213259079,-1.7327287849386053,3019
-2.462,4.696,-3.5197683260699884,0.8986857268923659,-2.7863785730110626,2.1647178474466484,3020
1.074,5.874,-6.316140978123822,3.447678509723558,-5.170244644712112,5.176405603031365,3021
-4.142,10.6,3.810048015330158,-3.793982323635207,4.42243533270488,-5.19612247314051,3022
-0.03613,4.128,-6.220356313969769,3.8801237974280256,-6.327313374112747,5.512829000095574,3023
6.767,18.75,5.773782880518756,16.437348547946826,10.349119712282516,12.308724099735468,3024
-2.29,6.332,-1.723384945180096,0.027789089452638138,-0.0710442879604321,2.0568626466791313,3025
-4.22,9.84,3.682005079005085,-2.905503567684279,5.007342387606003,-3.774073904414924,3026
0.3115,5.135,-5.755536405827679,3.6831421289557356,-6.1846231923805695,4.692485982517449,3027
-0.9557,6.265,-4.586677400853314,1.2526320252531904,-4.1950087056862335,1.364760034682898,3028
6.536,8.804,-3.92581352451054,-10.94666748904048,-4.568303059171341,-3.4778345283468086,3029
5.945,8.27,-3.378120987202801,-11.153842743862258,-4.738689850400589,-2.5342183765371162,3030
16.42,12.54,11.597932965967976,7.139145556461229,10.945002128054,5.904477292637078,3031
10.46,1.638,-7.928762285496869,9.502966109287156,-4.0585245595680695,-7.068827932735236,3032
1.94,0.8421,-6.618123857762494,6.840605441104784,-10.371547173093461,5.429743463138787,3033
-1.386,5.512,-3.6854856894275323,2.672103348743333,-4.488211105893753,3.48988884125158,3034
-6.909,7.968,2.498151452753864,-4.037338074672804,2.5117500318778534,-4.259472196956428,3035
-0.8261,2.583,-4.548111765172162,3.918537083637132,-5.926309536527298,3.364074403385369,3036
-0.2739,2.455,-5.035161344792523,4.00959700680913,-6.487595985959671,4.372805530170647,3037
-0.8263,7.272,-3.1724458620807305,0.8691398534888167,-1.9093961225258331,2.5861698928873222,3038
-6.935,9.121,3.660701902125202,-4.1868494119530775,3.680452872682907,-5.032185381313117,3039
7.446,19.01,6.1392547204235415,15.931842032443894,9.409586478639937,12.937457734684198,3040
7.782,2.414,-1.5327020571490901,5.671885672580614,-2.521499107907913,10.840134317020624,3041
-7.485,9.327,2.748655469630085,-4.11378174685298,2.888165046144821,-4.6131280120809395,3042
16.13,13.33,11.21535030147823,7.239666167270555,11.053009559084273,5.238464767078606,3043
-4.436,8.992,1.6403338029125554,-3.5353081788903338,2.4387429250968475,-3.5926201995809395,3044
0.6678,6.063,-5.312948076512494,2.7100610170477766,-4.901826809476517,3.8677896801035088,3045
1.329,3.499,-5.512553541447796,4.543349925052538,-7.376787136624954,4.5785574260751885,3046
-5.292,6.655,-0.20360490539280343,-2.7685046758538348,0.6927764310134429,-1.5827305969198064,3047
14.46,12.45,-3.883832304265179,11.208061400424851,8.994311858583785,5.066131288150994,3048
-3.968,4.889,-2.5722709582111016,-0.018209156025038253,-1.3442075954185944,1.7725713494817896,3049
5.605,7.273,-0.6696129129192011,11.457800093662156,-6.119120548795364,-1.884642189403327,3050
-4.711,6.76,-0.17372017958370614,-2.675546225536452,0.9333504332793731,-1.3905549701650457,3051
1.285,4.605,-6.1345065520068784,4.953983012210741,-7.812937210630081,4.856662923435418,3052
15.91,13.24,11.311763913843953,6.940585318576708,10.65718417303691,5.419482881168572,3053
-5.831,11.47,3.5146457268932685,-5.669539269435988,2.191035319734909,-6.939413374324592,3054
7.051,18.73,6.298604161951862,16.31552619076909,9.94779925482402,13.245436364750116,3055
13.74,12.1,-5.585002748753705,-7.903405007351027,2.702054549623825,5.468416864017693,3056
-2.262,4.326,-4.180693475987591,1.5599170360678571,-3.565901945661209,3.004652434925286,3057
-3.453,6.326,-1.4024097607394832,-0.5089828934556108,-0.3821251795994263,1.0421217921774073,3058
-4.743,10.01,2.0187167241314277,-6.763164814937697,-0.009105258006058277,-6.291460817714484,3059
0.1439,6.095,-4.526226846959271,2.2110914621466535,-3.9135589109169464,3.903394872287957,3060
-0.1296,5.073,-5.7691057608386656,2.8977133665198225,-5.231807659696243,5.1931816879312676,3061
8.445,18.3,6.490441472742877,16.229932967197314,9.73384719030986,13.544055635074823,3062
-5.275,12.12,2.175260455820881,-6.5710352029687025,0.14311367707381434,-6.55973798598841,3063
-5.337,11.42,2.2988862111309394,-5.644431408870802,0.9619994057906646,-5.419127291103156,3064
-2.192,6.527,-1.9855338022967952,-0.3782784905320268,-0.5148670480953675,1.8086946848432703,3065
-3.497,7.192,0.15065552434714866,-1.5144491758233172,2.2042782797111053,-0.06611782874658867,3066
8.616,18.08,5.877459199641071,16.543648901950732,10.647572089601852,12.61452549133703,3067
-6.236,10.07,3.9342509820202216,-3.887446698177443,4.338148166109421,-5.169306581874641,3068
-0.3126,5.267,-4.404366819646039,2.421409193050279,-4.34405751092305,3.717148238758294,3069
16.51,12.9,11.671994359705769,7.4360706243628405,11.660605956484176,6.049776250461785,3070
-1.722,2.924,-4.182655184056439,3.682547274600877,-5.787614296506546,2.4164580646555107,3071
16.7,10.23,11.29325214168819,7.430273238193407,11.226245452333785,5.221763307193963,3072
-5.515,11.47,3.008959443781696,-5.738085087764845,1.4988780512107391,-6.143465822597297,3073
1.495,1.277,-6.501355974461712,6.608285609256639,-9.907453964780473,5.312135154346673,3074
-7.763,10.24,3.492930324290119,-4.926107701290236,3.251544286180832,-5.92158634032801,3075
-7.829,9.33,2.8487145020702704,-4.62553769015132,2.686133910585739,-5.350440805812629,3076
-2.737,8.567,-0.3203979120513575,-2.3987482156640154,0.892203201223709,-1.1985927280385809,3077
4.605,7.395,-1.3704245970508235,11.32506865597905,-5.9751905904518585,-0.2591148075063543,3078
-4.66,12.74,2.8157915189007148,-5.797380265224562,1.6757281317008514,-6.390504187007697,3079
16.36,11.33,11.824057729456745,7.321506682407274,11.377649833132125,6.038409406284539,3080
15.73,11.45,-5.456740228917279,-11.772588547695266,8.630780745912887,6.143289739231316,3081
12.51,-2.371,6.891653688166461,-15.417867478359328,3.4314606680167694,-16.964155500789435,3082
-5.113,10.29,4.412980706904254,-4.024175461757765,5.005378772188522,-5.582167929073127,3083
-0.9528,5.4,-4.477418272282757,2.64570516682805,-5.204081486295364,2.0178215447466057,3084
0.9771,0.769,-5.751991121556439,7.135682765018358,-10.412404488156938,3.912306481937615,3085
-4.496,12.6,1.979150922510944,-4.583816822994337,1.4840333952201386,-4.381036108394416,3086
-6.259,8.757,1.9026590897777897,-6.748176869381056,-0.15960788292755895,-6.038475340266975,3087
-6.505,11.95,2.5359045579174384,-5.837959107387648,1.256178428102829,-6.160074060817512,3088
-0.9841,7.326,-2.724526493336834,0.30365734137238454,-1.5373106704460602,2.1144471708337944,3089
-6.715,11.24,2.4024371220806464,-6.431649502742872,0.5684220685256499,-6.7599433120687324,3090
0.47,4.321,-4.483289568211712,4.584164324771776,-6.989248226712845,2.33412575159475,3091
4.995,6.169,-1.3967426703235286,10.353215399753465,-7.4708876119362335,0.13656538162633614,3092
-6.68,9.566,3.888710172388874,-3.747673806179152,4.624985267092087,-4.987327402492316,3093
-0.04671,3.142,-5.0462358877917906,5.03428429700078,-7.75870652062764,3.477414304355828,3094
-1.56,8.125,-1.9848519251605647,-1.4295006360894305,-0.8894204602943879,-0.09029108848169609,3095
7.511,9.358,-4.216714708592572,-10.73306065462886,-4.422749470304153,-4.021209543605598,3096
-5.683,11.41,2.076475293848835,-3.7472332086449724,2.5188096060050507,-3.7670725044210274,3097
0.7882,1.997,-5.401629774357953,5.929194155704393,-8.993116806577348,3.3829533401529472,3098
-5.94,9.63,4.033588559840045,-3.870171364772902,4.677680064607956,-5.295234030147346,3099
-2.401,3.706,-3.7256608889361993,1.7374823722952741,-3.5783895955788116,2.689592177013604,3100
12.71,-1.798,6.572838933680377,-15.002838906276809,3.862107802797653,-16.082489317317755,3101
-5.061,9.346,0.7252748920658453,-4.161692437160597,0.5220833911193389,-3.33024579848841,3102
-4.604,12.72,2.6432720734814033,-4.969798859584913,2.066659976412155,-5.452746218105109,3103
-0.665,5.472,-4.548806993748822,3.1883463297003645,-5.156088779996536,3.5157412830393,3104
-1.139,6.479,-3.650312273289837,-0.23997079991160442,-2.8268157945381622,0.42766594324514107,3105
-0.7834,4.249,-4.1084845946094175,2.904769125949754,-4.700590561460159,3.194286877254693,3106
6.906,9.562,-3.786423055913128,-10.426560219753371,-3.5245544419990997,-3.5403693374593574,3107
12.7,-1.087,6.626908452723346,-14.791202363002883,4.49492650168071,-16.49561340179041,3108
-4.012,5.606,-1.6105142519733089,-1.1405565109139544,0.042907335479356705,0.8414785209695979,3109
-1.043,4.229,-4.536933271672406,4.071307364475145,-6.389574001859329,2.9689592662851494,3110
8.484,11.29,2.5134793832043036,4.141287985813036,2.8084371580375214,6.1250311676065605,3111
13.03,-0.4305,6.665423066828571,-15.758541878688918,2.868828345705368,-16.55628806914881,3112
-0.9083,3.118,-4.317899076726117,3.778259221088304,-5.935744236539505,2.522812778095452,3113
7.184,2.384,-8.666585771824993,1.6490485105627912,-3.3085295663582306,10.75219410095617,3114
0.3203,4.555,-5.675698606755414,3.832419100772752,-6.239057015012405,4.6198267284433525,3115
-7.343,8.684,3.2715257718304023,-6.275457676876173,1.6645391477836151,-6.955258673091682,3116
-0.9715,2.66,-5.03368934848515,4.990843001377001,-7.77164597375264,3.3513304534952324,3117
-3.188,7.365,0.009732590530238866,-1.407118615139113,1.9956222070945282,-0.3146439250905828,3118
12.98,-1.307,6.931025178644977,-15.488138970363723,3.180102397371628,-16.705520933528692,3119
1.127,2.075,-6.079473821904339,5.549532118808641,-8.489526222776078,4.571366960148064,3120
0.03802,2.587,-5.145796148564496,5.409879866611376,-8.265735100339555,3.162088448147027,3121
16.82,12.79,11.877950818751179,7.661820117008104,11.896952201296187,6.080261403660027,3122
-5.667,8.459,1.8984053446987492,-6.465650853145704,0.0536429925454635,-5.627345388789924,3123
-7.569,9.134,2.9899617745617255,-6.188779648769484,1.1569648279441376,-6.92694408263758,3124
-4.14,11.59,0.734502167914234,-3.144855317104445,1.9888213171256561,-2.446177070995124,3125
-3.181,8.049,-0.1498031900188105,-2.3489320840722185,1.2738719476951141,-1.2009995635946111,3126
2.129,1.732,-6.8492659018298765,6.180724802982225,-9.38889450890889,6.120622331241814,3127
0.27,5.633,-4.80553468921391,1.7434360418433088,-4.2069763646828156,4.308218413929192,3128
-7.797,9.27,3.325947196696125,-4.3363879289513685,3.4617252840293427,-5.320678537746223,3129
15.02,-0.7418,6.036832006190143,-15.692305382717239,2.9507074846519012,-15.299751585384161,3130
-0.5334,6.998,-3.86334809520451,0.946103516590013,-2.8071116910683136,2.4119929615060967,3131
16.17,13.05,11.41102615139278,7.062804881107225,10.89323096411357,5.840143853763787,3132
-6.604,9.682,1.9561617686489445,-6.634712037075148,0.0149728661967296,-6.217753713985236,3133
-5.84,7.274,0.4716016068199499,-3.917724904049025,0.5352492822898406,-2.832416838069709,3134
-1.493,3.21,-4.4190057204028745,4.4753069315070055,-6.38848585946431,2.068800384144036,3135
1.149,1.85,-6.03038009860722,6.254415694248094,-9.3354515538918,4.5918654743234795,3136
-4.355,5.854,-1.848664133336224,-1.29203897379695,-0.29403052790036016,0.24449532661840156,3137
-4.826,12.38,3.127068908427082,-5.74905949496089,1.832857419420578,-6.464829271693977,3138
6.524,2.743,-8.982032625462688,1.7822980318182844,-3.772557447980545,10.254715615848749,3139
5.234,6.205,-0.8631219551822321,10.889306250583543,-7.155780266355179,-1.100828951259406,3140
-3.635,4.857,-3.593422500874676,-0.4993377294427018,-2.6767167554604034,0.15154808197423653,3141
13.13,-1.964,6.236020715449176,-15.834404763210403,2.8288589014304657,-15.831383055110724,3142
-4.876,12.52,2.9748012139538154,-6.139667328823195,1.4026544584525604,-6.633047884364875,3143
5.433,7.284,-1.1141847059985774,11.241818610202683,-6.293600987027786,-1.1263709720571355,3144
-5.659,8.849,0.9847262813785894,-4.310969647396193,0.7479287280334014,-3.632202452083381,3145
-0.01365,5.491,-5.023579447056927,3.2240027818793195,-5.282955120633743,4.391394311527459,3146
16.61,11.64,11.717620046351277,6.6862913999670885,10.272509147096969,6.314716035465447,3147
13.24,-1.874,6.503460080836139,-15.178539093959914,3.6486008657706757,-16.155466383357794,3148
-8.013,9.807,3.552141816828571,-4.930007752407179,3.2703686250937958,-5.9675896820028145,3149
16.85,10.96,11.667320401881062,7.239966097843065,11.082347442079879,6.088903600315301,3150
-4.311,9.444,3.656399162028156,-2.847968634594069,5.145406295229294,-3.5864198860128242,3151
-2.189,5.36,-3.1148830340167657,0.48893666683805626,-1.975517939160965,1.9845479074518366,3152
-4.101,6.123,-2.0170811102649346,-1.2856919135933977,-0.7155541883217317,0.24493806991979317,3153
8.409,11.2,2.517553241465412,4.145350161563768,2.8855295671714325,6.150571042637078,3154
10.56,1.589,-7.975826113011517,9.519352141391648,-3.8164545999275665,-7.2640469726522285,3155
-6.39,7.478,1.4437756850460393,-4.236634549129591,1.4122568859351654,-3.8883608039815742,3156
-6.928,10.09,2.5849343850353583,-5.275951680172072,1.7781361831916351,-5.5855963882406074,3157
-1.047,2.576,-5.386638014104046,5.314022723209276,-8.10367722375264,3.399058992008416,3158
-0.3323,4.895,-5.160271494176068,3.417377415668382,-5.905730675290726,3.3974119964639824,3159
-6.434,8.157,0.8231363012531622,-2.9270823564416033,1.871950675417282,-2.4771931823690254,3160
-2.699,6.777,-2.702185003544964,-1.1953570213204485,-1.5771513686882477,-0.030971711536200486,3161
1.991,1.033,-6.754128782536664,6.760274592410936,-10.168230484555863,5.650752240757195,3162
8.194,17.6,5.852785737727008,16.298724356662646,9.956013251711227,12.493714028934686,3163
17.01,11.97,11.644297750208699,7.608729067813768,11.974430610109664,5.736700708011834,3164
13.12,-1.813,6.569725187037311,-15.075926598537551,3.838259030748703,-16.53613311614588,3165
15.02,-0.7399,6.660580785487018,-15.821663674343215,2.7078063978446503,-16.44660026397303,3166
1.112,1.566,-6.002598135258832,6.1679198179358385,-9.359701584409379,4.536335879902093,3167
12.66,-1.877,5.87359300396236,-14.982065018642531,4.175154258180954,-15.132068937679083,3168
-1.425,3.704,-5.034748880650677,3.40339821911992,-5.743409107755325,4.251663619617669,3169
1.119,0.783,-5.834091989781537,6.348158064853563,-9.60990567071309,4.049308473209588,3170
1.298,2.338,-5.977830736424603,6.001542273532762,-8.967189262937211,4.354904347995965,3171
11.64,0.4635,-2.0039068148395196,6.770746890079393,4.277254153658249,-1.9187527355153875,3172
-6.763,7.904,3.22764745495113,-4.8336670961266615,2.396059562136032,-5.138884371181281,3173
-7.125,9.662,3.977462442133747,-4.8068726625329115,3.6868079199088593,-6.4793694671590645,3174
1.563,3.883,-6.319340555455365,5.248950663577928,-7.93897242410054,5.285461598972527,3175
-4.292,9.451,4.24251333019527,-3.073110636699782,5.418896247316696,-4.514723127742561,3176
-0.3162,6.347,-4.240614263798871,1.8631414804572004,-3.4975318418251495,3.9057947937051933,3177
16.35,10.54,11.367513807032429,6.698471251499071,10.20464282171855,5.882791692356316,3178
-5.939,11.19,1.904858381960712,-6.769154843319044,-0.2920150266396027,-6.272540396114143,3179
6.734,18.5,6.481073053095661,16.38180560208501,9.883151580263473,13.752140695194452,3180
6.849,9.563,0.8593701436260565,-7.147454079616652,-2.287701319287918,-4.68561632003382,3181
-6.249,11.33,3.851563842509113,-5.797268685329542,2.342395831514694,-6.930066412349494,3182
17.14,12.39,11.776131780360066,7.4801403913611315,11.594775725771285,6.132661515812127,3183
-1.121,4.002,-4.843785612370648,3.3495499525183576,-5.501816223691605,3.7749375644724052,3184
-0.3024,3.373,-5.765808908726849,4.797232333194628,-7.403864811490677,4.115731889347283,3185
-4.579,9.378,4.369563729975543,-3.0613678064232928,5.745198298860886,-4.726745432277473,3186
-6.253,9.837,3.5485784127453193,-5.528024968135939,2.737394143511154,-6.530706709285529,3187
-4.681,12.45,2.408262164805256,-4.498366173732863,2.2757790579093475,-4.846883123775275,3188
-5.765,6.786,0.6488612010219915,-3.6001508798485857,1.1157879127753754,-2.6726444419820625,3189
0.3776,2.157,-5.703075735356488,5.589658919345751,-8.38724942071309,4.048984700779168,3190
-1.549,4.824,-4.01191839435307,1.5656781826132673,-3.752784679959915,2.3870388809244316,3191
7.298,19.02,6.267328889582477,16.42247885800542,10.270067740846969,13.254023248295038,3192
-4.434,12.1,3.274234445307575,-5.325187024105177,2.4556541933311005,-6.26876479949549,3193
0.3057,5.429,-5.19205698230473,3.142493906986131,-5.5165466771828156,4.258326226810662,3194
-6.435,10.38,2.001930387232624,-5.711211022365675,0.48124163286814875,-5.332203691859992,3195
-4.573,9.178,3.582926662180744,-3.6857712831383806,4.368879844118454,-4.486555879970344,3196
-4.736,12.52,2.883275420878254,-4.699642476070509,2.9195731176627655,-5.790758913417609,3197
-6.003,9.299,4.26479116222652,-4.494390305507765,4.24501137869487,-6.217975443263801,3198
-1.177,3.811,-5.529421179082074,2.841245356571092,-4.5243472562538605,4.964241201023309,3199
-2.002,8.116,-1.9165209219714778,-1.760798510540114,-0.8132237897621614,-0.24091190661981865,3200
-6.271,9.333,3.750763566706501,-3.634586628902541,4.650489856172897,-4.631692713161262,3201
-4.673,9.752,4.153698594782672,-3.062197503078566,5.393706847597458,-4.401242559810432,3202
-5.892,7.423,1.130227835390888,-3.975370224941359,1.4828317655814667,-3.0953996833761055,3203
0.373,3.771,-5.063065378453412,4.9964000616187,-7.643437336515091,3.527692729572503,3204
-6.796,7.557,1.0899702622631413,-5.830841835964308,-0.13140584839453512,-4.339004820247443,3205
12.57,-1.64,6.0132757737377505,-15.160834130275832,3.7559147371543427,-15.376285856624396,3206
16.95,12.26,12.145166547510945,7.185053053867235,11.347957183290816,6.840110951999871,3207
-5.419,10.54,2.0491332127788886,-4.204468544948683,2.378133584429123,-4.187368696590217,3208
-6.556,7.586,1.314818532679401,-4.29035645388423,1.232506085802414,-3.694590395351203,3209
0.8597,5.388,-5.6776092932483335,3.564864579212083,-6.096811722348831,4.510878259281365,3210
-3.413,6.695,-0.722842244889416,-1.1069410409813982,1.1218957199347992,0.6766799632112666,3211
-1.194,6.571,-3.5106867239734307,0.9005534086340804,-2.36283511979451,2.3541696611444634,3212
15.74,13.33,11.74618354580196,6.976886454593553,10.988004256655074,6.314038449863641,3213
-6.39,10.5,2.317531974528156,-5.37154370211421,1.5337744249595184,-5.3142154869039375,3214
7.24,8.795,-4.349192945744671,-10.894713219631301,-4.728280018399857,-4.018588369746955,3215
6.706,18.56,6.160700471613727,15.803842726718797,8.971510459352828,12.849954301456659,3216
14.04,5.76,-6.2817939207812925,-12.790642556179153,-1.5740669475304108,-8.254890745540411,3217
-1.347,4.891,-4.643316595341839,1.613889399539842,-4.4700541005836945,2.122631246189324,3218
0.06236,2.044,-5.949705450322308,5.734292689334764,-8.683206986020707,4.563361341098992,3219
4.814,3.517,-8.86404594638554,2.7025787267798322,-5.215229462216995,8.49588363800451,3220
-4.586,7.319,1.1085974290111882,-3.28054576777278,2.054516364504196,-2.614638393779548,3221
5.861,2.909,-9.304874269749797,2.084547701846971,-4.462146233152054,10.022504502872675,3222
-2.744,8.989,0.2224789946416242,-3.619588669765578,0.5474157227767485,-2.937665289302619,3223
14.41,12.44,-3.8854492590686456,11.208187285434617,8.941200782228805,5.044878179172723,3224
-2.207,3.585,-4.4922688887378355,2.3927758369559187,-4.737688015531204,2.473269993404595,3225
-3.904,5.974,-2.7147267744800225,-1.1984975900536639,-1.6671891914116364,-0.18392032947138115,3226
0.603,4.101,-6.113635866429486,4.150247994434252,-6.722228478025101,5.383546525577752,3227
1.617,1.292,-5.994535295750775,6.706861201297655,-10.082142304013871,4.4472545925180595,3228
5.391,2.515,-9.901254503514446,2.099579278003587,-5.4020938382851105,10.324100190738886,3229
-1.6,4.101,-4.010062544133343,2.163136783611192,-3.9707133279549103,3.7441694084207695,3230
-5.161,10.46,3.405142696116291,-5.808684166896925,2.1317952169669647,-6.207351034541877,3231
-5.147,9.268,4.394488961909137,-3.104132470119582,5.690432120729782,-4.905983274837287,3232
-6.104,11.34,3.2263013436535224,-4.004832562435255,3.5390489591849823,-4.604670828243049,3233
-3.433,6.284,-1.1466999933978694,-0.9103235568886857,0.05364624844918436,0.37165557775899605,3234
15.46,11.59,-5.376532881047406,-11.697597321498977,8.0170436395896445,6.009715253452508,3235
3.614,3.612,-8.150264589574016,3.487502518665208,-5.7369751439796906,7.613357240299432,3236
8.31,18.88,6.200194032404743,15.987826529514207,9.58616309301982,12.810017282108515,3237
1.181,5.127,-5.7701409743091245,3.8845350179785627,-6.5372280584084015,4.567171746830193,3238
-0.2626,2.186,-4.728335230137982,5.123553935062303,-7.6724876867043,2.3971572462122124,3239
-5.826,8.021,1.4467257573345524,-2.772822674739943,2.8042846216453094,-2.3693559822042305,3240
-2.117,8.728,-1.2414053366443294,-2.1599059667473894,0.10357091264853663,-0.9204493221242742,3241
-0.5493,3.916,-6.968319265629925,3.6456164751166242,-5.741456936429642,5.935690099338738,3242
-6.861,11.35,2.672063262675129,-6.224766549099074,0.6688212050689238,-6.616926020046027,3243
7.243,9.358,-4.1047357008716245,-10.289785202968703,-3.8341147409187775,-4.307175939937385,3244
-4.153,9.969,0.6990059330204351,-4.12376767062007,0.5803556932700652,-3.4016550239522774,3245
-6.652,9.659,2.5846230103710517,-5.6708043184167005,1.4257069124473114,-6.024181669612678,3246
-5.132,5.951,-0.5857284353038447,-2.135239418972121,0.8181257738364714,-0.9899810012777166,3247
16.85,11.76,12.159536512110554,7.109897318851366,11.385151435304977,6.766948396305291,3248
-2.197,7.183,-1.7462736056110042,-1.0719798173791033,-0.18039063675274664,0.936086172203271,3249
-4.919,12.37,3.0394500806072577,-5.97538834475337,1.8444619669211884,-6.8357489761312324,3250
13.09,-1.479,6.703097017023883,-15.651352700222121,3.0603690637839813,-16.563940351863653,3251
6.669,8.743,-3.7906661913653985,-11.006632622707473,-4.524027775357864,-3.310864275356086,3252
-3.345,5.243,-2.1642878935596124,-0.9276738729363542,-0.8094196425186616,0.7513875905077143,3253
13.4,-1.236,6.636845739100299,-14.88076287173091,4.119396258760788,-16.473831480403692,3254
-4.056,6.221,-1.297681419636883,-2.199171360958205,-0.45332233173718267,-0.7739105876882391,3255
-1.802,8.291,-1.7303642914554256,-1.2311926450615984,-0.3173984394775849,0.45036351118489937,3256
-3.446,5.276,-1.8550582812091487,-0.6134379472619157,-0.2983675704704743,1.6145309451620264,3257
-7.81,9.649,3.1247607781627997,-5.035385426509962,2.7282958521140594,-5.66418248977259,3258
-7.806,9.516,3.7108038975933417,-5.054432209957228,3.284874488283493,-6.442432230373176,3259
8.083,18.72,5.933488996241413,16.482487860690966,10.303473044802047,12.776906663517206,3260
-5.96,8.479,1.7667149617412907,-4.26833325289546,2.016930152345993,-3.95074779357508,3261
7.195,9.269,-4.047584860112347,-10.414234932888137,-3.904423426221512,-4.1181657966573555,3262
-1.219,7.893,-2.879438488270916,-0.6033052768593888,-1.8448502526985626,0.5965574923555537,3263
10.59,1.541,-7.961695520665326,9.54069251156987,-3.9653713212715607,-7.380490606685432,3264
4.782,6.743,-1.3774784491321224,10.436989012729539,-7.266685436795853,0.06786161098882393,3265
1.021,0.7877,-5.824921457554974,6.964194479953661,-10.295167397092484,4.081597024540154,3266
8.246,18.95,6.288949163172565,16.031523886691943,9.593601752687789,13.324701005558222,3267
-1.024,5.486,-3.5017157480975762,2.2165170345419782,-3.6198739515053253,3.382668429950921,3268
13,-0.2929,5.9410173012951235,-15.124228295314895,4.0494361414207,-15.22528106536463,3269
7.445,18.64,6.476696641657672,16.24695510007085,9.747262526918746,13.63037365112707,3270
-3.786,5.179,-2.016361324574627,-0.25323450230418254,-0.46945698125233465,1.528661215643136,3271
12.81,-0.9399,6.17005124828609,-15.457894143093215,3.3547726167930145,-15.533590620418341,3272
6.986,18.8,6.157743127558551,15.859332266818894,9.213640738893844,12.808064157108515,3273
-5.228,10.04,4.281847627375446,-4.527798470485792,4.180991221834518,-6.246533697505744,3274
16.39,12.17,11.386523397181355,6.766336146366014,10.326491881777144,5.648362809757439,3275
-5.124,11.44,2.9950791909435615,-5.293864068019972,2.443207074571945,-5.874082868953498,3276
10.54,1.588,-7.978715746190228,9.564730826389207,-3.979743670056961,-7.405964201350959,3277
6.358,2.181,-9.670502512242473,1.6050924692267317,-4.25391383035054,11.080114060978143,3278
-6.79,9.809,1.9280386283138615,-6.759682473171339,0.022961509097911774,-6.350934809108527,3279
4.678,2.98,-9.659260599400676,2.8447565469855207,-6.043779324124954,9.461179429630487,3280
2.18,1.223,-7.238060323979535,5.121061984073534,-7.969933937619827,6.416315251926629,3281
1.322,5.206,-6.314718096043744,4.092896166812792,-6.7025441632973175,5.276120359043328,3282
-1.631,4.02,-5.324134199406781,2.844064894687547,-4.635545204709671,4.172464543918816,3283
-3.556,4.621,-2.8728598044177667,0.8373548123949904,-1.6247862086998444,2.5828139129678886,3284
-4.953,6.975,0.3075231625774725,-4.09637862109004,0.09705391960272974,-3.302645510097297,3285
-5.312,6.739,0.029828564737163304,-2.8446622457390887,0.9285563720954436,-1.8540383037526922,3286
-5.861,9.52,4.2648064210155825,-5.314372834194288,3.293139506746628,-7.278963392635139,3287
7.216,9.196,-4.155018179204144,-10.645800408352004,-4.3135437474953156,-4.0761383232076485,3288
16.49,11.5,11.328840406153523,7.148961726199999,10.985134650637008,5.688975507358758,3289
1.854,5.015,-7.7452643797656675,3.928673926364793,-6.167452763150833,7.15248649750158,3290
6.685,9.724,0.766362757895313,-7.091013249385939,-2.104243229459427,-4.539834803005012,3291
1.668,5.636,-7.5790961668750425,3.453555050861253,-5.118396709989212,6.747471982578484,3292
16.24,12.79,11.975600393030964,6.739728156101122,10.288301993776656,6.924705201725213,3293
7.226,9.025,-4.26678785541264,-10.782114800441848,-4.54762835366597,-4.035100763698371,3294
-0.2317,2.825,-5.390557138707318,5.409258547794237,-8.173859070371293,3.4710752311746758,3295
1.67,2.05,-6.796449034001507,6.009961310397997,-8.973743866513871,5.834904367069451,3296
-8.052,9.085,2.313498170588337,-4.766295727718458,1.852787543703415,-4.9703667816121895,3297
-5.925,11.48,2.0328995301464423,-3.687502202022658,2.3479626669181366,-3.691491430660041,3298
-4.817,7.251,1.1338332011440617,-3.597623166072951,1.8863734497321625,-2.8372824844320137,3299
-5.398,7.807,2.610697181437336,-3.054210480678664,3.717265893389084,-3.070378607173713,3300
-6.492,7.367,0.7244834615925176,-3.1965790357476336,1.635580111910202,-2.3699799236257393,3301
-5.778,10.19,4.2403337075451235,-4.895314511287794,3.6598191751731415,-6.489495104213508,3302
8.342,17.66,6.106770189020954,15.706214133273972,8.80020289557109,12.719643289188593,3303
0.6631,3.508,-5.376509992863812,4.552701178562059,-7.428331802915237,4.420131618122308,3304
-6.349,11.67,3.61817160389217,-4.523583230007277,3.6021712316764374,-5.891683882137092,3305
0.5557,4.623,-5.533570139195599,4.423255864154711,-7.102815579007767,4.049099380115716,3306
5.236,2.567,-9.871165125157512,2.271428051959886,-5.562211941312454,10.318320924381464,3307
16.34,13.32,11.426234395716511,6.79317158795537,10.670454551149703,5.679278546909539,3308
-5.546,10.57,4.325927884791217,-5.208912667263136,3.7084572805655975,-7.104929273982795,3309
-1.418,5.412,-4.136619894292035,1.1687473092192548,-3.159818361829422,2.5628732982675713,3310
-0.572,3.719,-4.623866407658734,4.262837353717699,-6.689238976071976,2.716767365078179,3311
8.515,18.59,6.355933816645465,15.957864943515672,9.2769694818748,13.325041467289179,3312
-7.367,10.7,2.952022464487873,-4.676106270778761,3.0055928720725555,-5.699989145656379,3313
-2.523,6.268,-3.0351220057269708,0.04356214739026021,-1.55261726243367,1.1158150974313898,3314
5.002,2.706,-9.775205461766399,2.422768417369737,-5.639302681516312,9.836840325931757,3315
-1.573,4.769,-4.3880632803699156,2.592928114902391,-5.032086800168655,1.8370667937795802,3316
-5.001,12.52,2.6874453141430243,-5.310619648922072,2.139190007616379,-6.017572229762824,3317
16.49,12.42,12.114699514124714,7.252933207523241,11.494240333010055,6.627746755222527,3318
12.9,-0.1794,6.0388213708141665,-15.514080819118606,3.2914090646995087,-15.235300367732794,3319
16.43,11.26,12.012932927821003,6.873198214542284,10.637561370302535,6.5837594810526054,3320
-2.617,5.066,-2.820504514958538,0.8391284678095717,-1.734245132039688,2.6532891336481255,3321
-2.996,4.759,-3.165995685841717,0.4559607651049037,-2.0594210134254913,1.8438987675707026,3322
10.54,1.586,-7.899933664586224,9.499159041416062,-3.5917865739571075,-7.046515768428596,3323
0.5209,1.819,-5.528160421635785,4.856789294254198,-7.948301743100784,4.454308444599358,3324
3.863,3.629,-8.811635820653118,3.133740368854417,-5.670739124845169,8.35298984680578,3325
16.79,10.51,11.448437841151081,7.370482626926317,11.234719802309371,5.707387143711297,3326
0.9384,5.117,-5.602820722844281,3.708737555515184,-6.262372921537064,4.261679584125726,3327
-3.75,9.718,0.8775322749355657,-2.7811613645440203,2.0805042280448456,-2.163948362727912,3328
-2.799,4.678,-3.728742449071087,0.6532214913481612,-2.6442224488960724,1.8011499587099238,3329
6.05,8.337,-3.468779890324749,-11.132030304897414,-4.913463543485306,-2.5461490806539375,3330
16.57,12.63,12.218958051417195,7.051343146335497,11.021997977663375,7.138702565769402,3331
12.89,-0.8248,6.276033075068317,-15.1146896448022,3.847660590578415,-15.562240904231817,3332
-7.489,10.86,2.647652299616657,-6.118968304622755,1.115702797342636,-6.3729336914022285,3333
-3.778,5.758,-2.4632543013354913,-1.4213802184945208,-1.5009173856483917,-0.19626612033441826,3334
-6.285,10.91,3.163108022425495,-5.319288548458204,2.4011610044730682,-6.098348444362434,3335
11.59,0.5053,-2.006254999425091,6.77374905682744,4.361294795442917,-1.8327875789602117,3336
-1.546,4.379,-4.586115686680951,2.234929505359544,-4.671795319150589,2.3375234547655266,3337
-5.911,11.41,1.988265068743549,-6.709410962093458,0.07046319233308024,-6.516239946742805,3338
-5.906,10.18,2.291973979685627,-3.6471355523949724,2.7275732054008026,-3.4919470008809883,3339
-2.276,3.418,-4.394329397465863,2.3519253168219465,-4.122857521604202,4.071324283222405,3340
-4.686,12.51,2.704571397517048,-5.767052468288527,1.4574146761191864,-6.593117540736945,3341
-7.323,8.718,2.992712171290241,-5.535189446437941,1.7758884920371552,-6.301977461238654,3342
16.6,11.02,11.334068448756062,6.986264410983934,10.690571357179977,5.849237615207879,3343
16.86,10.72,11.701214940760456,7.595875922214403,11.787427474428512,5.346590692142693,3344
-1.202,3.826,-4.715918390538373,4.238907280933275,-6.805043648313187,3.1630249563257378,3345
2.916,3.71,-7.757156221654095,4.041020813953295,-6.37237782342305,7.194241220096795,3346
12.78,-0.817,6.4238874032238344,-15.200682457912551,3.7430658830894012,-16.16107208098963,3347
-5.427,8.605,3.2302314355114325,-5.764380272853956,1.464114595819809,-6.251554792781623,3348
-4.18,11.79,2.074438245508991,-5.804282006252394,0.5098858966125029,-5.456680124660285,3349
-6.977,8.506,3.358256013605915,-4.944250878322706,2.791200686861374,-5.60382396545008,3350
-7.298,11.07,2.896309049341999,-6.420370396602736,1.1044568313849945,-7.405151670833381,3351
15.8,10.49,10.92949596187862,6.872844401370897,9.925408889223434,5.159413272480218,3352
-0.9488,3.523,-4.960359899785199,3.4305877122992414,-5.964473198484085,3.3980197254221123,3353
-7.933,9.68,3.294037254069172,-6.087797459591017,1.7580430998099823,-7.2361138519246895,3354
10.6,1.509,-7.90938457706181,9.504628363620652,-3.736400793622635,-7.285131758113654,3355
-0.03597,5.7,-4.398804991032757,2.108865443241014,-3.7735981450783234,3.8511585536997,3356
-7.433,8.5,2.0091917826870307,-5.676966008175001,0.8094333304656524,-5.319357221980842,3357
16.88,10.98,11.664578588221394,7.59336108304204,11.733200599123336,5.876453096012322,3358
0.819,4.742,-4.408458082463421,5.09712666608037,-7.384207199643753,1.252883346716611,3359
-2.928,9.483,0.2748116417864187,-3.479616221416579,0.6761564506782073,-2.4879782852132637,3360
-6.972,11.12,3.60100475094112,-5.420291241634474,2.755358745027878,-6.747324293514045,3361
6.846,18.85,6.542003305170856,16.2501260671729,9.564029265810348,13.916009599308222,3362
-3.383,5.033,-2.650023309971966,-0.46041881703196574,-1.583635877202652,1.0710690561334772,3363
-2.746,8.591,-0.8619758770724909,-2.761591490734206,-0.31789437992443853,-1.7394831832845525,3364
-6.546,11.98,2.244225652430378,-6.573040303218947,0.21421701150069422,-6.790945356746467,3365
-3.574,6.287,-1.4740302250644344,-0.37445735596476604,-0.3112311468826752,1.3678676662619396,3366
7.07,9.941,0.7586126043537481,-7.131438549984083,-2.3190645681129913,-4.59492618407801,3367
-4.424,11.32,3.0073072030285224,-5.042900856960402,2.2535548700583954,-5.650376623531135,3368
-3.285,4.96,-2.7504363940021173,0.021001938354386795,-1.7153671489464264,1.4297117907206698,3369
16.5,10.39,11.189936788294636,6.81560057736577,10.423498679567672,5.526274854282586,3370
8.495,17.75,6.19911208889278,16.522805396091357,10.274506141115523,13.268276864628046,3371
6.367,8.77,-3.5765243456622735,-10.977874573696242,-4.351829956601761,-2.822566336055549,3372
13.14,-1.338,5.916651399348102,-15.126651581752883,3.987785865236618,-15.19953758086756,3373
-5.038,10.06,2.5680915429333075,-6.4946497049218275,0.6719280375731963,-6.789350813289436,3374
-5.136,12.53,2.7403205945232734,-6.373901661861525,0.9618242873443145,-7.36130744781092,3375
6.966,18.69,5.89125600597652,15.828082266818894,9.482177306581832,12.642961198429315,3376
15.4,11.64,-5.359283773686566,-11.682582673061477,7.957333613802292,5.860554868320672,3377
-0.4817,3.599,-4.350457994725384,4.264991703998461,-6.412720631192825,2.015369469265191,3378
15.37,11.49,-5.340121595647015,-11.66072064303218,8.209681083132125,5.690192395786492,3379
-4.914,10.39,2.4756554677227363,-3.8098013963585955,2.5093157781852264,-3.9655664619405586,3380
16.85,11.66,11.641310842249714,7.573044005405321,11.630504180361129,5.5227410141031426,3381
-6.249,11.12,2.4724229886272773,-5.314444836605177,1.719591309000351,-5.487001722713264,3382
-0.6814,4.44,-4.3623317168018,3.240401211749925,-5.577242802213333,2.9806511941950005,3383
-6.101,9.201,3.9594747140148505,-4.277299698818312,3.751955796648361,-5.35285264815882,3384
1.361,6.09,-7.579047529484906,3.412166300784959,-4.914552639554642,6.529366189579217,3385
13.39,-1.501,6.179406793330036,-14.876923378933059,4.196277667452194,-15.624887770076544,3386
-6.354,8.601,3.689027221415363,-3.897721108425246,3.9122601045859833,-4.550485914607795,3387
0.2686,4.564,-5.494665949132123,4.297736111652269,-7.11714739663472,4.328315908054559,3388
1.965,1.426,-7.2031453535815855,5.186869803439989,-8.233395050595902,6.38218563232824,3389
-4.284,5.29,-1.3032484934589046,-0.714294489849196,0.19006342129836268,0.9691904130975886,3390
-5.242,12.66,2.766262443278156,-5.883580502498732,1.4391751779807587,-6.796744650264533,3391
5.287,6.243,-0.8144723460933344,10.9137527380103,-7.053312729428909,-1.1961479839284734,3392
12.8,-2.668,7.053990037653766,-15.352812584865676,3.688659717012741,-17.10204536284998,3393
-1.863,3.935,-4.056821195866742,2.3618446025961775,-3.9881486402260284,3.6605352703134697,3394
6.561,1.97,-9.60810932376591,1.383947137367143,-4.143547485898636,11.346861535648554,3395
13.09,-2.027,6.727044255946002,-14.963026818264114,4.0528011812461395,-16.712299650569708,3396
-5.921,7.891,1.2684699609020573,-4.355659302700148,1.274184037615158,-3.6518190559346992,3397
-2.722,9.073,-0.1861383006831782,-3.6660230722313982,-0.35941524369587713,-2.2674501594503242,3398
-6.41,9.043,3.422610910151325,-4.809342679012404,3.052253056932785,-5.624177282710822,3399
-4.711,9.801,3.8547412469127997,-3.2466347780114275,4.966025878359177,-4.15381700362757,3400
-4.665,8.286,1.382750423167072,-3.4056010808831316,2.10707192556987,-3.0580251869161446,3401
-6.063,8.848,3.5248951031902656,-3.9488370981103045,3.6562953485740204,-4.549092119594367,3402
-4.649,11.53,2.955921323511921,-4.830611046779738,2.6134169592155,-5.2388232406576,3403
-2.957,6.681,-2.2401216910144464,-0.5910211171990495,-0.7611729608284455,0.9537678602735682,3404
-3.444,7.916,-0.29777717449871466,-2.27196365259944,1.1403811468375702,-0.9449759181936102,3405
5.489,7.906,-1.1359156058093685,11.684691611301316,-5.3245300756203156,-1.3139310535390691,3406
-2.311,8.423,-0.7981907413264887,-1.6533566083794695,0.7608622206939238,-0.18874437179163261,3407
0.04883,3.876,-6.383802263524212,3.7221850786322492,-5.989701222013138,5.525242024997918,3408
-3.747,6.336,-1.76439949729649,-0.6101505126839738,-0.25225315554013067,1.0141977909605189,3409
-2.588,6.499,-3.38877853610722,-0.6931795444375138,-2.095242689679764,0.01170032654210762,3410
-2.693,4.328,-3.708852379109539,1.4027688536757368,-3.2494565950142364,2.4354941192667168,3411
-5.398,12.43,2.685805471155964,-5.285810765255079,1.8058195604575653,-5.988602465053352,3412
16.9,10.85,11.66118827602657,7.20304650403203,11.261860419679977,6.26747673187658,3413
-2.375,6.889,-2.390403835560955,-0.8406429853325944,-1.2417354093300323,0.5634958091776057,3414
-0.2985,3.998,-5.444265215184369,3.1215321455115217,-5.418991993497513,5.028727704624383,3415
-0.08116,2.759,-4.946376650120892,5.045212450992479,-7.677701424192093,3.2031124177972954,3416
-2.376,4.12,-4.233948080327191,1.4073357615584272,-3.50594658715596,2.7528815809290093,3417
-0.1195,3.291,-5.227532713200726,4.509239378940477,-7.159867714475296,4.103616649250237,3418
14.36,12.34,-3.8878601477405206,11.2081863317603,8.784292746950484,5.05311864052221,3419
-4.013,11.73,1.7593018128612858,-4.969471749294386,0.8096871866477507,-4.613835161586555,3420
-1.532,7.896,-1.9400969431659358,-0.9107592668419938,-0.44714261157383733,0.610791319946496,3421
5.138,7.453,-1.1258740113040584,11.599593344699754,-5.61437697274556,-1.1059806999166326,3422
2.08,2.021,-6.663934557225384,6.387511435520067,-9.394496391843461,5.5398446861307304,3423
-4.672,8.675,3.0539051606396064,-3.6230714883690935,3.784036208559372,-4.071851080318244,3424
15.08,-0.7457,6.170504243586383,-15.866322335231887,2.581552077699997,-15.603012388606817,3425
6.987,19.01,6.471641690943561,16.459522429477587,10.245218802858687,13.639525109867304,3426
-4.357,7.662,1.0029272749164921,-3.691845234859572,1.5337521328223724,-3.0270264800985176,3427
-5.436,11.08,1.9842361523846013,-5.166481312740431,1.2993606819404144,-4.91983491744593,3428
15.41,11.62,-5.335605470921673,-11.657901581752883,8.002376128603316,5.947143251041619,3429
-4.886,12.69,2.619313152048908,-5.85948544405757,1.175378729273178,-6.405291860957893,3430
1.022,5.575,-5.252316801335492,3.1083781156653303,-5.260318230222366,4.278550798038689,3431
16.83,11.39,11.777530820582234,6.934635821353807,10.624605704714156,6.552592927555291,3432
-5.358,8.774,4.238257558558307,-4.833767708767042,3.253647376467087,-6.17913610305384,3433
13.29,-1.436,6.562431009028278,-14.956251915920364,4.032258559633591,-16.380939787288458,3434
-3.204,5.991,-3.4220627234241143,-0.867570218074904,-2.505937288831375,-0.5587009843786077,3435
-0.4444,6.185,-3.4356363699695245,1.4369037780875105,-2.4176690088020782,3.72715371284887,3436
-6.106,6.831,0.18617633125575614,-3.679180439937697,0.35340644853244013,-3.0333665069539864,3437
-0.112,2.886,-5.458043424870648,5.478432837497606,-8.1757053838478555,3.7533389869730156,3438
-1.841,5.2,-3.9108308241626397,0.9929771456831832,-3.3649990068184357,1.7676175776521845,3439
4.981,5.926,-1.398034899022259,10.244886580478562,-7.793485592435501,0.22072415981694893,3440
-4.333,10.78,4.24571910640987,-3.105388697612868,5.391234923769333,-4.627460306545051,3441
-0.3684,3.693,-5.5030182287952085,3.683113041889085,-6.436644028257034,4.095788890461175,3442
-0.6865,6.9,-3.0013309405109063,0.9810173246973891,-2.174058149884842,2.5570144001047295,3443
8.464,11.21,2.5181199624279365,4.146025362979784,2.8787644399894257,6.124284917453973,3444
-6.535,9.272,3.3535012318828925,-3.953995999324904,4.003066588808395,-4.729021376033576,3445
-5.681,7.418,-0.04681382932869363,-3.865435894954787,-0.40074733955731207,-2.9583895858724434,3446
-5.006,10.44,4.037578017924152,-3.9766781892663103,4.471977759767868,-5.464802568813117,3447
-6.163,11.33,1.90160551807674,-6.725824650753126,-0.2268842862354737,-6.127758806606086,3448
-5.952,7.096,-0.22566792228428292,-3.6612036790734392,-0.25406319959034734,-2.3874653037984688,3449
-0.4288,4.799,-5.243172971989789,2.7223004732245344,-5.071658562253616,3.4566866699258965,3450
-2.472,8.104,-1.2490477249881404,-2.1484232511407,-0.2557221309648972,-0.8323410209615545,3451
6.239,8.749,-3.4956572935840264,-10.954571541774856,-4.192094276975296,-2.814138716121467,3452
8.284,19,6.440344960902057,16.33128947354497,9.891265441347457,13.571669274906366,3453
0.9035,2.411,-5.475229589726605,4.78117150403203,-7.692998837064407,4.248025828937737,3454
-4.151,9.197,4.424929292414508,-2.9615917768365008,5.9620605005515594,-4.428325003047736,3455
15.95,13.11,11.117127568934285,7.224398795139208,10.941762496401168,5.1403910461466,3456
1.142,3.564,-6.260600416447796,5.239396277439012,-8.034306000302934,5.0451242271463554,3457
0.6348,1.719,-5.729605524327435,5.70731371976079,-8.689086388181352,4.266294175724236,3458
13.98,5.845,-6.2537787840625425,-12.762956437099563,-1.3961109624611359,-8.395236318965704,3459
7.551,2.602,-8.544864504124797,1.6279575262183088,-2.889325092862747,10.477317506412714,3460
1.965,4.822,-7.731571047093548,3.612025919925584,-5.609863709043167,7.15616195831701,3461
-1.591,5.538,-3.656115619923748,1.4240752492064375,-3.126077602933548,2.548888379673211,3462
8.212,18.71,6.129547269556842,15.91282385922612,9.233178664614059,12.65563934479162,3463
-4.556,9.595,4.260504873011432,-4.074562844265089,4.676947165895798,-5.319567030330451,3464
-8.116,9.188,3.796993406031452,-5.736341294277296,2.386986304689743,-7.307726210017951,3465
12.71,-1.91,6.856380136225543,-15.508154686916457,3.283350993563034,-16.85861617889002,3466
-4.355,10.78,3.187904746744953,-3.397829350460158,4.273234416414597,-3.92695743407801,3467
5.947,7.26,-0.23331269481388497,11.109287444126023,-6.8716372953163605,-2.142079180141242,3468
-1.089,5.151,-4.392371027257123,1.0613066587561506,-3.9394168363319855,1.184258038143365,3469
-2.267,6.831,-2.423580734517254,-0.8434392776375871,-1.3382422433601837,0.5485364142458125,3470
1.509,3.971,-6.12634071567265,5.161187830936327,-8.094306419919633,4.78158658180639,3471
-6.338,9.468,3.723086745951496,-3.9886162843590838,4.260195304323532,-5.2114346679647285,3472
1.304,0.8688,-5.985754339482464,6.940585795413866,-10.38949437005391,4.467949563602654,3473
12.95,-1.211,5.7434841706493716,-15.39012509249507,3.439624358583786,-15.00421172942713,3474
7.723,2.475,-1.4543829844257015,5.632258120548143,-2.4570676789986114,10.634111100773065,3475
-6.373,10.85,4.501430185053668,-3.7094200219994646,5.150779773165085,-5.594037359615119,3476
-6.364,9.93,3.8320635869243964,-3.801830586422072,4.30024294989238,-4.926924532314094,3477
-0.7996,7.349,-3.4402817175647393,0.7470483217352767,-2.1165291772591095,1.933303767780511,3478
-0.2074,4.812,-4.999674646641888,2.961456480991258,-5.505235146115921,3.112332517246453,3479
-0.9138,5.847,-4.333384840275921,1.377601865302934,-3.8128857122169952,1.8417562488119288,3480
12.93,0.01806,6.192401559565387,-15.620009240139114,3.0558410181296844,-15.530216520686896,3481
16.65,12.82,12.092857511256062,7.304919901859178,11.384453345705367,6.776909524540154,3482
-6.8,8.679,3.3054501130321845,-3.7708471383935076,3.892244388033249,-4.357698744197639,3483
-7.694,9.377,4.13115611812862,-5.340642746914015,3.107025433946945,-7.192549055476936,3484
6.768,2.071,-1.851327626492657,5.15442532635869,-3.7048310743080597,11.207557374576776,3485
-6.713,9.127,4.423454435084186,-3.4732390012627703,5.351841975618698,-5.522914713283332,3486
-5.008,6.699,-0.1537552759906428,-2.73934703730403,0.8367389334929961,-1.6030679401357488,3487
7.144,2.57,-8.612354128148235,1.6507073078268903,-3.28202719552388,10.567488366703241,3488
14.51,12.07,-3.8871153280994073,11.208341780673875,8.735257674623824,5.006652766803948,3489
-0.6194,6.039,-3.674914686467327,1.1445699963683027,-2.7788738713966827,2.8843905273477715,3490
16.02,12.02,-5.474675981785931,-11.791791733730422,8.683263350893355,6.104966336826531,3491
7.894,17.51,6.219015748713336,15.935584250461472,9.0479074014915,13.115449601749628,3492
5.613,2.818,-9.469205705907024,2.1678714189642805,-4.831667851041458,10.03469150696203,3493
-3.229,4.143,-3.807334272648968,0.5600162181967635,-3.333465765546463,1.4542843941251917,3494
-5.191,10.23,4.344319493983112,-4.991570290554152,3.989386607576706,-7.054457968135627,3495
-3.46,7.096,-1.9112883494159358,-2.0221148099785906,-0.7079641328560334,-0.6720722373922186,3496
2.076,2.383,-6.6103790686389585,5.9451014433020495,-8.997185181211137,5.582805329899041,3497
-6.589,8.64,3.91910138866695,-5.2155173387414075,3.1134648813498993,-6.306465452571662,3498
12.36,-1.199,6.480674894068561,-15.394194420803176,3.5458763136161346,-16.194881742854864,3499
-7.283,11.11,2.490683706019245,-5.965584572780714,0.9945475353492278,-6.170982664485725,3500
-6.632,10.94,4.209383638117633,-5.352312859523878,3.293079425264694,-7.223002737422736,3501
-3.024,3.97,-3.65422305324284,1.253869536888017,-3.081704805921219,2.2374077979128044,3502
-2.993,5.35,-3.5069745466968194,0.2179268036002059,-2.8308326707588654,1.2648571896950884,3503
7.222,8.996,-4.087508051182904,-10.88618737124263,-4.639591644834183,-3.6928890403707344,3504
2.132,2.222,-6.755726187016644,6.113612833988085,-9.309412430356645,5.793517285923211,3505
1.543,3.851,-6.109241335179486,4.637843314182176,-7.441905449460648,5.1518608871500176,3506
4.9,7.459,-1.304943291928448,11.574097815524949,-5.333943317960403,-0.8495340999563055,3507
16.72,10.38,11.960072667811238,7.563380900394335,11.588222075868941,6.510049993137566,3508
5.13,3.651,-8.912061540867962,2.561185780536546,-4.870337437223099,8.649580651859491,3509
0.4731,4.239,-3.980266420628704,3.3241121206396955,-5.093603085111282,4.117548162082879,3510
1.168,4.321,-4.7087934897205015,4.378227654468431,-7.056803177426956,3.024138027767388,3511
-7.178,11.36,2.7272917344311103,-6.332983788478956,1.0016732706321259,-7.328871076961311,3512
12.53,-2.068,6.1730190827587466,-15.270233925808059,3.762155581880905,-15.670439070125372,3513
6.726,18.58,6.391764791224323,16.31041831113042,9.84357218878398,13.27291458282873,3514
-4.006,8.315,0.2275372161606176,-3.0782509412652117,1.2392471327079315,-1.9055989440877752,3515
8.28,19.04,5.8832241608837466,16.271636191379443,10.149120856691695,12.353653604129999,3516
-0.448,4.642,-4.511878340031781,3.53539604283513,-5.416127155851028,3.8479384723703545,3517
0.3798,5.764,-5.081990091588177,2.9095196161383527,-4.870868633817337,3.917432719806878,3518
-6.689,9.839,1.9531238391140324,-6.296591099727736,0.31238861816058344,-5.711569136043342,3519
1.066,5.502,-5.79739841678349,3.7110399637335676,-6.178886364530228,4.722333366016595,3520
6.919,2.142,-1.818822710301556,5.157155695926561,-3.598787735532425,11.093830758671015,3521
-3.854,4.799,-2.3188432142993585,0.11708116866291951,-0.9658212171303254,2.298672372440545,3522
12.48,-2.191,6.693637998316608,-15.031908806789504,4.270814467836716,-16.550411528011114,3523
7.478,18.5,6.411143453333698,16.360749426853076,9.815602828432418,13.40626304779455,3524
-3.189,8.395,0.701750428889118,-2.532576617229567,2.184915114809372,-1.6599455532033758,3525
5.067,2.798,-9.718786089207805,2.3849005136603254,-5.426869343351028,9.776280099491327,3526
-1.165,6.095,-3.1876204893848077,1.258473220836534,-2.497897099088333,2.8730987850229424,3527
-0.1859,5.203,-4.684906809117474,3.3136255178564924,-5.185838650296829,3.8579055610696953,3528
-8.113,9.418,2.3687109067180976,-6.535963829982863,0.35602240698466486,-6.91848403777674,3529
-4.797,9.018,3.9266988351086005,-3.901730832088576,4.168581534792282,-5.115770643611701,3530
16.83,12.97,11.664878041956745,7.581750575076952,11.780150939394332,5.986830884556023,3531
6.523,9.087,-3.816261856343426,-10.594220932949172,-3.7820424543129425,-3.6644209083516914,3532
15.31,11.52,-5.2462948248645445,-11.575479325283156,7.814885665346481,5.745379621128289,3533
7.436,2.625,-8.596174089696087,1.6636887226218122,-3.0390007005440216,10.310063058475702,3534
0.3321,5.016,-6.158375589635052,3.6248986158484358,-5.902893971036575,5.2035717311899345,3535
6.757,18.49,6.52355638286861,16.336062613498584,9.78640608923564,13.846712762455194,3536
-1.582,8.266,-1.712807266499676,-1.1688879098778826,-0.22071425182690435,0.5857551637689753,3537
-6.722,11.28,2.9646081044414863,-6.407138165462599,1.0439044727576752,-6.938680952449592,3538
-6.4,9.218,1.9979331805446965,-5.93133955859004,0.745880175997116,-5.471906965633186,3539
-1.72,6.335,-2.961700050618328,1.6359447870367902,-2.3161992536293488,3.7496132198373955,3540
-6.964,9.696,3.227255733225666,-3.2379954423791033,4.310450126100876,-3.781191652675422,3541
-6.944,9.757,3.974309356425129,-5.10886174105464,3.487154771257736,-6.692533796687873,3542
-3.09,9.457,-7.534982530858197,3.3407186899298567,-0.48284057838787847,-0.33434314097955986,3543
-6.16,11.1,3.884090812418781,-5.002563771236525,3.405547906328537,-6.722173994441779,3544
1.794,1.822,-6.266126482274212,6.720668974887743,-9.866749237607621,4.856445485691277,3545
1.306,6.127,-7.5735090658923765,3.41649955846013,-4.9289588437782745,6.587569409946648,3546
-2.727,8.01,-0.5611527846118586,-1.7929080095177752,1.095561195780136,-0.4861900266607122,3547
4.86,6.092,-1.5110883400699275,10.028210822116746,-7.557367752622269,1.0354538503687067,3548
-0.4057,3.942,-5.012184469487347,3.168329897891893,-5.0763773427711945,4.528771812061517,3549
7.085,9.61,-4.03475603320805,-10.101260003078567,-3.2741245733009796,-4.135862654109748,3550
17,11.11,11.838963659022175,7.4655200872534655,11.868770171572066,6.140505487064568,3551
8.411,18.1,6.302227170679889,16.37579173184575,10.183020163942672,13.32286518249914,3552
-4.75,6.883,0.03085638723167014,-3.950679120052443,-0.26749044222702795,-3.176737612148078,3553
16.17,13.4,11.821067006800495,7.7590639028662585,11.90374522345195,5.667711907963006,3554
6.151,2.278,-9.684239237095989,1.6320409212225813,-4.543448399137161,11.057618791202753,3555
-2.363,4.81,-3.2208486483356134,2.063557687770738,-2.8840107427345734,3.393295938114373,3556
-3.388,4.909,-2.643333523060955,0.8879583213442702,-1.3298611150490265,2.8438815418283623,3557
5.949,8.26,-3.363489715840496,-11.149264153469192,-4.804233025144241,-2.3924952205617744,3558
-0.2483,5.235,-4.559655039097943,2.7443344030493635,-4.297300289701126,4.42506688270971,3559
-7.531,10.26,4.199734361384235,-5.364040669429884,3.4277635111106415,-7.100160902400764,3560
-5.203,10.56,1.565055282328449,-5.41557389162837,0.9498181833518523,-5.032164400478156,3561
6.488,2.002,-9.609145967747844,1.4298335943335432,-4.359466503690384,11.35635727081701,3562
6.151,9.014,-3.4338262961169854,-10.71135311983882,-3.661271523069046,-3.1510918792684395,3563
12.66,-1.711,6.1068216874340395,-14.983982857692824,4.36649518149028,-15.632404631038458,3564
17.12,12,12.207031400416218,7.31035679913701,11.757724334169723,6.812806779484002,3565
-6.16,9.09,4.564876706812702,-4.2525585260277845,4.738581706453659,-6.0523675140340645,3566
-0.9996,3.241,-5.758652536656537,3.6223997507208723,-6.173806141446732,4.001121694187371,3567
-1.616,3.811,-5.420576422001996,3.282755318653001,-5.787534187863968,3.943849498371331,3568
-4.522,9.549,4.2794596268871645,-3.176126536357985,5.448715259004929,-4.634098833461555,3569
-0.9971,2.741,-4.599098531987347,4.006982031833544,-6.147194336484573,3.25900607738897,3570
-2.322,6.796,-1.7831467077991145,0.24795528091134023,-0.28330342037548834,2.5910624805490654,3571
4.97,6.898,-1.3148795054217952,11.107898894321336,-6.587202023099564,-0.3553355392415838,3572
5.769,8.14,-0.8069525645038264,11.853992644321336,-5.272789429258011,-1.9014580902059393,3573
13.43,-1.369,6.365884454462848,-14.909690674770461,4.241314460207321,-16.000747984309942,3574
-3.8,7.208,0.9166831686237676,-3.673539456356154,0.7834448708785552,-2.9128435310323555,3575
8.203,10.96,-5.3500216887256284,-8.201924141872512,2.6395748152030487,5.790482694248406,3576
-4.726,5.718,-1.266895024563946,-2.1353419389611346,-0.2914504514442902,-0.7102566417653875,3577
6.879,18.88,5.594957502100788,16.17807501889409,9.854827453066207,12.176917726139276,3578
1.487,1.369,-6.346162168767132,6.2488991651648425,-9.294712494443559,4.9951037708322685,3579
-1.939,6.508,-3.7032779143115655,0.24359990991295766,-3.132031391690872,1.0069628897707148,3580
15.11,11.6,-5.176739065434613,-11.516094979274856,7.678345252443649,5.671032125095574,3581
-0.8512,4.002,-4.977337686803021,2.631343070041551,-5.113422344754837,3.183093005756585,3582
12.82,-0.2403,6.336042077753864,-15.682907876003371,3.099618722368576,-15.718651121516974,3583
-6.155,8.301,1.9670040919521672,-3.2850022878533465,2.7014096273673553,-3.0014031585653145,3584
5.615,7.616,-0.682286231305279,11.78471106625737,-5.741171310971878,-2.0944414791066963,3585
16.62,12.05,11.509524495814167,7.54900712109746,11.723727752138473,5.592190438846795,3586
5.118,2.543,-9.833719103123821,2.3012836609000105,-5.433690022061966,10.097349816898554,3587
-6.872,7.609,1.1371304108837468,-3.9810631837731463,1.4678808941138763,-3.1900880989034492,3588
6.702,9.974,1.17582586548122,-7.038237866390333,-1.245705197881363,-5.382561987300666,3589
-1.947,6.844,-2.4709871695300714,0.015135202180757035,-0.9699840651260835,1.8056157473127528,3590
-6.152,9.251,3.823853643153034,-4.846695717800245,3.420323182512619,-5.9149258789022285,3591
-2.637,3.69,-4.453040449406781,0.9821789596194167,-3.962597559522293,0.5622465554277583,3592
-1.296,6.316,-2.8546253130695,0.8083478841895003,-1.7880087600456696,2.665662461857049,3593
0.5418,5.484,-6.30544170596806,3.718327466022386,-6.081050823758743,5.427265817264764,3594
-1.963,5.303,-3.7819260046741143,0.5655172947758574,-2.853201101850174,1.484736660460679,3595
-3.255,5.219,-2.5541709349414483,0.008435073863877762,-1.3254984126793365,1.7618938628236933,3596
1.376,5.724,-7.2750094816943784,3.5286731157416242,-5.339041184018753,6.224609548191277,3597
13.21,-1.391,6.831366212580524,-15.033197220790969,4.176051188875534,-16.83009178008631,3598
-7.054,10.11,3.3907190873363837,-4.489755448330031,3.257624913622238,-5.458172624965461,3599
1.634,1.218,-6.544360964085736,6.649190608035936,-9.952943275998734,5.166501456836907,3600
-6.358,11.81,3.5086356713512763,-5.505564030635939,2.6206529630912323,-6.685392683406623,3601
8.419,11.21,2.5182580067852363,4.145996991168871,2.9178331388724823,6.1516048255960625,3602
-0.6564,5.302,-4.4677375242969175,2.2646535072440046,-4.333068321775101,3.010144883732049,3603
-6.379,9.248,4.088374765131793,-5.166487034786329,3.607353497911789,-6.730610197444709,3604
-5.206,6.368,-0.10932826855389047,-2.652301844585524,0.8489883436454314,-1.448377197643073,3605
5.112,2.608,-9.816108553197063,2.3315568599814314,-5.459845970700882,10.024831468204706,3606
-1.502,3.617,-4.905192224766888,3.5267111692541975,-5.882708977292679,3.9754063430826347,3607
7.878,2.347,-1.4958510086795467,5.689193907749071,-2.454132507871292,10.75007122192785,3608
-4.849,11.33,3.590285928461872,-4.50702315234004,3.6121573938621063,-5.688892191310676,3609
-2.134,7.667,-1.4116551563998836,-1.1921526756173235,0.5032099379790801,0.5075361076395197,3610
-0.1215,6.002,-4.208709566380658,2.6055075559729475,-3.9634019838081818,4.322892839054314,3611
-4.25,7.535,-0.2654621289035456,-2.6668503847008806,0.6464697016967315,-1.359321897884162,3612
7.539,9.605,-4.131150095250287,-10.207519349086867,-3.6855077253090363,-4.071736162563117,3613
-4.383,8.924,3.8839007928112372,-3.9142540063744646,4.190120269228317,-4.639378851314338,3614
-2.419,3.806,-4.534710733678021,1.825800004970445,-4.243619869779251,1.9445769134561701,3615
-4.899,8.711,3.6450170590618476,-3.8670895662194353,3.935241748262741,-4.544308966060432,3616
0.06161,3.307,-5.117808191563763,4.473162594806566,-7.254929016660355,3.8715266529123467,3617
14.05,5.743,-6.237861482884564,-12.749639328945266,-1.6455451951729279,-8.199174230953009,3618
-4.03,5.168,-3.50657901027409,-0.5242744054680925,-2.233614872525833,0.36151551638051704,3619
6.212,8.662,-3.6821289942523614,-11.052559670436965,-4.534223984311722,-3.0467270072896797,3620
-0.7543,6.876,-3.8603187487384454,0.7153906408661742,-2.9056438909279327,1.5573571268121882,3621
7.98,10.45,-5.273259966160931,-8.349094208706008,2.265655328203537,5.2500802818338554,3622
13.12,-2.039,6.146855504725299,-15.354381379116164,3.590481807161667,-15.732750242610724,3623
8.09,18.78,5.714276941035114,16.368628684055224,10.207869101930953,12.233702355961054,3624
-6.106,10.9,2.7489077164867743,-4.005174931514845,3.058497239519455,-4.291525190730842,3625
14.56,12.55,-3.8762021944781915,11.206068221103562,9.404594947267867,5.050301486591546,3626
0.9043,5.819,-4.766510813023724,1.8036369714850324,-4.024152229856155,4.0245107952158135,3627
-4.69,9.09,4.523059041712604,-3.2770093049889666,5.486130286623337,-5.075133150478156,3628
7.191,9.588,-4.0108636305591245,-10.029087838161574,-3.2318896756874542,-4.476713961025031,3629
5.518,7.801,-0.7876637265941279,11.77634162045659,-5.698312233518265,-1.7984178718526678,3630
-4.521,5.352,-2.0328391478320733,-2.1988723840600115,-1.2540784583794098,-0.916765516658576,3631
1.055,5.849,-6.294772474553265,3.460662785541429,-5.200585793088577,5.262169772724358,3632
-6.473,7.913,2.574735553477131,-3.445859488475905,3.6133075250876923,-3.8086631950338203,3633
0.7621,5.683,-5.8131612227222105,3.563749257099046,-5.806475113462112,4.915345365146844,3634
4.839,6.552,-1.4002113030215877,10.386237326633347,-7.316564034055374,0.24098711643621162,3635
-2.557,6.898,-2.057219116475262,-1.321482357013808,-0.9891882644402009,0.08139472637578682,3636
-4.576,6.196,-0.6700518415233271,-1.1085583534127337,1.1873964561713715,0.6687176171343012,3637
-1.252,4.46,-4.558103887822308,2.455266181003465,-4.374156426023148,4.150634700397698,3638
16.75,10.6,11.335652501795613,7.406380835544481,11.207980681825973,5.386431867222039,3639
-6.309,10.79,2.4783667638042792,-4.4958093728905775,2.5141027464164276,-4.7295878585775215,3640
5.006,6.705,-1.4266371414920467,10.379767600070847,-7.183993767331741,0.3883526268999262,3641
12.76,-2.324,6.4252749993542055,-15.219432648647414,3.5527160658134003,-15.919838255306036,3642
-4.747,8.799,0.9592759325245245,-3.5346501436120135,1.6043670667899628,-2.7517183479268867,3643
-3.237,7.339,0.7079190327862127,-6.726844128597365,-1.6493442760216217,-2.4581151660878975,3644
-4.104,6.676,-0.7081916020175593,-1.257562335956679,1.1105665458930511,0.41680097017690376,3645
0.559,4.986,-6.094044058110394,3.732173625003709,-6.034666489194534,5.302541905979363,3646
-6.647,11.41,4.083882243845783,-5.567860898006544,2.8950725092185516,-7.574061697383674,3647
12.34,-1.215,6.604155690882526,-15.483820733059035,3.3093629373801727,-16.473427122493536,3648
0.9184,0.8073,-5.761722414281048,7.130187693607225,-10.562301109861039,4.018014842609612,3649
-3.115,6.624,-2.3190127299090997,-1.4336811866646868,-1.181379149984024,0.012237006763665237,3650
16.94,12.47,11.553645284388386,7.221973124515428,10.73908000128398,5.834120923618523,3651
6.167,8.429,-3.583865730549969,-11.097158249843703,-4.758395145963333,-2.8348730262716133,3652
-6.51,11.25,2.787427575800739,-4.992534932125197,2.2096305383933563,-4.982919519801887,3653
-7.028,10.07,1.8147553517559392,-6.854409512508497,-0.5670240030991059,-6.0663703140218574,3654
13.25,-1.96,6.894471318934284,-15.64688950442134,3.009347964693405,-16.869858091731817,3655
-7.355,9.953,3.3777388646343574,-5.952341851223097,1.8782064213050385,-6.8792365249593574,3656
1.761,1.097,-6.546716539647259,6.681451025974169,-10.259935806821488,5.217460805515496,3657
-2.166,8.617,-0.9653948233386652,-2.354437645900832,0.06771604405770487,-0.8097704109151678,3658
-0.3889,2.943,-5.489036886479535,5.134416762363329,-7.780868481229446,3.716641837696282,3659
0.8513,4.742,-5.643375723149457,3.900179568302049,-6.644607018064163,3.9317540470163506,3660
7.151,19.11,6.1371161057690005,15.815032187473191,9.012784530092574,13.015083009342401,3661
-1.553,5.327,-3.672946779515423,1.085243228446855,-2.6364666925178986,2.546623641590325,3662
12.73,-1.217,6.415382058832965,-15.07744198702632,3.966773082186081,-16.004514997859747,3663
0.3275,4.191,-4.972113935734906,5.093915167819872,-7.540338944028519,3.3448193613092583,3664
8.58,18.09,6.138601453516803,15.782181921970261,8.964622069765426,12.992825204471796,3665
8.399,18.47,6.23448577663692,16.03618735409917,9.7134347452415,12.92962616119787,3666
5.112,7.064,-1.2317425892612117,10.98411864377202,-6.743660400937698,-0.47449297275141045,3667
0.2534,5.031,-3.9954718039294854,2.8134822282904524,-4.114771317075394,3.999443227390496,3668
-6.418,8.721,2.3569871499279365,-6.485477265346632,0.7196312441123504,-6.3470218833883125,3669
12.25,-2.034,6.156834275935016,-14.908504303920852,4.2863755716575165,-15.669605558772833,3670
6.563,2.008,-9.641662447240032,1.4147291216963667,-4.189819286893509,11.3780037704508,3671
-5.855,6.958,0.11035963008942437,-2.9464305009728533,1.265516807009079,-1.9013553317983465,3672
-1.475,6.854,-2.8340953276416436,-0.6076793041115861,-1.883874724935196,0.6578103247682734,3673
0.2619,5.833,-5.43262037494389,3.2078892622107404,-5.482340763639114,4.004692727665154,3674
-7.294,8.185,1.6768691851833684,-3.9874842729455096,1.6291134847892303,-3.904414957423957,3675
-7.08,10.65,1.8808915927151066,-4.706870373714552,1.5830860628379364,-4.547744100948127,3676
-7.8,9.845,4.027210147593341,-4.798683461177931,3.7250326170218964,-6.690488165279182,3677
-7.924,8.487,2.1972185685375556,-5.582962330806837,1.3024933828605194,-5.517710035701545,3678
-6.705,10.18,1.7069990946987492,-4.278874215114699,1.6216899647010345,-4.123337572475227,3679
12.55,-1.155,6.4045139863232,-15.14443474673091,3.7913663877738495,-15.953451460262091,3680
-7.96,9.419,2.738444001887165,-6.416525658596144,0.7512103809608001,-6.6723015960653145,3681
16.55,12.23,11.972171933863484,6.793523970615282,10.572828818727828,6.7286478820841,3682
13.05,-1.616,5.878546388361774,-15.261271294582473,3.7165158285392303,-15.184717481990607,3683
4.778,2.914,-9.66813358524052,2.637817326557054,-5.708229492734573,9.505453759769647,3684
2.137,1.996,-6.709616033818402,5.982625189792528,-9.034713219236039,5.808498555759637,3685
-6.463,9.756,4.319144876215778,-5.2383702363854505,3.690337468553879,-7.202277487178596,3686
-3.261,6.931,-3.3676696703693048,-0.9360008802300553,-2.1662723527657013,-0.9068487342794256,3687
-0.3919,5.937,-3.39081391551701,2.1546880636328596,-3.338893126081131,3.7931920829813164,3688
-1.206,2.765,-4.296839563634076,3.9969500932806867,-6.393473099301956,2.6363889518778008,3689
12.9,-0.05427,6.050408990595661,-15.36733799837886,3.5671802057517548,-15.236757582088263,3690
13.07,-0.639,6.612359674189411,-15.436159905422317,3.4216127886069794,-16.170223539729864,3691
-4.038,6.355,-1.2300320551654476,-1.7141726579552752,0.14994278984198756,-0.18539733256891533,3692
-0.2471,6.12,-4.288822500493207,1.6222966346854109,-3.276794622968338,4.126044208149163,3693
0.1625,4.88,-4.816654054906048,2.6537584695929426,-5.450632999967239,2.3438517991106194,3694
16.09,13.32,11.584139020655476,7.470506373416796,11.438302565981246,5.850340539554803,3695
-5.7,9.443,1.8596082045772893,-3.8896072473412615,2.3547962202323456,-3.750824278255256,3696
-3.449,8.071,-0.1617191121837275,-2.7272508706933123,0.797574569155075,-1.4471247848470525,3697
16.88,10.94,11.86016288540157,7.681058112155809,11.77065901892314,5.789632016758172,3698
4.157,3.172,-8.822834818150676,3.220599833499803,-5.877953957151077,8.341635400394647,3699
8.504,18.22,6.209218652460895,15.97135943509282,9.359386016298629,12.851471597294061,3700
0.01471,2.46,-5.447718469884076,4.890265646945848,-7.830086182187698,4.105658465961663,3701
-4.941,12.14,2.604554326746784,-4.499646958339796,2.6154819025290985,-5.156635111232551,3702
-7.203,10.18,2.5412706448772773,-4.3309300508385755,2.4858599199546356,-4.651815718074592,3703
12.95,-1.358,5.729432733271442,-15.383271035183059,3.5332015051139374,-15.116817778011114,3704
6.892,9.022,-3.8904469893237725,-10.5423019494897,-3.851781319211624,-3.7812045272786934,3705
-6.055,7.76,1.4564355923870427,-4.231830891597853,1.8196472419990082,-3.821094339748176,3706
5.665,7.705,-0.7065652892848627,11.806043807041062,-5.675563763211868,-1.9379954990346746,3707
2.029,2.194,-6.659198133732953,6.708354178439989,-10.087048004697465,5.530118638614861,3708
1.233,2.434,-5.751814691807904,5.914605799686327,-9.08307690484395,3.941858941654412,3709
-4.776,11.45,3.878745467875324,-4.457705315578566,4.220692683626511,-6.035761659999641,3710
-2.516,8.536,-0.7892533824702875,-2.7317379083520037,0.008140274007417618,-1.4922455009420232,3711
-3.448,5.296,-1.8115344927570003,0.08178249336422871,-0.3647413061367493,2.1919495407144707,3712
-5.701,7.961,2.0766816451290473,-3.0697126951104265,3.20416288511882,-2.907584017177375,3713
-4.639,7.142,-0.6640333221217768,-2.3489864435082537,0.5166481031669158,-0.8642576393087225,3714
-2.269,3.938,-3.593208877827801,2.677919808399095,-4.051054428647659,3.8532814327280205,3715
6.82,9.966,0.7823536112049444,-7.031182106960402,-1.918007443975113,-4.321778601070197,3716
-5.139,12.27,2.4624888016918525,-4.601053532589064,2.128157426287033,-5.070409601588996,3717
15.32,11.5,-5.373537866856732,-11.696483429897414,8.221636344362594,5.822241956333367,3718
0.2754,2.61,-5.105172483708539,5.449376765262499,-8.346663902829789,2.8672394100229424,3719
-0.03162,3.618,-6.054608671452679,4.886032763492479,-7.67854351861348,4.7674707714121025,3720
16.65,11.77,11.576001317713581,6.843776885043993,10.694793273378707,6.170689756015984,3721
-4.681,8.817,3.745735557291828,-4.091838654506788,3.741391469408371,-5.077113455196174,3722
-7.428,8.384,1.5690353228786809,-5.437867936122999,0.9876606954825896,-4.990681951900275,3723
1.027,4.659,-4.303435175206341,5.02411526776494,-6.826395939420364,1.0025601628820582,3724
7.045,8.987,-3.6463702605029717,-10.88253289126216,-4.091196011136673,-3.073437517543586,3725
5.994,7.298,-0.28350582578388617,11.187197867404832,-6.564314316342972,-2.106551473995002,3726
6.52,8.789,-3.86345681407658,-10.905670937526809,-4.538041542600296,-3.503306215663703,3727
7.706,19.05,5.9834367348888735,15.757327261936082,9.102906752992965,12.600398713688104,3728
-6.935,10.78,2.033580572817646,-4.469124611843214,1.8027828230155487,-4.379924124141486,3729
1.191,3.081,-6.32055458286015,5.652764502536669,-8.552001427243852,5.082083636860101,3730
-5.087,6.42,-0.528635530259289,-2.960712250698195,-0.05744450850357825,-1.6527844127614812,3731
8.313,18.59,6.299268396113239,16.077564421665087,9.496598769594527,13.322286302189081,3732
1.294,1.385,-6.482670156743207,6.606723490726366,-9.793391655515336,5.068189555744378,3733
-7.146,10.07,3.8862182214001044,-4.843519505489454,3.595618773866989,-6.120044535060676,3734
1.247,5.227,-5.9188106940051695,3.7884861860388654,-6.243023346494339,4.978617841343133,3735
-2.708,5.878,-2.605648367192425,-0.042859312522993576,-1.3356775747047882,1.578705126384942,3736
1.511,2.473,-5.927681295659222,5.80858677960576,-8.766339729856156,4.436971122364251,3737
-0.6592,5.963,-3.8196278498431817,1.6826590929144758,-3.67592949731221,2.2075275722543877,3738
-6.698,9.879,0.33415055415423944,-2.8989735212212664,1.5400558008445282,-1.9253023323018865,3739
-4.384,12.4,2.3608447625377997,-4.697384175289259,1.9663597835792084,-4.903824633022102,3740
9.741,1.568,-1.8045847103854793,6.0580164823645495,-2.736115168164871,10.611715966800897,3741
-6.04,9.46,4.372869641993366,-4.996954735744581,3.2889278425467987,-6.784041708370002,3742
-2.471,4.224,-4.661849348332562,1.6730148229712385,-4.378444622586868,1.6223670486013575,3743
2.09,1.135,-6.765508024480023,6.717906180393114,-9.920443008969926,5.753206426243035,3744
8.313,11.04,-5.3890326903125425,-8.161553200710403,2.588990975786545,5.568797284702508,3745
-3.682,6.196,-1.9138692305347103,-1.3996425237542254,-0.2864948318706971,0.40293949280187324,3746
1.366,4.368,-5.842540113713421,4.458125296604051,-7.052116344998978,4.442475492099969,3747
-2.471,6.505,-3.4194296286365167,-0.8341813650017839,-2.440373133252762,-0.26846927966669365,3748
1.124,5.067,-6.189514963414349,4.0813435945624255,-6.648170898984573,4.7536885086099785,3749
-4.838,11.63,1.8778283908108098,-6.278884705532179,0.37479924099574274,-5.421616381068977,3750
-5.508,12.36,2.6157485558727607,-5.758693512905226,1.3276024355186005,-6.22942096557215,3751
5.198,7.655,-0.9941030428668635,11.632692519199265,-5.615032623838089,-1.4691541847188787,3752
16.41,11.31,11.664076001856648,6.864779654514208,10.65317969458232,6.381709272007195,3753
-4.323,5.487,-1.3620060370227474,-0.8606635894662004,-0.14836896521916204,0.6484429184000178,3754
-0.9508,5.122,-4.582754938389935,1.637247267734422,-3.6423325048195343,3.443083936313836,3755
16.49,10.52,11.844956548426472,7.742417517673387,11.921300460268355,6.064522916416375,3756
17.03,12.77,11.895840795252644,7.819188776981249,12.317553092409469,5.9569427314798515,3757
1.007,3.253,-5.331313936497845,5.444051924716844,-8.424617241452836,3.2840047422449272,3758
1.16,4.948,-5.9865315840503355,4.725706759464159,-7.263663242887161,4.481129819492547,3759
-7.953,9.35,3.549312980387531,-5.161549386013136,2.8799732221854706,-6.221423929591926,3760
-3.052,6.414,-1.7061010287067073,-0.3601301875001054,0.13433544771800227,1.366419828462152,3761
1.005,0.9975,-5.892222730900921,6.857946578037157,-10.133541534970902,4.230197364429681,3762
-5.549,9.295,4.26878753444942,-3.89443474673091,4.83313279287944,-5.571763819118293,3763
5.31,7.455,-1.0475700781604427,11.385234061252488,-6.133029411862991,-1.179141586681159,3764
-4.302,12.23,1.7857990576961857,-4.858484562862501,0.9892750276816863,-4.524304693599494,3765
-7.112,11.28,2.358910711024128,-6.520170506466017,0.5154734148276824,-6.981952017207893,3766
8.276,17.88,5.451739461634479,15.970780554782761,9.670101691652633,11.776901895145624,3767
1.964,2.391,-6.325008718754925,6.542916003238573,-9.919134567807816,4.635914498905389,3768
-1.33,3.009,-3.4040392325183526,2.3296623859518903,-3.7117952810036163,3.5554396453897636,3769
-3.972,4.906,-1.996244756962933,-0.3837447132950883,-0.5674444542633515,1.5800459924738093,3770
-7.415,10.81,3.4575878693798408,-4.990507420528517,3.044010688234665,-6.04938585128382,3771
5.242,2.542,-9.854128687169231,2.285605135929002,-5.39461321694722,10.23764389191076,3772
14.97,-0.8559,6.147854001734577,-15.909180459011184,2.4960055841697235,-15.544634169002325,3773
12.69,-2.458,6.9246927811840395,-15.516712960231887,3.0078785909904022,-16.646591490169317,3774
-3.347,5.809,-2.2059842036029473,0.1143108639830489,-1.0111188994156342,1.924243206123559,3775
-1.493,7.343,-2.3661297247668878,-0.5631541576272111,-1.2968463407265167,1.0124475601713343,3776
16.22,13.35,11.71066108486446,7.40349930859746,11.526964713503219,6.062847787479607,3777
0.1951,1.441,-3.88153919437138,3.320262852680101,-5.003505657743118,4.065467292408196,3778
5.029,2.731,-9.86853584506718,2.4164848957175153,-5.747841309140823,9.984058076481073,3779
0.1867,4.259,-5.334511129643597,4.131714526187792,-6.628920506070755,4.542108708957879,3780
6.973,2.069,-1.806676952626385,5.167795840274706,-3.451266239713333,11.241066629032343,3781
-7.632,10.07,2.484848172877155,-5.177829083431349,1.7596567167533417,-5.305015390773566,3782
7.785,2.378,-1.4597334549686092,5.642203036319628,-2.3750411973701935,10.801409417728632,3783
0.8674,4.54,-4.620859949376263,4.981975260745897,-7.197982739041946,2.4237601104776543,3784
-2.189,5.583,-2.790767996098675,0.5632495392078299,-1.7203295932518463,2.3799213710825127,3785
-6.169,11.07,2.7797497822979316,-4.339283284175978,3.0636930956138153,-4.957788294215949,3786
15.08,-0.7977,6.260048539851032,-15.859038170803176,2.595646907259323,-16.167723005672247,3787
-5.389,10.21,3.5329205109814033,-5.5813501443749525,2.4416015638602753,-6.783483808894904,3788
5.063,2.546,-9.879007189061321,2.360773983966722,-5.706169079373978,10.135034257511347,3789
-6.805,7.829,1.3098323657253605,-4.038744267452345,1.6119139684928436,-3.5942066368062813,3790
6.265,8.978,-3.641853897359051,-10.810418900478469,-3.8808722005592804,-3.231072252651008,3791
1.301,2.491,-6.065283624913373,6.154548827182665,-9.000508736203813,4.738635951618401,3792
-3.732,5.143,-3.564172594334759,-0.5214371051674943,-2.5223192678200226,0.09161036644384102,3793
-6.596,11.18,4.1769534661510805,-5.030311402309523,3.665487576891281,-7.071441954036506,3794
-4.405,6.609,-0.802077262189068,-2.8046491708642107,-0.06823711035718732,-1.7310553249318914,3795
-3.738,4.851,-3.5452276156207696,-0.5545911159401994,-2.5774883733498077,0.2773879114191218,3796
-0.4634,3.854,-5.173451273228802,4.4062737856024645,-6.894510696958206,3.4048091712991875,3797
0.337,5.755,-5.190315096165814,2.8136190805548567,-4.633786629270218,4.210148030857293,3798
13.27,-1.18,5.894006879542194,-15.28447609804927,3.5953588976157684,-15.040468519588263,3799
6.705,2.708,-8.958485452916301,1.7537310752982038,-3.7532479272591095,10.402859384159296,3800
-8.137,8.724,2.1471580579021796,-6.029758271206007,0.7384189857734221,-5.828740423579963,3801
16.07,10.28,11.590460927698933,6.6253101263159655,10.115617324282027,6.489836866001336,3802
0.007927,5.878,-4.69771990039555,3.2394797239416975,-5.108980129789017,4.2679638210336845,3803
0.7717,5.586,-7.0790961668750425,3.5148372087592024,-5.168279598783157,5.8998958412210625,3804
0.1885,6.247,-4.417925207402386,2.444920960437669,-4.159803818296097,4.090937072376458,3805
7.991,18.64,5.959234388087116,16.08761900998296,9.69474749701152,12.556352311710565,3806
-4.068,7.552,-0.20865484931675363,-3.663994130123244,-0.34323574168553167,-2.3588600810964424,3807
0.9977,3.48,-6.69518312671391,5.413531962406053,-8.121469925473832,5.7846309486429375,3808
12.38,-2.232,6.271506459925495,-15.760987099636184,2.9185638918174286,-15.785345381160528,3809
8.267,11.06,-5.34555515506474,-8.204707917202102,2.5020249380363007,5.852359944919793,3810
-1.325,5.411,-3.460970012929119,2.3415021333807844,-3.7498907552467804,3.638864213566033,3811
-5.687,8.948,4.44169488689693,-4.207740601528273,4.7029734148276825,-6.028462236781867,3812
7.049,9.429,-4.070781557347455,-10.139285859096633,-3.531679819654129,-4.41460973586634,3813
5.331,3.288,-9.056166498448528,2.4507762823218244,-4.905302475522659,9.199583226780145,3814
4.699,5.398,-1.4757179901858943,10.090346518527879,-7.938411186765335,0.6914391461412592,3815
5.162,7.371,-1.0617884085437435,11.545651618015183,-5.989727448056839,-1.1608932670553045,3816
12.8,-2.125,6.807670266840778,-15.027293976772414,4.261484671999313,-16.70471984710291,3817
4.301,3.138,-9.386522142674602,2.9191176328772444,-5.828592251371048,8.80978220138952,3818
-4.484,12.4,2.8142458512523993,-4.810324009883986,2.468489695955612,-5.810682600398811,3819
7.754,18.42,5.560429723475299,15.757631484043015,9.21523909704814,12.050872499088495,3820
-4.39,5.358,-0.8993620560428278,-0.9653808441048722,0.8173924578917998,0.8040321413080378,3821
-4.547,12.41,3.835707814905964,-4.425836380947218,3.9060702814353485,-5.645058458705695,3822
15.55,13.13,10.996744306300007,6.9190065298193835,10.31233840124736,5.379241639713494,3823
-6.196,12.14,2.7867166115978583,-5.947120484340773,1.364808012415268,-6.846717184444221,3824
-3.887,11.62,0.9742884351948126,-4.248414811122999,0.8206309570563811,-3.7813966926534492,3825
7.907,2.422,-1.4608665392657894,5.661027613651171,-2.260716389249466,10.789103204349725,3826
-4.886,12.55,2.7978703095653876,-4.831484612453566,2.625919629503586,-5.814120596309455,3827
-0.7755,5.291,-4.6489180014392515,1.5068593654745954,-4.377256821225784,1.7378702405492945,3828
-2.31,3.422,-4.472469179417767,2.6116513643378156,-5.053837250302933,2.1797209921877068,3829
-8.262,9.297,3.7255217148998603,-5.894273575771437,1.8063898576987762,-6.962680166621955,3830
0.3081,3.332,-5.064828245427289,4.870369139682665,-7.460251759122513,3.639953309635369,3831
-2.087,5.325,-3.681039182927288,0.861099455129518,-2.658257673810623,2.06315099630758,3832
14.13,5.93,-6.142316667821087,-12.626991089809524,8.619271804262496,5.073803359607903,3833
8.618,18.25,6.389955194208942,16.177551451694384,9.6491675867332,13.554643327335565,3834
-7.878,9.686,2.769227178309284,-5.130585488308058,2.0095720781577606,-5.666557138820441,3835
0.9564,6.05,-4.255739538457074,1.774445835124864,-3.321425388883255,4.01621883545324,3836
16.48,10.31,11.86687675258907,6.673945132266893,10.450061370302535,6.6075116935770195,3837
15.89,13.39,11.577862889979206,6.497006121646776,9.835909415651656,6.196911508182732,3838
-5.262,10.6,0.8616186096409185,-4.167528923977003,0.8171129121078032,-3.5704954322774727,3839
0.4344,3.276,-5.181472627904095,5.376427832614794,-8.502641151975297,3.6242758575479668,3840
1.627,2.653,-6.71094879367558,5.412893954288378,-8.358555267881059,5.820892507175652,3841
7.327,19.04,5.991322190974079,16.489541235935107,10.46358065741191,12.862717324833124,3842
-1.453,5.491,-3.4053631708881036,2.291481557857408,-3.6271845803963165,3.339821154216973,3843
-3.115,7.543,-0.8900297568103449,-2.300419148433791,0.19605873959193415,-0.8908062633474187,3844
-4.544,11.56,3.6553362920025214,-5.830197152126417,2.1681175722373505,-7.116850202937873,3845
7.078,18.78,6.133874566767536,15.921912375461472,9.437977363039352,12.733897859195917,3846
0.361,3.806,-4.811934797551312,4.149310055744066,-6.4065284238563995,3.943713599781243,3847
-0.2898,5.535,-4.230655996586957,2.913433495532884,-4.868913124631546,2.8779231849710625,3848
-7.851,9.625,3.5495831086376533,-5.56554537676631,2.6230500234855194,-6.650848692317756,3849
-3.806,11.04,0.8618573858478887,-3.5825131502038103,1.2280898584617157,-3.0966485198934395,3850
5.036,6.566,-1.3312875912448543,10.51770896054448,-7.257834385465286,-0.21789879169061943,3851
0.007255,4.269,-5.56640419223515,3.4479476842993635,-6.145127724240921,4.4337024036447685,3852
-1.117,5.927,-3.4844532892963067,1.5685619745367902,-2.7191016183601837,3.667370015720574,3853
16.79,10.83,11.462486417506062,6.820876780521288,10.527127791811324,5.842687780002801,3854
-0.2251,3.718,-5.98585638263432,4.477889958392992,-7.013410519193314,4.8018006626169365,3855
15.05,12.88,10.914504201624714,6.924114409458055,10.12831740515361,5.104714089969842,3856
1.931,5.354,-7.773450224187054,3.4841718111151594,-5.418452690671585,7.168362313846795,3857
1.687,0.9038,-6.05748781421391,6.9163634214514635,-10.410108994077348,4.788010055164544,3858
-4.828,10.62,4.425592096064411,-5.062642392147169,3.5901527895225067,-7.044783895870002,3859
8.397,11.2,2.5175468041637763,4.14501256085576,2.878566075731613,6.051845723728387,3860
-4.399,11.36,4.355065019343219,-4.497531231868849,4.032977153231003,-6.469361132045539,3861
-3.874,9.559,1.435102374766193,-2.8672941293603045,2.5172474874747772,-2.454921787639411,3862
-5.197,12.56,3.0064786984661445,-6.137711819637404,1.7227436794532318,-7.0883267578084785,3863
-3.484,7.344,-1.9209497854968685,-2.3278284635430437,-1.1830501065956573,-1.5939260181386785,3864
-4.678,9.967,4.57900014660152,-3.7085626687890154,5.1988840593589325,-5.729739015956672,3865
-4.026,6.968,-1.9495073244830745,-2.341391142833815,-1.1332181201683502,-1.4394159969289617,3866
13.15,-1.143,6.695650727961383,-14.99842816256343,4.277449656893112,-16.65692741241053,3867
-2.633,5.675,-2.596711485173382,0.6960426453465361,-1.230279754232071,2.5167221370737236,3868
-6.737,7.593,1.7155043198803288,-4.442058857906447,1.6462805761588593,-4.291072672267707,3869
15.61,11.81,-5.440463392522015,-11.75825196169673,8.298974563051559,6.024232083896844,3870
-2.823,5.163,-3.403075783040203,0.12084886766613911,-2.484783600400589,1.0465775373975916,3871
-4.246,10.8,4.1350480630138735,-3.1974216070061785,5.159619380403854,-4.727198904414924,3872
-7.7,10.12,2.476713092539631,-5.711342152584181,1.1989045633567352,-5.927432840724738,3873
-5.531,11.49,3.0621100976208075,-5.436240490902052,2.030059386659958,-6.2472141441305,3874
-7.289,11.24,2.6308914735058173,-6.263538655269728,1.3475413812888641,-6.9348748382528145,3875
5.872,8.352,-3.3986164019366876,-11.116585549343215,-4.759653996060989,-2.224410360713752,3876
-6.262,8.151,1.8237831904629094,-3.8677023019677264,2.3775711550010223,-3.744695013423713,3877
12.6,-2.244,6.681281240198932,-15.676962670314895,2.9574854864371796,-16.314068144222052,3878
-1.351,6.817,-3.215915529515423,-0.42612313889323283,-2.2927233682381134,0.6076122466127558,3879
4.728,2.943,-9.529585687901653,2.892190638553514,-5.735860298703812,9.029634648899286,3880
2.166,4.564,-7.478454439427533,3.800297442447557,-5.978960465024612,6.852904492954461,3881
5.119,6.776,-1.1966172144672054,11.008255187045945,-6.767169903348587,-0.6369068082769231,3882
6.966,9.188,-4.054748384740033,-10.54865723513423,-4.0453552709328156,-3.992542570491584,3883
-7.698,9.566,3.883305938456379,-4.437333401668654,4.046188880373337,-5.921412294765266,3884
-3.803,11.5,0.7219615890720709,-3.45381933115779,1.127067018915512,-2.7479708847005684,3885
0.97,6.024,-6.34382757404057,3.3747448358649152,-4.908520172666214,5.375511342624871,3886
-3.611,9.767,0.6853400184849127,-2.829796370494948,1.7765374674094696,-2.158826177974494,3887
1.063,2.732,-5.912115900303998,4.138273898136034,-6.896686028073929,5.189013415912835,3888
-3.853,9.162,3.477349670145832,-2.9443178739434344,4.57340436117778,-3.4965489562948067,3889
6.77,18.64,6.31584850094112,16.207155409824267,9.746347953249312,13.070558244327753,3890
-5.787,8.634,2.6667288853863105,-6.4777525033837415,0.7473471655143279,-6.8493292983968574,3891
6.478,9.713,0.7823509289959295,-6.997497853267775,-1.9333688722359161,-4.201445406337531,3892
-6.869,9.821,2.5270306184032783,-5.208304699886427,1.6828320516837616,-5.519072359462531,3893
-6.607,9.685,4.077486903879962,-4.676274117458449,4.094921637941696,-6.1963918861348946,3894
-6.931,11.05,4.1121598794201235,-4.709231671321974,4.10065798895488,-6.438223665614875,3895
1.822,1.151,-6.75494703510014,6.9045507345312975,-10.360920380185746,5.575126821140496,3896
-4.473,9.255,3.437415988657795,-3.7650840844994646,3.803320695330002,-4.556512182613166,3897
4.868,2.794,-9.766799776341594,2.4772577915305036,-5.703476379941605,9.754119569400995,3898
8.268,18.8,6.372900636408649,16.4965278539771,10.219797660280562,13.437127763370722,3899
-1.331,3.893,-5.0076545164844175,3.253305140506639,-5.339770744870804,3.4344229045908135,3900
-7.867,9.903,3.9062797143200263,-5.727154549587355,2.6391749872458954,-7.417124098201545,3901
-6.41,11.81,2.846575410578571,-4.681124981868849,2.785745192934372,-5.427309339900764,3902
16.92,11.63,11.738149793360554,7.193353358280077,11.337486792970992,6.325777227024285,3903
-1.503,4.268,-4.192662565495648,2.74163645840825,-4.3231191144691925,3.9513983074228447,3904
-2.477,3.518,-3.6790111944934503,2.2632682952994245,-4.06299586160054,3.0204245391885918,3905
-0.3855,2.402,-4.5252655432483335,4.281298342716112,-6.408575962613724,2.4286330286066216,3906
0.5164,3.144,-4.977204172398724,4.857310000430956,-7.282336662839554,3.284911090473382,3907
-1.067,5.317,-3.515065042760052,2.3593896064871687,-3.8745672212349396,3.4996859375040215,3908
-7.238,9.139,3.031985910151325,-3.728466328609572,3.548400212694504,-4.400592153926643,3909
-6.222,11.7,3.6030036523083075,-4.88043909930049,3.327826310564377,-6.297636812587531,3910
16.01,13.45,11.201683194849812,7.3701197538489245,11.004527617861129,5.35093825493261,3911
4.552,3.064,-9.5933149740955,2.8665220174902815,-5.894478272031448,9.195686990360468,3912
11.72,0.4599,-2.0077608511706964,6.773338500034227,4.306928683687546,-1.8971954044301824,3913
7.9,19.11,6.122605474207721,16.297480765354052,10.079751540590621,12.990764314274042,3914
-7.418,10.62,2.9282504632213935,-4.916899975765333,2.4935284151328583,-5.490090196986945,3915
-3.495,8.631,0.9059650614002569,-5.54427319430171,-0.10702293677201086,-3.760940378566535,3916
-4.439,7.236,0.6285027577617986,-2.0101099576836687,2.6847243799460907,-1.469847505946906,3917
-0.7433,4.161,-5.531788198735394,3.127023640643968,-5.649803589414261,3.8442711177866142,3918
-0.8037,6.183,-4.004319994237103,0.8997581038588424,-3.1416432367073517,2.1960461083452385,3919
6.311,7.423,-0.11883693793026376,11.355435553562058,-6.592228363584183,-2.0118241962392647,3920
-5.083,8.991,4.497275979731403,-3.188274439800368,5.82284455435405,-5.005720442195686,3921
-1.182,2.921,-5.68578895786015,3.4933843050116438,-5.890820454190872,4.513790542225091,3922
-2.419,8.554,-0.5874946997424738,-2.0696771707421404,0.8102242841018218,-0.5876215156514959,3923
-3.462,5.725,-2.3888178751727716,-0.7733707990532975,-1.2867217765556793,0.6324733439485712,3924
-5.511,10.59,1.4547854974010808,-4.6417835321313,1.2433156265510101,-4.3467353042562324,3925
-7.506,9.362,4.193858773920856,-3.795975502956496,4.87205462591777,-5.681734388728889,3926
-3.197,4.167,-3.9604724333545342,0.6051095981115241,-3.6622416482674103,1.424812043050973,3927
-7.844,8.632,2.3176123215893134,-4.8442028131371595,1.7915888323081512,-5.080796068568977,3928
-1.389,5.401,-4.282988397862591,1.3649194870108503,-3.27934164864888,3.229149633983819,3929
15.37,11.64,-5.319152681615033,-11.642413910854446,7.975214530397751,5.826502496341912,3930
-7.19,9.233,2.657104881022297,-4.533999260891066,2.4294651045096893,-4.79416877593592,3931
12.29,-2.2,6.264588983271442,-15.392607506740676,3.374065448213913,-15.71336585845545,3932
-7.784,10.13,4.188817174647174,-5.192491826046095,3.7433338655723114,-6.952040022273811,3933
7.379,9.516,-4.105075685765423,-10.237755593288528,-3.7012156949745636,-4.397059267421516,3934
-0.108,2.059,-5.498884527470746,4.647268477451219,-7.78701872689595,4.565269166568963,3935
6.116,7.546,-0.2218215749522822,11.16169375516118,-6.4332899556862335,-2.4264355358083565,3936
-0.02054,3.968,-5.253015367772259,4.16744178868474,-6.677699993680618,4.35866587791845,3937
16.18,10.35,11.243642957423054,6.742014590274706,10.14679770605693,5.516462499241082,3938
-3.62,5.896,-1.3048791573306697,-0.7483300533181291,-0.27221844656338506,0.6884670201341792,3939
0.7217,5.092,-4.314947454716839,4.964722338687792,-6.587285469602249,1.1696157399217768,3940
16.84,10.83,12.118594320032917,7.036968413364305,11.177378226686812,6.78098934326574,3941
-2.029,6.484,-3.311085550572552,-0.403441902626143,-2.3677970872627716,0.49135082397863106,3942
-6.225,7.989,1.1877860142925603,-5.724824723232374,0.374805410076477,-4.251592462917121,3943
-2.092,3.678,-5.0771125242969175,2.407741013538255,-4.828914593289993,2.799885565380303,3944
8.604,18.38,5.9350358559826235,15.809920493137254,9.114946891237594,12.359245950321405,3945
6.891,10.09,0.827622444842182,-7.08289271258174,-1.8946011768089752,-4.691117113490852,3946
0.9012,1.553,-6.245700208928265,6.196720782291307,-9.336961220334672,4.939111167530267,3947
12.84,-2.69,6.835631520960651,-15.482793625820266,3.6668212904227753,-16.692793196101935,3948
-5.91,7.71,2.7131866528728827,-3.3072124090081316,3.678218175340988,-3.3002741989095528,3949
13.29,-0.7139,6.900378377650104,-15.431589898098098,3.274982501436569,-16.87047035064295,3950
13.14,-2.129,6.997354181025348,-15.30195599459468,3.5738354219687958,-17.086244886775763,3951
-2.808,5.872,-2.1368757174274102,-0.042796489227400314,-0.7247116075264436,2.0341904107134026,3952
6.114,8.791,-3.48178276279179,-10.964646157253371,-4.230365704129837,-2.7247045692403633,3953
-1.825,3.019,-4.418564646031537,2.6563033495062727,-5.367571304868362,2.142699116806237,3954
-3.065,7.718,-0.34745588758198187,-2.099696454036818,1.1797564520133514,-0.7254121955831365,3955
13.35,-1.506,6.300241143915973,-15.697695549953567,2.8134589685691376,-15.624784773250372,3956
8.283,17.54,6.193500669215045,15.744626227390183,8.993098784853316,13.104887658695429,3957
1.434,1.265,-6.505408613469281,6.488481226932421,-9.835079620908402,5.0069681945841,3958
-3.32,6.402,-1.2983766482135433,-0.750804122913466,-0.15955732328762823,0.5318754855196162,3959
12.62,-0.8065,6.812121541712604,-14.910610016811477,4.336294700075485,-16.79479438628748,3960
-7.475,9.122,3.3150354935863837,-6.133890923488722,1.8154347433341522,-6.837897604366096,3961
-1.321,4.223,-4.528889028813519,2.526226941120042,-4.063916157315872,4.39843958053991,3962
0.1387,3.545,-4.984361974980511,4.834325972568407,-7.221045921872757,3.3236694875757378,3963
1.29,2.917,-5.5688398764392515,4.482686701785936,-7.104318092893265,4.794413501362054,3964
-3.03,6.884,-1.232233731534161,-0.7032139863854509,0.17579190867076105,0.7996634784738703,3965
-0.3496,5.751,-4.416699735905804,2.368146720897569,-4.159571598600052,3.8335904422800224,3966
-5.6,12,3.186275394175373,-5.182451066005812,2.7700534357322235,-5.719584291835578,3967
-6.494,9.434,3.999641568873249,-3.753335293758498,4.547663737703659,-5.3121989425618965,3968
7.373,2.699,-8.620261995579876,1.6816188726538557,-3.026771257947586,10.223015481571405,3969
10.13,1.553,-1.9691215441486019,6.332137290012255,-3.5133392320381622,-7.004737203975471,3970
1.152,2.798,-5.542904226567425,4.556585017215624,-7.543243359159134,4.697740251163689,3971
13.6,-1.339,7.055414827082477,-15.598959740627395,2.993637610842087,-17.028301542659552,3972
6.861,10.11,0.9941175296047552,-7.07752161883174,-1.5310557590233307,-5.123878782649787,3973
-0.2609,2.677,-5.6214755461475034,4.281591359149828,-6.757965515683792,4.628643685917107,3974
1.448,1.942,-6.362236826207318,6.304084959995165,-9.352339218686723,5.239572221378533,3975
0.2666,4.903,-5.82704815128056,3.724379006397142,-6.088448475431107,4.790948325733392,3976
-5.71,7.05,0.07059733523818087,-2.8031254377251726,1.108627249170639,-1.7424874957998113,3977
1.825,2.804,-6.180138437535443,6.062127295505419,-8.953155945371293,4.80118411217138,3978
6.865,2.05,-1.8353659794589656,5.146112147342577,-3.5829627023445587,11.206549340824335,3979
5.208,3.411,-8.945220796849407,2.501190367710008,-4.8706583486305695,8.836118394474237,3980
5.322,2.802,-9.594645349766887,2.3070148859137434,-5.151563595365189,9.839740449527948,3981
-0.6891,3.607,-4.339602319981732,4.188977662097826,-6.634786079953812,2.5062541309396904,3982
-6.269,7.662,1.2325156047085148,-4.209812935817824,1.3085622085822601,-3.67230016555384,3983
-5.983,6.561,-0.07270099082199502,-3.735593613613234,-0.08830425454249197,-2.7546079811055977,3984
12.84,-0.2043,6.977275998804889,-15.377166565883742,3.446363974977829,-17.082605665584357,3985
-4.537,8.442,2.5480391099193915,-3.784322556484328,2.8175836099875946,-4.145174806972297,3986
0.2432,3.553,-4.9338606283923765,4.37855166531743,-6.842752884458206,3.5779592338602226,3987
-5.929,8.064,2.6767522408703193,-3.0228543844109637,3.950101186205246,-3.0060237106283028,3988
0.05836,5.226,-4.683112947728314,3.5084261331671613,-5.476208160947464,3.7662400547067802,3989
-0.546,2.189,-5.278477995183148,5.520592394840135,-8.534519623349809,3.3420669380228203,3990
-3.826,6.748,-0.6513067767879145,-1.4526291456109148,1.4501015438331146,0.013289028743950881,3991
7.656,18.95,6.027916581843219,16.05274123288335,9.807709266115523,13.000894242862909,3992
4.563,3.147,-9.604716150548137,2.8631278905981916,-5.8486365781532745,9.269324952701776,3993
-6.871,9.78,3.1990856244305,-5.077866848934279,2.6815214647544403,-5.95526439513758,3994
-1.444,6.337,-3.3657136843463555,1.0895948443526167,-2.162510822843216,2.7086774650613945,3995
-2.023,5.295,-3.3099602148791925,0.7254600856417556,-2.6982056604134064,2.2137162629167717,3996
-7.071,11.26,2.6231707646587714,-6.32471400164424,0.7518122090590972,-6.887265509029182,3997
1.919,0.867,-6.799446432377972,6.711913767825975,-9.911560486386918,5.867647821048943,3998
16.94,11.11,11.48375621578487,7.526942912113085,11.598884154726363,5.6610371414224785,3999
-3.081,6.014,-2.0589302466174737,-1.1374073591118914,-0.9084110365616304,0.5036901775400324,4000
0.1617,6.362,-1.3527100966235774,11.44801730252446,-5.087708424161575,-0.05669838752344414,4001
-3.574,6.867,-1.9452362940570491,-2.2995424833184344,-1.3325874315010529,-1.1795046981771307,4002
12.97,-2.478,6.698002488825641,-15.04188519381343,3.945013810564377,-16.453590696712286,4003
1.458,5.297,-7.016260950352826,3.756953183185472,-6.000974606107376,6.147873574833123,4004
13,-2.098,6.767115266535602,-15.696968850124465,3.0004935755027313,-16.818174665828497,4005
16.05,13.14,11.897487790797078,7.534048262607469,11.789994765688277,6.1792327705423515,4006
-6.746,11.5,2.9362248494366034,-6.03250151537715,1.659771253038742,-7.232688253780158,4007
16.69,11.72,11.801177175257527,6.865359965335741,10.633957435060836,6.297319108585564,4008
-0.8431,4.333,-3.405997602727093,2.3411757383459944,-3.7674765096413116,3.7018811050455254,4009
-4.496,9.072,2.8109485223034247,-3.827355202663527,3.057374764849045,-3.9880006965596992,4010
-1.342,5.788,-3.4634350226184503,1.7614823017233747,-2.9772066579567413,3.3704530540506523,4011
8.073,17.37,6.262565763209186,16.228877249729052,9.889088202883102,12.985447579960077,4012
-5.372,7.83,-0.25623380997387335,-3.050386723507033,0.4767445816291351,-1.8475688156087713,4013
5.281,7.389,-0.6959622190257685,11.795960608493699,-5.658013294767044,-2.027356212993415,4014
6.193,8.569,-3.385457126881756,-11.124134835231887,-4.602272938321732,-2.4592250045736153,4015
12.92,-0.03827,6.743163259241901,-14.791371163356887,4.566084910799362,-16.614120787044317,4016
-2.044,4.813,-4.0442217276355406,1.284414711963548,-3.7394325242744904,1.6042896452943964,4017
-0.4981,2.625,-5.584438173558392,5.67909688092412,-8.544061134885453,3.834124976734368,4018
-3.113,4.653,-3.065128652836956,0.02098724580944966,-1.978578160833023,1.4051455985407515,4019
1.522,1.572,-6.617254583623089,6.533267203342333,-9.846266220639848,5.3919917884866875,4020
-6.378,9.334,4.3306280686596255,-5.02303295992671,3.0826685919059296,-6.6525052246053535,4021
16.09,13.49,12.078699262354695,7.364422026645555,11.595204879213668,6.385847264866082,4022
-3.34,6.025,-2.0888064787646905,-0.6718477573281388,-0.9808504091011506,1.0139030459921046,4023
8.079,17.45,6.33827224514278,16.300008955966845,9.844773818422652,13.258042031864374,4024
7.543,19.23,6.016112001154743,16.434271040927783,10.100903083254195,12.669156724552362,4025
-3.715,5.254,-2.2994500086566583,-0.7402712669259172,-1.1321321235405426,0.9873999002973719,4026
5.952,7.2,-0.2508206353446619,11.104363623630418,-6.966547916959427,-2.204768722911628,4027
-4.509,9.226,4.167596013758502,-2.9584951963311297,5.5742855562461395,-4.0874417480428535,4028
-2.329,3.542,-4.290353624608197,2.205269399654283,-3.8828865991341095,3.872443133930413,4029
5.055,6.873,-1.3272354290744441,11.133990469943894,-6.522479485105179,-0.30396432246759697,4030
-2.393,6.621,-1.7593003199359554,-0.6731716956978898,-0.06290802298059278,1.4499445799390955,4031
15.59,11.46,-5.438643781926312,-11.75650864504634,8.363606025148727,6.104782754520623,4032
5.481,7.315,-0.780775217797436,11.100915137302293,-6.628277729581497,-1.408295696635993,4033
7.752,2.521,-1.4577557728549617,5.657537165653124,-2.2831060395943146,10.700662309269159,4034
-4.693,6.222,0.7678396417835577,-6.652074154842482,-1.2290231691109161,-2.9395321067769844,4035
-4.835,6.231,-0.8241868303081171,-2.401637133586989,0.31229587333331293,-0.8845492061574773,4036
-0.02833,2.139,-5.673302500035443,5.8553797636145495,-8.902270744870805,3.7929770294229668,4037
0.4928,3.41,-5.167600004460492,4.539638224613085,-7.766649197171829,4.112533980945794,4038
-0.6297,4.988,-5.429063646580853,2.6583740148657697,-4.831846664975784,4.336160832981316,4039
-6.301,8.661,1.478150994990192,-5.768992718685255,0.441644210983612,-4.899718111415656,4040
-8.065,8.684,1.9016224457958562,-6.711829956997023,-0.207982014249466,-6.151801889797004,4041
-0.7634,5.535,-4.168254701878705,1.9254253540152448,-3.9646479593025665,2.8884218278925102,4042
-1.916,7.175,-1.8913061306735652,-0.9518212642556291,-0.6169592843758088,1.0091286245386286,4043
12.38,-2.152,6.476304204676471,-15.426880654323684,3.3657618059409637,-16.085661238094122,4044
-5.27,7.669,0.0890323841089232,-2.4936843480950457,1.4244589103950043,-1.3283212837179021,4045
-7.444,10.84,2.9222318246105536,-5.66885405443965,2.077755977083542,-6.52942210998133,4046
8.304,17.62,6.310276658747516,16.08968562222661,9.377210189272262,13.208145791629999,4047
13.41,-1.303,6.192095906946979,-15.457368668544875,3.3639212145102997,-15.580192869563849,4048
13.23,-1.338,6.55891433498653,-15.243127640712844,3.78116541044841,-16.10348922576502,4049
-7.791,9.537,2.9998206212261542,-5.14769869707881,2.3350985540641327,-5.471196955104621,4050
-4.763,8.914,2.01821723720821,-6.573195752132521,0.5466655983222503,-5.980074709316047,4051
-2.981,3.965,-3.741888611104168,1.2480167183989423,-3.057383011411331,2.2706499043504875,4052
14.26,12.4,-3.8894465849658624,11.20879954434575,8.814209510256148,4.9386789146463554,4053
0.201,4.351,-4.689330904271283,4.66769379712285,-7.1065377698647,2.6975757423441094,4054
6.809,9.372,-3.941682188298382,-9.979259308803664,-2.83095879418721,-4.48718578185633,4055
5.734,2.904,-9.343801347996868,2.1887196931952375,-4.724880169461868,9.7339608017008,4056
0.006009,5.35,-5.1678975508472105,3.103363219272508,-5.1508850560890656,4.689657146076409,4057
8.607,18.63,6.380504758570514,16.292364302646533,9.946521331240035,13.14776580963537,4058
-1.615,3.814,-4.777564375188031,2.5697595510596174,-5.26688523156514,2.2058069649736565,4059
7.549,2.66,-8.567845194127239,1.6504064235800642,-2.8848661885963898,10.42919605408117,4060
-5.354,12.5,1.9402710511425358,-6.646826085079298,-0.12318088425268942,-5.947634046932014,4061
-0.7798,6.348,-3.3005543635150567,1.4266188178175825,-2.3874051080452423,3.51249044571325,4062
16.98,12,11.473182828638874,7.469636622440233,11.522115279604293,5.557966405491082,4063
-4.723,9.379,4.327737958643756,-3.0632336702233416,5.6403866304648895,-4.6045807060201485,4064
14.98,-0.8007,6.3732892586925844,-15.724873360622512,2.8830504907859344,-16.04558784331873,4065
-7.716,9.553,3.9648601128795966,-5.727942284572706,2.691856433321335,-7.1099847015340645,4066
16.46,10.92,11.583473355982624,6.4486085806006335,9.615743209291793,6.399422818760125,4067
12.51,-2.049,6.679033906672321,-14.997016724575149,4.159337569643356,-16.47731620635584,4068
-7.308,8.488,2.0400129868725165,-3.7155373659020525,2.8179004682792206,-3.7923677619893867,4069
-4.505,6.079,-1.3031443045398372,-2.1072402562981707,-0.2575326220499497,-0.5346803125341253,4070
12.9,-2.209,6.508495004389606,-15.575426873195754,3.079237748552658,-16.308998411556036,4071
17.03,11.85,11.800695569727742,6.855462733280077,10.604058791567184,6.600928479770867,4072
-3.341,5.437,-3.5220545218249932,-0.4539007511025529,-2.4254357324348907,0.5444735232393427,4073
-0.4443,5.982,-3.389288751866497,2.3038473758810896,-3.6754540906654816,3.8566667381326836,4074
-0.03415,3.984,-5.913800565983929,4.0112752351874255,-6.523391674588821,5.102119618992059,4075
1.481,0.8444,-6.042015402104535,6.919109526645555,-10.347213219236039,4.45034878883764,4076
-1.596,3.857,-5.341663687016644,2.8397843275183576,-4.981360863279007,4.28847020302221,4077
-4.831,7.303,0.7158439471462591,-3.7754333581811053,0.7916564239753264,-2.9843362029989082,4078
-7.654,9.482,3.273130328867756,-4.204838570583449,3.499616910387375,-4.8709428962667305,4079
-0.5235,4.961,-4.877332060124554,1.992507997524156,-4.329805801938675,3.512427026371209,4080
7.279,17.97,6.304277570460163,15.772722426425828,8.935030509401656,13.33740490112707,4081
7.744,10.02,-5.275837747838177,-8.371455010402785,2.156926204134323,5.091926032642571,4082
0.8857,0.9669,-6.122149793889203,6.388915244113817,-9.649925659726762,4.865284854511468,4083
-2.99,4.467,-3.58271369197575,1.185483399402513,-2.7581231103645782,2.3429882470171135,4084
16.72,12.99,11.283542783472859,7.223866168033495,10.99574904577861,5.350943023304192,4085
-1.471,4.594,-4.4028290198108335,2.359778824817552,-4.349583099912308,3.174012834171502,4086
-2.133,6.099,-2.4985354826709405,0.6534458134287734,-1.2209155069099884,2.643278652767388,4087
-5.545,9.652,2.7307342602947577,-3.1150177087670428,3.6823413862479706,-3.267113512416633,4088
7.663,19.14,6.479713113520465,16.366107169162646,10.098926116396285,13.776442224125116,4089
12.98,-2.307,5.830419690821491,-15.359423455227004,3.6936328901542206,-15.337425535579474,4090
13.04,-2.069,6.793475778315387,-15.167855080593215,3.925353576113083,-16.596472090144903,4091
-5.056,12.77,2.4616631581524238,-6.387257393825636,0.8129921449912566,-7.023461645503791,4092
13.74,12.1,-5.584865419652142,-7.904366311061964,2.722562123705246,5.464679414371697,4093
4.614,3.103,-9.486035196568645,2.6408521566504377,-5.4853219495522,9.120139772037714,4094
1.23,2.736,-6.437767355229535,5.440753165256395,-8.318326424192094,5.462498838047234,4095
1.361,5.245,-6.421282140996136,4.160293284427538,-6.69905133111348,5.6382195297281426,4096
13.04,-2.285,6.978332669947467,-15.423077401149856,3.4185331358207245,-16.898460691829474,4097
-7.578,9.311,3.452064426157795,-5.544897850978956,2.3673906816733856,-6.445023363490852,4098
5.639,7.271,-0.7805006191989557,11.01377886868657,-6.5908145414101105,-1.4366760906179266,4099
5.237,8.02,-1.2218969748279231,11.630906287204636,-5.271826695035599,-1.1925378498037176,4100
-6.359,11.15,4.004770190928302,-4.079459008205519,4.27458148138652,-5.374772852321418,4101
-5.897,7.011,-0.04533929982391763,-2.6301873292809588,1.1441132320655365,-1.4772639926870184,4102
8.458,17.98,6.493139894221149,16.282865706455127,9.836949874330855,13.722386056522577,4103
10.58,1.555,-7.878949968602337,9.484049025546922,-3.6440298066841583,-7.229326551814826,4104
-5.893,7.779,1.0294381096104008,-4.022655781734572,1.1694226755393524,-3.1820433792074043,4105
5.251,6.949,-0.9551248238345759,11.11217040158452,-6.606817196439407,-1.136595314403327,4106
13.33,-1.725,6.852618844721637,-15.14547520541011,3.8084652914298553,-16.66927749480799,4107
-4.466,10.73,4.271962316248737,-3.096566494930373,5.554129649568893,-4.647713011165412,4108
-1.139,5.515,-4.133960573460736,1.6485760841483015,-3.70690889222493,2.708712154964654,4109
10.68,1.468,-7.97743877628056,9.530374709140672,-3.9643785463081818,-7.2457364257772285,4110
12.57,-2.21,6.6969119622448305,-15.781210717189895,2.821584512163498,-16.550751036067755,4111
7.287,9.275,-4.138166754033246,-10.480896767604934,-4.106570671628616,-4.176476305385383,4112
1.044,2.221,-6.1626461432239195,6.1376416120642565,-9.242530296872758,5.022943193058221,4113
-7.266,9.462,3.18235936901363,-5.618888195980177,1.706344534326889,-5.892973726650031,4114
4.879,7.19,-1.3500851080676692,11.160041991245164,-6.274651955197952,-0.387994593044074,4115
12.44,-1.691,7.048516423914752,-15.266033944118606,3.6584485067618866,-17.055830305476935,4116
-7.836,9.599,3.467701108668171,-4.168220337856398,3.7911596788657684,-5.273399179836066,4117
0.8388,4.716,-4.9044674322864195,3.789516154300584,-5.77444548470845,4.00516884956762,4118
-2.102,5.592,-3.1727653429767266,0.5627526376360793,-1.9993085370766144,2.1338791194955986,4119
-2.382,8.367,-1.3704719231387752,-1.5487382974511248,0.041007787604429184,0.09622114334508614,4120
-1.694,5.186,-3.7894147322436944,0.8389355275744338,-2.772179077695511,2.0206556860010307,4121
-1.812,5.568,-3.62194070079533,1.209600511562242,-2.762249897550247,2.7910672966043633,4122
5.55,2.763,-9.574154703404583,2.128866377841844,-4.977392147611282,10.15454357300207,4123
-4.405,5.721,-1.9567867205402034,-1.3603706922417742,-0.6511770592438203,0.2596506420175715,4124
