x1,x2,x3,x4,x5,x6,x7,x8,x9,x10,ID
2.6247348765875285,-7.838619913618077,-5.309435987709914,-2.8078399866860178,6.972178544206252,-3.3897541877219086,-1.0958572359881658,-10.454448226774833,-2.4831962975336705,-0.1837042512788976,1
5.60388683361896,-0.32635757248618286,0.13576021137407646,4.392568767541746,-4.0169247211799695,0.9375088626510365,-1.1885413738880661,0.7112614250669895,-0.23009614933720016,0.040547351634119454,2
8.979832851053773,-1.7385601819579293,-0.3548056474409025,-1.4745588726651142,9.693313016503398,-2.8310983882040492,-0.2028517910574839,-5.970320613621506,1.1146506767543292,-0.22341192593253903,3
9.879092289817903,-1.6876386430715824,-0.48154622472565056,-0.5765362648341825,6.565846766149264,-4.275011541962053,-0.8109429697973795,-13.702744876042377,-0.1443186194730675,-0.18444483170743958,4
7.689462300305275,-1.033485700877388,-0.19703584319919354,1.3468919838079727,5.810884062240727,0.9173041119053499,0.521016132919921,1.2689964668070992,0.9195054152257744,-0.07144743660082346,5
-20.23066140533833,-1.0476699882783806,20.6100049807554,0.7597768438271651,-0.311774977020464,2.2153494858797655,-0.856440047764802,3.1896956798033367,0.4508934366651017,-0.508831504459099,6
4.898563999593852,-0.7479557724732862,0.5930616454171016,1.2021117462086575,-0.5031523974111846,0.19123320253148451,0.2352206529775154,0.7424359770123075,-1.7743593027474283,0.15396543866080142,7
8.69557500284247,-1.9581705745416418,-1.2817113640028308,-47.27286253622184,-10.996044310879261,4.685278075540391,-1.771611452204394,2.96974998236138,23.526212016807534,-1.4546860404718294,8
-25.793855548436486,-1.4591333960737256,26.311056315867564,-1.3659565130152456,2.766247233409023,1.2201228526916241,-2.0495508797767457,1.8070888458434349,-0.929949209717403,-0.3663801516983318,9
5.9847428380549195,-0.06741588739452549,-0.501383959781371,5.187807765085522,-6.3964489509349365,0.32184594550400397,-1.1012202459590794,-1.5965787967995222,0.21446861388144983,0.17445251633103254,10
-34.62232767912076,-29.818458174672102,-22.929081939565155,0.32822661534258696,1.425524211311874,3.007621471798995,-0.6574296063888091,1.9548306342909156,-0.5116413952442995,0.4932354642760878,11
9.076059087616391,-1.442720152835622,-1.2893847997405392,-36.87156772841795,-10.503464301911622,1.3361145747690164,-1.6535104950183623,-9.608093952490982,16.531407141266158,-0.9196344358012728,12
5.624923262218273,-0.12559488080490674,-0.13945130438078998,5.434968592304963,-7.427444141588218,1.1887092605289427,-1.451036288413168,1.039100729175659,0.1571045753161207,0.1298528130413721,13
7.669860666224902,-1.3339413479987876,-1.1681430498728187,-14.049900709627606,-2.604409475801091,-1.867882118952984,-1.3457953089490098,-10.111231482579525,-4.513308849147687,-0.16420898215433954,14
-21.35123406735421,0.28226056823002743,22.360456167755466,-2.0640672781766076,-0.004031563629112587,1.3749515924364124,-1.161641548685745,0.8947099511769825,-2.8119384914534082,0.685516938876204,15
6.41084169542268,-0.5338398237084773,-0.3770779269375923,3.1594407884500124,0.4249972042199392,1.147395842945438,0.45107853938697495,-1.5317806400575587,0.059285966743384017,-0.43643045276854986,16
9.029504375977375,-1.1584366738899905,-0.18309163930333164,-0.6544422371837197,6.789301590340113,-0.8408228733986116,-0.26183684641229327,-0.004316944946887253,-0.09101374030710724,0.16119093472660917,17
-36.862643205604584,-34.17715264658216,-23.402359492304747,1.0392070348635964,1.1958422918637381,4.520613681569508,0.29652280616747045,0.8793168509080019,-0.20060410637819884,0.6195989298985728,18
4.281239216506494,0.33947368941839723,0.07255804950749628,3.487524956892436,0.8838029917174787,2.0890836732738904,0.6311847873840108,2.2878510841662254,1.0765175622433913,0.10967936020174472,19
7.393976112919391,-0.9137797597865819,-0.1771761565389366,1.3497835493296528,2.9310804629702862,0.7854453741677498,-0.4496703535424646,1.1808659870317908,0.31941077100989007,-0.028925329156712684,20
10.650811693962424,-2.0743775557695594,-1.379673745966995,-36.73503122608134,-8.718201735814617,2.7271802009813615,-2.0960883117726077,-0.16646246848038515,7.371823028041956,-0.9516132644290581,21
-21.768926156560642,-1.8907573500246257,21.49756685725912,-1.0143708771655082,-0.18859053301525988,2.5870847371344428,-1.856282624189344,2.518861299408596,1.2777231091912724,-0.6688836202301229,22
-40.123141075312915,-37.308707717197805,-26.923415246030793,0.7036275167621847,2.3212169666811096,5.93557003602681,-0.315167253452521,-1.5844563117707064,-0.17855843964571763,-0.2134998644460967,23
-26.243565329767076,38.51263675413392,-16.22120613413356,-1.7016285294561282,3.031123995481106,-1.2677604231453115,-5.177750345529857,-0.23510915580861755,-1.1243191121313112,1.0682380470010249,24
-21.636011867440043,32.7238104813283,-15.063301754995628,0.3624503961222195,2.975791166757832,1.6293471019458516,-7.7765467427310275,-0.0035966089455878405,1.2595135733220177,1.0752519723997531,25
-28.06812351832976,-1.4576876921032629,27.522741585401512,-1.0038675543058309,2.613276402125816,3.4189820410586274,-1.5958720729448603,1.4449648126413632,0.2592381210474738,0.40767021198436687,26
5.121959353026627,-0.6699277792211474,-0.1531991378977676,1.2029406837090229,-0.10370939996271777,1.2641529874545274,0.3954839716615105,1.831036954997617,-1.7585855227423948,0.004656338763069511,27
4.348720708599856,-0.1825949194037464,0.10265129434991499,5.386222057408063,-5.506228611392836,1.8639947902394507,0.39335996531264444,2.175270825043645,1.2957486744985014,1.1304632813037225,28
2.9645152654659572,0.09148344878506878,0.18737470824735347,3.8724638522347115,-0.3880727151330168,2.6787556234324823,1.4275592905916186,5.452079690443734,1.5758242041156878,0.06197757874021684,29
6.572422587809898,-0.8744635984051967,0.22087255136256467,1.0933158912142136,6.381148960130279,1.5439401181124435,0.41826249299854346,2.793446852109611,1.183824423556686,-0.016805543323923776,30
-22.75475673132261,-1.922265370545604,20.489934616922564,0.004125764575266482,0.5764332266151593,2.228565456125547,0.7766385224356003,1.7800208651298535,-1.3548962155584032,1.1306363728033761,31
4.722352630704933,0.3135715950727989,0.336777408531395,4.564663597658968,-5.255095557254417,0.3961671949663465,-0.647231987309046,1.3976808587043659,1.1595164593875344,-0.20801185783915271,32
8.044904003171775,-1.572659254437695,-0.6710349902825523,-1.9098978767208805,6.296551712719619,-0.3237746539532551,-0.2724627415087639,0.002378366552672627,-1.786929275744969,0.20735410071368038,33
6.786653841076062,-0.704637139848416,-0.05740221170296548,2.8881281120717492,-5.713614349478822,0.9650674070994348,-2.166706113470835,0.6357151759827881,-0.43748404204661506,0.3140300304414668,34
7.469564466253902,-0.6384471805624021,-0.29308436071498606,0.9325110203089125,4.873570016705777,-0.11747796702279227,0.37561534090139975,0.7845649261836557,0.32728380890894965,-0.20027473595777015,35
8.172714496011789,-1.1605684132021061,-0.15223222452320165,0.8161870183753656,3.5317425981418697,0.8548481215696407,0.1792390742275612,2.0424126993882035,0.2716077591828828,-0.18097582841231014,36
7.6722122556025685,-1.4212105495985883,-0.20015172567122005,-2.184269582102134,10.618351718395537,-0.5904200858774092,0.7661878198440638,1.2133006690493742,1.4306598400239734,0.12552228337868887,37
6.225884365895584,-1.006957989921267,-0.1700361197305959,3.5945774040447334,-3.6631080525750463,1.8157648332622738,-0.7520426868835154,1.092087695444911,-0.6302300086081446,-0.2747713161569884,38
5.069134031619784,-0.4159570142728543,-0.027315189627662603,3.8555085604512334,-4.166316055918899,0.00503846795039025,-0.4716670444056263,6.378702810107192e-4,-0.07742508528187003,0.29774328133108674,39
7.214850316095564,-1.1418009067708117,-0.47675888711581915,-1.2082841985535508,12.330301921697309,0.08397037672056355,1.6726616039013311,4.219746597394939,1.576993189159851,0.1599398263610391,40
-18.920531008539054,23.963397387350234,-8.713438365068741,0.9363023013736962,1.534387433351127,0.2028899154582313,-2.527717199444499,0.6317958280170272,1.6142162288077218,2.997379402668071,41
-24.790213260106505,-0.6552442785282138,28.035214324295715,-1.020112665941098,1.575988921842224,1.834705407878452,-0.8199603800122711,0.39576160359387175,-0.2650991288192847,0.6667385522745103,42
7.098442378144595,-0.9833797832688357,-0.3261149458461695,2.654181328347964,-2.5438425111063308,-3.593786937573624,-1.4959434439328554,-14.336564998723615,-0.9222898393575021,-0.30494138691358535,43
4.943625032782407,-0.27310566197974995,0.013959508912700034,4.855734528987593,-3.752785936154955,2.0309090270379055,-0.7598311380205154,0.6641150691348336,0.8504190527991992,0.00604729745088138,44
7.7624255857682165,-1.339639242243144,-0.6581608241775309,-2.126162291504657,13.921013335382586,-2.53789324718794,1.746268070166104,-4.887276303764805,2.3662452575343873,-1.0056300431686647,45
5.551583385309108,-0.3739249506973207,0.3611072216911141,4.123252113247244,-3.594306092262916,0.36073003433783,-0.7449792396520585,0.025525982391869467,0.03750139366361306,-0.011149983219486959,46
7.089502330540858,-0.8198190254872038,-0.7715628074472388,1.704554856550037,3.7550138268842113,0.19591053584983265,0.06900624677893424,2.0186518883631717,-0.710616879862404,-0.21574231887758355,47
6.849282614101515,-0.6774918234591779,0.05137493316554467,3.7436037946252134,-6.08010345315081,-3.2829894307795144,-2.3361800642563484,-13.857819946343666,-1.196815243439796,-0.34878148192461306,48
7.670257082907336,-1.0890701646739367,-0.1581012778484565,-1.6824403634039,11.292719295756264,0.1894229572338971,1.460936437723688,3.256591492855544,0.4755834869523688,0.6010313634445165,49
5.562237580468829,0.14301092223088016,-0.055182948290533294,3.235551652370267,-1.6643930969191005,1.7042574179798773,-0.10830169414143648,0.6123185236816328,0.006159014569934112,0.2706001946631034,50
9.36871605009703,-1.4658221011309782,-0.15786360341755507,-2.9160573946890267,12.842078386153451,-0.3336044463358544,0.4767387806752964,2.500793762330471,0.5597933542064434,0.0363976386521675,51
7.808716673515698,-1.3525390477217862,-0.6797218204440233,-1.009334763680222,8.297000837772705,0.0964545373244455,0.18062395429074843,2.7903755275726763,-0.6854676797295056,0.13136921207186672,52
3.5439514450607783,0.3326098945552938,0.24023825048258743,5.7999357161915315,-6.7162766984076905,2.540896161455749,-0.7699297837181998,1.7982082936916506,0.2213869794352259,-0.3912392567309989,53
6.311846903943126,-0.2914400542077227,-0.12064196959936344,3.3363832795348976,-0.7168137587107617,1.3717026202819478,-0.11250926345263887,1.581309425297498,-0.4949972713984678,-0.04659035092790259,54
-16.596586293687967,22.89896119141865,-9.55392730560465,1.5663215820287582,-0.24540242696873935,2.830097590481616,-1.9486562707385484,0.8240374194052957,0.9795724052252401,0.6777285989989106,55
4.358632314656914,-0.645340902151743,-0.580241219052738,3.6572948458665313,-7.122791404263935,-1.3843221304062368,-1.8845129535908274,1.6861667876281292,-0.6389373715689693,0.09691092051763513,56
6.990038069941315,-0.7905130237995266,-0.425068936449692,1.7848544268150164,-0.36574432842735993,1.455972316074319,-0.20694162887919715,0.9641780807216003,-0.07248680611872958,0.4331759560955491,57
9.274088811816668,-1.8811869759630808,-0.7224395002347788,-8.218471564074697,7.0024526610697055,-0.7078180084976546,-0.8169281623097302,3.758499001999304,-8.105573104129824,0.33270272743609713,58
5.102151486135111,-0.2410604548698673,0.2201125300459191,3.8283649501865185,-4.9789698645173015,0.30186180064570034,-0.5308232181844784,1.3446669544948393,0.00812508678941908,-0.4253234762887,59
5.776751389566852,-0.04359541592772929,0.31466181068663607,2.7832461132350392,2.1878801298674233,1.3198094968047018,0.6673073013342027,-0.560718114134728,0.8954019970276835,-0.1776795659798601,60
6.582802208677534,-0.5377903671143257,-0.07675990528843338,3.6331246738548977,0.5374280003146898,0.47944761556557497,0.10175821207743088,0.13767244047460112,0.14039181218721417,0.22418688979438364,61
-19.789834021861992,2.07909140559773,18.344346750760074,0.5460920685662001,0.17455173356917683,2.402151099071621,-1.3617330102693597,3.4785313657936823,0.03117603623164945,-1.688688794807926,62
7.309040224086323,-1.2497716073023564,0.21010067280817699,-0.9933768561944908,1.8428483449568376,-2.6283889100088502,-1.1641507799404773,-3.958327305274375,0.3497749713011441,0.19704857841377812,63
-29.07526768663815,-1.7035628665000129,27.34198584896213,-1.9156960638360976,2.6208958602909833,1.0279539349693125,-2.617763468168323,1.467950178885488,-0.055331607446262705,0.7272951491386259,64
8.090606765626287,-1.7557130404162156,-0.9814106457834663,-5.270117906416785,14.461887210413865,-1.22762061316557,1.2232851847198256,3.641931202105885,-1.5688711679951632,-0.12538110605567537,65
9.336066605667899,-1.2733053458226267,-0.6485102528012775,-1.2089379100770152,11.745129668907593,0.1209012545597622,0.9448129890411915,1.4015802294863975,1.583009876897946,0.2479546738931619,66
7.6142733583444695,-1.016849735206059,-0.31765781598023524,0.7556712168251571,3.5527894207282205,-0.009977872804190973,-0.6539310974962802,0.7490319750942827,0.3862375797249053,-0.34915586840440815,67
-35.74520071252407,-32.7751694863381,-24.236768201205606,0.3344335883471001,1.3266638602100371,2.092912747509051,-1.1008350757233942,-1.831232903097415,-0.8343358823914431,1.142837888863143,68
7.970209340963623,-1.2848498326863478,-1.4282166667567726,-24.4305608068912,-4.939716926034984,3.0030430182709513,-0.8151696633108515,3.2623586173361327,5.400150246282018,-0.6200934397257913,69
5.843845467722222,1.3393432915052672,-1.1466089778070139,-1.5428071964672678,7.308082051909372,-2.5483508438019675,10.775275231157153,1.2314160560714669,0.7492275877231289,5.63954430022019,70
5.856921731347511,-0.08762449169767408,-0.27188405704531066,0.33584529559016685,3.936683670808918,0.03626646864073057,-0.399464274362438,2.405227780873562,0.4290397359334054,-0.46159463594104055,71
-29.033620991928167,-1.644698154520463,28.084720472329597,-1.9689515943627813,2.6945544318587364,0.939816940052099,-1.2043228524276932,0.8181305361545337,0.5718504705327132,0.537786083063972,72
7.189250911254149,-1.351297713932233,-0.2818522951396625,1.9128586882539147,2.4205684159220127,0.5230224055064311,-0.27025620573455456,1.2324046020173427,0.6845371650220435,-0.09089171929622064,73
7.1267920046536135,-1.490767719081835,-0.34222162374357296,-1.4044540442146942,11.862991385884623,-0.4454636143843912,0.9382606056006015,1.9556876919951955,1.6083076748862761,0.07821904146775457,74
6.531884122329968,-0.3856816731293644,0.11274598607739461,1.2260163711107206,4.23685434610763,-0.13887053076620376,0.34358564744984305,0.2102829228445507,0.5807462628728699,-0.18139726616242044,75
-19.932722860112317,-1.0726101573783249,20.42365782119977,0.16646170651648914,0.9005796891573599,3.0162237946982016,-0.595169010135029,3.026533430743461,-1.7226164306063245,-0.12299631980169975,76
-17.239048865318615,24.51585884738003,-10.221530042235862,0.30152521174906444,0.5710443687546897,2.3447463782925175,-3.217595217760367,0.7850303132794894,-0.4374178677884853,1.7364093208888325,77
5.663067073110406,0.31959655016482175,-0.4678143536478342,4.851306297924992,-6.345804710540618,0.9723483190672125,-1.6452777843670647,-1.1839801314968894,-0.2755895300483611,0.01820500926084198,78
-26.692778668739017,-0.9545800002595923,25.20136710096679,-0.8943943740588196,1.5906698199834497,3.3684066252103677,-1.3641229619380122,1.5327276318509229,0.6267459343302345,1.1464638968955867,79
8.000214588374194,-0.9760624385214713,-0.47149138152663683,1.17125503835243,5.496127633092615,0.7742459512779102,0.5545323872160245,1.363854523650629,0.24483944205437538,-0.0949232942281188,80
6.46057309153643,-0.833408529592973,-0.1093459387939545,1.8598096803831725,0.1811055111049827,-2.866971159063005,-0.8533847230362119,-8.942605816191652,-0.5496356715472478,-0.3170226494497907,81
4.2948735911161044,-0.04316283532644616,0.4909671932689319,4.979537224291011,-6.083878782262102,1.3286135489732107,-0.6365982414226536,1.091080624699753,-0.2215814063943496,0.04259727474829359,82
-17.852075456910832,25.475019861012072,-11.168398098244445,0.18032821870913798,1.2066003070796867,1.5982462653914389,-2.6304712742525185,0.8202955615576343,-1.8033364733160673,-0.049632191628564734,83
5.544816884308625,-0.3467020462264658,-0.15692770621030447,4.6971933629991005,-7.8515502310175265,0.6407262595447177,-1.6118956880675095,-0.09705574300727633,-0.48873784259496517,0.34268148786195685,84
-25.824155445703173,-1.5709533993400357,25.104641340729138,0.018079292135718253,0.410485157361673,1.9036145454128264,-2.2479517703946232,0.4531563186779892,0.29484507466770943,0.5004299345979658,85
-17.983056687931853,28.341668283158644,-12.032900763997498,0.323227875511465,1.6123468597153385,1.547590971473416,-2.8390796844588895,0.37888526164404324,2.1333542807525103,-2.091510339938374,86
7.310093555657438,-0.5522135145723888,0.1882292734017428,1.2416509773263988,3.114097452496196,-0.42268671580153816,-0.5205085564823098,0.6566977520936907,0.6984662270852179,0.04450846800780607,87
6.963970090036352,-0.7705601625745009,-0.63070502228906,1.8384878508174087,5.2563095379122995,0.3866173439612909,0.4322208791946414,0.7767479320846632,1.8469411144158778,0.04443932127551735,88
6.116490202467767,0.021132244741030533,0.05929717478627485,3.212452798850262,-2.6142724577244087,1.130251741810828,-0.6987431396765502,-1.4865921035403382,0.31261886597219013,-0.15927954290510837,89
6.6266670916347685,-0.6737276654562987,-0.0026651817765640687,3.3386773054480723,-0.3063292207491449,1.2395977608446342,-0.24754219592490473,-0.04632180160362034,0.45262033408119384,0.03622266242808032,90
6.728644356809156,-0.7580154273839417,0.17968760971192557,1.094551643794086,2.5845027517238135,1.4435300756208096,0.025105277302028873,1.4555133677268113,-1.6010488810159988,0.08579202269200663,91
4.138903313520929,0.22399143596390667,0.04388456413760967,5.110148826024453,-5.115828998549321,1.7986982162210998,-0.308478623004852,0.764499781156359,0.1612908592987353,-0.13906339867876527,92
7.864579401823451,-1.6356890187016866,-1.5584242493801992,-37.574547857857176,-11.69631607097432,4.064661825404556,-1.7468129424120273,5.24794229286794,-5.103982171957348,-0.7261412654208481,93
5.749873690417727,-0.24852784275818293,-0.14740700387665004,4.116790828499362,-2.842375567761604,1.3252942298391046,-0.248682572440284,0.06432223511431527,0.07720539614056408,-0.03520813881158824,94
5.04581521660122,-0.296664288472413,0.5462731540347131,4.989535733931973,-7.075434528699148,1.6714015865891783,-0.8755982634413801,1.5395366760148403,0.759624693033782,-0.15785208451530014,95
4.6763814439725895,-0.15380127669811378,-0.37743192236333917,4.412579930130794,-7.245729767944784,1.268238543261399,-0.3740189116598659,0.8450073717397554,-0.6918813757078848,0.1344576221641902,96
4.634773672311112,-0.2607735114079099,-0.05314152182695803,3.7742749779369307,-7.149917980129302,0.8729614046240918,-1.2257982407037695,1.0486836393949273,-0.10613149115523925,-0.08506124223285,97
5.442717540826197,-0.36003299885731244,-0.4128000375989866,4.442287515804744,-8.084230418598056,0.46818364638034715,-1.859617628441461,0.8332389519813396,-1.1475859516094116,-0.09167496577902555,98
7.295935854656695,-0.9512490156148655,-0.2746661331117911,0.056411828748756325,3.030572922058774,0.4628365983383203,0.9026705648463799,1.954636786061885,-1.357538295665032,-0.06958552144310823,99
4.729333508060803,-0.27537031970837955,-0.07599002705229327,3.9189281510405105,-2.994790859527871,1.2785861734168533,-0.37576515922700593,0.12717884520483067,0.9605670235103757,-0.010548625970175212,100
5.05485255142876,-0.31009473593370435,-0.09242004017701697,2.4830153410954625,-4.462496125553847,-6.122302202076199,-2.0174096706081994,-17.185333845722347,-1.773619971747112,0.023598017696649997,101
6.125416042299346,-0.897308696259489,-0.4156584044303938,3.736861771905979,-6.184607650743066,-3.421436493574097,-2.073577863089498,-13.128985918899188,-1.2321303514833182,-0.4922992168228739,102
6.038706901698989,-0.3537055761815167,-0.2744923712740544,4.733160605027191,-7.637179587187311,0.5860123052731084,-1.6630532136436729,-0.01159763528122605,-0.9097991901651046,0.3228533165317517,103
3.836864608798378,0.13358729804324462,0.44888371007842737,3.8025201691705472,-5.919826519977638,-0.5027233141522274,-0.9925594474371878,-0.3996995999072443,-1.0129194097229393,0.09131885033983768,104
-22.57212263018555,30.466771479971996,-15.020583781589925,-1.7840741410834926,1.7203064015664682,1.738584461700249,-6.096674996023704,-0.2441361678447779,-0.8882642197378877,-0.3472113347266718,105
-21.502570655797783,29.31120806428398,-13.279346443469226,-1.4916162426923438,2.2166161861230425,-0.30277919380765994,-5.09230826753229,-1.6725515901335095,-0.8752878653184396,-0.6694755676960473,106
4.49850174068661,-0.17282693477620262,-0.3781887483162367,4.444486773209978,-5.2959683123867745,2.459040863199682,-0.7370382243630225,1.9338762202384043,0.5448462744256645,0.19990346329024303,107
8.23481074884899,-0.8831759090392328,-0.22230915080125263,-0.956029443276108,8.915668679377028,0.30954433068870796,0.708379350470711,2.6380516248932624,0.849758378162018,-0.3411073048096332,108
8.423649706156425,-1.2082832283968805,-0.3368255255188253,1.0406605979150299,7.217284183769902,0.38980650234843955,-0.01616494853691006,0.5152450712826749,1.6030053725143805,0.13824582467731325,109
5.787518572359045,-0.14823844489208793,0.23633557813737932,3.4765088397051764,-1.9269660462635667,0.8135397769039598,-0.4733281924154664,0.5863746624654931,-0.3437141898592035,0.24318253284591912,110
-16.79151390747448,24.646947585346343,-10.227607307727993,1.2315252527450355,0.9449299248171042,2.234135541041753,-2.606467079583018,1.9490062047736467,1.1059924160798567,-2.241684541180497,111
5.914583702804532,-0.4359600740746736,0.11241178814579465,4.532810193152962,-5.159221276260106,1.681652192749906,-0.7609020929883096,1.6125844205304187,-0.060204316908087016,0.3061995643268087,112
-15.939630297536452,-7.611784045783988,-2.556057318515445,-0.3211301186015436,-2.689439097134823,-26.683447647194075,-1.3924986731819073,-0.18601361370868066,2.6995442181084126,-8.350580986679983,113
7.5156176320858386,-1.3970924791919679,-0.5284498628764761,-0.34827333847827413,7.839009068791928,-1.4019560057277143,0.13982711109171714,3.0066669918740048,-0.08566966923838715,0.09996932297012959,114
-3.451637698201247,-9.111874603307564,-4.587992697409163,-2.4213123227200004,5.216316736933793,-3.0283086858312616,-2.388786312184536,-12.009181977910776,-3.3136421272359313,0.07466170596585239,115
-17.362864063007578,22.53812619300466,-7.825707516995797,0.5204818538481297,0.039546117282964914,3.521240923586732,-2.8766499259799323,2.1552184518176354,0.60589625038338,-0.2099601549910771,116
3.7221173276161537,0.030839901123455093,0.5490866684617067,4.791260392541924,-6.760697595452396,0.4973991971869167,-0.8206143498956332,1.1820962244176985,-0.18984312057817065,0.3746444836946783,117
5.846775507673611,-0.2483417336367069,0.12889969335611418,4.448560647499112,-4.850384811735706,1.176417617695362,-0.5435792205832124,0.516872494906487,-0.12462045993151466,0.0757015880191824,118
3.777718664400256,-0.20952072966017582,0.042849835459276085,3.6090302178675158,-1.5355964742423172,0.7785248963955086,0.33866456914553367,1.7098711086339131,1.1324925781505322,-0.2546244427622521,119
6.036797264365689,-0.8698671441656056,-0.1082872969018185,3.0258665453681743,-1.4348044046218162,0.1624524293880514,-0.019944188621080966,-0.8995568241384098,1.310814549425405,0.12855853405351889,120
6.832966772079879,-0.5538459580835958,-0.10131872702571386,0.3610299971516243,5.017146376274092,1.3523172154707748,0.47708883973428073,2.5843045540914904,0.6498492071019147,0.01386141762154943,121
7.365412293866978,-0.964248095497902,-0.37594345389301426,1.5569302035950952,4.334536027649004,0.8339679129095705,0.3465523761673353,1.446928343991235,0.3759643666740402,-0.034990263729611504,122
7.641909641429086,-1.247450949113432,0.24693691240510096,1.2068293793198395,3.394608572273324,-2.21810621310771,-0.3118757558868432,-6.170266825313962,0.2220091516337031,-0.27183826970583974,123
7.8074347493495795,-0.903471523898417,-0.3385164310108433,0.5356796377127885,6.650983556634539,0.5946625110843601,-0.16510479030594452,1.086683691055117,1.7499442812215442,-0.19758529832118385,124
5.050256972249573,-0.02398542392136575,-0.005546647555195353,4.969693690857357,-7.237810461842811,1.078194561495596,-1.4031550162424717,0.5194586714671571,-1.1990154254086425,0.05233063141773311,125
5.054945327903287,-1.063422959466791,0.27330770390709413,3.1044081585380012,-4.520443175154851,-1.1795493987108103,-1.3742208368219961,-6.002938730831321,-1.1784939373632763,-0.03893490489155888,126
8.840498522977974,-1.617772387064678,-1.733838436942602,-41.18535876736803,-11.689082446840448,5.139499802291076,-1.8896430461128644,3.4755938703140146,4.93535419964881,-0.7189571473419901,127
5.725423411180263,-0.20373400078347104,-1.6666520371264404,-16.294731870533358,-12.647277792582695,1.8298849651657414,-2.5703569808243665,5.513300260680121,-15.06021986994694,0.2956093595548988,128
3.884674868686798,0.08138072430845782,0.46372842068176023,4.4649938064825365,-6.147826806280176,1.0707654241843716,-0.7719079930502678,0.016912862779915463,-0.7637978195755603,-0.09379221753881264,129
4.542012928374061,-0.24216428755246677,-0.5022320610860427,5.159327460244744,-6.7572126629969365,0.7093117940850446,-1.3449933342059628,1.3152212472865143,0.27868841012819223,0.025651571303753975,130
8.676995190267723,-1.1760278280101322,-0.45000927217220693,-2.0929783346443105,11.561717485818724,0.026091511844790048,0.34677108272608476,1.9047480905998464,1.6819370080168354,-0.42801792030007124,131
-34.75376539020694,-30.314481650595077,-24.79372239147068,0.578022613111187,1.2684378608639206,3.5817811946246003,0.4058304019725016,0.12362227816998815,0.22317651509699155,0.41558403056211346,132
7.465059674290216,-1.01494872504715,-0.216269392794713,0.03669667554246224,6.312469461746088,-0.05900475764482119,0.5891865357865713,1.386361814384136,0.4196401916586539,-0.5514742278921511,133
8.843724359367084,-1.2875950833879968,-0.24583954065933666,-4.059118583055479,13.706662476161544,-0.11632680387944934,0.7990141815003753,3.621843271475723,1.2501425255891556,0.39027043134091294,134
-23.34612421911455,-4.91121787187414,22.351796309099473,-4.504913734046889,6.4045138982087595,-2.979148352902507,-2.246480606092708,-14.22627434688555,-0.2617367605157186,0.9102083302490521,135
-23.31230346858156,-0.8778542745003781,22.872202318705135,-0.7282006040417088,1.2993262751652745,2.247654306119046,-0.3122637742036014,1.2956758821244048,0.34981051232127336,-0.16590982325164386,136
6.503438479261373,-0.3214029323916241,0.057337698447950655,2.9839731598090253,-2.0683117426787265,1.4816105594219382,0.34205985304767056,0.8167683999475901,-0.23915288845830415,0.5030595096677863,137
-13.836481056891413,-7.09180568591236,-6.517966631072933,-4.848311936646681,-9.182049838727819,-83.1373079182302,-11.39002852224239,20.16579118243873,0.9980503748906759,0.3447963599959879,138
4.764046324284303,-3.5151310565659117,3.2682399578028756,-47.27583743310686,-10.980934728769842,0.058517542072619944,-3.998768386417607,-9.070103435347164,-2.542475916885682,-0.7848154078130104,139
5.7977567467299815,-0.9047015837818473,-0.2482265739775478,-0.7315808279854866,1.9459359626900938,1.2334336515616957,0.9270123218059413,2.579642029662598,-3.249476410688513,-0.05846246730866333,140
8.053753926037409,-1.2162347309596178,-0.4622197991531182,-12.972843712876589,0.14060729365109836,1.445631613194857,-0.4691748949069718,3.5817181692604727,-12.827956654514063,0.11747843097425764,141
7.525306126646186,-0.8826721471920651,-0.44280882809822836,0.6753284730475556,6.4786365946483935,0.22163694596776498,0.1198901234410554,-0.2472274376173631,0.8047306606642772,-0.2552214408574837,142
5.590822557833611,-0.38707817784320103,0.7844722229654683,3.3069801416961733,-0.1488284308241575,1.3692317745118316,0.3177327341181936,0.962579958536572,1.060403658263104,0.15555138071174948,143
-26.279519818578642,-0.8951432184187392,27.44042053716539,-1.3937762166086385,1.8828259035851935,1.2660431912870247,-1.6183390447957304,0.38823268059962107,0.02644419195545951,0.3381270050133062,144
3.7436957701521014,-0.1707476477965836,-0.5838408524771909,2.841745637812462,1.8752748420945526,1.6159125180423428,1.0714774650713386,0.9971529540279552,1.504205425448856,-0.24885176752713942,145
7.073809725668777,-1.145991810142318,0.09536888833698161,4.741069917417358,-4.059562346253678,0.41309117845712495,-0.6821887606249538,0.429967656130495,0.13135127968860327,0.13003458573045265,146
7.5469183953097465,-1.0285819193142562,-0.09687538941627295,2.5190587332978533,2.9579411804603626,0.23059641595452057,0.12179712369197235,0.2798778654239974,0.31179101554848676,-0.10041951270976937,147
-20.489499365898745,27.814644182143496,-11.802899650666596,-0.7568591781170466,1.299218993802733,1.381892897150683,-3.23556767430049,2.1958984193412854,1.351686760086069,-0.8341204647848686,148
7.779857919680003,-1.2931494038285734,0.04289530140570575,-0.7373502401157356,13.714467939149868,0.27439516196338154,1.5963182987113362,4.246850535857951,3.852741479484371,0.4027825689800012,149
-24.38257892613113,-1.5361584668358321,24.383282707798806,-1.9201173343491158,0.6883205795662702,3.5700713368841597,-0.8763047544985162,2.2140851403346087,-2.1196848391224568,0.7439567788857695,150
4.6924809038546025,-0.4210644079575154,0.6832928470834483,2.806176999992194,1.0694335386947837,1.9550816905319648,0.8183750510867642,2.9588610511173288,1.7324696358322327,-0.09372452555334199,151
4.902271281089287,0.1572049651659744,-0.20253423417410038,4.828009063772363,-7.373691360885713,1.93095608151358,-0.8609622137683939,0.12353719420325576,-0.041252408084962486,0.3081519528774326,152
6.099147446439372,-0.04186958996510162,-0.10990802938887775,4.300773599991059,-4.488520279855456,1.1294564461222558,-0.7981668539994301,1.1721655412237995,-0.8326768666692382,0.7385432974188665,153
6.426615256690266,-0.5839244965577426,0.01338344796701084,3.321932635277113,-2.270750024841322,-1.62186396843101,-1.0948597012634764,-6.927424200114741,-0.24333826599431224,-0.04353335977628982,154
3.960692706649714,-0.08941843801300874,0.16928749812229804,4.611355224710636,-6.468084294303226,0.03734827211124067,-1.0000419968374796,0.9409135120306872,0.44779706424944016,-0.1562657536560523,155
-22.69507418373322,33.578783009343475,-14.841618565091059,-1.502421894280388,2.3910916706755216,2.581566639031384,-5.7909572331633,1.0155262306540451,1.183978060393469,0.6762114124147166,156
8.626957835649232,-1.5815208342817095,-0.44907621015428933,-2.0843257049951336,10.783002670930703,-2.6446719671566568,0.5145041957819783,-2.954258638806612,1.4978049067413215,0.05539756450990237,157
5.146848030147085,-0.358336037304776,0.27896840249412036,4.9329872347706365,-6.3698209083399275,0.9377868730454921,-1.1908052795935917,-0.9568481320388945,0.6071953027547313,-0.03866400686212495,158
-31.761376738099695,-13.278194180829624,-21.97399993038424,-10.213165591415116,-2.6856163933766344,1.8621103742794385,12.04429454867463,0.8655275476530525,-10.576705198817194,-3.6120454256198986,159
6.394518053572665,-0.42784437332163167,-0.32623331473083117,2.5877845671554147,-1.5815395471730844,1.4222546617137912,0.5181751817242398,0.8368522324216808,-4.786876536713892e-4,0.5512379853507355,160
-13.84288976163085,-8.111396399555195,-3.459394285395357,-2.496775823168592,-9.567494723948121,-74.95868216702677,-12.193442248426205,25.777949497347766,1.7672679735512884,1.4618030863280502,161
-8.473077275046549,-3.783779797028443,13.553551435072038,-0.996055939733414,3.470510811929441,-4.817767574991671,-1.685683758018815,-21.0468981823996,0.05109374837003309,0.1515863105594246,162
4.890020740611129,-0.6108138451457752,-0.07497333326042636,3.0983828820220602,-0.5937053832472164,1.3613383244983186,-0.281609267259833,1.5265687158594035,0.7421857449853966,-0.037111123990735254,163
9.995973802850934,-1.5398700917417134,-0.6467336341160399,-4.957104223418913,13.419304723334001,-2.0113439227088774,0.08804155932278,-4.559968253712644,-2.7751126344149974,0.13694088220768588,164
2.8664982545085946,-0.09336287364805718,-0.024112960074469794,4.880070506116566,-2.8153039577394883,2.5577802729104415,0.8919470697935797,2.3140022449087922,1.1276252968847473,-0.18671958441168007,165
5.528000922425385,-0.20837886850397094,-0.06905998362470814,4.4980434680382855,-5.486682659324547,0.9215744061002236,-0.48389640005116624,0.5300973046832443,0.3654164141767241,0.5103217347108309,166
4.089386039961934,0.04162914227648316,0.3027352773639308,4.75618389057789,-7.081248099475292,0.6774726679787728,-1.1590654122279456,2.0345092909574047,-0.25979767201832055,-0.059026969408140215,167
4.857906853347167,-0.5440656691603543,-0.0695910787946961,4.5870402227321945,-6.732281750762649,2.06821875837448,-0.9973922976312275,0.13067360487988613,-0.5810209005543836,0.32885460869644706,168
5.079145126973259,0.09695562320273265,0.037037241064968564,2.2550956835201146,-0.6254230021827918,-1.8146945004442958,0.399178007460031,-5.669289827654769,0.9305981348816325,0.6553032796553604,169
7.045016117673424,-0.7666784389480997,-0.22752722324998992,1.4513934673415925,3.208322812919591,1.6894213618302392,0.05383003440960086,1.9545132865482444,0.5037950442633918,-0.16786918853580265,170
6.569233217103726,-0.21641133849466648,-0.3258877303594173,2.1471299982994623,-2.4038017476584357,0.6791932613932757,-0.37706471618017096,1.7674789788856033,0.5400796569211487,0.6606182609346889,171
5.792161973925302,-0.8277036427588277,-0.22220331614319125,3.1443158306200503,-1.2785697568903283,1.0051271099984818,-0.27567464843505973,1.677376798256621,-0.3281535067928282,0.27674832419569045,172
5.87037016199768,-0.4936941686851655,-0.10743374934793218,3.4601312862639513,-2.6794023260266213,1.087983820297097,-0.5673800495730891,-0.8719391887861107,-0.040907140442121584,0.26279464366053634,173
4.746981303214999,-0.015282574648116347,0.1484965950025853,5.021231241154225,-7.107962770101579,0.5260420061896035,-1.3272609807159308,0.3003872642939721,-0.3946751723768343,-0.1152369291737668,174
6.624688820243579,-0.7398645152047651,-0.0380167726159034,1.2801410170053993,2.3128435577366164,-3.172454768551232,-0.6387548982446475,-10.296950402517496,-0.19517545499770866,-0.5185243227724917,175
-19.501356488152457,27.94842313907574,-11.232372619270746,-0.029582343191687798,2.9164341398256353,2.4521422482883515,-2.497365117413277,-0.20872578450499585,0.49136771239834326,0.3116434275447348,176
5.218006637990395,0.2342355595566507,-0.38271823465111277,4.797863944958607,-5.638472157115153,1.6279554628702109,-0.1809704160287977,1.6922293534747583,-0.18378318141257738,-0.3701088576759598,177
6.640574897311489,-1.002715956577116,-0.36512629158280085,0.7852412921144193,5.578997290954033,0.8669453667777386,0.6804586211724577,1.8738496641868563,0.010203292397284154,-0.3276860742519617,178
-16.91451644945176,26.871447365769946,-12.07583181768076,1.6363147134020835,1.788516531869328,1.4357163650220843,-5.586701244985123,0.24088215282235934,1.1764872051454578,0.12228165190833913,179
6.671613642945623,-0.8967344217579166,-0.17404505183264943,1.095416159177126,3.0546383423017582,0.4015538538920817,-0.17481936888185445,1.957647393426833,0.28953081313905477,-0.09874400071029987,180
-17.29131823080871,27.790475691701655,-11.80596830853082,-0.08770596136154532,1.4915141803020748,2.4308845225988973,-6.707642606260529,-0.9631909534477024,0.5334064068876128,1.1542282336531435,181
-27.512610498410595,-1.6381847378677543,26.1672011740457,-2.850498290203571,2.0350902250377416,-1.5214509204989326,-0.8699316795031334,1.7108851373418401,-1.087384309657247,-0.56377938423038,182
3.3533294335214943,0.10319582775649268,0.3215832551135978,3.158529558227761,-1.637295749288829,1.7446449355230738,1.5378185711907884,1.10325712910949,0.8086282940617613,-0.5729616272322453,183
5.1699312285642565,1.2795201879605864,-1.2962762236228864,-1.5216447859595634,9.903101354499835,-1.5664499177809128,7.681134094884848,0.6062853421123947,1.3416222844239707,5.860858595307567,184
4.844452518435849,-0.29940542018158395,0.0904062632173864,3.8596203885989326,-1.9513423427529326,1.9526952627589444,0.29831919418730013,2.6356033454024312,0.43317955231526084,0.06926741792347614,185
5.319232227761777,-0.6687187333763354,-0.14288021267840548,0.31840584470353395,0.13864450483212432,0.8730304153550044,-0.11627670961458866,0.09416121125437228,1.6510028567853727,-0.21784190935899908,186
6.211235691654548,-0.37804026215368874,-0.027243132211343963,3.956346812150522,-2.7564119272572722,1.3867379624912104,-0.4532213407375127,-0.7396389276303742,0.2601491927399008,-0.3560061313572341,187
-23.88422383801809,-2.7978588249833107,24.427704821030918,-0.5897895845079887,1.0171374588558326,2.2948723962932123,-2.444797227138888,0.8763560793374816,0.6260276100114802,0.39054231601923295,188
7.225197266360919,-1.050944976408521,-0.30328262051674354,1.8127778840037456,2.887792487530097,0.7304481392615608,0.19532756348245364,1.58285687210918,0.5824618274358986,0.027984225642369825,189
8.970881546724696,-0.0843779537992624,-2.458442983471658,-45.416414508771034,-7.769484300215792,3.820635463278536,-2.5848471806158266,3.860304108423119,-6.481230248280057,-0.3762973966064501,190
8.751388806978637,-1.4138733722092327,-0.547628622137376,0.005301851439686238,7.655563684374413,-0.10926509046919747,0.09179649163371092,2.048703198862686,-0.8346572939829758,0.514410862790236,191
5.908963662671638,-0.34503787248795503,-0.04748461893284942,3.1151938807023143,-0.8634275315638527,1.4769598471892968,0.45814918663627413,0.9871078469177532,-0.33721156332591595,0.034980597707592445,192
6.53421196073771,-0.8298274036009705,-0.4390136681643922,1.352371078153271,1.6864362656818217,1.1509820841552467,-0.10019100518403884,2.2138474167203874,-0.7461194157740776,0.0632851829845115,193
7.138295800012327,-1.1240928001095907,-0.285871002563548,-0.5961459829746225,7.002134846194317,0.15757858519321621,0.32533217191182207,2.324240776681367,0.20246835040922184,0.28811745516820947,194
2.8103412587779437,0.36599818284916463,0.5215332685781575,5.1042626597192795,-5.965808877893893,1.7466774636645555,-0.3619662831498534,1.698504845564011,0.3938763230231586,-0.13494940976145087,195
-30.735673205598935,-27.867216613173163,-19.57102633319592,0.8400161789950302,0.3992495039048585,5.357108041172919,1.0932912293261754,1.2508948501520358,-0.6450864174788775,0.8865240080298096,196
4.518389522155049,-0.1289615414305714,0.09933923363689802,3.745747245130172,-6.805361202274794,0.03199862532287324,-1.9342634949391786,0.19349183031991773,-1.82319219176929,0.38724374763104896,197
-15.169571579702485,23.37068489977849,-8.526130927786651,0.6751744695560449,0.6824433276236567,2.439516439329092,-3.480632601543346,2.4235646869956056,0.6159000992330482,-0.484455881163197,198
-14.740550444907958,-6.7266009247895004,-7.867990009861059,-0.8415628919851708,-2.492094488186543,-21.39952570664021,-0.14010663901276973,-5.852694438584557,1.0978954566774215,-3.4150609678457924,199
3.9454994732832245,0.5773969285193775,0.1744647118147728,5.399810175754179,-6.074556436302005,2.3141936448358784,-0.30188134475001926,1.7552575201458285,0.3037572607702699,0.3654523761756386,200
4.035192388862913,0.22580451607576998,0.41205526840017237,4.9235807318908895,-6.000642647668686,1.660560902631542,-0.06670520617142651,0.4787695977018803,0.8076574885416548,-0.07947693218945963,201
5.913393267486894,-0.7148647794073225,-0.02586664940045326,3.6150220854894797,-3.6417426621623177,1.3618546374284313,-0.9942108860368071,0.9418627537440041,-0.20805341915305364,-0.1777239980187416,202
6.9880392197387,-0.8256642628110965,0.2195859047151999,3.072232320575751,-0.29267514407116774,0.5740147262442153,-0.6085056136479524,-0.09923818821866763,0.048127014912929575,-0.1779363081919446,203
7.224025197035862,-1.290853711055939,-0.6435735191693703,0.7400354628713143,4.996656942004632,0.1784382218032963,0.08913626594862796,0.4860720207918527,0.2896546050934297,-0.06267120735927091,204
4.753230164332764,-0.30235103435461064,-0.25671669375580564,3.417905159389544,-4.998874084645062,-0.8150388712353328,-1.1269227746455803,-0.5448198158644632,-1.16858449804961,-0.2210954099334337,205
5.4496892974412745,-0.7297906514268852,-0.41892004032714186,2.992199414450656,0.7018151219221356,1.3667303442143741,0.28444474947332415,0.9942181155993293,1.248844934550141,-0.08726648165273085,206
5.095697508952341,0.2685306892666171,-0.2403322830147663,4.79153964781519,-6.670917328913029,1.3110036064703194,-1.2746053335041427,0.2832451315772471,0.2847073765718148,0.41391305894622576,207
5.530495926115413,-0.3184849113355613,-0.15193390178787936,4.569053631281987,-6.859481075998952,1.5619471330883383,-1.7732376562060626,0.9460127078107676,-1.6733054953144317,0.32430888971770516,208
9.052717871992934,-1.9152493093698393,-0.81860413471988,-8.225181595538517,3.7792600865967976,-0.5116367904475732,-0.3046391280737537,-0.5888315380745072,-7.552328336276472,0.12946362791926666,209
9.320115119826824,-1.6363937519728702,-0.7749226320258032,-2.354321153937632,3.6876862531649506,0.48748452364438954,-0.30759401737877595,3.034846810290466,-4.648687801610752,0.20380916140751895,210
5.403100227067607,-0.36395612722340465,0.4639170417501581,1.2904352403341681,4.243522120474939,0.30589731456510993,0.8452901283303715,4.078688104311319,1.0065678984158415,0.2333087034435503,211
4.984294154629999,0.14534775835876274,0.026204059894768567,3.791130807995795,-7.223733788982753,0.352279302917681,-0.766213575278244,1.5109512505159874,-1.3095016540312785,0.28043593085535423,212
7.144755981459455,-1.4533530749464392,-0.40540648862938905,-1.401656339546558,3.3295410721970304,0.6744684323834057,-0.10156731443239918,1.8360901967200984,-1.2451067852021376,-0.15729514262440503,213
4.382386057740145,-0.5132779892635234,-0.02365805727376947,3.6451448457511595,-1.1953461553089164,1.2987922979410467,0.5355377243897772,2.672272037360625,0.6039648361826844,0.26674901805865336,214
-22.563834744989222,0.010029532379595911,21.013151098965107,-0.8042143168999362,0.2026281704623485,0.31665464842196855,-0.48294052059340004,2.8221420553842065,1.0934708432056943,-1.3349905396657755,215
4.007257067578111,-0.2655142229682581,-0.04673113052874038,5.665345418898616,-6.541464407664587,1.654359658514707,-0.42141456521401693,1.4147467476394102,0.46965971677850477,0.3097045409280379,216
6.522966556894584,-0.7208604198176259,0.16835651549464042,2.023585177901926,0.8911220718531889,0.38675315772066926,0.07880663713313737,0.8916230329151417,-0.03086602484407407,-0.07930583317010229,217
4.417005535241009,-0.38346151835400016,0.37060136958643675,4.760886973484542,-6.812589788232445,1.8000108800053385,-0.21282352374121463,1.599037334531709,-0.3459550987016134,0.30215355573978686,218
-28.845752927147572,-2.255030363749848,26.787656714637457,-2.4417842558485083,1.9431339879097598,1.6537953711382554,-1.2919701115306643,2.571296672716254,0.2993211450574524,0.8546783545004609,219
5.152969243555007,0.21804905593415064,0.4727835512658902,2.010539030649644,0.9056147373194382,0.9018097949029452,0.9440866194519474,0.06891054535451863,0.4140769082347281,1.758708203351817,220
-18.286793117959835,-19.771828783290395,-11.269071910976345,1.8819397856073372,3.50208342109082,3.5588286615639113,0.8848863308554422,2.175915971723673,1.4029030095227242,-0.2778614505299626,221
-25.682168010352793,-1.1618552414802208,24.493684418100557,-1.7081614865857364,1.0226355931953857,0.9422351033028588,-2.183779668717817,0.7581556879916713,-0.22468348575370575,-0.8008729515530559,222
6.890716614585838,-1.2031450221554865,-0.4883331979937826,2.180303309202375,4.730968142104526,0.09800921720248133,0.6235678923971903,2.5573148352476514,1.968477667077653,0.012821167076679244,223
7.218237993282533,-1.2132149763646252,-0.5262296328751674,0.12885421340436748,5.946628805605917,-0.4822128768202571,0.25024321611931133,0.16637565203679225,0.15921347308791112,0.2334987678869828,224
6.775492902846747,-0.9002419130351234,-0.1166540044647552,2.835769486672646,-1.3344166452839061,1.232527054357011,-0.039399904293498954,1.242352556720948,-0.6950311885932701,-0.39029272663532516,225
6.052960040259187,-0.5824140469328956,-0.09003348256677472,2.5659618133026116,0.6071569049005575,0.9295834601989119,0.20523735828178125,1.4047900386027663,-0.23232413628580553,0.2275571781000832,226
6.906969646967142,1.3618379337231759,-2.005659511484433,-1.5636958634437823,8.481676452113563,-4.263267448047793,0.8310463330104161,-12.113534036140202,-0.12809765498438758,-0.7380136924788577,227
8.736401901967737,-1.177806097344664,-0.06761888870395451,-1.6156183280807326,13.420533643343143,-0.5970752519374315,1.1391262538463787,2.8278945865347875,1.8691584951396865,0.05315420475109753,228
8.474644068613085,-1.6857777756866577,-1.4268229908133598,-45.62648467578244,-12.576794933094451,4.404630116975659,-1.8709994499428166,2.7044889690235947,-1.321261108473493,-1.5206897625644733,229
7.976587681165587,-1.2637508233000283,-0.29387558532023117,0.5570138123319639,6.679328561619527,0.8197271809234281,0.6527982950584811,2.648016114205236,0.4184897612297551,0.3625551158052998,230
7.179634853246536,-0.9993588458058592,0.18072396276752753,3.075240768523045,0.7858953876420096,0.8320706787511738,-0.3074773665985009,1.37396363837454,0.7812804645307305,0.1432741566753045,231
7.544298130392511,-1.6902454737737425,-0.7202635919688564,0.9287782846750527,6.97524947409993,0.15736281140852593,1.0973970242713005,0.004201122363872894,0.966350796837167,-0.7697377032567632,232
6.711563482933316,-1.1975321489900201,-0.3031933091781046,3.7322665122481045,-4.818828070007698,-3.5183799523063195,-2.204158814289611,-10.540109601671585,-0.619806963660489,-0.061279572796804606,233
2.705830308951243,0.4600336374426503,0.13495015334918542,5.547895260643713,-6.7386610039298915,2.215542239151894,0.12280063157298252,2.604524472561649,1.118578601688993,0.3521835169485718,234
-16.15764343840108,-3.8738318295262317,15.009413242043612,-1.516393112596846,1.1861285887292243,-1.6725274810457167,-1.2919176179845309,-15.22608797023116,-0.6435041089468295,1.0978508126229023,235
5.407289734624858,-0.6338808716166769,0.486378852398536,3.299267019735275,-2.2258246147682788,0.7523498044742074,-0.39878957673415943,0.23327362673730487,0.08363125439459768,-0.22310243418757655,236
5.865200023291436,-0.16113027446345368,0.2296160699936644,3.0835128134571086,-1.8135279877709887,0.18368285159498587,5.515932964093855e-4,1.2588893922398365,-0.30811945897073173,-0.14704677636532634,237
6.815333831369382,-1.0094422385861415,-0.2335280304661092,-1.2069684023775258,6.141866602666384,-0.338201056649581,0.18638175441659025,3.22294425570572,-2.3816048449585434,0.06855536046399767,238
10.01028380806241,-1.8737064021880545,-1.6463301762531362,-35.47276645396752,-2.5143452980427776,3.1618808628923056,-0.8498297343080371,4.748678911032735,-8.860342782529845,0.20558639626541636,239
4.631335100508151,-0.3682555226314057,-0.05239053568317343,4.437446805600684,-5.450700462502968,1.9510123526059018,-0.7301322504496729,1.38788349810099,0.03757045500741024,-0.11205812206299176,240
10.22607747820187,-2.274060258203605,-2.1943691144526736,-47.41723748357973,-6.6148776927615165,3.819085163755906,-1.8065715709929924,5.002993999868832,-7.099425597969837,-0.633564298506308,241
-37.79797142508516,-27.89240342731057,-5.749554456046392,-1.306238389119007,2.3811844565337545,-3.5688456775650135,-3.2226965067118964,-6.239894117450906,-1.2396468156203966,-1.179516122475451,242
4.949568095429067,-0.09519233561770747,-0.10952737540088314,4.5989067216521,-6.745274216312235,1.0926700204788038,-1.1930070093030951,0.08819050435362921,-0.24988021391722945,0.2448358919432709,243
5.742700304513648,-0.47400861086420965,0.47338235916520505,4.405480712400691,-4.719950021259018,-2.3366709504821572,-1.4115572387351079,-11.633141675672476,-0.203320003882371,-0.5256307689427993,244
7.622435216114321,-1.316597731411609,-0.5741832204103432,0.8622058086802511,4.430034038274352,-2.4758967377775796,1.1027036891199466e-4,-6.6210607754248105,0.25408324089590945,0.08647239553558014,245
4.0092559147843065,-0.28399377679051985,-0.10132779457077973,4.18987951687993,-6.048095179832717,0.7436661048936202,-0.8320481844795575,-1.1776931029412205,0.6374243758243795,0.263537734968486,246
4.569723295303633,0.1326369155933811,-0.11580396652819681,4.32252741010939,-6.003155030976526,1.2490728978076948,-0.21773101203625048,0.29267577013053697,0.8690514041415678,-0.5614259243521603,247
6.189033632271966,-0.09552121465633669,-0.13074417832249707,4.536945119421701,-7.1082340386643255,0.2778903974704435,-1.420493890199345,-1.2495508912800841,-0.8343595367561996,0.5824819689702285,248
-21.65123909139628,-1.1333960694331517,23.293266822275122,-0.07213950724475356,0.49868078749780725,1.3177267987830577,-2.4116033897215376,-0.602172887705826,0.22497225429568926,0.952263923871784,249
8.047728347679788,-1.4051847741356875,-0.15694295283537132,0.27379724511195946,5.765039712744145,-0.7352909114479879,-0.2799647804654004,1.8206528544089469,-0.023671129116825625,0.03053535530348173,250
6.202969924664238,-0.3455820661324799,0.12809741486046167,2.0037438851644502,4.175163563717649,1.9394871058922794,0.5211638605728214,1.6383966664768865,1.3046608137080205,-0.10935633969124062,251
5.539911900180796,-0.6377661334050205,0.5525664122038306,3.7030113148163766,-0.6003495836808169,1.5918615151451467,-0.19807803077114056,0.688458993046277,0.6758398296838853,-0.04519413339199049,252
-21.276379688819457,-1.1022395059386492,22.25076376247584,0.19937406967440355,1.0420483229785635,1.2429926985178281,-0.414278634202965,1.6977492161007497,0.7969511228674998,0.574252339940499,253
6.179739071897443,-0.9875022282600919,-0.1867758704251085,0.916157165536269,2.6294478973976814,0.16859297210069685,-0.352546583779935,1.6985250171134971,-1.3362188772334471,0.05818148023377098,254
7.921074903016023,-1.6471842404540786,-0.635254314992962,0.16282861670991333,5.98369554654628,0.16260784337263962,0.1917412182908773,0.8530534459095482,-0.8822633311804814,0.12181898620507577,255
4.764195314365292,-0.813260269306113,0.9942091826986694,3.783934254976037,1.6355359470407156,1.898727359403669,1.0003947703154845,2.874777223076821,1.1230606455886625,0.29165786044277064,256
-23.420338569569147,-0.24607489954096595,24.17036843476175,-0.6307449535111763,1.4651347664592287,2.763880208319149,-2.2448679619159533,1.8827301127983418,-0.25880831368162915,0.6442609520855325,257
-27.872107147754594,-21.915357915987833,-17.647019654122257,0.4810197409519002,-0.032795548878628365,2.115392805424572,2.3449761553476063,2.1609780295621674,-0.7746757598911223,0.4003597941918285,258
3.6990341557563227,-0.18154086901550912,-0.2194764635535884,4.160797828293848,-6.02794627301271,2.2402517043069885,-0.31708989456870196,0.2811484244038512,-0.3782437694117774,-0.016707114604646595,259
4.676073496072718,0.058468803726802646,0.39588406776618495,5.233156212379115,-3.99941411258732,1.8942069627533245,-0.2635590542211853,0.37197087214582814,0.8583816227568124,-0.19090715408459685,260
4.840422289790911,-0.0033277840474257507,0.2601040089070706,4.807091416522171,-6.651188451361673,2.0474344849618364,-0.7619141742228316,0.1882847607526205,-0.4972305494357839,0.27027205807257454,261
7.736040207721992,-1.00205690494516,-0.16600146066455002,-0.5404424524895585,9.086334856538516,-0.26770598573026183,0.5555004169994816,1.3061087366330022,1.1537648293106755,-0.22956629171119192,262
8.074012957298757,-0.9729119503689558,-0.5122906551428954,-1.9518003064874956,6.419504353318428,0.20854144328786103,-0.5341842554697033,2.702696391771461,-0.9761994090637058,-0.0951476754151364,263
8.82662032997567,-0.9956281526956713,-0.21307977565139202,-0.9927407310597232,8.946795776797916,-0.44321570568478225,0.43624446163509534,-0.15935941000269033,0.14028048016771427,-0.0381596067341015,264
6.762167394946104,-0.7772892923871791,-0.6066625342878584,-0.5428859962989325,8.54633543434878,-0.5119670254193908,0.5180253116234644,3.8135801224278243,1.9866332477914952,-0.35393817586262394,265
6.077489705857843,-0.45367408828619266,0.04530889629583309,3.209730351787376,-0.4552999218295063,-0.4065901829905028,-0.17247138750996938,-1.0167417517239044,0.6580490875985106,-0.18605846966186607,266
6.579209658170694,-0.9282859217490755,0.12190746242751634,2.1886029314459114,0.903647432867865,0.6037265947155334,0.15804749370455023,0.7129657105320558,0.04322083785759637,-0.5711488729871852,267
1.3505281243555036,-1.873555812288194,4.596836881149808,-2.276465424889028,8.319957621373915,-5.539519611823373,1.0812567537961515,-14.956690572064106,-1.019824180868513,1.4390409773539274,268
4.3472755470924405,0.4163413114320473,-0.1597751915373896,5.821609253066607,-6.830811267534496,0.2595851704602092,-0.6264479013467196,-3.5356957677425274,0.5986401816552671,-0.019151908941229222,269
7.0442924118237205,-1.1986051870992716,-0.18091763491316645,0.2728581520912292,5.501722974673486,0.023160154124861863,0.05411048232186163,1.4604119550608718,0.5744155578357658,-0.26365406837609456,270
-26.020682252314753,-1.724570416312089,27.435189765377267,-1.7712854305684138,1.8410954925771925,1.740058461362774,-0.9985678450519682,1.7748654671438373,0.2965633802958111,0.32769824696536287,271
3.1962876565907274,0.2706153138074489,0.6477132988018932,5.319602514156309,-6.771763459785795,1.4923977302611475,-0.5852643321283785,2.0160832956441355,0.3031778256691704,0.33081843171270536,272
5.755854000708025,-0.7942957407502641,-0.013277565335622509,3.8072444299959085,-1.3307146918622326,0.26605007451942864,-0.6232707161157373,-0.5951673405553616,0.6138058133998339,0.010315905677515868,273
-30.859472727733046,-28.689997357526735,-21.76936252253381,0.4665622359981081,0.5851792203802233,5.75859551964459,-0.08045047738858709,-0.21420139240851183,-0.13227143879489417,-0.4476330695978215,274
-18.20199969660608,-19.114662444384372,-12.151165181132908,2.0601075567251326,-0.31480591867409247,-1.7627079653529645,0.3350755136477403,-8.30393014909472,0.7839453806315789,-1.176855755310118,275
7.8572819962892995,-1.1921434184140616,-0.32734222954337455,1.1387434174985636,4.329355059980857,0.34261627555936375,-0.28291283000007167,1.8166332271049013,-0.3007565509431596,0.20327162370818497,276
3.7416661738096644,-0.5213099129651136,0.08916449742955024,4.7184199687653505,-8.152527989946584,0.4830917761787027,-0.2156687986680229,-1.007328502850415,-0.6745095416998755,-0.008930385346561247,277
-25.089417964096164,-1.088143567033188,25.149020470844665,-1.0603182093066204,1.4734401738533884,-0.5576478417651611,0.27272452964471283,0.9322434731062988,-1.2091314610253652,0.9356846545754948,278
4.412132808482986,-0.01730476706679331,-0.08161993163662194,4.348177150880083,-5.259815056307989,0.20239313665059103,-0.7046088732973731,1.1804569157200588,0.18373426781897875,0.1763177363418302,279
5.601373122785497,-0.5313040729543338,0.11117821950220497,3.668012275920152,-2.1254423788959476,1.9495321685110762,-0.6353020453872077,1.2146690883211035,0.21428597227404408,-0.09894292025982065,280
5.9153952328368256,-0.20595793605363683,-0.2023322683771214,3.394970623711949,-3.4979783938572737,0.9624978044353175,-0.37060899327092256,-0.23602501725818764,0.09963213527275196,-0.8165715590631497,281
-31.899951399089563,-31.543687097162763,-23.710107116617976,0.09049273493463825,0.900764258178234,2.9334278569434225,-1.656370643866665,0.9082533890443573,-1.0782790917808531,-1.1725764711355025,282
6.5682716481539005,-0.931513804246879,-0.2217350302475446,1.673235101721282,-0.4054688629012498,-1.1802147796452798,-0.8298520841256181,-8.068687540422626,0.5275647828249891,-0.30073892178170347,283
7.036729209077258,-1.1859273098262415,-0.3849732894224604,0.36650118439671014,6.860280558239661,0.3903708687396142,0.7712700176923045,-0.6465329353696372,0.8189232885012903,-0.32719845325348423,284
4.480147363838798,0.14434896947169595,0.10815959007278625,5.544409347003057,-6.767230963954887,1.5196923557856792,-0.6148639386980734,0.755678341265419,1.0530288700039947,0.15501610248332642,285
6.37422177552201,-0.24389425266213907,0.12166168462839513,3.267935379171237,-0.7962849173373339,1.0460193929262467,-0.310728493774068,-1.2340398711105032,0.25107782842226883,-0.12603449243047782,286
-23.761726223621807,32.05682717225822,-13.891948641772139,-1.063909368718744,3.6952162490673737,1.2763950616093522,-5.575283348275435,0.13075600250673236,0.520158841241898,-0.5592539122337077,287
7.699003049211085,-1.3462890713963447,-0.3115525232877392,0.39585686832049977,6.861724303688394,-1.8917058090110102,0.3585484083462281,-7.021150445529618,0.4066909097789998,-0.8564535842464246,288
5.670834844121414,0.17816459906250856,-0.26947446004695447,4.377166291244425,-5.98798076924554,0.7003860224081353,-0.9555106941266633,-0.11230646697414157,-0.6008734896894798,0.07462173287644822,289
5.1133760459485,-0.16123873843743058,0.03818847353229294,4.365955155761403,-6.205409927008483,1.5692940416890027,-0.8430037772140422,1.1368261995377131,0.7166246229760145,0.18561224693211664,290
-30.608970688446448,-23.135385513353274,-7.163551854536748,-0.16931676579690422,2.7289902877993764,0.7774585588279711,-1.6982907700932268,-5.982644633046645,-0.7077308042795,0.23052853786554448,291
7.719121001179946,-1.3200307709524048,-0.19155311774529027,-1.1054051746915061,9.092360731275194,-2.118991631468636,0.5652174966550901,-5.09803914376149,0.5934726660813404,0.636261785558166,292
4.221498047661052,-0.30597261981715335,0.04599887492942911,3.4982987661036278,-2.110332276782361,0.8635907645933685,-6.775081742152576e-4,-1.184076046287964,-1.6062723489676511,0.08416742849900166,293
4.373938389316665,-0.5253561106103672,-0.07050699981137269,4.22632325160804,-6.3974984537559365,0.8402719409445769,-0.9747881318428757,0.19783565219337887,-0.5810564336186985,0.8316516391708526,294
4.2726486015211576,0.4516444217284301,-0.1113770422170152,5.948493678340927,-6.867209317424698,2.020723292248519,-0.6361457509981667,0.7048051200434909,0.7146470602380189,0.01953919652324645,295
7.5249143053862815,-0.9321015893597425,-0.4012741877718197,0.5598508847632035,6.927434291041073,-0.6867364151138382,0.4564401265027079,-1.227657834182627,1.654202295031037,-0.1761468710448724,296
-24.315987028366806,-0.41407608506721477,25.024997524334754,-1.7796191412161457,1.7133020916747805,2.35730919713406,0.14132690954938443,0.7546844331138769,1.819518101745904,0.3544059435172351,297
7.853398326508444,-1.3474063656930302,-0.6415480139778824,-0.5529536876674024,6.810547014437418,-0.22529840132594176,0.2992500457233542,1.0062906024469789,0.7473357038825655,0.06610721053226012,298
4.986260448963668,-0.30013838402133786,-0.29307417360030685,4.656802110975306,-7.3881302753530385,1.501511778768169,-0.7034697492570581,0.9572458165612288,0.2064845090214592,0.06109491410558584,299
7.774020822217762,-1.3065110180658084,-0.7398706301563722,-1.9163845803838357,12.880760919384805,-0.9629835467925077,1.543867268413856,2.468344564002074,1.0059587794218423,-0.0821011350209375,300
6.810986226685439,-0.8059541644162189,-0.055229028894483244,2.8474877151873943,-0.8979986489510391,1.0673063449227875,-0.7184966145030572,1.2627292550867875,-0.9974025421679358,0.11664284095712148,301
9.65580907321014,-1.5719513784870767,-0.5760954742588335,-14.944530867306122,4.843892057026282,0.8608582571703542,-0.07670336064935512,3.684842395167045,-15.251724209277572,0.5247453407635753,302
8.273212130394192,-1.1991567699591423,-0.17012017455641074,0.7852674125626676,5.033197042271928,0.38435848664810235,0.08115527482356939,0.5898343470601525,0.13578456955474474,0.044465208342083486,303
7.220440534750586,-0.8011177431290099,-0.24943599777438086,2.7872691530080855,-1.1063367244292206,0.5505918331737765,-0.6625959805471677,-0.23486930626085473,-0.13083495860632735,-0.14850932520796592,304
2.5651143208569476,0.5041752862983828,0.3782210493808068,3.0885941192040054,-3.406624872710167,1.6744082098226063,0.8132959667266547,3.965727611141005,-0.6785112285793139,-0.052543243343185976,305
8.7180198600029,-1.181711936354352,-0.4412755677778547,-1.813101794318514,9.81048316206869,0.4751561139671046,0.833955495989936,1.707275208961903,-0.1934074862383043,0.020261520186511395,306
5.308406951129713,-0.6061482464220072,0.3536943497681741,4.076444696000234,-8.48432855288583,-0.07295744039136419,-1.9202250704062167,0.04432629279394477,-0.9830884685188808,0.04057266580209758,307
-20.970221524143962,29.36538520239033,-14.193357836781061,-1.0315728615264397,0.7157646454894405,-0.6249943488655753,-1.3649081877498457,-1.0544349971989482,0.07444404580979401,0.378772115302706,308
9.70846411672983,-2.418393324961315,-1.0660228122996902,-30.139599172744038,-0.2110094886727086,-0.8659333129197868,-1.0930027769504693,-5.6849877076803566,-9.372367476220296,-0.28093642597705054,309
5.358161920966596,-0.2321604079883872,-0.18333171057340855,4.282391290410979,-5.1344536599438655,0.2708869760413831,-0.8946281666372843,-0.4491376409406584,-1.12030281799641,0.4021242635947202,310
5.306161520663247,-0.23958764765163917,0.12196730734224692,5.561460931927735,-6.244133659110575,1.3442359574802265,-0.6366990828299538,1.1340577730299919,0.0498623142755485,0.12690082029501523,311
6.500293181515849,-0.8447550267519592,-0.27098696317197174,-0.0010866518733951395,8.811053647851118,-0.08472777511722174,1.913024489459026,1.1437845872235952,1.2366764177534668,0.9174008031586015,312
5.705625883372459,-0.2046577065077857,-0.16802745175861378,4.403117914649123,-4.608067263153659,0.9504525962613289,-0.3391868753469177,-0.8993358409394254,0.28254478316211235,-0.7518541312811885,313
6.44061154294437,-0.08326184388454179,0.07033453579753503,3.6382464476313645,-1.1318149533757254,1.8015676161010592,0.5993480095834878,1.6815652244908401,0.5471469514604747,-0.022902548571238267,314
-19.93823897156379,-2.0220239003135236,18.73407436217238,0.16161828524544336,-0.5832239787283625,2.961664831430253,-1.6076758090421601,1.8011266922456215,0.8864883064507825,0.5476920459972875,315
5.360026731102948,-0.6161134111406323,0.1307179578794875,3.689212370062929,-1.8522051338035996,1.047457858247193,-0.2726757207300334,0.8555094573055281,0.7025183638567208,-0.1842328548785994,316
-11.390458111140454,18.236521002782077,-8.109354578901755,-0.5834072981840941,0.7771261875692974,-3.8081942243007827,-2.2748729912553003,-13.282086891800915,0.6138418690047572,-0.27109119359434125,317
6.85208414836228,-0.4600539327151259,-0.7148674925949196,0.6929277993714931,3.9591389413883427,0.42103710464616745,0.49089621814296214,0.2629675937501146,0.009985279792899825,-0.04487211901893704,318
7.7994621518301654,-0.7463403939302576,-0.10592678233858864,1.0034238855213637,1.78823038107527,0.5712677721439605,-0.526532498382148,1.683694754843204,-0.3040149449629504,0.16872457075461,319
5.192715078001878,-0.33229435738998053,-0.0770977396142798,3.390311950580279,-0.6230531255387706,0.8674056743087448,0.052734232135191454,-0.8191744951184639,1.084830041186377,0.17805926937169078,320
5.693415528885462,-0.14444828814106125,0.03190567046873265,3.8722243199829633,-0.9311378860035661,0.8010849829567809,-0.163153479827691,-0.4874403409398888,0.3398027089662305,0.03387069525352983,321
7.632584896899198,-1.1069158887136212,-0.6835348128665564,-2.838132173828953,9.752513347011309,-1.2640813697035385,0.2005158171788342,2.5396130239850714,-0.12219517212716195,-0.009704070529764073,322
-13.70547142900466,10.890341312662013,-2.9546240682359217,0.7129123418111775,-3.8794921636765944,-4.781450429914733,31.27255604971036,0.03607396682125449,1.0997941140216585,22.223145267305988,323
5.243001801049883,-0.9122281105327187,-0.29478706120427955,4.7982981583954265,-7.5307901230391385,0.5018963861224571,-1.4651520935563402,-0.07609711838018939,-0.6404640768113266,0.0571677221588475,324
7.40187392250446,-0.9536315893840063,-0.6042549638181199,1.7413086589808138,3.35820043846249,0.6993793756337144,0.23608114039787123,1.1778898782331881,0.0022462049803045046,0.46499472501749123,325
8.34924699388066,-1.3375714126408424,-0.6369459241013741,-2.1334076898840855,12.86890290860703,-0.5545256136006861,0.8097859115019681,3.173171391916508,2.293806598004493,0.4974113307466967,326
-36.66230516560273,-33.390712838159665,-24.264455914980513,0.23633745740261872,1.6679521976859917,3.806165408805755,-1.2599987108785529,1.5580301305234339,-0.27011265477959656,1.141473141835649,327
-10.884833729691247,12.813873915873742,-2.3916651232049877,1.3685726823553506,-3.9847803157131403,-2.6060006859325755,34.718227238242164,3.701176262088246,-0.606704618762032,-16.105711355945036,328
4.876537849330868,-0.06812457875018947,0.16590851941607168,4.189170149123773,-6.16151120855843,0.747359669110302,-1.2473536127658036,1.3227126435563423,-0.940932902914178,0.2947924184327554,329
9.24965610951989,-1.8238546181856743,-0.4961545575865895,-0.9719560810302591,5.9466179490779325,-4.071125319019121,-1.140721668446331,-12.585128079547673,-1.4387539848590603,-0.1217989369052478,330
4.845429277216993,-0.20205898987039989,0.27642347296874514,4.317721050143064,-1.3297142678325036,0.8819325959933741,0.24060388189301216,1.7582991191477648,1.209706568985314,-0.06752880222532252,331
7.305453293882097,-1.395314083849465,-0.6871493941197155,-0.52461359627829,8.895923171623714,-0.6037168026954706,0.5817731166126642,2.6905544217416693,0.7112539956107841,-0.3273426404836925,332
4.09753734184542,0.12509739545367374,0.42548790434440975,5.471209244364284,-5.089081230050947,2.625387002165309,0.7969310538920489,2.431506485629537,1.132057742318842,0.5857717556983866,333
4.245269243842326,-0.12656839921349627,0.4258362915651279,4.825319977176524,-7.051861394478809,0.8022499380374641,-0.40459490072954396,1.6957238870586013,0.4278776009239003,-0.1366784264360933,334
-31.91902689171827,-30.202504910654614,-22.745365578912953,1.4465636314317247,1.0120110820475166,1.8932280285769423,-1.497719735671722,3.0639401742417354,0.33951574801160506,-0.8106212629057409,335
-27.759350088590892,28.605444521131414,-2.1124003194286707,-0.6937193430374612,3.245557667210947,1.4853137020780296,-7.257799703213465,-0.7435083838187012,0.2617790514329534,1.233709331911674,336
-23.998582285255935,-1.0504598806837608,24.64758329861357,-0.7171700382397553,1.3507628299607828,2.965650218214251,-0.691327238066199,-0.24827017481329197,-0.455140201499692,0.6767455654600284,337
4.998506369109247,0.32853280385142436,0.2601797449371773,5.320497213170276,-5.551720645688388,1.9425849025810151,-0.37207733312556385,2.006376060427847,0.6171501563765127,0.10642913170868519,338
11.539458702117585,-2.3301604348751765,-2.1960312074751,-44.38633713947163,-10.05791991082813,4.979844191226279,-1.9654629117903015,3.788440591545749,-1.4073220482465596,-0.28223024464344676,339
3.504840421572785,-0.47436476132497774,0.25327404162672956,4.434602433642812,-4.190146882233845,1.0518641161428053,-0.3626295995421418,1.3195443473251376,0.24516594253332824,0.012864195733775301,340
5.897628892256504,-0.7125338510844219,-0.20792612380997602,4.029016837157773,-5.937875457887432,-3.805937515033129,-1.5676516005374455,-11.730049042550116,-0.17587707194354066,-0.28686526313286953,341
-23.22454663510828,33.600815851547644,-12.945427996561975,-0.9813725684686526,2.733820205009667,1.114356749180422,-3.215656762534662,0.7558798185573847,-1.2222827694401506,0.5787212216051181,342
7.669404963853813,-1.215991616495307,-0.1220271780178904,0.6188434985133223,5.207080003479392,0.41657522667775526,0.4582548491104864,1.6084888821768384,0.022758325406092638,0.2444327951240739,343
-12.965453294927851,11.875267818444373,-3.6910360669806255,1.0583303450058468,-4.391654586268283,-4.8497234026026,35.80411854270858,0.1641219894295847,-0.13873516222645227,25.78209720351899,344
5.932537521758967,-0.6904673103838636,-0.11701401297665885,2.8770759231084893,1.8987116421132104,2.0765630261462142,0.32760944434467837,2.799949098185127,0.9933782753288496,0.16503084581244915,345
9.196043785115076,-1.8242042865696295,-1.1053916016564485,-23.664555350574044,-0.20142706460253226,1.1136242503007812,-0.8108129721208434,3.716593009421928,-20.586250291277924,-0.12641177369846113,346
6.943453002927241,-1.58429722447747,-0.6943447423177889,-26.269470616360362,-5.167508394496938,-0.1471905915689624,-1.0739525456026657,-10.816679483506777,18.0465510232792,-2.1581589088845816,347
4.966078333073733,-0.42465717193200997,-0.010940366739282144,5.691261628935339,-7.688750064923327,0.8332434086865814,-1.155150463141631,1.123313088343723,-0.037109734859745135,0.08017128174305072,348
6.383925403906105,-0.8556042232431416,0.1339387400301839,3.8399514089639006,-2.058547870357585,1.3373233559115383,-0.8388982295822728,-0.1297856947376791,0.5056051356335933,0.108747730226837,349
5.458686745633291,-0.2961250195076444,-0.13910525313866057,0.17174198098626062,3.4049751160482584,0.8132282692667997,0.9401760947057547,1.7996719131833407,-0.20885148648249993,-0.08786517695466534,350
4.731500855414294,0.06403046542166918,0.22214575319755644,1.6450313930024603,1.665353722492453,0.5055208674998004,0.9932880062995457,-0.7724704352361125,-0.8703819040156295,0.5685438555775072,351
5.365555673354942,-0.22560836519523642,-0.24186294346178694,3.9086294200981997,-5.575319701285503,0.06088541284472406,-1.4096692445257033,0.48426322561520846,-0.8684508420767285,0.23859958560520508,352
-20.49197908182947,27.99083898677819,-11.38530152793203,0.13169640295573332,1.565601070547698,1.908221382099848,-4.973394188107763,-0.13850315678655858,0.5786844031112567,0.17517426691963975,353
8.027526988892157,-1.1529467399417908,-0.33797825381334395,1.9346704707425026,3.628637078802721,0.9750319765193323,0.08461390717628704,-1.528863052758812,0.3931448571051628,-0.04579377693415466,354
-26.806732941922366,-1.2050202865198503,25.688831679382673,-1.586059939583374,1.1885551931439582,2.3336440856589484,-1.1226963748790222,2.085897750441823,-0.44799270729235513,0.7730622544988488,355
-13.82770060954884,-8.612928863112439,-4.368923296984003,-4.019218968381423,-8.762534168719124,-94.83661561841524,-14.439863676232147,21.505912016685663,2.541405967618875,1.7943378907989294,356
7.156681493763577,-0.5667071778077364,-0.09588486075771704,2.963088099866734,1.3071318189439938,1.3699840733944004,-0.014650654530742895,0.4506619094401275,0.5953395555649665,0.09658507823458756,357
4.237107453112989,0.32876298016606514,-0.21739829569184843,4.401130126114252,-7.295676739959065,2.0986898873433355,-1.3333283468392738,2.580787278058695,0.38359488703968764,0.19709385347995545,358
6.021733121591665,-0.374434347604266,0.05022746707634228,4.0601193541658995,-3.837516513193803,0.2033001553170956,-1.0425696359982708,0.1406783804493994,-0.4092390080174386,0.41346798218719133,359
9.118035221564785,-1.6181420030142915,-0.48339259519662736,-1.1428594240289793,12.449135056353322,-0.9861439669319739,0.3038082794089958,0.8611805157183023,1.3551222895135475,0.08526537767698524,360
4.762753620403334,-0.15747599327074085,0.3975778276175661,4.164205931443055,-3.6922818893200042,1.4122654614831036,0.10193579540904618,-0.17655592645637777,0.17227398552098128,0.40246309819515064,361
7.167732378233273,-1.3332631159885067,-0.12687187093185243,-0.5159512294420998,9.706034611187189,-1.1477451372330603,0.6970905335444559,2.4558762462581587,1.56835777855619,-0.05636221702138865,362
5.016559691433166,0.16266108878889435,0.3191414638131288,4.123831088051094,-6.803505668950327,1.1492630383668534,-0.9634343987465633,-0.18861037737092282,0.28932374295185587,0.37294793682891086,363
7.673202201480049,-1.1485786547526866,-0.5550465731205284,-0.2088657467628349,6.247363724917676,0.5426795817034293,-0.031204069859570728,2.910820218837862,0.34139804130332285,0.12021932714824275,364
2.289650972507564,0.7544868368510433,0.2979519765433846,5.49890866851789,-6.408978082502108,1.8127252943384773,0.49689705340473994,2.516280252903641,0.7569090313746514,0.2228716125152384,365
7.704152073931878,-1.8564533925283475,-1.5771582876598707,-32.75765926997725,-11.711722649651687,3.6260147010836694,-0.7764964802813265,-0.5655555958644389,15.204152460886274,0.7257821323692102,366
-21.51661190039889,29.595665176509833,-11.902538428090637,-1.1473620145098977,1.7192626153911603,1.0884264383833553,-3.3119684575198414,0.5155008674696665,-1.1089437516763772,0.03746095513874156,367
-21.62003831810245,-1.7527855424657797,20.97795856951377,0.5241520046008745,0.6863088156400688,2.58829944133923,-1.1991616054876515,1.7833833688661587,1.0067789452489726,0.38359906722241893,368
7.3588559723185,-1.0779025119460417,-0.3036423532689221,1.205476465259756,4.447301593882681,0.6287716076015811,0.21858979001074547,1.6314427186842033,0.19894281738205988,0.2824399149004397,369
9.254966973950301,-1.4450643228871913,-0.25737028610677254,-1.7588745244468396,12.368672169176959,-0.4519086275067727,0.512292688775167,1.733005845733038,0.464478204176787,-0.3435911079491618,370
9.013600576188118,-1.5213497775052882,-0.976765043146397,-1.460281203797086,9.29965416938111,-0.4175748048071912,-0.03794546394596763,0.6195215442791879,-0.14251763558953406,-0.011695916444872523,371
8.235182501018066,-1.2827690515562804,-0.26459254050619857,0.25445309357124346,5.201310975732706,0.11395794897477907,0.05606238616523631,1.4818430653371168,0.21287278588444328,-0.2157270651006127,372
8.398043278032736,-1.2195708836943635,-0.39435299086366493,-0.6361213521347732,10.115625409745443,-0.2930361533928427,0.8547762240158056,1.0815872890297051,0.8786280227424001,0.019107041337694124,373
-19.40613495713691,28.90657878563439,-11.827155087221811,0.2715118806283935,1.8588971099976839,0.23479666918474043,-5.168866681797276,1.2511315590988352,1.6201637361889965,0.6588013145722715,374
-17.77469051877544,25.993637671520588,-10.450614865993863,1.3801595171204952,0.6953819043581223,1.6462232418391471,-4.267253676883152,1.9928169946846972,0.3836915296235611,1.130967978871662,375
7.448501023839659,-0.928221320908307,0.05516275256451628,-1.3619135407406613,11.62118456028537,-1.2148952794928962,1.6442850785365846,1.8165599501338345,1.1852263494365476,1.5672175333810792,376
2.861151416923375,-0.1546579273345568,-0.3802966006438712,4.768777534957566,-5.305586955339116,1.2831923851263949,0.19375683115085351,1.4757838718711551,0.985997341973214,-0.9891684437709716,377
5.660081814017353,-0.5028955946426388,-0.1234454973376396,2.6499395521407614,-1.7183045970498694,0.7382225500764094,-0.07590375100157809,2.177310124033817,-0.3224003888476963,-0.005639308280589723,378
6.361629749502658,-0.8481256421005797,0.08054789389379101,3.3544800265413874,-4.073175232949557,-4.459012798110978,-2.121916131950755,-17.721761065246433,-0.7929398713043294,-0.40764888550317613,379
6.172916435588447,-0.4720172215795423,0.1307225662697602,2.920726794833213,-0.8476300282291662,1.0186014687922127,0.2942127044966727,-0.2514032116494565,1.1741649801488052,0.5927833525141388,380
9.21019078423704,-1.3198580758552443,-0.8091574665899369,-1.8399256165441387,11.376866218541762,0.3540823024081155,0.35832696085897975,3.2516571987538665,0.0630525655761976,0.0637526679378844,381
8.026766797425559,-1.2485262774504948,-0.15520349531209424,-2.6907403590534984,9.982276467502464,-0.3278366062690243,1.0804616349373395,3.282261082040469,-1.880747811427784,-0.01351754971971457,382
5.873972949841605,-0.5214210898948876,-0.1706241795792314,-12.688139793216259,-4.947870368262458,-0.8528014920321171,-0.4740798397042255,-9.451143714905438,2.9131605772932754,-0.4356354163854083,383
-31.81980266679862,-26.06831104465055,-12.670858059032952,-0.853555881230115,3.006322128218734,-2.4704044102646643,-2.4037744529531277,-16.31573837204486,-0.5535174494649924,-0.30569858127713484,384
10.32621681687448,-1.7695796804877002,-1.5613233291096518,-44.10595483407875,-6.5937931496555064,4.353500085383333,-1.0498123965586623,3.558414880202382,8.0952247190613,-0.6155102033108923,385
9.34840398844286,-1.9456481879754344,-0.9382646394120735,-4.676618479303426,15.857104291804468,-1.62646522173488,1.8184263742675493,2.945815581167776,0.3663283063793599,0.5245566187686049,386
8.077788653299875,-1.605406000480476,-0.4917594983718027,-3.1483680191833674,13.207546282204644,-1.2200690515536035,1.669258994518318,2.4447516419011377,1.780299506437466,-0.1984426557105026,387
2.0423918774619447,1.0272615675707,0.3220700109564652,4.13706318375991,-6.186843761557332,2.4735274436996346,-0.09387304246763083,2.339378122293078,0.8179809354378528,-0.30180842013914605,388
6.175324467781778,-0.8694685160271809,-0.20946311608438728,3.2980923484369975,-2.951067116353218,-0.4901379408754283,-0.7273885321254042,0.6321858877456982,0.054423106563945674,0.11204713129639673,389
7.715282778262359,-1.5407255337702641,-0.5056049110982858,-1.158876689764172,4.876356123391015,0.25175376837763896,-0.16531399419354487,2.402471209848194,-1.156164471118533,-0.18836251777747462,390
7.6466751583939905,-1.0288359139382595,0.02646742492644723,1.6232890481623956,2.527387361521151,0.872077221105587,-0.04662050693604782,0.8449459515609163,-0.5293254313389916,-0.29847315613910547,391
6.815164790366673,-0.7316947806067228,0.11505608289094597,2.5024138955695454,0.9582227017435699,0.5217576004336569,-0.11744393918930185,-0.009110440515163423,0.25697054904119876,-0.24682801724439632,392
8.554691959182943,-1.1455119273372785,-0.4828986819693594,-1.3224577966244746,2.862632997738991,-0.7987832385145247,-0.3928250350400823,0.8929759410067484,-3.10045407471821,0.5485811586285898,393
4.662164255959442,-0.3406189853621126,0.3605712742578389,4.2400970065203,-6.474532649658172,-0.8696367021990576,-0.693487980052677,-6.078726759347009,-1.1798387747912673,-0.2155324475415787,394
5.7640162350670785,0.1588626171822756,-0.22928087115843468,5.62966990064025,-7.1616301503932505,1.4947444744698146,-1.401857402576259,0.9328305558512006,-0.3259903156906967,0.4619663536363131,395
7.722050851208489,-1.190796402943869,0.1247289605660681,-0.44691256731902695,7.582676538809944,0.37032884149796286,0.4086701646119873,2.3626785055058757,-1.850065119802605,0.33030134229809416,396
4.755608695395195,-0.4750660361303523,0.1043292692183998,4.4089140730521805,-2.271155189652003,0.051547546226568035,-0.6301877421707058,0.41283670881504875,0.3852142921110029,0.08265991628865688,397
-21.00765205442709,0.4298145184011181,21.15047505405763,0.4356203545968902,0.7575773131575717,2.336999635514789,-0.7302819411167067,0.5476978357756098,-0.2851728413863188,-0.13866331487655909,398
-19.283610918514384,28.60516277561264,-13.32277440480801,0.07465957784018959,2.1298340023316147,2.557607785312839,-6.087942888510908,0.37058153693941115,-0.979264928071904,0.4767984403120619,399
-12.532430917241955,12.326252233867377,-1.2969929296505895,-0.009757351968050993,-5.0122483453302715,-3.090733022109398,38.01402552179242,2.0065041710001625,-1.2178954644392235,-24.194439050490313,400
4.359659000715253,-0.44260248815123976,-0.47545053266478576,3.4477305093573585,-4.125308389776049,0.7670976454960848,-0.44551547793775326,1.878709079689492,-0.43228733797430074,-0.1471949718057927,401
5.974760161763195,-0.7762792326325394,-0.08859363191791883,2.979791422740854,0.3305952869425393,0.9914290106439356,-0.20483696142591923,1.0316883347395656,0.3888967271099251,0.1523573206769763,402
7.622683628370299,-0.7292490288208368,-1.1439109783680608,-28.824261974729726,-12.890153314636576,3.4569241946804925,-2.3199873886217475,5.440396066027303,-19.03472657675975,0.2468998315803383,403
-28.828411317693803,-25.368593121944038,-19.25092515641473,1.4110519133625166,0.510866099596697,3.749994279172976,0.9044003360151487,1.9736108923097682,0.38850243136074797,1.3914193328370241,404
-21.609384150204335,31.587413898941847,-13.554825706946326,-0.8523150383724714,1.3797001069877486,1.4927608366540244,-2.727744475549061,0.8149163684373061,2.2307894540163096,-1.1255472426340198,405
-20.951160429040083,-0.559031023453761,20.137016612164654,0.054375958431976686,0.14728098946694632,3.438129074388837,-0.44770944046242467,2.3974205113440243,0.3838253708846194,0.7974553742057141,406
5.238532235913601,-0.6905395122448071,-0.4367140260219737,3.506461368712675,-2.7944617665482085,0.45209949000502075,-0.8831739250585002,1.355859551393451,0.7266109766353556,0.22453834013316892,407
6.9419253944601715,-1.603624043321813,-0.4634480856970909,-2.187918163871601,12.1761408225268,-3.659554156929201,0.7405999919243893,-7.968036283668419,1.4707921441771916,0.09763484081000083,408
8.37322061246656,-1.173830523944033,-0.5665305366783185,-2.1974667598856694,13.515320670346727,-0.5569256944868676,1.1880169978198347,3.3349526478522047,1.0102551036977032,0.34863178903930697,409
8.47117585837615,-1.2648231498455165,-0.4766876255998862,0.6487604912877555,3.997998456427835,-3.9937354719909473,-0.9517026151160354,-10.711745413577683,-0.3648736009227271,-0.5014368501104138,410
8.103457472916164,-1.0387115678592242,-0.19018260635439527,0.19847274064946793,6.282137048460576,-2.650497067658819,-0.09127286186503931,-8.909733561601847,0.23491271931628055,-0.15788928695950433,411
4.10498026248662,0.10129409915742683,0.499482351398368,3.69485158838078,-3.726648742233608,1.3984640112802922,-0.10101557598320653,0.6355924051463636,0.5709996891603332,0.07869444514463939,412
8.423087598756867,-1.1873091264550315,-0.48897253794438883,-2.8607394685490135,7.187883836719429,-0.05332750162220416,0.14381162726682284,2.2209234905910873,-2.36824435530372,0.07489250302742356,413
-17.189292230551207,-1.8707747266142065,17.64251656943598,-1.8989792046643241,0.6927103740216862,-0.03811974645464775,-0.8437374069765492,-6.063638055551334,0.4211710335953881,-1.6975806886714875,414
-21.316252583439308,31.25648850269528,-13.06803284452228,-0.6154271773586338,2.3993769957969406,1.042435547211236,-4.22290380518226,-2.605305701811229,1.5251224209591703,-2.130107688536865,415
-17.041796483086042,26.041916762061035,-11.280310886263175,0.6437157246615646,0.19641207944923883,1.2304270731495948,-4.519142170946639,-1.9699602566134158,0.09721036766251331,0.9438669606922545,416
6.156386228269883,-0.8620183775463908,-0.2900251081978825,2.990425169589243,0.4499274387045702,0.9523335571984857,-0.11409518426133176,-1.0958978243330577,0.4412762726699488,-0.3219240977797491,417
7.423850973156498,-1.2463739153030644,-0.2999255629139909,0.5487258602096756,6.147898622834677,1.1159867593110748,0.713268882623152,2.0687127526965225,1.1952307640607447,-0.04945846224709494,418
8.954324216867386,-1.201717791688781,0.03724257603239434,-0.10948589960724481,5.544933544643222,0.22060197216731633,-0.2905687169140729,1.6641418995458095,-0.5696036593156918,0.551566310832995,419
9.270565113075124,-1.6088561826303818,-1.6350457122774933,-34.07567715072683,-5.252381750448654,3.034809270058177,-1.0929762925525899,3.665532331021833,-12.295765801310763,0.3841932685256384,420
7.438571348078702,-0.964761080310997,0.22928032973616772,0.29252224928540743,8.624597419423365,0.7251401567222706,1.498961056311775,1.481891956789176,0.5844754934177488,-0.20190680938453973,421
8.604581983406979,-1.403380069680336,-0.27892545658874524,-0.07337711401162544,9.010133990821279,-0.2226540867620058,0.6437967785961543,0.9164105017052117,0.998318267705,-0.20155792694708333,422
6.610323133646348,-0.9119314109581064,-0.1691020586066921,0.2029225746686936,7.25883540539893,0.7918315396939067,0.09689607391277176,1.5534129347572594,1.5235757745186247,-0.49058213486350405,423
7.3162700702693755,-0.26180541790921963,-0.4087976126787026,1.9504898565630526,1.5604631500824142,0.35496644010103073,-0.7367762392141456,0.5592930971353769,0.15036911286163962,0.125664875771793,424
4.960896738099527,-0.5220026546281107,0.1833755918678356,4.541130723168582,-4.223255142895957,1.5817137117583975,0.8917618520016981,0.30767599129851403,0.49683064903782925,-1.2913010663559272,425
4.588749936676481,-0.18419409582540622,0.5957748061564956,5.40521898499784,-6.5631573691105505,1.0444002352134056,-1.0872098452390093,0.8203299222255617,-0.15673443176700377,0.175199902277761,426
5.407971445151311,-0.1405882594356081,-0.0975243301845168,5.183051498364896,-6.547619624707841,1.3202144186582048,-1.0461134376259182,1.0036294218473387,0.6267186960662995,0.06442563165238135,427
5.072950154756912,-0.13098568965158103,-0.2674961133730005,5.13809937822693,-7.947129344978255,0.9057417492285851,-0.734063983509438,0.3604872108447961,-0.3769821315275356,-0.23573616703138472,428
6.961899158104188,-0.7596283015748375,-0.7632247857478783,-18.76071588607429,1.7620378432473138,0.004947530950565146,-0.24136081584387706,-1.412620656076601,-8.254091789908648,-0.0687413559882475,429
3.9368219079745255,0.22355819965040175,0.6740194940128313,5.573929335861397,-6.114586842154177,1.873226447712712,-0.29805166658774224,0.9075505842887788,1.0703068166694214,-0.008706507238672766,430
4.561786002592094,0.1303401073087144,0.09846148552467786,4.56294637284586,-6.01658971204319,1.4886396274943672,-0.921438897553288,0.4888260491962514,-0.1606746689695356,0.3937229584513772,431
9.229769842479653,-1.388532241817073,-0.6269961897340485,-1.365287156310649,9.409159890020547,-4.123448297726057,-0.3141910580209738,-10.483586910052171,0.1646175427982082,-0.1920652335486594,432
8.602733775221836,-0.9441245802075717,-0.6039722810858819,-1.159221707799471,10.997461391235364,-0.5591417670179241,1.0435807495290554,1.9749768673313248,1.4547203865277905,0.7634096888875234,433
-22.113939182186673,30.82993199181272,-14.293758777458292,-2.221443191749677,3.384035244675403,0.8004052331072011,-5.6274595769113755,-0.6615272965444714,1.7440130327815537,0.9724097173386312,434
7.815375515425748,-1.2101902877336164,-0.4091017718654374,-0.7200032706115101,10.607228648188798,0.2682378894843692,1.7639242766856127,1.646653876509103,2.213665081402156,0.025017259875371567,435
-27.82371995838188,-1.9260446369723736,27.876103453133137,-2.2586316019293635,1.8159628886176753,2.0491488417111703,-2.902409485509946,1.273071867298149,0.3716536645483261,-0.2118853971976101,436
6.606769784620741,-0.8104682631272424,-0.15954031286599238,2.629766964296131,1.2110031120149933,0.9865482413081595,0.619106872671352,1.741078680271702,0.31569208018928063,-0.1887822473116522,437
8.97693205180267,-1.0170721600985013,-0.538536398878619,-0.8691921491000001,12.429313783948267,-0.6058104844280917,0.7179927017149746,2.768739373024996,2.272134666461805,0.45605110078676586,438
5.524032913341051,-0.20566055477296227,-0.16813545248573394,4.699010129754717,-4.41808005406863,1.4892267090802238,0.08526792075289379,0.7586604125301245,-0.004289207437485015,-0.6088219790826551,439
2.4603853542918466,-0.283136902490936,0.05291985915023431,5.340579250489659,-7.422182897235689,1.3861350070025953,-0.011434295189557327,2.066802036272468,0.43931663163507956,-0.0865794718673156,440
8.48755135115329,-1.307613418218921,-0.480336148801328,-2.278762137338997,12.008524774328247,0.3427605005894632,1.1125181927656218,3.4247181844587278,0.9392272187309312,0.5765946999610482,441
7.9854814526720865,-1.335646080174558,-0.058821565805269926,-1.0673719192801012,11.919399090540312,-0.46184436942879575,1.8272779708848879,2.0622201556434128,1.895449582956327,0.3047937959503849,442
4.09481565313267,0.22316220523954838,0.23730425817154482,3.9623958540137725,-2.8258473475932973,0.1474665458171541,-0.10575629525115132,-6.532934385220467,0.42310071838729546,-0.20093661682545447,443
6.59835077220754,-0.9381065859865281,-0.013420622441629091,1.9895003223737393,1.3061098490369318,0.450005506774541,-0.6496753554606374,0.2078506461654452,0.0904625896902484,-0.020627978735244763,444
5.259873774340243,-0.23393557315692576,0.2509163079646155,4.436110044674602,-6.392736930932969,1.2000562997888575,-0.7887687019634944,2.039484242898877,-0.6462768352635314,0.2435111362123084,445
4.369397716137528,-0.07218641830989021,0.1340525568809675,3.261621209490748,-1.8632337832599193,2.207759775894409,0.36764392740420276,2.256232640145541,0.37534638906334283,-0.11771710413296703,446
5.358118279297877,-0.17773349003372488,0.3628330672058966,4.037147559050722,-8.170555211960595,0.8838358467292304,-1.7948727834262859,0.37076260779919246,-0.904121217328554,0.09150073360736499,447
4.930611545137704,-0.35801194183303153,-0.022568971639411958,4.613417341456275,-6.567836285575241,0.7229696527729549,-0.9177704945830018,0.593147906413459,-0.01470055114317517,0.2539782970829665,448
8.474161329069975,-1.2589093511542506,-0.5935327266472832,-1.9212198896404402,13.036536699906685,-1.5130690842397145,0.7275219674802127,2.172394612459578,2.4807308189334227,0.012116743844884089,449
5.739175429101763,-0.409748202609569,0.017892890422498163,3.530525319241286,-3.376583406975888,1.6110548323730887,-0.5249965758508915,0.9694810535626867,0.1101839201878741,-0.024882955866708703,450
10.868392552596609,-2.4183463691593543,-1.8700568927822474,-52.90345022745495,-10.847104546146385,2.9828784302092943,-2.4057568170217007,0.871957450289567,-5.241993900226467,-0.5911705064219114,451
8.130597495602702,-1.1419321196719394,-0.30070359382924317,0.0488887555033146,8.699873807724128,1.455572693671773,0.23781173213867876,2.5957395903717324,-0.6897391206153058,0.4004438211901944,452
7.954175168412788,-1.5117929217751906,-0.7954301312028063,-1.7530265659059758,10.557425100653381,-3.5856386793529267,0.2314508340140373,-7.343214284788132,2.6143455678724377,0.27587734679126186,453
4.601723759517782,-0.22222333445742964,0.5097057144546961,5.256294336721369,-6.771624164158219,0.5735263218893009,-1.5834307835286408,0.7253765228539122,0.40661948426478317,-0.05381184077627733,454
5.351999999312754,-0.41952997641084105,0.06982477243306139,3.31671009421775,-1.808948068554208,0.1556149325390876,-0.02685097034666062,1.2204512027665584,0.35045404940645764,-0.045112822321631114,455
7.233981261935874,-0.882516100255148,-0.04118983490908135,1.519397062074588,4.3463790580329915,-0.667472928037634,0.5985707263399747,2.38574882858124,1.1295940724758726,0.2903184544329553,456
5.300580974737004,-0.4355737862625807,0.05242183646463975,1.6920892675955175,2.675104143586158,1.6782668361114412,1.4523304599239586,2.3214062192381295,0.9540372095807083,-0.34411519184541983,457
7.183529730895816,-1.1716894378319023,-0.19533243044163262,1.6928357631690065,2.3043083503860884,1.2106693705032239,-0.06111663823916481,2.093736210768954,-0.10572493225452517,-0.05344748337942623,458
8.746955452226693,-1.0371400267696373,-0.5223253045543454,-22.01542310283016,3.386141723382289,1.7336655855094238,-0.34997848760275724,4.323764420587654,-14.821585020041294,0.44590974964248675,459
5.870751764028699,-0.6991170671312076,0.029036613663091328,4.867921843831293,-7.385048541267568,0.11631051572286961,-1.3120414550387176,-0.48524782696203217,-0.5370124823529338,0.28978748602641025,460
5.643435120852625,-0.4573252619638633,-0.408732994831729,4.7328516826117895,-3.565245658330803,1.3770495882326355,-0.6892216433568118,0.9094284251435327,0.5775705859468108,0.021856744252275215,461
7.094994941220688,-0.47764106436452053,-0.7051654230211969,2.0818376584826024,2.112598948850568,1.0871200359932511,-0.16447014794133477,1.505057620394445,0.45896341834009685,0.11879575976097267,462
8.557683358925996,-1.3202635719788611,-0.3699916341980941,-1.5707063883920234,9.37995488659619,0.672332226879277,0.4492456674459338,2.3353654362261604,2.5163356318952457,0.13102411261570618,463
6.152378049204666,-0.37052806869819793,-0.4410899541205119,5.134447124076469,-8.024207212276387,0.8553418374995729,-1.9970525999713489,1.1830070435350146,-1.4029822281840545,0.6257019193525291,464
6.3865471689729905,-0.565473083393354,0.12692883219418247,3.918068825915391,-0.9999277621325903,1.3309525460866147,0.03577175820505091,0.9334391607877497,1.2128521136266448,0.011444736417478753,465
5.585303610816217,0.06413502846973299,-0.16279289456144147,2.1086658446573208,1.7813921556850978,1.5942634048693975,0.6613908562436376,1.586020603268422,0.68125601928851,-1.0197037856318345,466
4.354537786842347,0.1669622172357842,0.16289293587953138,3.8779243693975896,-1.9970395104535668,2.614005228067773,1.023737492088304,3.637374139414105,0.7507786077983849,-0.321814709471786,467
6.975990121996935,-0.7073298172650668,-0.2951863619208969,2.869155687691838,-0.2529791245578437,1.2953817788696322,-0.03192899599250897,1.0039676608447528,-0.09121421577523481,0.25461949189803035,468
4.118668921723727,-0.23542961916078994,0.5889588287462899,4.332407725720578,-5.248067452394566,1.3113358639159747,-0.34636521206284804,0.5225648889264599,-0.10052681827603334,-0.019493557887556766,469
8.71791046811623,-1.4720009956216555,-0.41359600118398127,0.6480014605775577,8.621242663517569,-0.014745321935198119,0.25606811189847417,1.6962850211417657,1.8078574924234267,-0.17075165720645333,470
5.9400406270431105,-0.507732523517317,0.26334080539769195,3.6556730867075387,-1.120147401096647,0.9711288662912085,0.048299854261171386,-0.8056789258792677,0.22252984027838593,-0.48669194106813873,471
6.724907842140333,-1.1579655034296106,-0.05183633748522953,2.059980908111015,2.9366356592210496,0.3659149278547081,-0.5986923738216894,0.9688119198410883,0.19532181326351025,-0.09826749167253998,472
4.399285001918833,-0.14259384845361242,-0.003969360644520419,4.999048046610229,-7.451536379279354,0.8321126819066653,-0.8667918112716314,1.4258065294886897,-1.0380434671559235,0.30073368613547385,473
5.3860077746221,-0.6316776306733505,-0.15598009172258814,5.3164631689265285,-8.874934633905042,0.9899137301256152,-1.596882223873449,0.27786599239879123,-0.40557872715493937,0.5365650639962734,474
6.198441206457661,-0.7949710402944999,0.1720331601456073,1.7046090064841526,6.097641785290418,-0.655884856270648,0.6425513726277199,0.9128170386198557,1.8911173816930213,0.07636718226865863,475
-13.006437060662423,13.750995480765248,-2.879678602661184,-0.33300338669459617,-5.0876012400331065,-4.388694999472981,38.87192421385781,0.8613322697405044,-2.2373377900019005,-23.498507934073512,476
8.212638563996997,-1.0058185568620777,0.04480463773957005,0.9380816078167205,4.893096314304992,0.6343422025112867,-0.2038689631160238,2.2895253705257503,1.2414013196558404,-0.040351812984232,477
8.351829706482977,-1.5011068166556896,-0.5463139691633433,-2.5839128454085283,13.783428498280793,-0.2116859265521948,0.9612577035742129,3.7062555280017335,1.6060664146362011,0.4814915584208547,478
8.34193001730842,-1.5884784477379188,-0.3373322336158643,-0.7303326152637051,8.198531516485897,-0.04039291596931284,0.3071372167471939,1.0802207525331935,0.9171706604743365,-0.03234782547027556,479
3.5216994360061835,0.012782034933507895,0.5178995901463802,3.9719490540926468,-3.7754931254816535,1.730015046652254,0.13620282144787288,3.067404273526641,0.6687766788651419,-0.4003230841414372,480
-34.195101215693605,-32.96984174759532,-24.92341190025685,2.1217922157432456,0.477827008164589,5.355819003385148,-0.17189234277948134,1.5305354860925482,0.8237988412633603,0.5976978708471284,481
5.8904176165468245,-0.3219062875199329,0.08309222591262759,4.50883828207671,-4.897477275114877,0.20101214126321704,-1.324126493999413,0.04905951667444929,-0.08259432564090595,-0.07992437960150266,482
6.716364694060195,-1.0191260711481152,-0.1626783368661221,3.5901758194571336,-4.974558004677179,-2.8595224618299864,-1.6216878981251561,-13.121580270052444,-1.045228796457954,-0.5473387108774115,483
-30.75103758958911,-28.389998995879797,-21.16059756171528,0.8039923186518433,0.3141883681857112,5.226433122164805,-0.2569569003658427,0.7451497098911295,-0.33581729791848136,-0.8169832784189914,484
7.48948257105418,-1.3467152150857749,-0.24536564061312194,-2.3222315587735185,12.966313833018846,0.009773910875941837,1.2444954300102136,3.225006850663794,-0.26442693989207566,0.2551851496494384,485
6.505957534735469,-0.8656855371269498,0.3784423900308773,2.284387984022686,0.6659787340813724,1.6774944066122834,0.057167980988953614,1.776742400344289,0.8284739674270973,0.13837250940292978,486
5.138596535257858,-0.49838517209956806,0.19935816760440378,4.444394184084036,-4.657538419252607,2.3278972981199213,-0.5001138082295853,1.4969924114667936,-0.06481021067857795,0.04642268289493146,487
6.928013159321245,-0.8890405969098122,-0.40354970753135383,-1.6790636208720253,2.07837198837342,0.2018331037737817,-0.6414816553637693,1.6407821623905592,-2.7668988413083415,-0.21916683808447301,488
-24.07186155781643,-0.8593963190077901,23.20986265640793,-0.9379395773519581,1.2592723279203593,2.7047507291216366,-0.7587194763933267,0.3067877075799499,0.15928530563222174,1.230432453839894,489
7.010526118397512,-1.198678043930809,-0.1909572388265031,1.2733439988081583,5.501085784036752,1.1342287425523911,0.5614812766548083,1.5708953938631085,0.922116061310168,-0.12060051537128565,490
6.782339319647659,-0.9957235464765364,-0.4189920879072248,2.018646553838119,2.44323887245489,0.49776896966151807,0.20896406873069379,0.19194772174817437,-0.3163845394219389,-0.09818274160982247,491
6.991340290577287,-1.2738513964682823,-0.0028838064160228573,2.1853382779160433,1.7818123030393358,0.8325620414387281,0.022092954275664226,1.5891294645620342,0.5123490237488167,-0.30225204815199636,492
-22.281404040683146,-3.3646761529277476,17.220922830045208,-2.7491952384412044,-1.129379056485303,-7.575113027091053,-0.08774394321132767,-3.3061813975296706,2.3066280235124736,-4.76068909518526,493
3.3785674726966017,-0.0648839373522415,0.09558505495120272,5.317794076625315,-7.034923041367628,1.2773031153811203,-0.021837597032491697,2.036416567939975,0.8028270398441837,-0.5237309961190737,494
6.334267959283118,-1.1455600452360186,-0.48579303515217626,1.385225653110455,1.1538600592765933,1.155603409423935,0.31742546850068487,0.3023341293345819,0.806831905459226,-0.1922100585349451,495
-5.241351027676459,10.83725926686214,-5.609726451931748,2.757553375489382,-3.875205303353825,0.9733536955126765,-2.914525372403559,-1.6714725661736247,0.6638625370710088,0.3884724723617721,496
5.469701044734239,-0.227264590129424,0.09784540926759079,4.447522451197153,-6.378077185643081,1.1442496042804973,-1.2860943692481073,-0.4725522345832174,-1.0339008791290247,-0.06270486019360509,497
5.35543309407443,-0.013547479135547774,-0.1255759739929527,4.492358215715352,-6.589631934459657,1.7402123317683498,-0.741727554390337,0.05459947347303777,-1.0478565541105764,0.38582359114178394,498
4.957204275959625,0.34916685619399845,0.22740607365738932,4.904694819247256,-7.970186449105892,0.7424142444608341,-1.5174794169949706,-0.03234564454987897,-1.016425235096335,-0.15759529491440358,499
-22.752922526086657,31.11508033818318,-13.989497551041724,-1.4888631855814418,2.40644076738516,1.4321208297611143,-4.10922846805218,-0.9903185282194297,-1.156028892974011,1.673150970941586,500
6.406073278498666,-0.4093282411941028,0.10405213078322517,3.8646392739387463,-3.636458903116298,0.9810947759552677,-0.7853703094837576,0.1761910525532721,-0.6382834095281525,-0.1382879325786243,501
8.48610792752865,-1.3258705732494513,-0.485697447100684,0.8246220068329005,6.081855223457332,0.47515902152658723,0.015524837515292749,2.2501736911843024,-0.38718933440228154,0.09867241316525698,502
3.217087951187753,0.10812088052142767,-0.34377522591364107,3.213176420703894,-6.181045777071967,0.16127958958319757,-1.2161816352236816,1.9498397754381014,-3.3846177145614087,0.868629481171834,503
5.5299911178872,-0.4306407729159928,0.2840752370346942,4.332754700766991,-3.6998230092935724,2.1181550948953993,0.03750111585037326,1.6843939242555126,0.9748810798011227,0.8237053417292557,504
2.911999307032581,0.661867983179119,0.49185820922444007,4.955835865005373,-7.254140947488442,1.961688754349921,0.026730992911267272,2.1802432248368198,-0.4021017433994513,0.35914341643686404,505
4.926787695768476,-0.237209072928838,-0.3453496181801477,-22.35766486011837,-10.348636700942103,3.8472693886712683,-0.4009971966520048,0.9876068459288989,5.826258075138401,-0.41146375583605677,506
6.08227264600491,-0.4791937430891307,-0.6870799252530158,3.2171811698514317,-0.002317372965359875,2.03738688068678,0.11894433770426656,1.7392013800935502,0.6484603913133705,-0.32432310853350726,507
7.302755698864577,-0.9986796590667837,-0.2514550773952452,0.6775557197992476,5.498388504202028,0.076317758349537,1.3000578715282989,3.41832666810278,0.9991786481848902,-0.4475412441419583,508
-29.395017546958556,-26.388663510432085,-18.97843476624907,1.8334215749686247,0.0967286081044777,5.101144484071786,0.6589023484137883,-0.662644775864609,-0.2216238517530189,0.7259620684437162,509
7.377442642094265,-1.6507631559557552,-0.08643844924230486,-0.24667749190913194,6.771192673165854,0.38208035647526173,1.0866996276376302,3.6185654656804327,-0.28252868641425777,-0.17858401177498,510
5.482799869438873,-0.516003632662274,0.4528943891282041,5.805965839924283,-6.967947988195545,2.0760503983523035,-1.1272636824612408,1.0985004613339366,0.016899253756138318,0.21899229496395975,511
5.514867598456552,-0.6134650703084037,-0.04288693225014143,4.676739517386872,-4.883784808560822,0.5704255003880503,-0.735451068108763,0.17580769193420442,-0.031591797828829024,-0.13576488005637524,512
5.089496272664703,-0.49485605816990264,-0.4805547270788839,3.4097803248111878,-1.423596856269746,1.2053376415965822,0.3824952447335752,1.0898226437300391,0.9114624253774518,-0.5268417558155112,513
-30.96996835665653,-28.45939047599676,-23.14338043574737,2.41066225932931,1.285965181886663,4.707857643793113,-1.2672504105476246,0.18576294060608928,0.5051169999212808,-0.5151157237251025,514
-23.431034374014697,-2.458384514207699,21.001026150559824,-1.011451515396233,0.4042086573683434,-2.452930770458567,-1.5318160463267,1.297009067485043,1.0453087839606525,-1.413210932565124,515
4.869127710985698,-0.07179333673035805,-0.228505038700526,4.526669496078359,-6.017802800805955,0.9225179731882133,-0.7678099866299651,0.9475955927589628,0.6013147038666182,-0.2467102822947899,516
3.8449164063027537,0.7085203819862866,0.03977769035741077,2.7215158834377133,-6.185800541792607,0.9496002883591659,-1.4144730966194274,1.1143208982739565,-2.940397051755867,0.06974820991487132,517
5.791400918682589,-0.36234639945457103,-0.10632365377148664,4.0731010686857285,-5.722183884305338,-0.8064105505835002,-1.5524825787190168,0.750021068364127,-0.7774374168010512,0.6392022134522333,518
7.730560696227747,-0.7674394515858401,-0.6344098452954827,-7.237413598470853,8.161338158857676,1.0031552665508834,0.8699420129287596,5.1046999260255985,-3.7201729684651053,0.06958192004275081,519
4.832992392472534,-0.7817273675437769,-0.5231900318297491,-11.13087740300037,-10.211629041996119,2.7474518616650534,-1.210257753711511,2.4671452278408124,-1.8270001184742426,-0.003244747959650163,520
5.437144663011927,-0.30934141107777985,0.08248047182397332,4.852418864729468,-6.767907933222955,1.4120227319027419,-1.5586777530958944,0.7781242983566149,-0.06720938162943857,0.1823708283409299,521
7.984472172701981,-0.953248003171323,-0.3462939413064282,0.7698774167459312,7.490268721165139,0.5189392809712282,0.9942636129321675,1.6610001215494572,0.8604222423933984,0.37755785399516517,522
5.978658989746632,-0.3895010633222187,-0.07211055745543475,4.309965337843164,-6.754782542204224,1.459516252948791,-0.8792497088885196,0.7972590465172343,0.5757318332115036,0.4482925213494136,523
8.829870328567608,-1.5409977887780977,-0.6722636886068295,-1.6462339652135614,10.730092299115812,-3.43764573905466,-0.08759295808487062,-11.082927335644325,1.2444424876720395,-0.251707943065924,524
4.607803181437546,-0.27566075994183004,0.2066578409350863,5.705829077829094,-4.778637043741958,1.1537747541527879,-0.2015838288919641,1.0684915769559675,0.8153046464174185,0.38322311619504196,525
-13.088910979824254,9.132274778245488,-1.5014842666662402,-0.3386954720729867,-5.368243772740704,-5.007671715342672,41.56248857965907,0.37156683062323587,0.2111741941672534,29.006277186266875,526
-22.34087026946941,29.164883915175984,-15.223132336159082,-1.5293468654010058,0.6255095848940089,0.9006138148552756,5.727504653041902,-0.18588878894513575,-1.1013472422865307,-3.868851736011507,527
7.009097394209957,-0.8532678951970366,0.2658684885139676,0.5177569266887369,5.3826346844196324,0.5808845411450907,0.16202923223846571,-0.10369875477016845,0.19562692789810499,-0.016662808120877354,528
-10.903249710526053,-0.7146771676571728,12.903178841558745,0.9067587248116767,2.4072145002136285,1.9210978105784484,0.7045062389261216,3.0259338648271616,0.5620719345803205,1.2595773970341924,529
4.176240062463479,-1.9360189484894776,4.294281513396276,-2.316721577090012,8.784186419066984,-4.057745823706366,-1.179382883844367,-12.186659824480884,-0.5032355779411307,-0.08968253888229305,530
2.8883649432453646,0.48241659248047164,0.4756867862812997,4.357779469723046,-4.042829532894436,0.97203216409619,0.14425540051344868,3.0650001437412038,0.479187654496046,0.06729575561550573,531
5.608315291621373,-0.008782130680834752,-0.1140822613900381,5.536909911658226,-6.38899838278032,1.9151090252131358,-0.8149281544500346,1.0072574265313967,0.3172995008889254,0.16811409358279814,532
7.573689004548906,-0.9213397262375634,-0.5686227079377082,3.1671930441395406,-1.174588649053524,1.726282894476016,-0.9180397331474106,1.9907559830766166,-0.5584730696208263,0.23779206540436237,533
3.921090038695222,0.5476258397496965,-0.2973349954954321,4.737247190806279,-5.90262894908131,1.8029383631397142,-0.9264003651174142,0.05326495670501223,0.20974382374287937,0.13732849943387973,534
4.9332396075056675,0.20841634841682505,0.47034423568725936,5.259994352644397,-6.923595109778779,1.8739979012867802,-0.39171028264850005,1.1859097973889265,0.39303985489945453,-0.057876860352479007,535
7.63653759657522,-1.141033704746514,-0.15886011363530017,-0.12722220947246438,6.371765341393129,-2.3044698467553424,0.7227028644803432,-9.842550865468686,-0.492235084575689,-0.13333398668421104,536
-8.041809224172791,-1.7760611024521595,8.700807174616068,0.9590712810494174,-1.0704844755683411,-5.202247681836215,-1.6168684480837467,-15.608666043707053,0.1415068751883822,-1.8995346003111058,537
5.037096649650745,-0.19910910432744816,0.16137145178331078,3.3525576771033947,-5.779742687211658,-0.296851937508288,-1.6739859495432072,-0.08805603582201035,-1.1184477922564673,0.18330400072689565,538
4.155920695347065,0.3780916639360601,0.2987194795944652,4.425532359456865,-6.350392663933367,1.3932878045972363,-0.8465668848513296,0.9227582943390465,-0.7472403417418985,-0.1738372773804639,539
8.091792783039558,-1.4647163685766047,-0.622148383123922,-2.5304697819910555,5.736086044784197,-0.264401328033643,0.15329098700071037,2.508071275995308,-3.2859672050674376,0.34807545366369963,540
7.498879185022771,-2.13772512033512,-0.34506272093335916,-4.0926992371599376,6.483315147401194,-2.7004325410115317,-1.3446633336714742,3.2862725294817947,-5.805184414941456,-0.009482970944259511,541
8.566795408275118,-1.0549059406314865,-0.32140822834317995,-2.4160517787005236,5.147924648309568,0.648633612073679,0.060544638582694904,3.3604085719868224,-3.6884801920981127,-0.13765027674758304,542
3.8683735924177918,0.13883515367911364,0.29110293387515135,5.065729104713567,-5.191838568231802,2.347189718574197,-0.07880625199764324,0.9047203736273312,0.832530511298594,-0.12014436259143926,543
4.603559744210327,0.13380403076758393,-0.011105254728633347,4.240704559682954,-7.281917342455769,0.45116757441624816,-0.7317089862898396,0.4253517680802366,0.1319495723169162,0.5010856042699482,544
6.401307432449988,-0.16614611568291207,-0.03212989015207689,3.2487164643903865,-5.1236666750174065,-4.706769190927352,-2.044342908688075,-17.284770748139135,-1.3133055085350467,-0.4780467671503954,545
8.490874868530884,-1.7833823343392208,-0.6054506347623198,-2.4391338536755978,14.582392590122394,-1.1853468537676746,1.6205423055871135,2.194178637640464,2.6549662821211495,0.6707915782451609,546
5.308217749822658,-0.7550524578984215,-0.07563930458329934,4.23870373775332,-3.0129789979362926,1.6664286761746654,-0.09454390929941202,2.144058333512025,0.3069778557042186,0.060537594997139066,547
-36.061728895047,-33.248598308240076,-23.661358632178985,-0.3168862312278916,2.4467545034222073,4.421274151793389,-1.949023792079634,1.7282133940089084,-2.3622582102388945,-0.876930202652648,548
7.7385074971421925,-0.8864975457632509,-0.01899004311765898,1.594644880488138,3.480400370835186,0.9973583363922874,0.05003375958786732,2.390167703332832,-0.6227901453428643,-0.36604694208323024,549
9.407409820574493,-1.823475154678097,-1.0793233822122292,-30.664532070093074,-6.906869350229355,0.01243641922077838,-1.7135806642977236,-8.469392479475747,15.772936642364886,-0.3944229905551574,550
7.459569758112754,-1.083455515869938,-0.2863285386768982,1.9082420016604806,1.923597955858071,1.1956341824717018,-0.08276095659034712,2.1165200823185577,-0.13583941569029917,0.4006399319879438,551
5.4461722335570695,-0.11182761286957925,0.3092994338809439,3.771784616691393,-6.141931026964087,1.420669859729768,-1.0704469847575129,0.5365558202626671,-0.7989660625611518,0.03939956704564023,552
-6.804462455189629,7.6675361834731985,-3.1638841226627332,-0.6922024835412399,-2.3345035878766205,-7.0354365771622405,21.715339850473967,-12.770588802074863,-0.5337595817669635,17.768949317722512,553
9.06972292644002,-1.6251175964066136,-1.375781607473884,-31.086839720234643,-3.9362588596099766,2.415056464861787,-0.7903032920337753,1.8877360517086876,-0.11709819816104128,-0.2291928494922596,554
-38.22240839748324,-34.89074205923604,-26.847649344523813,-0.3065170461124277,1.2568327474333911,0.8951735882167601,-1.3376496757794514,0.41436615772587837,-0.1637582096191906,-1.0301052115809044,555
7.152512438883827,-1.0002447804830836,-0.15270450441005584,0.2069157548965569,4.362265030810819,0.14605486372895535,0.0347067955824176,2.2498168014762308,0.9607059503279985,-0.05453377492006548,556
7.472006072275886,-1.0359302230427523,-0.25952808518025244,-1.7084415876467012,2.1965098294143655,0.9275100147620519,0.3026291839895552,2.1272431556103437,-4.427126001212641,-0.22605095347206636,557
7.18141345822399,-1.0055633265146062,-0.1802562498929238,2.0456558557016598,2.4089862156938358,0.671906100746998,0.21018646986616657,1.6961488358232528,-0.15319140636164227,-0.2899538576854068,558
6.197503087470879,-0.7248721547846224,0.02259618226851832,2.678038902112119,-0.8940867629718002,1.2909559745242463,-0.3272579112506234,2.1322049976702506,0.10367264893586273,0.03110956569977204,559
5.852512440328525,-0.01183679173907643,0.35539163051731376,3.697967935243931,-4.856689342459343,-2.978293522838936,-1.294464541838316,-10.818189931485756,-0.9195902173863229,-0.11605747716769396,560
4.427596547587224,-0.1774814285179525,0.3886791121951577,4.5087725745601075,-7.672892586423675,0.6351335327205879,-1.2478532229186192,1.8491321032103105,0.2601424389801326,0.19278370267971728,561
7.175603126078036,-1.1192250776235713,-0.24122053357064593,1.4544146064580925,3.3846960561091426,0.7489702794966323,0.8766184993536854,1.2123572024658142,0.6931125674786228,-0.250767429547096,562
-26.164304521682613,-2.5057598275629935,24.743850163685366,-0.9291741803315744,1.6696654015896606,0.98400242829999,-0.7276180079831628,0.5924964815216157,0.8491584009094306,0.39313835712380235,563
5.790974366208088,-0.03653520005092194,0.06740039507540624,4.282903881107835,-6.722509943181358,0.9397730023550473,-1.0136965687353978,1.2670405084234178,-0.7526212104755396,0.7074567220089696,564
7.669190464450981,-1.3777343122983807,-0.5755197341244305,-0.2189779682080203,6.106910207239585,0.23002815985100808,0.3032148304206034,-0.5970575784483533,0.3757854987309718,-0.923785517649024,565
5.5309265533023515,-0.16572790718795255,-0.07141960328794958,4.750521138307337,-5.6126271166444734,1.0738836114342767,-0.6491849260973731,0.7631093478509698,0.5801200209484693,0.549751865289991,566
5.3222768727965555,-1.807500316785477,1.747324888980525,1.5074333021862776,-1.5056243677689454,-4.930044988351003,-2.3130619439822198,-16.669064493912735,-1.3185232536278557,-0.03699194608686262,567
3.793345128341422,-0.08227435048293635,0.4906970414181214,4.17728263214429,-7.801780726720602,0.2880693596229398,-1.2732996637672571,2.3502162187245297,-0.11704805649670766,0.5628082819423161,568
6.941273616356126,-0.7183093215997717,0.14162789350132773,2.4243009259946238,4.916651607906612,0.9052827606299417,0.3863826441438534,2.19649219860425,1.4713175922372301,0.2002079957655879,569
3.405696588253924,0.8810526409747529,-0.11439771126076505,4.169119458760276,-7.469781127983337,1.9881894787416061,-0.5086328136849605,1.7292562520364825,-0.7327436305847154,-0.09174905852696055,570
-19.639922926943672,26.12436369596114,-12.850964261072264,0.18734567126375537,1.222843692476089,0.156462725592491,-2.2629572586934263,-1.537401273598588,-0.5606419012937439,0.3311943570560973,571
-21.741577631797725,2.1896047096222904,15.537405277860632,-0.060651192008758174,-1.7834230467654821,0.4764537691446509,18.7517202386645,-0.06813641956982538,0.9241095791974518,-16.17270699104236,572
2.5230386399844247,0.12727908426048648,0.3688557695081881,5.539394592043528,-6.987665724252542,2.2307231312901026,-0.392451110147563,1.9130918751113228,-0.31138204231089034,0.39405267284331597,573
5.360762322474798,0.06694048018190951,-0.07099003497739512,5.479832287361865,-7.390933918459366,1.8597363368196513,-1.1670072701531344,0.18706745992424542,-0.36471102524699495,0.236273883557137,574
7.760176191467492,-1.0909707673482036,-1.1398687728057375,-31.813432899255012,-8.854481814461941,4.0779386875210175,-0.8206412025967651,5.799250657221858,-9.187427682122312,-0.2024098376675164,575
-22.042270263880287,-1.6149295021035026,22.287836595454067,-0.747989253829253,1.0509869506500227,1.328275623464491,-1.2011169125689722,-0.47277967160415224,-0.008263085749694735,1.0877799483304158,576
-11.801987002112446,21.206661559800114,-8.513143439458277,-6.055806922029117,0.3591809498901634,-2.0372133169986735,-4.277049796288979,-12.001797768867537,2.2226015144217177,0.10995411999350664,577
-4.110622785670498,10.213238114309588,-3.4121801061507235,3.174204697349871,-5.019487887129333,1.4126074605249075,-1.5324051428687062,-0.8800944921780971,0.6081366923190502,0.2023020947575934,578
-31.628922065316445,-27.66674379192808,-19.582199559048433,0.29667060510696663,0.7627640879941039,0.17846575430231748,-0.3712540211284513,0.9203718181935129,-0.38204211301405006,0.16723291603723545,579
6.746346540744186,-0.7912783065158197,0.210742410251374,0.383820795151717,1.4960890027060865,1.3104864734773114,0.03542990441741111,1.4794464215076646,-2.2011831900122316,-0.038034126490345356,580
5.623195949793373,-0.8492945833778048,0.4164104721467632,3.375270332425872,0.22640237961326243,0.4924873375133237,-0.2563606868612283,2.097343017036819,0.840680006642956,0.18803474213486854,581
5.20335016808331,-0.32222769037746496,-0.04073257840455998,5.22524270751957,-6.409730187802485,1.7456432307361847,-0.874224410872845,-0.04832183645238862,0.09728629709078747,8.18911782997071e-4,582
5.860042245123619,-0.35341506669835704,-0.24602525589019292,2.8502855650995755,-0.784998491935942,1.4731796456603568,-0.5994288981441835,2.5689341924882294,0.15012440199902033,-0.04988694019909435,583
-23.916594026283178,23.859268416660793,-12.497142023232845,-2.2917275187716037,1.960869196672884,-5.723263042297799,6.840774118755522,0.13701199492475838,-1.6157499156575807,-0.022714374881349097,584
3.7779764093908947,0.08893452713293246,-0.014651466865886578,4.119937786921217,-4.657586390218388,1.2482632484776568,-0.8414559930352322,1.6298878684004057,-0.0804210568681619,0.005923962409820817,585
8.421859877516646,-1.1623971478040542,-0.28714233225285274,0.6872701089497845,3.0829622320491774,-1.2897743267327066,-0.8504355291442488,-5.220744162764787,-1.0712510377299194,-0.09029758291227065,586
6.132601746382798,-0.4038123276694,0.34710579209833825,2.6478508827635756,-1.549468450789779,1.3415148685250333,-0.19180841480267982,1.6842058233500257,0.77407015313247,-0.17199155305880914,587
5.820301194322557,-0.47038035853281196,0.061074979196476586,4.969500034543809,-7.019813564981167,0.4165730555237995,-1.552998187515239,-1.0804807878715532,0.2670207771191649,-0.02457439247468821,588
7.99846775798548,-1.3796222742107351,-0.2773728155566055,-4.4999440371194765,17.01278384067385,-1.841148387604449,1.429515994910052,3.9200468264191795,1.8413133898248195,0.7412833328960572,589
7.169791609452767,-1.1371992303451193,-0.0033824540460418383,1.0273778504936042,3.127000114266675,0.3724503207127245,-0.1965872388018285,2.2016832425633486,-0.49073131929215713,0.030019123324860775,590
-19.627038140700275,27.145750708650382,-11.308682631307118,0.07599114549089812,1.6726052705938554,1.202025410120092,-3.395439499597376,0.9074584960431431,0.23633140054168467,1.9207287845503027,591
5.603915725107085,-0.8930939444182111,-0.18776113007931877,4.192490295914227,-3.82915672086415,-0.10700062277326361,-0.8474319159812856,-2.3738513606477616,0.8545898986265162,0.01969103152720689,592
4.769762880268832,-0.23071321336461198,0.2146210420163605,5.311876090562909,-6.593761677818424,0.9246617400960009,-0.7508024020943675,1.4753597632405875,0.09838698200451902,0.3290132835911777,593
-4.396630844910821,-0.4210412557454325,9.154833103713772,1.6350521413386698,-3.53475856895684,1.1747419854276708,-1.2496377818248534,0.5809707647852465,-0.5860351544155893,0.6922262810210037,594
4.9647658405635875,-0.2758067415407053,0.6772440484460029,3.732267629632243,-4.317776060153715,0.8201656089073145,-0.06560572888362244,0.41542329975082737,0.40952134624145936,-0.123282677003928,595
7.110494380741378,-0.9953792296310139,-0.43364996733380395,-0.11665517416710826,9.884283196558444,-0.5266073104014868,1.4024648432951783,3.7433721138024225,1.4833394135490006,0.2746720044572814,596
-20.380565469643813,30.254377843522892,-13.274540732607297,-1.652026711933233,3.026322429391692,0.6285753971509045,-3.49815631474274,-1.4577753518223253,-1.4928899100861412,-3.9502701298667393,597
5.767810249625885,-0.5279324589026523,-0.13502946439772084,4.0567823107656915,-5.5979808605559835,-2.77080292637509,-1.668362430095792,-11.14344237127695,-0.6932052602373038,-0.33963891669861546,598
6.215070690148005,-0.5761379051804332,-0.6549655783565571,1.3202897797105635,2.5794496643540428,-0.632382993911829,-0.7235002047797279,1.518738065439465,-0.28449803865499473,0.2537245096380723,599
6.074581368642104,-0.9155838870195234,0.10020953910912922,1.1211515513946213,3.7333275319592474,1.3692174851351713,0.6220638688473714,-0.37062363116887365,-0.28535234711396346,0.17722105192953508,600
3.784305422801404,-0.0674658922108152,0.7575568717651329,5.853824289589107,-6.559656477653703,2.4423377689800683,0.5759910710204285,0.7008440241441266,-0.016936958843599904,0.8258428368186784,601
2.3777939398871135,0.04372208730559018,0.3464048735787548,4.422174103858571,-5.737358693634456,2.887079956292419,0.305631619653866,2.841460728011832,1.449542201557483,-0.27391591678430055,602
4.8258107838198905,0.055247509854381066,0.02041853657087867,4.336533103834073,-2.1799558501371252,2.1094812158627962,0.07437049534538895,2.1041379441950196,0.9323524824235444,-0.19450257052968262,603
6.19134289091567,-0.9724416148296935,-0.17136665809844448,3.2238516529274732,-1.8080289444202307,-4.1664108285594414,-1.1314963955432447,-17.131485783076428,0.4192224227482782,-0.28340479998404544,604
-27.502419925986636,-1.809401082206047,27.346008774167707,-2.0575898287882803,1.542759077349295,1.689499762468252,0.040529715446528884,2.5431195963427693,-0.7971736930576838,1.9611349128315743,605
-12.348114610218936,12.608392798263974,-2.202123844146604,2.4837495708114097,-5.779492401049841,-2.8811509290612407,35.922317847348374,1.4836373076487859,0.2600494228514561,-26.635324172535658,606
-17.710291047870847,25.089889457780217,-10.656634122604196,-2.4058816153092493,0.1636331209599058,0.6604975717685091,0.07804016003864417,0.30179492846325223,-1.4292275257603524,-1.0529412108025085,607
3.849925293095671,-0.5735135810485692,-0.0011632791079583284,3.794108453758805,-7.435414878153299,0.4503641521053014,-0.9607021574915694,2.6062289613642338,-1.3007957319891528,0.5644485410589931,608
-18.660818161813232,26.626242917136445,-11.76100941211372,0.5925664911339494,0.8206610154660412,-0.501144391732987,0.9024544175954838,-1.8025926550326559,1.2307771255139186,-0.9431943122681543,609
4.453700336920595,-0.056003306312909944,-5.102854512235523e-4,2.7295077416837716,-6.8358629618634925,1.3758153011028647,-0.4448491138715726,-0.6204399039680769,1.1023544220331962,-1.0035715965136214,610
7.873816801603995,-0.8634946534532326,-0.2550416100766333,0.5461044069756297,5.617597058280573,0.837480677927029,0.5562882055619595,2.2593391750438783,0.03035018726394929,-0.44141287162363235,611
-0.915474179248548,-1.6689258461699905,4.534786552265441,2.6074882219333055,-3.3561570779637,-1.452089040761037,-1.2692022915149608,-4.2562504414137745,0.5633439778489566,0.1809404605018163,612
6.3431842023573894,-0.7747599308360084,-0.044041678179887446,1.7348259327101487,-3.6916965264743364,-2.2892821761125317,-1.2732342115759603,-13.319254499815566,-1.4573898478530822,-0.4956641188311698,613
6.481217637054504,-0.13976727713281129,-0.29822616453367923,2.3334946170384443,-0.681662966882253,1.6826341576042407,-0.45095121181348896,1.9443459373517367,-0.2664028376910027,-0.05542684230972213,614
5.749494812320733,-0.1401130852120805,-0.5420767752317421,3.1643120529250703,-4.264203495362885,-0.5705968362742383,-2.03191834717072,1.6890079825829607,-0.8057164152877156,-0.014419426143933326,615
9.285114627070014,-1.4526554998559946,-0.5191218126289584,-0.7310594868976216,6.692630116985404,-4.009984221161447,-0.7881983180817234,-12.060654904028969,-0.08609845694530144,0.0599975179962019,616
3.9129040074722865,0.3821536265750205,-0.04458647706328139,4.573785608974537,-4.216943514088637,1.1041175869629083,-0.528202638238637,2.520655732959712,0.46712815059548884,0.10442819456048531,617
4.36186175793179,-0.07034184611521964,0.257526491661806,3.8186509308516,0.36244078492553816,1.502036635254766,0.6867319575848112,-0.09213931675219748,1.556657496294288,-0.12789726951240546,618
6.406399993279699,-0.9546550662408562,-0.1791065847939028,2.1952554850146027,1.2727766779223948,1.270345777855002,0.03257351561262445,0.8000799171087729,0.02071829742370321,-0.355070727378164,619
4.335990602133979,0.008429464073638728,0.13861093240574843,4.612871168184853,-2.0929086371501526,3.1256184878962103,0.5609649223907706,3.1137444231045093,1.0194345405959786,0.04722614421624809,620
9.114840496280673,-1.500785899803173,-0.3468501267776693,-0.5792463797918002,4.12698469454973,-2.390084554272878,-0.9318756303065073,-8.164319352567064,-1.6560620548991747,-0.09940393045608664,621
5.763041986650318,-0.5000348373609941,-0.24837485516358201,4.450209138992315,-7.311836472761158,0.6614433540658385,-1.268530695681021,1.232840484041445,-0.5742396669364733,0.8993171213103477,622
8.26567605798081,-1.5582399242424563,-0.4429315069892454,0.1735628899977858,6.803023176536972,-2.5109044944264043,-0.4993767476560331,-8.085937178554754,0.021672086346049058,-0.2155652667870706,623
8.27318390214465,-1.8750173244129267,-0.5000658343045419,-2.6103943815840123,14.232717968690176,-0.7689841669225621,1.1611349854171313,2.6030407041784946,3.8865456999212085,0.16360073333459885,624
4.345290816601734,-0.44660132647456924,0.41503617052845226,5.285070479389588,-7.130281046121929,1.1895989512421423,-0.10887425300724825,2.1524419779797728,0.49473507157347185,0.544968392877542,625
5.764246580980293,-0.7350582914936897,0.6340891289876751,3.86071121508262,-4.26488302022845,1.227741146343322,-0.8677738243050691,0.11623462399915896,-0.8675339048446075,0.13718538033450164,626
6.786220164998439,-0.9625680701028255,-0.3522833637354437,1.6253247870039667,2.039756217545701,1.7659220023669888,-0.02331975700154664,1.7993819155394353,1.2479548453967866,-0.07682586813029324,627
4.141753356761047,-0.49078310504291406,0.10752203650300296,2.505478908919507,0.2718365611806082,2.3864653603193253,0.5943087897664324,3.030771771420457,-0.1586875315752868,-0.24991624783455219,628
-20.356335512591084,-1.4716009185398713,19.49418860135486,0.43962157363102966,0.861646991103307,2.0267077062356855,-0.8240947697337101,0.48794865431531864,-0.2602707634400197,0.7532498366099127,629
4.999601698666949,-0.19914255145831136,0.1496280274701892,3.8702868834943236,-6.1936165314183524,2.7353845097510034,-1.0061827018595533,2.4084557573612737,-0.14306185697000368,0.22478046204112287,630
6.023882669014086,-1.1584890299670012,-0.037383725480828744,2.1170125548049668,1.6935075247667317,1.072924455924334,-0.08727621622496673,2.0573977521991527,-0.8933686641838126,-0.2002157718839605,631
-13.277840670146652,-5.033473386374896,-3.1379193482785372,0.498646238175252,-4.2088839588403895,-22.762629492174977,0.39440654744776177,-0.6375776029128011,3.216185901024601,-2.9811241253623617,632
7.007480818036048,-0.7558290307584544,-0.12382707244915624,2.4045724818852423,0.37221219512573955,0.6343196367427998,-0.5134112882381652,-0.8118665333831449,-0.4324540251640225,-0.04492182541636746,633
5.169721056934909,0.10597143865489621,0.1113285109789039,5.378630691199196,-7.134156641177778,1.889929594306621,-0.44721547366057085,0.8841061009644168,0.3384121155398583,-0.45522858241556236,634
5.712489791847654,-0.3825678245790666,-0.39543521353312167,4.147055404967352,-4.316292826561112,0.5012942257797341,-0.5149197824158194,-1.1656075090026243,0.8049499163745413,-0.12508816869042177,635
5.369734018007063,-0.34349365783676067,0.17660375915510798,5.200012794786638,-7.240230582711425,1.4979494553924115,-0.3544098334214781,0.3401143931673422,0.4263549160440812,0.004643972303023249,636
6.135407989477787,-0.5168624797886558,0.0010763621357705372,3.5079432595692124,-3.381451092784965,1.7760295469567748,-0.484211225825014,0.9346665061830394,-0.6523848572157638,0.536199532516977,637
5.7030621135462445,-0.18791648028510563,0.20793395283215782,4.143600261426625,-3.304685600778649,1.4460795259961958,-0.7240567751450996,-0.39013676902668964,0.44328825671603167,0.09665132027315575,638
-20.924815024918573,29.919860709442563,-12.243976921179229,0.07738835891287581,2.3511487263224558,2.0279670045822895,-6.346179749560028,-0.01015879200980309,0.36278388784333,-0.24114376116708514,639
-24.090777224685144,0.040907474753334255,25.31109761116038,-0.38022298277241423,0.9164652257842569,2.644947946760097,-1.8438452261344689,0.9274545436196231,-0.2521480155522897,-0.2453822477901073,640
7.109117580955526,-1.4932139347114803,-0.5720209458279144,-0.09588302436961982,6.485879340615479,0.12473839948431066,0.5389238005115033,2.6325848070230964,0.4248369250969206,-0.45730823931860404,641
3.939832049661522,0.12009585243758267,0.5025857504330837,4.401438750032282,-5.539359680455112,2.0556959628623783,-1.064072757064903,1.0724126965162657,0.08341749803322376,-0.014967998761625195,642
8.429874120951945,-1.1578458537824943,-0.3340817843846556,-0.10861956008408238,6.549966402086673,0.2776782597795073,0.07032509083573381,2.099171542430376,-0.3107360868009181,0.11632349712633196,643
5.0803062509644805,-0.4700585250090479,0.5690465440394573,4.327996035421209,-5.679891620005828,1.4303020295688178,-0.3651133689726422,1.6181113047425546,-0.16249895372534987,1.052957656914793,644
5.343633772841589,-0.49765727372804264,0.11259666590032719,4.968035112837391,-8.78080238149062,1.0178925683837294,-1.9044616085272934,0.6508457562448914,-0.559244854108309,0.22431035907602104,645
4.726613698312793,0.2739309364482495,0.3284459366601616,4.55649420071556,-4.140694552080453,1.7564041287369632,-0.032291493748290864,0.9036925594408287,0.3950981894890089,-0.5252444922582125,646
4.983702916474412,-0.08336514557929701,0.09787567302152021,5.14408311857641,-5.079318374148969,1.0969848425115638,-0.9198062832397357,0.2702887750228154,0.49338017873823187,0.12291950523424996,647
4.842996424817743,-0.004028183302970418,-0.0049837990012882956,5.000282223462597,-6.742542498288029,1.0721989457839753,-1.1446252683276623,-0.40657005883058744,-0.5861230118623064,0.13321747170716416,648
3.919095759774287,0.3489553095351097,0.2914510824697011,3.9269450990924253,-2.2692950629646824,1.3561622688213337,-0.057654093427463866,2.145384018364565,0.5022138259645764,-0.015332574025907712,649
7.271271549058016,-1.3052211678578598,0.06612115563893536,1.060616885858146,5.424102052631666,0.7095096644770261,0.29257637350707827,1.6009439215417478,0.9342842064927392,-0.29152534012619696,650
3.571608821003762,0.5974550844881034,0.46481610497842246,4.3677252992989555,-5.9425606748651,0.5874231008765433,-0.2957774254327672,2.6912157395325,0.46517800990048175,0.8599634261400263,651
4.742772667818254,-0.27044151218822227,-0.15189111125828353,4.912402463084352,-6.309395607787244,1.81406008752775,-1.0272099969225965,1.3910825956137138,-0.12313418461296603,0.1883494923272317,652
-19.188007275736535,29.425084866336654,-11.727193064781094,-0.10052908742693352,2.3169453187953213,2.4867509024598173,-5.281178827237819,-0.007314635452926059,-0.22872137005494106,1.439140865102696,653
8.379923434251051,-1.1856131919525752,-0.3266305879460295,-1.900386548355177,12.940679942176697,0.8804588229905013,1.0859349137464156,3.205352538789325,0.974931454837269,0.12701293112303275,654
4.851422784583555,0.2905994052710718,0.09819940514037108,4.732151280442152,-5.5736925311650465,1.5916659817853303,-0.6425548380010327,1.457257349610272,-0.8411717154711184,0.4390755899981988,655
-35.72533252422775,-32.90816197149466,-24.266795247313002,0.7732958779823668,1.5991456579844507,3.2335217533534273,-1.266160358243352,0.671377730173861,-0.024757582598863098,0.08292682918508515,656
3.9087150764132863,0.15389133720392612,-0.28482826793573285,4.986662947960917,-5.570795521831423,1.764924766589044,-0.3413219549765512,2.0281282798501374,-0.23494581081267385,0.542190436193577,657
6.856738529517856,-0.8204069681345784,0.11267247335318749,1.6974740022285861,2.981324213141388,1.1814953047118044,0.4358609761160643,1.9177907418608229,-0.1273536062622814,0.2355182155982491,658
4.810756298198751,0.32180006855916454,-0.40099142888000044,1.0554316836824778,3.7202848592662034,1.289515282992417,0.9327259249097088,0.37135087267122063,-0.23576312589367968,0.03217463837062513,659
9.64472440463298,-2.022306492099,-1.5826776167975773,-41.4865476791515,-11.21433631175569,2.590087676735629,-1.7346161229046462,-0.029975785041048628,7.297842908372464,-1.244473715760981,660
5.124797567145678,-0.4466972380013627,0.298716280769622,3.0559424999141025,-3.2601687497049343,1.0603992766712624,0.19051802258752354,0.474902473101836,0.2390529103162077,0.5639840518843832,661
-21.885992743830105,-1.8758880324810157,22.423175003962836,-0.38946381608744185,0.29364589155862025,2.449778815598049,-0.650610545420796,1.1983381821845036,0.6447377857974195,-0.31751670813558336,662
6.1862675288390365,-0.48085278437181933,0.1078263237711661,3.035141344629092,-2.812173785632849,-2.6611504016224226,-0.5797619268459753,-10.508629888132486,0.01472064056889405,-0.5465022365931286,663
6.260302259683659,-0.7160893571156357,-0.051072285842135585,1.4875532672118421,2.9606372255976643,1.1177657488933381,0.8806227845876855,2.0071029495933526,-0.588741135006477,0.32800735864476444,664
10.352423173730266,-2.0189852809244746,-2.07969677794547,-45.549058624580745,-9.981215055877657,4.371694732367219,-0.8520814717340152,3.9422910950490144,0.07034045867249177,-0.18906348340802062,665
7.489816194698016,-0.8998475320223529,-0.3287321622987924,1.947358924265348,0.44477830996502254,0.2622530252426117,-1.1169716400508507,0.613885233006623,-0.5261203225395426,0.02949032524932149,666
6.911406687235947,-0.8647653614326973,-0.3714761092685693,1.8605899841048823,-0.3306237706525201,0.73043703435973,-0.24667348607549436,1.3155903237413429,0.14503976566957572,0.03264272156047309,667
-20.16035231277932,-0.3820632109620832,20.84069572494736,-0.9689796854863032,0.7989597636310569,3.550944497732003,-0.9133743107294376,3.192748071279238,-0.345144827891999,0.7215883464750045,668
9.025920275822338,-1.2939350898952198,-0.658520034176177,-0.5150100279504484,11.86814406647651,-0.12377903681658678,0.6394405791783649,2.2986563413296874,1.576273920913183,0.1409201337457459,669
6.550731375150343,-0.6036066729081297,-0.18299179444895275,2.8210027268628597,-3.9433662284274402,1.303183811744719,-0.847008353840234,1.6434267973469827,-0.6871138822842184,0.02814315251031109,670
5.722344493960513,-0.14647487424751743,-0.1793296602324134,3.6637309297580476,-5.688961625828424,1.2410257661714943,-0.7978700193097301,-0.3819987945737662,-0.9861962540444013,-0.0062604877149672515,671
4.741902949764993,0.16183051467345386,-0.09099564368344354,3.5150844858473986,-5.355625299670206,1.0525923874708643,-0.44414022058007635,0.6646519702284963,-0.3962417533751539,-0.710244471960133,672
-16.864982700669042,24.159351522901993,-9.397960347870418,-0.2921653150159793,1.0429631701094488,-0.4738004029078281,-2.517986195704219,-2.503622608755242,0.7747697282344311,1.1684542688465456,673
7.449665245612195,-0.8609558635838986,-0.39176266209128313,1.3187720178071678,4.107263902227783,0.39032702140300024,0.5621856842455022,1.2014201563212648,0.7596477901048602,0.4527982546977893,674
7.5251484138056455,-1.10365001130988,-0.20269297310654527,1.1420232681561322,5.110054315480119,0.9694229852955814,0.5920060046566062,1.043394860960222,0.8950713327473977,-0.0026668231876100104,675
5.234548407687795,-0.42460752573859617,-0.20413489468110002,4.522794108508949,-6.005019334050178,0.5043321455407289,-1.2828537961891648,-0.6000172636961952,-0.41634831994434907,0.07423820409745373,676
7.5380305567695,-1.3486062623115966,-1.0086239346576371,-36.61644889673104,-13.22602168498085,5.372150481601484,-1.808301212057648,4.404087677235837,21.564402611239533,-1.0553888209083044,677
-24.804397954732817,-1.7942427729329968,24.78005446128232,-0.9060437905682251,2.0682904421438177,1.9666497593819705,-0.9947097212105426,1.2580052512997029,-0.5180327502360872,0.8126180668938952,678
-18.853350982388534,-3.139846263949664,19.2426953008053,-0.9730780880052584,1.149810676987097,-2.6922428750696326,-2.233319306339621,-11.281681599672082,0.04621125841913955,1.2141920608553347,679
4.326283750097255,-0.25118559304419474,-0.4476010739764426,4.586729608351005,-5.608111504519876,1.5282429633301475,-0.8445907082503799,0.8934388452811087,0.1404238684040775,-0.1389602592620767,680
7.415040387967788,-1.242407272993917,-0.9818922931378069,-36.33364267873864,-13.863488242037874,4.52935979350849,-2.4895029185741,4.897458473872331,1.1934920093170374,-0.7901355623403387,681
4.838614161016859,-0.38180725861687087,0.06527827755914489,3.0600044873610543,-2.4542591947028636,-0.052196707283026826,0.007031292076125705,1.6476275824925741,-0.6285052325934318,1.2692307218045296,682
4.3664451990453195,-0.3048041296588551,0.2592788855757208,3.9303020794081514,-3.279416424022533,1.685166292883039,0.4858252830887587,0.2739356634163747,-0.34904877824863784,0.17751680028191816,683
6.89756119194655,-0.909747364981507,-0.1482831426193449,3.3873898125511293,0.24947737553183333,0.577677753010976,-0.3887504074439067,0.14016457862599546,0.16643847745185375,0.013461657769228983,684
4.911788524670904,-0.28681480447844326,-0.44542169383070374,4.763681440921586,-6.261607261674335,2.218667049253042,-1.0267564097745159,2.110011621087918,0.06359859053180893,0.23576412216102105,685
7.112685111599429,-0.8865209939110099,0.2371777830912473,1.570239645323183,2.5644198819327646,0.707144554228629,0.480410752846637,0.6585761912048953,1.0793174751911496,0.39036467604103875,686
8.625441603223214,-1.7393744301004908,-0.8824524549224819,-29.718792037285674,1.361026644039786,2.432851547446133,0.27423539216108117,3.3609965165112956,-8.034063479113952,0.6391437078196512,687
1.7086372049750105,0.3296347190357939,0.1286110354147462,5.769682682202798,-7.77472524989399,1.4992775969975025,0.2808377757741063,0.801585460664653,0.6056133173640811,0.02769112398944055,688
3.311856671954121,0.9301399624030506,0.05341142258896037,4.648157760001005,-5.147543417191541,1.8264746570030699,0.05683605642424712,1.6243344578796164,0.21534205727922057,-0.23453511325507825,689
3.370248791889548,0.7246473971644781,0.45416041501441734,-1.5572713565878695,1.2665015844752594,0.6434565197950673,0.18674505554734103,-0.9173953660003203,2.1741489256850843,-0.33785086760764893,690
4.702796244682114,0.13724560064683525,0.2699280330339294,5.262713088893397,-8.058642792939184,1.4950368227884172,-1.0622930708398846,0.06261062545246748,-0.7237284534659091,0.0028209839937424785,691
8.653639966744407,-1.3166931727501352,-0.5842501472844722,-25.958595254743873,1.030884518331135,-0.18673224442999875,-0.5038092206415535,2.7410725804507057,-15.289333941911405,-0.0832367457044832,692
8.837244892815473,-1.9158381606895718,-1.1583338335023419,-17.78522594040761,-4.747081503432368,-0.4901370246935412,-2.05914574940548,-6.730257563399986,-1.0694417926034923,-0.44980759483751853,693
6.292704777864652,-0.43826286356224203,-0.07613403826651052,4.15163927588154,-3.4907254104676815,1.0707947196560892,-0.7621183128638466,2.24592322174919,0.01737971563394871,0.18353875201727793,694
8.123798340276954,-1.4526816116766188,-0.4262585405028055,-1.5887396158643976,10.571219998251951,-0.16778538307897836,0.443180527850275,1.6669085082073398,-0.4647599441743338,0.17994087696285824,695
9.151977500462095,-1.487700958508244,-0.4489597151250049,-0.5005041659452091,8.031600153967252,-0.5125714512620049,0.31991048633713304,0.6357217107795604,1.2423071606643536,-0.08627403563189971,696
7.022835983986794,-1.2698493375096986,-0.1792288115774257,1.408634920328613,3.5373559280060807,-0.18148902247406573,0.25870556712145665,0.6482771113474314,0.8629913554897991,0.07790880966104113,697
-36.62999342624578,-32.92503076282132,-25.135565792522954,1.4103590519045348,1.4421056340044809,2.256039136151079,-0.9189187085627686,-3.1755679786292466,0.44198766046433235,-0.25370063633357043,698
-18.900960556276246,-1.6014789789924049,18.02505910512445,-0.3651576545955127,1.3612343352586092,1.7847216753607764,-0.7626795212576793,-1.8156251625983744,0.34533000189626123,0.06051036418662428,699
7.7320822092383334,-1.043322859600044,-0.2541367534827191,-0.5076890028879081,6.69176758214344,0.5275684377127634,0.5044088070654347,2.970834719487744,0.7869396443978942,0.46857561653252344,700
6.448336122954249,-1.4519674545590269,-0.28415895742774006,3.128025273930768,0.4264121425059545,0.38283093864207424,0.09829517422384232,1.6920574153822703,0.5190341324417319,0.40769676898705115,701
8.081676278763211,-1.567796509676703,-0.7844902586851901,-1.0751947365924917,12.400809139723657,-0.2311669422119297,1.5150855704902033,1.239269733632909,1.877544993839576,0.518473776494685,702
5.2566219781012835,-0.35769289315746017,-0.08359218774055865,4.804714761434664,-5.274873449849966,1.0502583123070706,-0.5925505642338699,1.4506138301158433,0.7631755062428426,-0.14256118327771305,703
4.4385325180374116,0.2884988237735368,-0.4593667953918373,3.7701420852270675,-6.37552818605857,0.08909434125032853,-1.390382101548415,1.2344500660391673,-1.184881853487518,0.3394649916999595,704
7.106446500983026,-1.3110075338925695,-0.15132094428437615,-1.986921429384906,10.212474527302176,-0.9642738341141737,0.9685982409153869,3.164388889020804,1.104903883923739,0.38851272948802995,705
5.965792192798467,-0.3795778375954797,-0.3795475398229073,1.808347757340669,0.3213126415724518,-1.3705497351022013,-0.08702948770521632,-10.120981278264642,0.9783960332378915,-0.5771720182689315,706
7.11402216849033,-1.0480214055172545,0.06629603925500571,2.0831843689607905,2.871569984358145,-0.3021125560648798,-0.39960249389724095,0.8521131099260044,0.1917649733935025,-0.07707704406248009,707
-28.105192805809178,-25.13188286244222,-18.136194597534825,1.7675278290004388,0.20108871836914644,2.1033933738897224,-0.4028025866075961,1.2864670241438705,0.9377112816708656,0.9160555346380753,708
5.865265748458109,-0.10686084059116463,-0.07167684232449809,5.022316426745879,-6.03186383267787,0.9171614106569052,-1.0355184813494258,0.7099818641347144,-0.7043785811824345,0.6115002829664147,709
8.755191220170353,-1.5720429008663979,-0.8796803560934912,-30.887087980745665,-9.254632282778841,4.238801153209098,-1.4066565740836647,1.4194067143072897,12.701524791973771,-0.3604111397440879,710
6.490033228949256,-0.5836769336476529,0.4326298796075676,2.955501259696735,-2.2091282574683384,0.8515629840760995,-0.49534246305864216,0.3864803795158192,-0.17605014819705073,0.46147201267871213,711
7.494922457804787,-0.7861210866013324,-0.4766641446709806,1.3577320105798765,4.760626837411653,0.257364429636316,0.4014624724283853,1.0978112062820526,1.2847235732516322,-0.20062397606272045,712
4.78597144304649,0.3597632854654966,0.3408341184189031,4.939832538524656,-6.048908414660661,2.2319971561880716,-0.15175511156436322,0.21532214932977511,0.4455055746091465,0.2680802500087188,713
-27.05429308947456,-1.555354345830651,27.904959689944143,-0.20437464970395233,1.765356700040575,1.0502611556544432,0.15406919276290246,0.6127917402174278,0.3491750899930824,0.11282181236030624,714
-32.05365297002151,-26.919741754927777,-20.456437875008536,1.410451358493835,0.8184771402868886,3.3462295013925436,-1.0109003969812143,0.2675382189254809,1.0127965309741145,-0.980396242568855,715
2.3533094520441358,-2.501531406030317,-0.3378005198791827,2.211305024759831,-2.3787608970250576,-1.8018791367716684,-0.7515382655182552,-10.23867451856731,0.6399191492157156,-0.15106689269936346,716
-33.968473260777785,-30.207241500037135,-23.394851641863497,0.35238787534954263,0.8207813103293986,4.089130779768161,0.21894552923281013,-1.5026252028190994,0.49927801524779886,0.5546003628305181,717
6.855907953904499,-0.9043505508356733,-0.5461865084717515,0.8203393256652265,6.479889818688447,0.7278867410388393,0.7275833073720734,1.9875772872959356,1.8101930412146947,-0.17672668684351933,718
-17.864397462196123,-9.256399023418567,-5.372098339666261,-6.171346224972191,-9.058302284819229,-96.309036557522,-12.513057858519389,20.308331080186644,3.4893196070849024,-0.39646964596084644,719
6.670817521699893,-1.1992765767274824,0.3946806806157165,0.562074508626571,5.996820916847069,1.943618714990364,1.0508278346407263,3.2386006978020214,-0.14793719767447552,-0.06261745463470707,720
9.099534880014895,-1.4379952358389358,-0.15045888550509015,-0.4994540448492858,9.044143463004158,-0.6372679116438354,-0.02802490705511492,0.5338453567505881,0.10333617070001445,-0.007985839761252712,721
6.482867040991708,-0.15985508350828204,-0.22170852469021873,4.331546760716265,-6.5979900107793075,1.533505636615929,-1.5249118592453896,-0.5121784593652886,-0.7677333908017924,0.01715291187103918,722
3.999684972088993,-0.04134391382752284,0.18828192891332024,4.699144496780056,-5.280430553964152,1.2305581888069077,-0.3814617206388085,0.5673704367381711,0.2391736188426126,0.19577553399792363,723
-22.885063272334452,33.99361840553936,-15.866181120466598,-0.4769298439335541,1.6793612116857715,2.3016219502724615,-7.659294024822099,0.87323227901767,-0.6048327139855557,2.143460055418957,724
-22.353972706580628,31.93844470425784,-13.002016043860081,-3.26815238540907,1.9540728099332627,0.4068108824870395,-4.507475762588001,-1.1870537390491402,0.4345998435989639,2.6576197653571363,725
8.048205430207547,-0.8621313558423195,-0.370906810691169,0.5129736665692611,4.202634389485806,0.5372689944717259,-0.2221420377872516,1.708797347911348,0.668549423459809,-0.1259928638177354,726
7.073519716451441,-0.7915461541583283,-0.2752054936281461,2.2914021598931202,2.045671134452959,1.0065558867251496,0.06073268889795397,0.21174984400446942,0.7579113741753286,-0.07123795445719075,727
-36.861284555157404,-23.425010644807802,-0.9324540212792064,-1.8142319896996373,3.9448224073137905,-0.9582576339193942,-1.4359510657953718,-10.456665209373625,-1.0574405021884454,0.43012750502084973,728
6.213334064187055,-0.9056580923848296,-0.44502494683829463,4.589744541767065,-5.110649969636459,1.385362305264896,-0.8731864163436291,-2.3271471319729726,-0.05899663456005514,0.2307934033070284,729
9.953308326366644,-1.58708542671299,-0.821790481375491,-2.494629470258401,11.862932018997851,-3.8036114325179433,-0.24611272894540537,-9.009949286686153,0.4504840109895083,-0.12436387759119387,730
-20.55841631242477,-1.2005125566417716,19.916566373511785,-0.3435125675453652,0.7046787448319306,2.979151081644876,-0.9070673616920177,1.418353112776821,0.3097348486143019,-0.148257812252775,731
4.008183453983753,-0.1930585267129614,0.7314941129699379,5.655761544064702,-8.425359026692984,0.8450806458382604,-1.3727682326800121,-1.045022673473136,-0.00476590855181436,-0.043879106933131656,732
4.787910851682839,0.09224498723203284,-0.028377681740435715,5.01982250300801,-6.292208528782224,1.3067416113189398,-1.012267450982781,1.6806982791327363,0.25164445512431965,0.003127599667516416,733
5.820475150418424,-0.8205905037592455,-0.26973500295335945,2.4411894119760165,0.9466034086723943,0.5044750998419846,-0.13795587452952854,0.9340403703933249,0.6332161016877209,0.07872538753262341,734
-2.407348363032719,-8.239606164016175,-5.246062422081546,0.8081804852071902,-7.313981879558283,-34.80625454280485,-7.884318784781918,-4.729228580519133,-0.29765333164236896,0.05009090383874315,735
-27.13677593027779,-25.395691023889533,-17.126335892660727,0.2711905122196221,-0.08125181645258793,2.3547144126047654,-0.35091471975770633,4.145868156526409,-0.8204399146068609,0.3818441434407503,736
3.4225556960018353,0.31449250379110577,0.21239740149329842,-5.663229851700983,-2.8713194583736192,2.062330080843169,0.13783396973902362,2.580413133915978,-3.1483685828308303,-0.3900174106645816,737
-16.747156777958722,-2.473588744897406,16.981006174123074,-1.421049886935112,1.2210683065333305,1.1194053369968495,-1.3580829720960392,-5.544357502598459,1.9054418433361395,1.241442941509302,738
5.247052047147123,-0.2961085700261983,0.07138443948445158,4.679328653582304,-6.082241409638838,1.1025607479900403,-0.8706606414567766,1.429978196383828,-1.5795744322320766,0.3798185331121513,739
7.967949362408649,-1.0704665767497341,-0.5562914269510439,0.7520953556712274,2.7230486456235967,0.14020177470318826,-0.3984101805834023,1.566882199903146,-0.15064347858655425,-0.03723371158389018,740
-23.31410979333528,-0.8594110999210691,24.68969330776053,-0.5377100370647145,1.2474982866473106,1.4976612288192745,-1.272113580869823,1.9094220443831555,1.0096402895465846,0.8918073173941845,741
8.903069786593774,-1.0356279899716923,-0.5737670776450963,-2.9854708159378522,6.5027288351538415,-0.03738954895473578,-0.023359964280424722,2.2891357545762414,-3.8008765139848615,-0.397772189789676,742
6.345821433548101,-0.40565521809040866,-0.026856041359646386,4.299890960862898,-3.546899069833471,1.141555425433415,-0.6760108875618007,0.7230814761938944,0.13380024077969108,0.30983818681972075,743
8.459134136728938,-1.4085634433982401,-0.14721293031396332,-0.09460963821933828,8.538221984401003,-0.3962261464877605,0.6545108229043671,2.6548462078584993,1.7007288461977932,-0.043976309930015556,744
-24.067158683903383,-1.0440238602564187,25.535992881782942,-0.7515205982316638,2.109918166537759,1.584116501244223,-1.581200185460211,0.18709958687434117,0.9533076373745079,1.0326204705146396,745
3.8911795260241053,-0.24842247288929653,0.13736373756658782,6.070680054280104,-7.420993847564974,1.680394904038239,-0.5909277333606212,1.7577820148022796,0.1274876276556985,-0.023691549964057416,746
5.161561792839719,0.052087447806194447,0.11422060857480773,3.9253074091316855,-5.51745514517188,1.7516608265992848,-0.9296249296407358,-0.030006101993658968,-0.003178449170696474,-0.17182853693904732,747
2.965767536110798,0.8025919164670996,0.42092289458701515,5.307849199631711,-6.525816567214279,2.5167316954114796,-0.19050992581915324,1.9716086277339113,1.2388438313674772,-0.1477572345943027,748
5.0506362989641875,0.06185554235710823,0.13486768357917775,3.7273834028713653,-5.858213200107756,1.22916063953124,-1.2692043384843426,0.18063207124088823,0.019530491535431717,0.055460413829792964,749
5.015910377973246,-1.2184867559976604,-0.6221960355659752,1.9192815968874926,4.755290341010195,1.850347413603944,1.437762736951423,1.3347372067881804,1.9441272080942211,0.09450518470853041,750
4.071443076662679,0.33719771839351276,-0.21531350144824532,5.093588669114102,-5.672290901880948,1.5482040463115518,-0.5547167604047961,0.6574669833208698,0.39379960227833394,-0.02818861560411029,751
5.052045578194718,-0.05119683478999222,0.0051151375225647,4.729384522245591,-6.714492317391056,-0.1080952793266212,-0.8122807417410703,-0.6362932514617277,-0.6017337462848265,0.134944550697602,752
6.249962510738829,-0.6986044436436457,0.22113693566276177,2.60315020119885,0.1824814741786903,1.0955279761537453,-0.4055696994928769,0.4159113417873274,0.3862519046232257,-0.0730433353969786,753
7.140040002691492,-0.5083879742783436,-0.25581017325071154,1.3418787843789945,1.154583480862073,0.02459907771754011,-0.94147769378297,0.5955746464197135,-0.5790420510267837,-0.05352499522532179,754
-26.705775266864485,-1.2561591743213172,29.17151423026254,-1.2968179022021906,3.260366991852501,1.1599822549126593,-3.106486376115864,-1.0658346956196603,0.10063319560666814,0.3284701021651962,755
3.6720234851014437,-0.047291548826857106,-0.4296871391708251,4.596915562704351,-6.387149602577015,0.9219889366518965,-0.9517503955116656,-1.0341745868424392,0.7820306401062043,0.21265238321476154,756
2.8688946717626815,0.96550249767266,0.34486855422675694,5.0533373321100195,-5.05199977876073,1.96054936036555,-0.21999595765603028,1.9669845877941015,0.6722432226111765,-0.42941446320618853,757
-23.687396543271007,-2.6596255449542743,22.536312152296688,-0.18323062679994512,1.6440566383529815,1.2704962556076,-0.04310214587797701,0.7482223746650121,0.3942733203902918,0.5123775193321857,758
4.851500194135748,-0.16252905760658165,0.30974082592413843,4.020382562151235,-3.074619037980301,1.8764337419930535,0.7426364188310467,1.7882723696238154,0.531050797822866,-0.17476268504558115,759
6.368910532132246,-0.35260682651122416,0.035864227398778335,4.117224092395429,-0.6890818922017916,1.3005753937165876,-0.12605926359000988,0.8772602630533107,0.8290435431767785,0.005035425756712902,760
-34.25399465594552,-30.856536342932106,-22.861892625220563,0.46306322693629726,-0.5016451975002227,0.8697453523075409,0.21763852501614547,3.1594512643575823,0.03865120769847322,-0.21483928124763532,761
-22.4086219105767,31.839157075840607,-14.086539237367788,-0.7558806340112241,2.365688506312468,-0.8942063758837039,4.0734325321695035,-2.299095354281936,0.6316270431534492,-0.10411324082613363,762
7.209613842391212,-1.31453119312041,-0.17460608841055916,-0.33169023456246366,7.092440190123026,0.28166917432793764,0.29842901995786925,1.1741467269799564,-0.4849315045703113,0.10678796543563995,763
6.204471465650684,-0.6963613664503683,-0.2522483402989409,1.657827420684038,-1.4174325969700046,0.342303371192644,-1.3252325137156973,2.3038606592374427,-1.8415307378395331,0.1658491448403157,764
6.766339838060785,-0.25006863380828276,-0.058267307435707794,2.220389894518108,5.0250422088887445,1.269634878518218,1.0690196754401105,1.5345246021791275,0.6900837351648846,0.6634320444563119,765
-15.071981489447463,21.973644188477788,-9.066747473226425,0.5477116629900207,0.3653769214189324,1.99713202663556,-3.001423487899477,0.8787917004293037,0.2535346162603015,1.4804241169535268,766
-19.241840879720183,-1.8252946569450965,19.19548132121754,-0.4815239532517235,-1.0080540032201415,0.9960003898169252,-0.6292052801115622,1.1383746742191085,1.0864423091009046,0.21020554999901409,767
3.859011632713345,0.4948833167435127,0.14065239600560148,5.215115123625849,-6.611673180178532,1.959294556626958,-0.21467568995642872,1.5016360558207564,-0.7593390716407413,-0.12561175539655525,768
-19.30727096715551,30.026638822382143,-12.824262084235324,-1.096577055998076,2.500058011119721,1.0212669390548084,-4.630683961073919,0.2536820013572757,-1.1921822586985191,-1.419973130208269,769
-34.069654778155616,-30.665214246052646,-23.6558234129615,1.176713706529967,1.5902526211993564,6.414046204441905,-0.10274006273406848,0.7246210360422856,0.4584203966652722,0.33949343972374457,770
-21.643563270152477,-1.3369437185894657,21.51842794146317,-0.1925801167956604,0.7824924012185813,2.3914608468462237,-1.1017842424566615,-0.5716584836452792,-0.16584714677501985,0.3403051488216423,771
5.490722888323632,-0.6408744168601148,0.9682465733781119,0.12068120080354244,9.843846004076928,1.1269755518439044,1.3272155018064373,3.720742259192068,2.088498278267533,0.16986525951868406,772
6.554181816752174,-0.623801222497744,-0.01734821983313634,3.4210879629258777,-0.686678814894828,1.1883194732708144,0.0566546069525782,0.1677703778359817,0.35523775458094964,-0.13552930586744788,773
3.87004055717193,-0.05738097945070376,0.5958209854157743,5.334970141757992,-5.195551186959054,1.9492667559671513,-0.8354356890281943,1.8743424757447302,0.695306824923375,-0.14287860978667635,774
7.006212900235493,-0.9982202231884332,-0.515957398007009,1.1207342228669201,7.609936054550679,-0.7457486289389147,0.5023061633735124,2.22811938979563,1.201678287181519,-0.07742547568739983,775
2.39361387246805,0.258227765792872,-0.5296557367273632,4.9238109100310075,-5.943418411436392,1.1940089603076842,-0.6321519141629252,2.494404160231984,0.4442494798323494,-0.1485139669742465,776
6.711655654422636,-0.5135581171449876,-0.12557336534961006,2.8371869222511994,1.5598636588529424,1.5284647480989966,0.30675762259940886,0.8652413606048245,0.19798201729859027,0.15012568008837066,777
4.943653322961309,-0.2406629385770398,0.24047574984551864,5.337064349680331,-5.586157715238005,1.472182773188917,-0.620068133194873,1.9462038121883922,-0.0399717294275875,0.017299535987442577,778
4.945670570124418,-0.017414702775049123,0.16683970576269475,5.0594724326462535,-7.8757850521629615,2.2312204012035664,-1.1054187731528282,1.2019109381023638,-0.6380151002648021,0.028466845507264377,779
7.4464951585137005,-1.3166294032668728,-0.24017906401718667,0.21223677031357494,7.897321575720437,-0.25536774420515124,0.39872432680883507,0.3780956886107228,1.657224071282717,0.026145381418863863,780
5.270920043557895,-0.030842643737080275,-0.04016722360497885,5.761262226058066,-6.7849879909513655,0.5518729209968123,-0.7496736845846823,-1.4033399062621994,0.515903495727978,-0.019949283405544638,781
7.062845154923841,-0.7904382015652395,-0.23632342054287855,0.051972234176581665,4.670423399314145,0.6850266319919224,0.6722102936010211,1.8597394590567549,0.030373892620324014,-0.2609870973134367,782
5.228481122028802,-0.13887825328640224,0.022819061040756435,5.452649922444189,-6.919791360695221,0.9612163470139813,-1.0400963952109095,-0.9402664183695036,-0.30567076967866663,0.2590459898413653,783
-16.22985422264178,23.218784747095206,-9.411004045190666,-0.18563577807893783,1.718140383756108,0.5315024498650686,0.9553722557895429,0.30121166153183593,0.8451449934473343,3.529799358813705,784
7.594475265550122,-0.9895655496037035,-0.20755891928234316,-1.6251351450860927,2.145581420767379,-0.35167919831511923,-0.7197439430425079,1.3249834885548541,-4.658536894436025,0.08775493697739352,785
7.787607617354336,-1.097055194539118,-0.43177495562390034,1.154669187446308,4.765046937931539,0.9088955877614601,-0.1856405528834266,2.2140888695142515,-0.5666246876904767,0.13459016515426364,786
7.267087644628042,-1.1391203014834033,-0.12570386330661637,1.2763538037760338,4.462169320060897,0.3971208926585568,0.08063055861274952,2.2118002102875294,0.6988928233002493,-0.11087487676065112,787
8.84408326922532,-1.263787284071741,-0.5362768759260631,-2.2883979832128265,6.347815280338651,0.3441107533025035,-0.4147160727283399,0.886256244273396,-1.473198870385786,0.2175521511633868,788
-25.080833004489474,-1.5095795698771377,25.629204719834135,-2.317888846594175,1.0424285578113954,1.665347342169156,-0.48775472804389625,-0.10638374708999501,0.9375275797734078,0.5668492252590855,789
4.75184784802026,-0.30829265979360915,-0.2331750005819972,4.928734862887053,-4.471516917748055,1.44023142652159,-0.10394129181428055,1.781629455832931,0.9186960935548384,0.021911074010438018,790
6.025404126055635,-0.6967324431112009,0.022798820979515706,3.596757901999852,-1.1620468404985218,1.0619594840528537,-0.3909390137103283,1.679646646275473,0.1850138829190049,-0.2740989214142961,791
8.415137828859494,-0.7825062906139588,-0.5819589922718919,-1.2992116043777682,10.900523532131746,-1.254172199491184,1.133223570248984,1.8846297502290508,2.22486827414603,0.6090542930914034,792
6.145152169362669,-0.6277269484832501,-0.02322665677024976,3.5687002839438433,-3.210819737173745,1.1305063622047946,-0.4841418086513586,1.0429297518152711,-0.7989598372640526,0.7580003401159093,793
6.1854009021994445,-0.42315707202042196,-0.08950887257284972,4.085150595475767,-4.613234304940812,0.9973170997933981,-0.5273431286612101,0.5000976695942588,0.18362204892765582,0.20274401176384196,794
3.0134399994455348,-0.05919863128684009,0.8357317174757012,5.421020325460258,-6.738844111296314,1.8782160157527614,-0.7600172789312336,1.7252542158884812,0.3500036488724792,0.27536666040902025,795
4.598253435771498,0.253460251958261,0.09387937819853176,3.1449194815333787,-1.1694746109681056,2.06959671352095,-0.3763393323926421,3.3094588393339337,0.46810393319590526,-0.14750318369100482,796
5.33333322531272,-0.04000812473283683,0.008415212251190782,4.534514675558665,-7.022744691129686,1.3928991904982455,-0.6932970759492147,-0.699378316167468,-1.3163589557354438,0.24826682247406998,797
5.882588240797355,-0.3729452499501894,-0.2601855999353,4.325646796297448,-5.762888531633908,1.6830757237100562,-1.1976833659738213,1.3444952862814197,-0.581525510275504,0.13850072149349968,798
-27.39454763765564,-1.7515741914738243,26.111038791448,-0.7410675134088354,0.8388320359552133,1.8649721683503009,-1.2674424108305737,2.3309053634649626,0.3239637558748123,0.18081507530844979,799
5.461466965575543,-0.31842834682514315,-0.4907787815125042,5.244546242427646,-7.134333505392653,0.7598179386189321,-1.1522774486147895,-0.9012346284499978,-0.021030791653802793,-0.14701033197215294,800
-4.415740419886651,-4.895327603548735,-3.042040202118065,0.49229353866845205,-0.3996355405459649,-2.8519909857117858,-3.191050453338717,-15.813910022842823,-1.7790396173240992,-0.39335910890344705,801
4.452535932717365,-0.3090733920275359,0.2790821023726497,4.646246773259415,-4.726141277990771,2.0904801424632478,-0.2984834591122454,-0.9219162175288507,-0.09217197711824604,0.029693441089702306,802
5.588846685425129,-0.2766085773848215,-0.6259003252956274,1.9694872862803168,-0.9786014160083369,-0.13981259709029817,0.058535888644299906,0.4342732243359426,-0.264791172313425,-0.0622232761844674,803
6.619871105688362,-0.9469252046234564,-0.20288310302222792,2.733859971705594,-4.014047843035965,-4.026546023777835,-1.8010900040049684,-15.850525572523933,-0.7837237860123338,-0.412147297926504,804
-20.754013988358263,30.20188518266011,-13.206516625761227,-1.3575656951783497,3.430336564577561,2.441077139510286,-5.013291827063716,0.7640964943317222,-0.6343212703355321,-0.21856457661501366,805
-27.414767949419215,-2.037052347903363,27.818709059001144,-3.4365796911954227,2.2261562033120375,1.8251275647341023,-1.862660075172358,0.8454053096991783,0.3951914922743663,0.020872397048343514,806
5.008981103480794,0.08453321069819592,-0.231434310399932,2.785779055180669,-4.07687332732839,0.9544880543930239,-0.20310777122199705,0.7099518665872897,1.2371166619100922,-0.6184745257366933,807
8.917229035822459,-2.039882448560105,-0.3418511963546939,-3.464340337023287,16.170449999000997,-3.132152753386494,1.1078485967637235,-4.197117821355241,1.2360872570110082,0.040021375890155274,808
2.99077739111808,0.2857456232823879,0.6624175488388926,5.744051015449479,-7.639818585513367,2.0136415580979508,-0.04791866328672593,0.3697741833163025,0.24860248391174267,0.948761194713169,809
6.62978197594444,-1.0623890013591617,-0.19372576783081064,2.042874907965898,2.20341871001058,-0.08583659706923698,-0.25459814645029094,0.7522684960781771,-0.3809318412322187,-0.17563374543644159,810
7.208974773570739,-0.9885197159768172,-0.2527134279478325,1.91813678496138,5.3463161044731775,0.8696859951897947,0.8899500759649734,3.0355075926820407,0.5240642997861591,-0.3890398284376253,811
7.711647441840955,-0.8667500224578689,-0.3278910369609836,0.8897461536232533,2.6665784942474087,-3.0481815764133304,-0.5144670294140911,-9.604826017935906,-0.8008557862597788,-0.08517306062455703,812
4.686140123271106,-0.37581896255235825,0.046204181497001444,5.437652476836064,-6.559996409860884,1.8648287648331083,-0.7840822897583555,0.6697845915806161,0.2337547572094092,-0.2483427906648464,813
6.196488924563007,-0.5638689777964434,-0.0010489187446158677,3.694400474260292,-3.450179725088114,1.6463526244116955,-0.5489177881796371,1.68642036337916,-0.41195365265782136,0.1288795428175167,814
5.0201850316759336,0.21390775510066487,0.14285014346028996,5.163093238353016,-6.5213197233324705,1.0985381643307186,-0.31872015426289185,0.05606630279963861,0.6398584436097742,-0.10228485981979386,815
5.212964957114197,-0.2422648200384144,-0.054733923301026256,4.5563351872940965,-7.47246022151175,1.0945623339047554,-1.2954935324258143,1.160121267796409,0.2972849386486007,0.21612732362856726,816
4.874317579388393,0.3176381398757785,-0.3370481734514746,4.211007877319929,-5.497284234216132,0.7263290601005812,-0.23296681910667305,0.005288944755473765,-1.517129619458826,0.3908814696279182,817
7.172512427609622,-1.1397952648839464,0.33095234674463836,3.026687004169119,-4.980373460436345,-3.464633234786477,-2.221460928731504,-16.222317662074552,-1.1316125339202223,-0.42918701175330426,818
5.343754375162657,-0.40597614705433266,0.14638316261410197,4.648250008442092,-3.913820309940153,1.7968858576956745,0.6444582896398959,-0.26688807042590723,0.4547718347871851,0.5572915072235286,819
7.205616626067204,-1.312169294240438,-0.09443427314318023,1.7757629728812492,4.113940565819261,0.7221406806125701,0.2117597866150504,0.5191515264854143,-0.46125593036411167,-0.10585132881104317,820
5.035152391691215,-0.2840913516511261,0.044132655707970606,4.024881334851769,-4.14384935447994,1.4634654294174154,0.003774102230998507,0.6863656265981092,-0.29576929750093883,-0.04198377615281922,821
1.5565421599505522,-1.4132320439693484,4.789632225258421,2.384979530671873,-4.068613770155972,-3.759905424238988,-2.240021653602121,-13.759214817141832,-0.994520022911885,0.08760093543551072,822
3.6208866192514337,0.05279940780658678,0.15853912321272493,4.810408900659975,-7.561421847201197,2.3847631405604788,-0.5681686181785348,0.9758119742398068,-0.18014457873116324,0.19880721536496943,823
8.359747872605437,-1.5095808953888528,-0.369651486303632,0.05628189988026324,6.689801765084253,-2.9359646581700556,-0.018389777270958398,-9.445138894080342,-0.16563106660823737,-0.25709794273209463,824
5.496144630538911,-0.08335696930318544,0.24448870225601543,3.999413487973269,-6.780044608296406,0.33384642179838314,-0.5691920996957249,0.4034156188496498,-0.36233216323976375,0.5614808475901922,825
-8.410025903573912,10.406886331624813,-4.45260590614842,-16.707272113396744,-8.55578029993902,-1.1326164817722983,15.604739052549043,4.1252135802643375,-10.070497354646534,0.7751493763248549,826
7.950251296495621,-1.6225932652917843,-0.44476796781035244,-1.0315589953757642,10.695362993267967,-2.51566145093602,1.2511056670879526,-6.288209053257308,0.39884806023413005,-0.29000974399719615,827
9.307975379978817,-2.0820780884137284,-1.0725355735104316,-4.745844138985372,15.974490648122206,-2.7690856016449747,0.7886284713948969,-4.546381546258894,0.7935651938707484,0.363275152462687,828
7.379583539467491,-1.2488823797266748,-0.1832483831793008,0.2535756046623332,6.589022077943601,-2.4777802058806953,1.1533562852587966,-7.521876443199009,1.2644449306891574,-0.623382559004702,829
7.59858339151952,-1.2976335862881432,-0.6813096525365611,-0.9156229409712171,2.8224552982432076,-0.45381241254047305,-0.8292297519466076,0.38326795818834875,0.5502886817706553,-0.2634053495523672,830
4.336019406229653,-0.45743144969003585,0.4331894187076131,4.211988359704821,-6.606771273718174,0.7644476724502342,-0.8798935665955819,-0.16860550048218642,0.11740363608185894,0.2678065222115771,831
4.9617315748208854,-0.36717258197136865,-0.26098988815469687,2.992834595340004,-0.39416969649271477,0.38517213371263387,-0.6383822756925636,-0.012928697823789626,1.0409596177023996,-0.19211121019944713,832
8.303379983741156,-1.738121208318266,-0.40449951902436526,-2.103844989584979,13.789111586308888,0.15998970677397428,1.5381502970411876,4.8103204058672056,2.555768655975493,0.22863742914188223,833
5.833923383503802,-0.5471618790294569,-0.30456456643722335,3.4108805183610946,-5.292909823256197,-0.21641601121809395,-1.6056177550277038,-0.3053283626788867,-1.1390209685254444,0.083890553567422,834
5.661269567082311,-0.13994171367519045,-0.15151009312596878,4.599372986397724,-6.169997131403422,1.2594001939071142,-0.5959084830581705,0.7077279590354876,-0.48910047392096717,0.6793820978304792,835
2.8108695774974626,0.005953676224216758,0.3670175745240198,4.491061155905637,-4.729548391111846,2.5873319582815832,0.3310015731162924,1.6174763551826095,0.6328050499151366,-0.084947445044005,836
3.245885686967932,0.23876930693278375,0.3654427540245412,6.029100201594288,-7.216009201396511,2.7903899236652334,-0.4055813730316841,3.371443720995807,0.4654743709272226,0.19214739012791954,837
6.4958483545352985,-0.8686990605622822,-0.5960565582683235,-0.548410850443881,8.567405560121642,-1.0984266371104663,1.0959364618329805,0.5022496158399921,2.176730905289036,-0.3646055108102655,838
8.55201771850834,-1.3146438162236798,-0.25814158696659123,0.5621161264585621,7.914967699936083,0.10232650500088271,0.3655310295511174,0.8666954058113044,0.604747422971869,0.16256787405081966,839
-18.4878229233692,24.646857993999156,-11.343780323261615,0.30941969956316906,0.224162743399444,2.2301675880907097,1.2160379476224792,1.257743162840629,-0.9056828798607856,1.1398919566305217,840
3.984314518905326,0.11553903271466096,0.29717664015756207,3.795745962895422,-5.106792811375834,0.9219527875443398,0.3179265267901371,-0.6047669748418439,0.23913356889723789,-0.2672504332137128,841
-26.93322042877613,-25.330422118119575,-19.534443602264144,1.175437399484841,1.0515191884410346,4.566395068298043,-0.8044192872929041,-1.0193003310701585,-0.3241609909749585,0.5068725946890477,842
5.79559453668069,-0.3930481766813763,-0.07864690493837742,3.957769065399018,-6.364711719223476,1.108850024577559,-0.6983364401151408,-0.0909458150124667,-0.16606411572494437,-0.26285513823782525,843
5.897303581588046,-0.6997711715844481,0.005153688340776633,3.48470975596224,-1.4244570881302498,1.0728189354104154,-0.4507361936089362,0.6037833554999226,0.6904645415497507,0.11824431791445048,844
5.631408106300382,-0.5523102064052381,0.244779656573221,3.8759774436207324,-3.8124027092268578,1.3338962807068102,-0.5147281222138261,1.0725818477925135,-0.0034939541458171314,0.018888714731099657,845
-16.29397028381069,-1.6404154456185573,12.294010175809428,-1.4592629750319428,0.8043244063025603,-11.498182442602207,-0.34155590797000424,-4.728955811307536,1.483220559548035,-5.925197719118516,846
5.582003483037951,-0.5025038529783927,0.08407650557727626,2.3747515153856176,-1.4664140822178968,1.2131533293124193,-0.2123902436705171,1.203461620441494,0.7301268069561433,-0.2369455857098891,847
7.049798745742087,-0.5326006884918304,-0.33019905314343384,0.7665396228795834,3.4928373026779176,-2.3520260781889957,0.120406559503874,-9.727526620605719,0.04027167147808297,-0.2817057012905184,848
-23.64283383038899,34.95242389654435,-15.222626530653699,-3.382958113379955,2.5666530830501992,0.9471233577477888,-5.271605316099079,0.11946354097317988,-3.502130470402382,-1.380475108509334,849
9.104929364247747,-1.076776080373797,-1.1291844969744493,-25.06959116956312,-0.4167652961482942,1.6145696409156063,-0.7409651542830713,4.303528942744964,-22.102401340693945,0.18385458225611984,850
5.060384543727647,-0.5298278125564828,0.4947479854800053,2.8216654099264566,1.0948535379719875,1.5034251287023794,0.12443442283431386,2.6151700483302545,0.4726428991435702,-0.19697970039841203,851
7.288136797408896,-0.6370664599165118,-0.32884939823569925,-0.22915641804495196,6.516925111844498,0.915608588603449,0.4715511359715273,2.083402383356234,0.8568333967608128,0.14469483917077866,852
7.8336002396552855,-1.3896715744611128,-0.5987879735307832,-2.6552130211408884,11.462467288331775,-2.6152130813531937,0.7386169856535234,-5.363514636248435,1.180050327204762,-0.17784381915290864,853
3.9995489792345493,0.03271196958243558,0.6170477149347787,5.684831064880283,-7.515628107133803,1.5932617181009772,-1.0380663523363856,1.1916220086520475,-0.4881836546296023,-0.2166155832400837,854
4.674256091227151,-0.07337713500236212,-0.06285660439050281,4.7964266325795535,-6.050637358570018,1.4632786769821542,-1.0801605118960742,0.5707367454274909,-0.44374558628180566,-0.04379904277138829,855
-23.685441413476294,-1.1943628258018006,26.053761166998594,0.3094825203756624,1.5988927212601258,1.892755180751401,-0.22673720647447854,0.4373424582783549,0.42288848354296843,0.6499595179883304,856
6.51989650108395,-0.48476299587367044,-1.0673865510614273,-24.57494660902818,-9.411967445396293,2.1552281412429366,-1.182266997054218,6.241167740709601,-18.5999985097915,-0.6825645031529044,857
-24.223506510606075,-1.4912135150353842,26.41358417788006,-0.29519224842383357,1.421598175329107,2.5860119697251176,-0.9699485274171593,-0.5891979309814044,-0.14861628566306262,1.6121297277971298,858
4.68269899358964,-1.9147142415185487,3.7271365555287264,-1.8289995306994278,8.757925964577177,-3.2097019035047674,-0.3582313330459107,-10.215038023845047,0.31987185346215197,-0.0301373437514527,859
6.149326580547586,-0.49296695244025696,0.16119901667198785,3.4323187109856295,-2.6637182120273355,1.1792402672655606,-0.389660571680744,-0.005693875771832776,-0.3672156483016784,-0.3067289644667056,860
4.096403594144506,-0.1778121869121051,0.0989158278047299,4.478401717102547,-7.22134239676211,0.4192324521709513,-1.7336595532209087,0.9474448264849579,0.24331830080701017,0.3293584549692817,861
-20.899129490065715,-0.29583755969543174,16.66816581296913,-25.52989838129046,-7.147372329628596,1.4087650702370025,0.40844997296969426,3.086611258532733,-7.730563040518645,1.3127274624991108,862
4.48294567785126,-0.044292240469618584,0.06262324274677615,4.125073600185541,-4.591547530693283,1.4671383838168262,-0.27930304970731384,0.847456415109651,-0.23161964151947892,-0.15034050941955987,863
5.957008748040876,-0.8361066110368399,-0.3086941257928934,3.7656751313454464,-3.33937679331665,1.0650613746328295,-0.6025650627013306,0.9794766437066368,0.6429590862858215,0.5250031596307481,864
4.8056999094523505,0.19831382687633575,0.16340265467231083,5.965550680870438,-6.994131948176256,1.5994635706901144,0.2383502384435511,-0.031052583234292813,1.320786606325651,-0.10962496945059354,865
5.744538219717608,-0.2855361910752542,-0.12402985038888176,4.259406862957263,-7.90421235102884,1.586406203718028,-0.6201231784125871,0.05167306884186726,-0.15662800369277935,0.3433914534481629,866
7.206161417451789,-1.1396980880133538,-0.40136675136716776,-0.8836842371743712,10.199571424254568,-0.1899600207933972,0.8880207456651817,1.8462029051441775,2.496821176615765,0.01959138519655458,867
6.763094903550254,-0.8651337312713128,-0.13561056766510524,0.5058415217318772,7.817496607587675,-0.15918097128666484,0.8393145608890282,0.1146805146267791,1.1483114148301963,0.03540907551740792,868
-29.397733177694953,-3.138746034928775,29.91279340963839,-1.5304489985554564,2.855688115223993,0.8110976646819291,-0.7199625598434685,-0.2825731435629991,-0.34058028110543864,0.7791930166286533,869
8.412157763037234,-1.220110456895719,-0.5790019838737135,-1.3525615890398106,10.970665743321097,0.5080664425508171,1.0336624719425693,2.0559616932745266,1.7716137238435592,0.18283409424216426,870
6.070418901890971,-0.029858075337135206,0.1758853799803054,0.4282476375542879,3.664254682697252,0.7578554906864193,-0.04406075549305976,1.1864738417039031,-0.9159923529879647,0.3106663317296192,871
4.81028366241005,-0.0461074419618633,0.14315718584120463,3.7955655426666475,-6.265347188149272,1.6093077435030472,-0.3762829836892756,0.8643873022351304,-0.34634053630825384,0.3630064593996392,872
5.273209207724997,-0.47771005056741206,-0.4654783738077887,5.348270304363757,-8.009098079869904,1.9170882465119339,-1.0174954831011587,0.41240951402591636,0.493906947211884,0.27228503115932373,873
7.254810276973636,-1.3836970418234686,-0.04858919375886285,1.0065477752040675,5.164714578111854,0.15123328639487213,0.6288918462858896,0.4742843300528184,0.21579611207955376,0.4482265894066817,874
6.576898528600357,-0.5645135353184331,-0.08407670198461062,3.2369497835132486,-0.40314965642762757,-1.6411515566452073,-0.72117953400313,-5.9585983794463075,0.5369669044438253,-0.09363822180702795,875
8.755172602200613,-1.2026816232110928,-0.6430153893492895,-2.713253672495237,9.140127450874495,0.3495465908439702,0.23643885543615034,2.8808370502624965,-1.8108083532280352,-0.30928206639467754,876
5.736191113972174,-0.07286010829096817,0.019095128110828932,3.08522163027705,-2.1061049040980473,1.5999039276915827,-0.3918730295102765,1.1704379120794766,-0.36679345299331695,0.31692988002409905,877
8.267081453478376,-1.0504449358023924,-0.17372054488229663,1.5044189442655007,0.9869983831573326,0.39217907799878493,-0.842016813574867,0.4657649275270604,-1.2088619042466922,0.17734806689710622,878
5.697506714582775,0.1861762579362797,-0.15179637256108572,2.215342385195948,2.8106586854115605,1.0127596525049734,0.6371107508618291,2.664198145956467,-0.10896508510945765,-0.36909016605729833,879
7.2250481026988815,-0.6819955305995005,0.4171400864273139,1.1987606046472612,4.417760063908114,1.1558412051900566,0.19477382046170164,2.1699807547215717,0.1471429362704091,0.05858330334042654,880
-20.2188106000064,-1.7760084239911138,21.538947196873476,0.42226042657211593,0.5506200548438686,3.028851484371073,1.2613095539989658,1.2532818960593162,0.3641402739235881,0.3333948852927649,881
10.492832137612602,-2.0631796839081917,-1.0733810313073497,-16.540611707167308,6.1428532115298875,-2.089192436052187,-0.5271679396411332,-7.350362908268806,-3.765238576947417,0.10345439366000138,882
5.4202440709300355,-0.7511411565279845,0.1344334905444413,0.9390584431526704,2.852799016971591,0.8209291290283299,1.1634834001271113,0.417756220301776,2.077883072342729,-0.04430629419405942,883
-18.01200856746791,-0.8142200641822269,14.113535812176227,1.3114804544799337,-1.4227214480366595,-3.0024383248925473,-1.1451773211835259,1.128787706619255,1.696146495446452,-2.4083719774421666,884
6.084963932491385,-0.38073086623436697,0.27342207765462845,3.7585807201214183,-2.328518405101829,1.4145221375227062,-0.7377806783361998,0.6139276737791358,-0.3309473029043898,0.14160370055581317,885
5.880077578104706,-1.2759456520005232,0.13288974277635973,2.1441891552175365,-1.8111587415857235,-2.1713431098203846,-1.0268657516146633,-10.665281242712963,-0.5205979313167198,-0.6884093949304924,886
7.175363992718786,-0.8393088487905598,-0.1286525348435675,1.0682011347626255,2.507132843174806,1.1603852613806347,-0.5031251069385466,1.1302335737209095,0.2693091877606635,0.02214880191491872,887
6.595008973725513,2.353674698069042,-2.2545611891387907,-1.7495593043509363,10.59475709974391,-4.092707854832238,-1.339382166730117,-10.628763287922649,0.35897949703071935,-0.17295954930225302,888
8.52813956914448,-1.526544671390188,-0.10136004541455836,0.3120222673464318,6.583346775845766,-0.6949866992828665,0.2644351133941656,0.14251999195211723,0.9893905727437787,0.249591079640941,889
5.3195882011565025,-0.1106466068812572,0.32596153461732397,3.391742230469482,-1.1117080568826507,0.8305768947701241,0.4233600657757502,1.4317432544079811,1.4193719057478422,-0.6307087736493698,890
-21.50441605298805,0.5068809980079055,21.61401843666853,-1.424874687998233,-0.4547782911337249,2.6906591677938287,-2.0594569146963186,1.7441686206190212,-1.4066080946392796,0.17336286593723654,891
5.037652002429047,-0.3003379280726083,0.010652982931025885,4.5143645176930445,-6.655872046881272,1.7093503107996928,-1.1690409345157458,1.5009535882426879,-0.47238637685408297,0.16647304297488777,892
5.6601216674898485,-0.37582035429192484,-0.07600743224845459,3.604296823200565,-1.6245221891370218,1.6128433162029574,-0.10060458614530199,0.9806173980916121,0.7319998459661216,-0.08449768982804379,893
5.1424736337113215,-0.4880855164623168,0.2970663045993205,4.732780126595694,-5.357230312275063,2.0721172855272707,-0.4965421108160741,1.3760506258702374,-0.7248412790944123,-0.007663853165401561,894
5.093204174829991,-0.9534872234159218,0.46226039712132966,2.5319743920773274,2.690049310123838,0.6398390916788004,0.15540887641432385,-0.39260871888486043,0.8277901670601729,0.2132443713255299,895
-27.37112960697678,23.227725824307164,-2.6587583501130005,-2.9290437701113197,3.602874565057949,-2.4941452732032197,0.06447491515122108,-8.804484879480402,-0.3210531441310561,-2.6529122682458803,896
7.667074313348457,-0.9929585645904723,-0.2741777299866257,-0.3141723436905361,6.389161703748911,-3.412285255813287,-0.18552728818111922,-10.67105132159446,-0.8045819502431267,-0.16164984874969437,897
8.678443415112906,-1.5257762179457612,-0.5011870373728594,-8.064222631704874,9.332340385249147,-0.2097219600031657,0.6094323528007538,2.650911238235085,-6.109603764676545,0.21991164498812657,898
-10.708935757732736,12.23947534163508,-2.779886519126152,-0.9417453336892344,-5.476714239438816,-5.107587362532359,38.47438790097338,1.4982274520150227,-2.525997209445897,-26.915837210405215,899
7.6963018600975985,-1.4043298054283675,-0.38469421215837823,-0.37266830271195733,8.823835260809922,0.08279055654528035,0.5629661346171434,1.5010336072860513,0.99761118643111,0.06792890838310041,900
-20.87243319456427,-16.5827972753166,-13.399609151599519,2.493238033244968,-0.8484552307253734,-1.550579813677727,-0.4454390811903523,4.9271006522453185,2.2958296692925475,0.4952168140000882,901
5.526102280691463,-0.3688595181747188,0.1503099871838413,3.220775472561507,-1.5457943180792668,1.1785485482110951,-0.3413142613556605,1.6897188850468745,-0.7460351421525516,-0.22692626485539485,902
9.065269104698443,-1.5845875062317347,-0.2257723424544036,-0.21192263304073833,6.363889583916452,-3.7358057979508574,0.018696324608717792,-10.76638979306403,-0.1323214995162494,-0.24079991516306007,903
4.982267061493583,-0.3822693325528355,-0.13636577576734288,3.9156266404364524,-5.66329386621311,1.155581746033351,-1.027060864132248,0.22613261675944774,-0.36381603994819844,0.10741855877827092,904
5.404182977857165,-0.18970879980867356,-0.1140472148355005,4.977815993464498,-5.247581737645598,1.8110389333583456,-0.8316708392623572,-0.24884707163686282,0.5618934045270617,-0.07564171925176806,905
-24.549150580561975,-4.036836577123517,20.67992578263297,-3.2210593581091125,2.2912641053879566,-3.6329188231314467,-0.7203870277976976,-10.111181621640203,-0.014942755416299205,-0.11533514493184248,906
7.074219245134562,-0.611146305240977,-0.4112294718538702,1.7767671703539167,2.9495035519518034,0.09237512563808532,-0.05930848853013899,1.0558362070900138,0.5712127172504539,-0.08156160382447235,907
8.418910787026816,-1.2164211436033585,-0.5137492741753624,-0.22725894843280023,8.893095568971006,0.5854116059288264,0.8973636830644809,1.7889660629496924,0.8389114645151206,0.5563989557143829,908
7.83003614447267,-1.350925702916998,-0.3281297645432112,0.3834154364256433,3.391046951356799,-0.15661972477113967,-0.42756958938860096,1.044495772249079,-0.896194183367321,0.017724085003006238,909
7.091173732346948,-0.8113428530979249,0.167756597900413,2.2026712287172345,-0.5663477972017631,0.585544387669449,-0.380908277722404,-0.3851193471982274,-0.7085390066486289,0.14788789179095818,910
7.858183382708612,-0.675604103232333,-0.350170904188383,0.3365153104257931,7.274898151121141,0.3411357155445556,0.32745822377867473,2.0967498731215097,0.093914751697242,-0.20065825508416285,911
-21.871659112719303,31.341601178504472,-12.909157812772325,-0.7014450303304862,2.8909764855504605,0.9855486494792067,-5.386248190899197,0.012199869987106076,-0.13202339180111985,0.5918586783106536,912
7.232620616139168,-1.4343543567918535,-0.6295879112665899,-1.0542183028922079,5.895272127735198,-0.7681478075179885,-0.01839053686183468,-1.5232291613807663,0.6717892883449916,-0.5267424148935328,913
5.668420167003645,-0.4031431034293967,0.012921620385689992,4.382437401794736,-5.296267899766472,0.9653590289832032,-1.1690553878293612,0.6340381835423292,0.08529220009982713,0.1031539636881885,914
-18.793682865433144,29.18391062083343,-13.73474123413843,0.2557548619844934,1.499592139420162,-1.667856296377555,-2.1946184418701593,-0.925402528972919,0.4203395353667258,-0.16036662917842873,915
3.0896431050396016,-0.21721968627561763,-0.019597613099028924,3.092546506485319,-7.458827219688506,-1.3703448422800422,-0.7776591380429115,1.3410155780969133,-0.27490814812985653,0.3064267020978553,916
3.009322336065282,0.3641517919250066,0.3956529891261087,5.606136985117271,-7.158951665695415,2.3364312888770846,-0.02835155767714391,1.5053068427548326,0.14970697497009988,0.1923292639479846,917
9.104441003872413,-1.7457485897952698,-0.6032484473338706,-1.2843726037975738,12.692036760894236,-0.26444758779998007,0.49269649649122077,2.058155246999874,2.2066560287560937,0.29958378389993134,918
5.6036551797484675,-0.20812222188026044,-0.24613470840842674,4.720477905731451,-5.947523892996762,0.7101045459000386,-1.2797061663172542,1.544890441742234,-0.41766943207575985,-0.10054699582171785,919
7.577588461282403,-1.0133769968233264,-0.17790343104054757,-2.5680770450001207,4.027073478273952,1.0138448474420196,0.20107039666352156,1.7241926771917964,-3.3807575949438817,0.0029191233259220403,920
7.163979736739874,-1.3255390145494976,-0.013953071651604757,0.9856657882761054,5.885177051986367,0.6892832562637117,0.9700742369493404,0.9249452759420778,1.1125163569402197,-0.34359102538700786,921
7.537919425506113,-0.9771361106268311,-0.1008958126518353,1.4772306035294887,3.5690807072510453,0.05232934930137932,-0.045256584994353144,1.0440683170658391,0.7578977233768273,-0.030899842126987376,922
-29.007666525008432,-1.6544301987832575,28.7172558702261,-3.424483212336507,2.990013063369626,0.8841257781961591,-1.5147283371335383,0.7632903157826142,-0.25798822393854615,1.2093971546990119,923
7.94593775752985,-1.0708005753261869,0.14149631504472807,1.2330953039349148,7.147881792674758,0.700235071775217,0.372984170418573,2.3137371446976647,1.2628485233470186,0.03637746495928782,924
6.972304202942777,-0.6066986480775876,-0.30598828326292543,2.1725746100469343,1.8731882506809447,0.3209607548462984,-0.3965966300871606,1.8913985696817806,1.1791094351588982,-0.13877723758285876,925
7.338723106911977,-0.46096506139261184,0.10840033329308035,1.7427127836334284,2.645169074398444,0.10097216942529526,-0.44047652316541064,0.6072188141791398,0.029447704602557745,0.44185953082034973,926
10.540494427119574,-2.8709100069484887,-1.9044475939288215,-45.25341646189696,-6.908599744944867,2.2484810406472087,-2.1350818392420545,5.009331197405834,-6.87636809536677,-0.6677212910358363,927
8.923888841444356,-2.244100998751321,-1.4905081105649578,-40.5272548048983,-11.72394738780873,3.0714894061860716,-2.0265025704084096,0.2539483082747585,21.582900067943374,-1.0259420420583982,928
3.984983125997312,0.20982958540355134,0.4231905999188828,4.935152449636809,-5.406331104396696,0.5299266236107705,-0.3093809896298106,-0.7202503717189246,-0.04509570529582932,-0.06954789203576461,929
6.261308617312642,-0.06181881028904648,-0.34299338313217753,1.002475683819863,4.322485144236418,0.8697699780753482,1.659084269525579,3.4345091562712713,1.097692055501229,-0.4384556686295323,930
7.756048168583289,-0.9872833009237558,-0.03886705214989675,1.6030063977700917,4.2443110212141,0.6030415599775375,-0.1624108501746667,0.486276551198145,1.3522852257811537,0.19043304472384734,931
6.4848957607641875,-0.3016263432812758,0.3703393965051807,-0.2052280280424872,4.041172062302264,0.5508876837932433,0.34390928909143686,2.0250886878895313,2.0574735172021668,-0.19152545237381977,932
4.6047732766856715,0.21208508283652985,-0.1794991752145821,4.186080126179908,-5.49986625287961,1.3606557357225717,-0.5068863384403912,1.8073068350167536,0.36695929208164524,-0.14344437978858002,933
5.896473204079853,-0.6553035816866924,-0.08406477564562218,3.9680328965179372,-1.954303060085405,1.0600471140300403,0.11554231800162687,1.8165444961465531,0.6156041013261382,0.41045956176314036,934
7.054277022063493,-0.8457251912493158,-0.29225295809181473,-1.0349402589015564,9.612639140743731,0.6540923402826944,1.619462380309888,4.078384660041477,2.2307209644447727,-0.11435536332218942,935
5.886552885302691,-0.43847110481296314,0.031843709660224366,3.6988423731932305,-4.109297376531976,-2.5830747751368164,-1.4151401738400557,-14.080596746852036,-0.5873161677131222,-0.31811439118205315,936
2.65281434295821,0.30504620163965307,-0.0022355587524911865,4.662096365842027,-5.366012238850499,0.528865364501032,-0.8366937540050565,-0.7787194381759841,-0.3667159350787553,0.10085085701492619,937
10.220785238256584,-2.4378429787000178,-2.2750698022475673,-49.44694396708972,-7.604234207794797,1.7489239030432202,-2.0588087441710528,-4.513855097045602,-7.78441879987446,-0.7446202560193304,938
5.708636075013755,-0.8262901088462652,0.3092847641436657,3.3681820822582655,0.272351113040271,1.2351673598857957,0.6223252906870318,1.8108285180777839,0.5198893951935192,0.03247073901588863,939
7.056313722884149,-0.6259259878850234,0.2176982613186351,-0.4159166404817243,10.309246048759253,1.210387590538591,1.2153486205621722,3.077320538430985,2.325964621439266,0.27087262126390943,940
6.482716927242889,-0.7928612608062343,-0.3015925833552664,-0.08530297507984637,-2.6165846121912537,1.4278826831489568,-0.5551744244859553,1.161737993401767,0.879991148438713,0.16187402533328302,941
6.0652605778633015,-0.46722196034688,-0.40404082859917984,2.537286750636993,-0.5443964230544474,0.8302828535010113,-0.7544284814811049,-1.5258440860528788,1.50119179182529,0.06745632486573898,942
6.406679051057531,-0.4684739065120457,-0.30746182073910777,3.824037075152505,-3.3802565892212244,0.29338488607819424,-0.8206971219878859,-0.9571962251568479,-0.37077654704381774,0.007005639024205345,943
3.503852693354648,0.1079595857016866,1.0691880861585457,2.9739607156440853,-6.613788098559234,0.7411076429182741,-1.2904931442698246,1.6920089309942012,-0.7572878559644659,0.8809305628291265,944
6.111369266894786,-0.9999911807111198,0.36935881226369505,1.777653669460621,5.129759306104294,1.9311099009305734,0.8556548455141891,3.9748470117490404,1.2036403636735296,0.21482518170712023,945
8.808319662039562,-1.5963989028632717,-0.3388728452075361,-2.717520043030663,15.29429103340324,-1.999318310964039,1.3616010503708869,3.659798818891601,2.186089591095022,0.31122032015415496,946
7.765872925024804,-0.9142941893082154,-0.6483694270776349,-0.24713187095242192,7.309999456099015,0.9289351193279843,0.5298383470414153,1.8129944901054158,0.9977584630773252,0.04095277596364011,947
5.919305790293256,-0.42720670594052085,-0.04925458114796812,3.702134707397199,-2.3832377736292525,1.6668377663635423,-0.5812235532151406,1.3429863741800403,-0.22413346532552617,-0.13119721744959614,948
6.2868765289578,-0.8910919309181153,0.2240576069427689,0.7073144175283133,4.2516824564448985,0.4574979829776002,0.5461023451650583,0.41699287502893495,-0.3175042364502241,-0.3221067689669031,949
4.969850679479975,-0.49598088641084653,0.1565662717137674,1.4166028224598546,0.6325402019204628,-0.07856628746343296,0.004041909207673283,-4.69227196548238,0.2623730156600136,-0.3089752107944,950
4.90247818181508,-0.16629229954628083,0.15076118587812223,5.455136382489171,-6.849601877923927,0.8407455607305787,-1.2882040523008909,0.15248406598937717,-0.12699779608547448,0.13205932430086992,951
9.294140736088691,-1.3859576086782452,-1.4313275294267755,-39.85936256322792,-3.0762040808828375,3.0071562739643225,-0.9949014689032712,3.454137390296451,15.816996037145909,0.004126494937100958,952
4.869965358367598,-0.1323288921187029,0.24631515475587576,4.495300675547944,-6.233143932292504,1.2885664615143004,-0.9924186408475351,0.48242400462872403,-0.06350161679462527,-0.0457690883814314,953
8.841982573206964,-1.3835999833414148,-0.648036066303206,-0.9735314839283544,6.287161426808676,-3.6665550709317696,-0.7125641082470705,-11.509244414722437,0.47761993236434197,-0.2394740855353733,954
5.118966651312197,-0.9597955953176662,0.2602837588811006,3.4133270141827374,-2.229751483535001,0.17501237472195763,0.06938161108697773,-0.17848567729716394,0.24116654810279892,-0.6677519103731557,955
5.713355720448867,-0.12165338655206122,0.19795198839703357,4.642643556297088,-7.293592716793645,-2.546547641654766,-1.7932307438780142,-12.576953390724206,-0.49660239091794167,-0.23966080986771418,956
-4.575967714429479,-5.594616927319117,-3.329073412918756,-3.7396137676115178,14.499141228574155,-1.7366686436917422,-1.6589353473182806,-6.004659382672698,-0.2728655133384807,0.13706380894412523,957
6.187180223317628,-0.25844069078888005,0.38018259271206617,2.175127575639099,-1.190422568772228,1.1616526594035124,-0.44991937288156736,0.24043334038354078,0.8624057072342917,-0.020160809526886772,958
5.7631292463780435,-0.33939371475035884,-0.0770296197574446,3.041972043618859,-1.09943451473545,-0.37779460778350626,0.25825740000227554,-1.0313008211985177,0.21397136092304803,0.013758184440134833,959
-26.07230431057805,0.2168700060498792,25.26831449505514,-2.145727558756868,1.955243751424247,0.09915791720708121,-1.1632163114760066,0.14460829637316044,-0.38153213285370996,0.6331337586995522,960
7.6804688295204855,-1.2813628304829452,-0.309379471335972,-1.39559433364649,3.45202131139039,-2.4082078208868203,-0.40008463352198476,-9.39879378732071,-1.5819164495810105,-0.29734013290813976,961
5.852195415741267,-0.537851407494807,-0.034390965093081455,4.758861945072698,-6.421643081112067,0.7744086012864043,-1.0510496861766983,0.002283478311489863,-0.7379390976218771,0.6397892790584427,962
-21.961496546039225,-2.9138919192873547,22.984190302244482,-2.9902290313931994,1.6973369900770672,-3.5018207107515216,-2.5214908301041974,-7.880997566816345,-0.18105282990041904,-0.9356536572576132,963
6.307743733973356,-0.5622616070722019,0.8043606591429572,1.6773242697133612,3.903914386077697,1.684021684093454,0.3057508881225906,2.4821222244942205,1.5440528070415904,-0.04543976762741192,964
-19.917164868066934,29.866823791902224,-13.12851382433046,-0.834005341867124,3.0058700204859794,1.460798345182896,-4.973941714579384,-0.793453762782768,0.40347122380893374,0.9329010209365258,965
7.402115857991315,-1.3000912459246865,-0.47984730265557535,-0.01572827922763084,5.744371701177159,0.3692391505374675,0.11595748860541487,0.1851744466156538,0.005603137949978057,-0.550578908955547,966
5.40280426919797,-0.03396587353388849,-0.03997567989232668,5.145264783029132,-5.785334508031305,0.54664475696919,-1.1452217613680398,0.3144833381522117,0.3040161844309901,0.13723959604407068,967
4.950299955805994,-0.9554839118870312,-0.11529605257634135,2.1259896160185723,-1.9748356703357715,0.897149201532972,-0.6154683401781713,1.0864727834660022,-0.288242484642405,-0.40154833176059174,968
-18.234231428399724,25.400561635888128,-11.27074558492799,0.9786492924278852,1.2772959838286089,2.102665754112348,-2.802502195648434,-0.34275689444105417,0.9621172647908474,-1.8737628837524725,969
7.442154490836553,-0.8144519430885119,-0.363181518914091,0.26456567873718784,5.648262443574316,0.04936275808708652,0.7162340622817591,1.077322315192883,-0.09232738002374422,0.31358241717902857,970
4.565993712192185,-4.688234951192321e-4,0.13980572118671525,5.723901287278609,-6.828209348638695,1.55325794272895,-1.0485858663809233,-0.6650940961222334,-0.0038240802731925394,0.22256791713376303,971
-20.184075762329297,30.39233039372864,-11.528768463881235,-2.289792012100501,2.161017167541856,1.7927071817786533,-4.158592998190738,1.1957843692646926,-0.08046627218256246,-2.14393199878173,972
8.44549413345514,-1.4851031122353635,-0.564720258532281,-2.7310336175131824,10.554184863700783,-0.11600998405919018,0.8924144683280204,2.5300782648691187,-1.0875460846076015,0.10631187331502459,973
5.829131964932656,-0.4167242631095268,0.11087835147160031,2.9768700391747362,-3.2079484452676983,0.3765835055655453,-0.8864424425569637,2.0052724679598186,-0.6852856218303646,0.17110449610365447,974
-36.19720143344072,-33.84189597590107,-23.746821852450992,-0.13376853981962708,1.1005702242374142,2.812177954130473,-0.2648793036454036,-0.21945765797312766,-0.26653547217191487,-1.4115006567895916,975
7.008829277824716,-1.1338271351078701,-0.260538921872704,1.7028296032788708,3.1259877362228385,0.673789665654008,0.17140422287182921,2.7432347782685627,0.7668634548156662,-0.06676505765580598,976
5.475559773096018,-0.054108518949769306,0.6222302418442754,4.181486423344408,-5.173043181327709,0.05040532664159835,-0.8329143421201378,2.669773042015312,0.4009949952718738,0.4359610602104886,977
-14.200513560672638,10.795188431355824,-5.2356084187575025,1.4710123056132909,-2.4327858153916537,-2.991191476822096,12.90000944834691,3.0146626399323875,-0.12415697574558128,-5.713337650425082,978
-19.45246402866286,-4.766892586949737,11.978353657906144,-0.501698696760259,0.2871179420163959,-7.829874705014936,-2.118256187838318,-6.344499616546785,1.352361296450564,-3.5008360457945855,979
10.705263314844958,-2.826633737693087,-1.866824951341825,-44.33370230090316,-2.49247829830714,-1.9735157886461734,-1.6043497338306558,-9.395799898663247,-10.62202459613328,-0.1701658024473821,980
6.9136603876460585,-1.2995020138036084,-0.018490509746694455,-0.168150822360488,5.946912616167366,-0.6772263957419692,0.5034167591613476,-1.8470855479867865,0.9482124139284279,-0.396850825818388,981
4.801547261139392,-0.4302298633501301,0.5394677696003843,3.468045753162274,-4.886372549265749,1.9365138641171924,-0.41311868142849056,-0.041166506892940095,1.1154977114805575,0.08132370438623211,982
6.184567480595737,-0.27167736048953106,0.012055391633228035,4.017046076734983,-5.637685386854975,-0.18788426219459903,-1.4784751128880786,-1.0729172511856038,-0.29331459786140013,0.07961948463713747,983
5.375134804083163,-1.0855163012462241,-0.3937439226900467,2.352371787555399,-0.6180705264189242,0.12206542518940959,0.06633843104578552,2.8392715891614233,-0.33657016524640887,-0.00968737461657804,984
-21.47295493184038,34.035193331358805,-14.764335970024058,-1.37100160192599,2.953219612865481,0.80287402329624,-2.7100601764710297,-1.086998100809366,-0.9835653348594818,-3.116942436445503,985
7.906040230258852,-0.7989628243094765,-0.33731316662788297,0.7131603516527356,6.02956259721815,0.20554582980270178,0.7156081692619898,0.8712041621942876,0.28967942995701873,-0.07789230046271288,986
-10.35684140240179,9.291044062939122,-2.1701350365951484,-1.7566947600691736,-4.3219296411810655,-5.206869174743047,37.77202156853373,0.27969593763878386,-0.8524290670809475,14.29300684332297,987
7.128272019940103,-1.1869486275180565,-0.5595707083015765,2.499129947019957,0.42899446122533696,1.607628811774488,-0.6771015695657552,1.5756226406829454,-0.8288585921459202,0.3211732253913752,988
-29.786590800709075,-30.125750750767565,-22.46067298896667,2.1253201301334643,0.6019254012687151,4.414035395993551,-0.579117955841954,-1.2382479737848995,-0.6760602288062029,-1.6120876875538932,989
6.679070814945975,-0.5380877438242191,-0.14433241847216569,3.9105541853368675,-2.7566117294849124,1.589822698852321,-0.6057838984514277,1.198712680462468,-0.2470389249309491,0.04412833624818629,990
7.655631087362055,-1.3993913575741226,-0.5111579901418059,-8.524189352765882,3.733228917491682,1.3039558446644879,0.27423040612990884,4.765649619219793,-10.37066762020533,0.6038228608628894,991
-17.186346231006333,24.605068502169537,-10.486772657657637,0.8617754531095871,1.2249132109233696,2.5704782046354175,-1.1667967072963645,1.2538519229737846,0.566221375868586,-2.371644316253274,992
4.988328999902194,-0.29453855018578856,-0.04847824166448624,4.773070953768077,-4.800040888243744,1.5302281373889963,-0.24248046005683907,1.9699769099996438,0.19591700235451523,0.6898342935257561,993
-14.2774126452493,14.310739490985538,-5.625352893009199,-0.6867346749480537,-2.1917752804447748,-2.0591808177010855,18.94184950369923,-0.33126135256236827,-2.317240494141333,-2.694313899819957,994
6.424865855666222,-0.534925389476991,-0.34040411131495596,-0.48624579814525093,6.3320802499857205,-0.21172506220860404,0.2855169137403264,0.6778922525907716,2.27219082545167,-0.12915216806302385,995
6.916118563600383,-1.0751647752206535,-0.2179519110460388,-1.9544560017225394,13.53113056299083,0.05756864086240004,1.2416857073256145,1.5083036001688046,3.185933232092443,0.03543300256729429,996
7.8587653677936355,-1.246587744013206,-0.5188919283504243,1.263730955911773,4.319455588282384,0.4096537316655829,-0.06914401353717095,0.057275365823147156,0.6565477923400377,-0.1704436169023568,997
-24.835364304800503,-0.22233175426540142,23.344727561047595,-3.0001371599695212,0.4758765906722828,1.96892400158427,-1.1486724689832104,2.229107343408825,-2.7857772288336378,0.2091049746949034,998
7.800908238451456,-1.2801051371991818,-0.2451170545086814,1.2672313449737818,3.9590705961074373,-2.1411000803239957,-0.17196861124441876,-7.76620357002028,0.6269745720642216,0.02606039843883279,999
5.353052508578689,-0.6837290153563312,-0.13800305632678697,4.332165078487489,-6.703437209989788,0.5407888694286843,-1.395141322513418,-2.2374047833545765,0.0995365323651759,0.06911683742433299,1000
5.42964961827815,-0.7839133229163748,-0.36409687415150926,2.2143856296196502,1.8032585203869678,0.8677939612760814,1.0788808652136774,1.178016061528508,0.4233067163550945,0.060735508019561915,1001
4.828126701861618,-0.5478345328749744,0.22945199893819085,5.046454461706662,-6.102688804791973,1.0569003195861928,-0.8526978058912725,-0.031951347382875236,0.5067334229378739,0.05657386130902746,1002
8.573368195047934,-1.5173923050927782,-0.1623842433896695,-0.7259194835556284,9.954546407366855,-0.331305483311836,0.7956659366556742,3.4536621263333958,1.9342988325858987,-0.0631654199378228,1003
7.956492782770458,-0.9435614658943106,-0.3331084397758261,-0.9727126262424753,6.390407634903984,-1.3161243096401094,-0.1558609205954749,2.906897014980047,-1.3748422640835862,0.6338619633585176,1004
5.491390197673568,0.16660762593681033,0.17148972361770262,4.921661449771756,-7.232195570505699,2.1774579107288408,-1.2081861699768857,-0.2152813047428339,-1.5333786484681602,0.04699445828728711,1005
7.897097849630423,-1.0232000748981716,-0.3512240063708249,0.127565978953085,7.765255300108518,-3.2745544475811044,0.21825359903199043,-10.727811394359822,1.1487113325453224,-0.022183256407378938,1006
-29.40214678219395,-1.0052181192646596,29.28412256347645,-2.4817931407749865,2.2930147489631656,1.1119609019103667,-1.2418496668491334,1.6950854644934181,-1.7557255372798486,1.6114296570740754,1007
2.94207228328065,0.21391081494610734,1.069499018798492,5.950825269878427,-8.513935043993095,2.3635099635994288,-0.5360213297377807,0.21820867452798773,0.655482902147697,0.27487023029509106,1008
5.7971260583770166,-0.6024494987335133,-0.22252338904513388,4.16933290702807,-4.349652640616354,2.115170261059776,-0.7373347298173105,1.0520348539180937,-0.16422690836264822,-0.2080960663698452,1009
-33.570809117877005,-32.08713650131357,-23.565660669851887,0.4616744239993655,1.2951980482103287,4.815319407806587,-0.5333966420662398,-3.5659457107825374,1.3744536120335853,-1.151007171840052,1010
7.280258239942,-0.9395806731486107,0.17031902354545042,0.708673991375228,4.53382308590931,0.9969759918965432,0.0814559013107015,0.9347958686160978,0.12481468059055259,0.1691513912472532,1011
9.011805910749917,-1.4434113017971977,-0.055612362089708677,-2.5677929118713614,11.518586283262804,0.19192190802025727,0.630101173754654,3.1059958449957388,1.1014307037570086,-0.018474286507291677,1012
5.660437316920018,-0.41903974663642835,0.2915155277378587,1.2842597353668297,1.7142377526814547,1.5261901212082047,0.1369598454819002,2.6194309141272294,-1.7518115290069838,-0.17184897881194347,1013
7.6143259707077915,-1.4043919565071825,-0.38361474379716287,0.542824166717976,6.65118865523196,0.8144340200129818,0.47591018060328977,1.630399950702195,1.5079268475187513,-0.0354861211269595,1014
7.067931033623326,-0.8621062626148295,-0.05024723859429683,1.4016621141165777,3.873001574386223,0.6191326476728789,0.2203335080071481,0.12003554259210177,0.7941308156599134,-0.041923412361412685,1015
5.21934134578974,-0.11358719232082681,0.4335509925489311,4.830605556832882,-5.909741590342712,1.1427201362560635,-1.1680260685883914,0.6253591589747721,-0.7623994204197215,0.15282517510336383,1016
6.383360649478585,-0.3793205063798791,-0.4726398636458805,3.5006766199633668,-5.906433643186878,-2.1096482945348836,-1.5990683025828458,-13.277070908027197,-0.15401666882778922,0.3121123927394195,1017
4.58753883414489,-0.06472442679014145,0.5884495597736864,3.8010577350320265,-4.223274041575563,1.1838196130819167,-0.3814615825999776,0.25126217880788965,-0.5288082706765671,-0.059917388839384175,1018
3.8506016843824273,0.4577317409096303,0.38014644079393456,5.260085633158054,-6.501588808435227,1.415387768729404,-0.30784620104362115,0.6179115901118545,-0.014589241524585928,0.07566500920335788,1019
7.088596960651046,-0.7044876851795483,0.19451283034820036,1.5009360197164663,3.2140696759662597,0.7413173776839046,-0.0777522441980656,0.8415236956859753,-0.9501310287702053,0.09234458050418837,1020
5.249691562681885,-0.5427145731088324,-0.15269641078412186,4.432126455243427,-7.157631849243502,1.5618211963090374,-1.2821680855458717,0.6828272952991892,-0.546512664855901,0.28132606130727233,1021
7.45296630620753,-1.4919529938704712,-0.30153526653638135,-1.816928262933664,12.650544347647806,-3.3911984227519176,0.9667165364492399,-8.624076250170775,2.1965880973300083,-0.1653277331550539,1022
4.696489229277845,-0.049623100612935296,0.15050008732001646,4.049909832389081,-6.75855431049819,1.5524449931344055,-0.4687215690924774,0.8065217084354162,0.40906757391300136,-0.19358483870004983,1023
6.849917111785659,-0.9242619890654812,0.051078455101221075,1.311736739676465,2.410319946367778,0.5322469259289533,-0.26949608115497586,0.6180161244020558,-0.14204698321153975,0.020312286032831084,1024
7.891661708342182,-1.2628416631562283,-0.13353056828798368,-0.3436702267651399,6.138308998084209,0.8643414361126276,0.220194004111848,2.739223659399502,-0.3247349489742942,0.10678253550223804,1025
6.2425396762615035,-0.25594041031907083,0.20595554146470363,3.350927485221757,-1.4996430017438067,1.944135584771516,-0.5919838695328903,0.6908716293193,-0.19540823541695698,-0.032152554961045285,1026
5.300222211314349,-0.2390937302718695,0.08786531202934102,3.987193171680555,-6.826420314668934,0.07568831036418515,-1.0931075511270905,-0.4511990840637785,0.8210328063696152,-0.18039011906324998,1027
9.041087468939725,-1.6733547179675645,-1.4265229002381663,-40.621911598791094,-12.625660217894842,4.927052362513835,-2.0469858918233785,5.1051770198323,-1.0417153636438765,-0.6809006939075287,1028
4.748014931030152,-0.6266062372742034,0.18393018008915052,1.6072183112737255,-1.4174590971880086,0.9584633506771393,-0.17460075514142465,-0.5931041738171628,-0.5342445940993948,-0.18217369630983365,1029
5.0775297801133625,0.028590678492296982,-0.07866396416399785,3.6932852555927345,-6.678416181672608,0.6224599289860805,-1.822602773205968,0.5186584898365727,-1.3977491014469878,0.08971585818572345,1030
-23.18329259485192,3.589426355359447,12.4319703485754,-20.87938928336511,-4.784572846400904,-6.804636410756236,22.065256613894633,-8.788894611440654,-14.196231760898074,21.190879172998464,1031
-28.683759334561305,-26.562298969389413,-19.92616776614113,1.8884566125796234,0.6410317898698977,5.409689403385171,0.11959763907244234,1.0475764447756726,-0.4000062185289935,0.6127196699126785,1032
-28.76507359598392,-21.253233466515994,-7.7637911707167,-0.4414052681422574,3.66736126692022,-0.7790064758320437,-2.261355957121087,-16.5365468508845,-1.0544598953575464,-0.5509810288573961,1033
5.1817441932964226,-0.29495738530366444,0.41327212874512476,5.7507768939641375,-6.647524890401334,1.3156991473114632,-0.8108202164882496,0.7576223417262078,0.48785202229439,0.4789714790098589,1034
6.366384884105763,-0.7217787230222993,-0.20402376523498733,2.6971305354240984,-2.879597052694911,1.3289441064418015,-0.8575146843924535,0.16655102662229315,-0.896216737929923,0.010593500149881103,1035
6.422199597597431,-0.7216619774822883,-0.050373042775433884,1.5257739145908045,0.8468056199301699,1.1362861690047066,0.04413842925707839,2.23553627259448,0.1773747334710436,0.22100134544779854,1036
-0.9147661486233162,-1.2172994477389902,6.122425357957242,2.0168679560291443,-2.636903847177399,-4.361400008795461,-2.016655725299354,-15.695031882188527,-1.0109649448093816,-0.39082265379496595,1037
-17.281434799473722,26.247669284771295,-11.940166147193667,-0.5305743372368406,1.5610788178391795,2.3809241583387313,-4.639114665880873,-0.5428510582752105,1.3716930288110454,0.5957371823175542,1038
7.755243506541846,-1.3097210733647968,-0.3136259260639437,-1.057975229089078,8.520917445335668,-3.6702262140184794,0.14245382349423635,-11.887649026140972,1.1341724858423428,-0.2934494895454066,1039
4.954218670851064,-0.19656785019687392,0.14234086668682064,5.101351331003864,-6.08563539025105,1.8360893697517437,-0.9050609970460198,-0.20247667332719568,-0.09821241072481,0.32418731782981863,1040
-25.589469839879776,-1.048131228037507,25.3862127336603,-3.3115495120071667,1.1144311603815122,0.5430052871101525,-0.27183352159922586,1.2902973576945056,-2.8288579855759646,1.0216160651542536,1041
7.100958784447336,-1.317905773914122,-0.008971697163795074,0.20609594254357508,2.493985383014875,-3.412688445915935,-0.8572180433966851,-11.965441782969021,-1.8884014721062388,-0.1651441663362382,1042
5.9050549774296615,-0.689332996924837,-0.036406351327367144,3.796597124229274,-1.5443383548511607,1.625049458840865,-0.32918953774197723,1.7779946336863615,0.5844703145846017,0.17628520082313076,1043
7.1335068026151855,-0.8559422524532034,-0.2915020039084496,0.10075487316838376,7.769149432972736,0.7186513308809781,0.8794483348541845,1.4740931295011392,1.2720272012298568,0.28936546260148094,1044
5.200701561737513,-0.1335564123277766,0.24594939641183694,6.196799890989698,-7.4196934874358815,2.336016471379228,-0.8795641410820859,1.9322533267594746,-0.03964357775744784,0.06103580208482209,1045
7.371771664763571,-1.0218408421855352,-0.30763385564353396,0.45453875298196533,5.980314323368666,0.6632795044093935,-0.15888674118440468,0.7497688269863184,0.3647700456390882,-0.05800570875683552,1046
6.56783342912532,-0.6580594554120367,-0.22048476757105598,1.4694000416172226,4.550530722235417,-0.1725359193823232,0.3121836051145311,0.5252903495367829,1.6845445897072036,-0.07606875647780711,1047
5.51045082543452,-0.9739896750577194,0.45782678964329626,0.7734302917625789,9.480511674991547,0.5921492511264328,1.0370618364085988,3.7053549109923885,2.86588071335477,0.18034261367705262,1048
-21.2654540672461,29.972187021952077,-13.681326564606977,-1.6821538563983423,1.4891231886622027,0.2828506445672025,-1.3561603788405097,0.23751866168346655,-0.9335053379261796,-0.6367866392670063,1049
-21.835352631447837,33.20221341847216,-14.460218812152583,-1.5614766915435183,2.358711556670698,2.2136530348943246,-5.969803542348298,0.5706147916158011,0.34214398184318795,0.1292173409315224,1050
6.575291259441115,-0.5097724975150932,0.037391641392472315,2.3094442796662635,0.8130860095346452,1.0421039447560727,-0.029649648967866885,0.5488778414530348,0.42461047921171735,-0.06903861272518766,1051
6.883318546166653,-1.0110872063490723,-0.5114812740899521,-0.8100228538250059,2.8803724757335813,1.0445823179146216,0.02630647928049968,2.144010745725841,-2.8547710273748974,-0.12206446815694523,1052
9.724657968298429,-1.1189232640065896,-0.9521526678967753,-11.16393326630621,11.358984410179275,-1.0261809175165082,0.3948931445746652,3.150411627327442,-8.350078082463662,0.7273336567429485,1053
7.76649061596244,-0.992883331755616,-0.6901875794544423,0.26757095585483326,7.745524970848011,0.7178053123510275,0.9588128097411687,3.2399522576083983,1.489959050722359,0.12717525650884934,1054
4.160148565170048,0.26208800834383766,0.6154484760909008,5.529096754993531,-6.456152772928003,0.44085006565653617,-0.7255375259982365,-1.3719242188247396,0.02721958806927743,0.03854804302872934,1055
6.490716628009029,-1.3035707016511875,-0.4821130345860341,2.003304905663659,1.5199406864691005,1.0831743235239408,-0.13609418989618033,0.3089433456215364,0.07571600526942093,0.1181562023309549,1056
4.078797095892648,-0.001790752287871263,0.5878848420062057,5.760697335036933,-8.334164083053327,1.276830758802165,-0.9031128868985071,0.6044484917917687,0.01710381388412428,-0.07846054977154403,1057
-25.008405649422855,-0.7808526341122598,25.879831351935007,-0.7765961863238858,1.3753807400560092,1.8000941160726875,-1.155451345011024,-0.16419796094939415,-0.7260384719113042,-0.7871709407724634,1058
4.845725702232458,0.3009765153039833,0.577254805841349,4.709650922766084,-6.893531091201905,1.7406840279285685,-0.9179852901526312,0.31609561279294845,-1.021460730865207,0.04212129115260519,1059
5.9027877843385355,-0.018645862037579255,0.09715267013935273,4.235214496156851,-6.224484639780061,0.6767476586238677,-1.5620133662721907,1.7932957236137466,-0.5588409337740038,0.18767158178858598,1060
6.724331572266652,-0.7860170625310058,-0.3372530152893355,-1.1670054643314856,4.67841540720318,0.4355087977548742,0.25992610748690087,1.2734437331935253,-3.0904352558637056,0.1728545788247252,1061
7.44405723429483,-0.6290506633808743,-0.6795655209808651,-0.1980461646081566,10.745440365822315,-0.2729160752347643,0.9823146368157916,3.28978767310428,1.943067603139947,0.14205224549035267,1062
6.2322435764568676,-0.9683938565060994,0.2612768774605037,2.07011173486893,1.594877917061712,0.8952824003043401,-0.06467253317096286,-0.44690083766889926,0.7124821884716146,-0.21229613233560463,1063
9.015322664036537,-1.2908267761764445,-0.37055274787355585,-0.08996209662692148,6.798490409123468,0.4480824486478486,0.4793373747431758,1.7103369731915794,-0.3696518113374723,0.12014141078766763,1064
5.352605920814381,-0.31632502637543136,-0.06000353385967072,5.081749756062283,-7.051407236010608,1.2397385701146844,-1.309790047343673,0.6954034020151386,-0.5953283040960565,0.17651479402599637,1065
-25.787342109489078,-22.009612007420966,-13.84353819948224,1.2892731557031354,-0.6365368054144576,1.1177321785280827,-0.22586263274764445,3.955420407230345,-0.49564669227995767,-1.4775017729405713,1066
5.539717918470225,-0.324238105257056,0.3056644744976741,3.3789560184614307,-1.3075348174120485,1.0177181081643414,-0.3387095127520369,1.5813841359076632,0.2778148288275589,0.24364657141481516,1067
5.973848363234087,-0.5593189695871321,-0.28056509069373536,4.3559498188865815,-4.457479686719535,0.6350918089017077,-1.0734874295234742,1.0632663042085015,-0.1358377241784901,0.4683970068211689,1068
7.735873814868012,-0.5308823208517384,-0.1399320182408174,1.8866219418261543,3.793665802133635,-0.20134008091975486,0.39735088150547343,-1.7429733442393813,1.3585321537505288,-0.3349991915623215,1069
9.08348037041751,-1.513037767813111,-1.322055634012103,-33.57805728505587,-4.528275370406037,3.6468295340727805,-1.050733880081503,3.96362306817369,-6.62296702880286,-0.7168617001069941,1070
-13.537480044089275,14.985978560593432,-5.707423356122607,0.012960688685393424,-2.1063238753516322,-2.9885750384327294,16.35722113285216,-1.23386805323215,-1.3236333191271128,-4.094588031833295,1071
4.668246559313169,-0.23420043840389315,0.2605944784791126,4.71332636422346,-3.4277755103795737,2.1646413505507693,0.17491485451308914,0.8703905708675161,0.14168134067413826,-0.21933021353513146,1072
-32.80027979798162,-27.867747941705478,-20.892316098201732,2.081374701166434,0.7188805018791865,5.645466799449021,-0.3376939982926909,0.8106102329460504,-0.024248279241596893,0.4946496911309096,1073
8.083811056885569,-1.0784659278845774,-0.08701550441673854,0.06458663193088265,7.859914099159521,-0.4755004574409066,0.599574922883308,0.5563202224020796,1.136649935734547,-0.14123307357846532,1074
8.706101198095853,-0.971725760520024,-0.06811921375635659,-1.0510930092664141,8.133361328666444,-0.22323551494128596,-0.22930622766026437,2.1498687034218893,-1.9307430392327525,-0.19150576054682877,1075
8.766527798629566,-1.4763531246666326,-0.7117981905773074,-0.4325220967185948,6.519479995508998,0.47415127384707256,-0.07042527116916009,2.051620507773416,0.2036260339636388,-0.28481075103114456,1076
4.656184685123292,0.038331781992305206,-0.18957746304502515,5.656120735840622,-6.99668708633485,1.8822166649412682,-0.2207556836561961,0.7310356965212714,0.018131249034927882,-0.10433704432042559,1077
7.240569797138181,-1.068119801559097,-0.39065507662940646,2.155570024601562,1.3729441909950277,0.4782303930451691,-0.147525941498545,1.4966913618497861,0.42588253434532203,0.28122228292508067,1078
5.991500565027152,-0.1028465003860481,0.18660772990772997,3.691480856681162,-3.39453718539257,-0.8086262607335287,-0.7097448566706791,-0.46257704129523347,0.1064980232687011,-0.39884911643571525,1079
9.175980702318222,-1.7545792093565595,-0.42491284671570456,-3.400300830339065,13.994606309748507,-0.4563616341010157,0.2812844417175213,3.1752720109952723,1.5648633446012477,0.07256932028830616,1080
5.733691205276184,0.19753013809545486,-0.1310632379815424,4.361953649772716,-4.118540489466534,0.9933104313150817,-0.380732359252503,0.5970735558418012,0.7366311916403846,-0.020421261841978715,1081
-20.32019617072806,-13.441243798376961,-8.504833000620765,-2.1945995550734945,-3.1429937835754598,-28.33937415345096,-6.717447477897496,1.8951395398281743,0.11892981657732671,-1.5039166121139615,1082
5.283555850090996,-0.23563971689458443,0.1809681433486632,3.073153617957647,-3.841967865085824,0.9698356830109149,0.12048980209852947,0.6494650755216803,-0.7730972095124049,0.24374153100764337,1083
6.282947533764047,-0.36300894032401015,-0.29489350006843923,-2.536311740622716,0.26992097243670793,1.3201953673772533,0.13198068821136658,1.4864857299000824,-3.386833064549645,-0.44565799992658095,1084
6.03687692123187,-0.238102476015095,-0.14758755777113283,4.198016636940186,-5.682312722683492,1.9620371224134123,-1.2492002490317837,-0.13722500280391056,-0.17249713939940023,0.10308842620196501,1085
5.048006985955582,-0.6995516108753262,0.5153159719636351,5.35866754936566,-6.077815171359586,1.79261078133785,-0.7321555999691614,0.13538935872643493,0.13155043076326084,0.13741735752356654,1086
3.535089265866663,-1.2356418048171636,-1.0240761344923706,2.62558704562171,-0.866428625407182,-1.3293475224965228,0.15561979977499082,0.2456008433536598,0.2398167090072091,-1.0832585707771063,1087
9.514867789635243,-1.6873575435267794,-1.1000985512015695,-41.84657475806941,-8.830928891295244,2.8177985530162415,-2.126151854923612,4.85884178203614,-13.738383822668016,-0.6125190891897031,1088
4.982522594835332,0.1280583730254785,0.3046100042127439,4.161821137449467,-2.4900726081235804,2.207566934766314,-0.5614532348232083,3.2734954406961543,-0.4376346855670959,0.24103033086588987,1089
6.488376822797388,-0.8187912647348345,0.23117107804357415,2.4537337536554573,3.818613740665763,1.4499279693768776,0.3371979494390783,2.481227542141998,1.179859619482018,0.2024269149108175,1090
8.478916365608306,-1.459497512491222,-0.6181708231001116,-3.155427097276989,14.489746938704972,-4.341979905409606,0.8376939993602376,-9.322523908153588,1.407393212108089,-0.5026155644736354,1091
7.966489260227187,-1.372707090222304,-0.3947922122933996,0.8137625335172054,5.944518910938082,0.9418348478743206,0.22290652616061388,0.4530399076261221,1.1026738595706322,-0.052219809520671776,1092
-21.058951366167893,0.7776090983863572,20.10112126150071,-0.49290885061734163,1.5854607240460388,1.8844768444934543,-0.5652562594131542,1.0471027845520815,1.4614191069092575,-0.477062851607261,1093
3.8208011210068626,0.5303739622130724,0.16370093076792774,4.093789182437572,-5.756458150398996,2.5764669552800656,-0.22218486442085567,2.923959710273916,-0.27184855242743416,0.07526113284036079,1094
-23.21868632401669,34.24844477957379,-14.712378568400215,-1.7615162413836305,3.0457281271009333,-1.9540703599244835,-4.484122522616677,-6.859568318584869,-0.11170428811093798,-0.2708910248815867,1095
6.308619947003752,-0.4707517128623157,0.29479306540987604,4.049150458880056,-1.805436292250462,1.5912982421149184,0.03110957622398786,0.9855249664113679,-0.3835055088066265,-0.5380934183673377,1096
8.234420931416912,-1.2783812305689066,-0.6446151118990756,-1.2398870210018842,8.390439610599094,0.055591360228343094,0.07221614725737094,2.1526101187335427,-0.2041976111203064,-0.02909093262860821,1097
5.987003295532611,-0.2243111526117677,0.30959460855925947,2.7877019096879123,0.2954508096074909,1.5250548380375049,-0.36470036686203633,1.5777566504308134,0.39280953102103655,0.11769420350290612,1098
4.754862987786206,-0.1198394711057893,0.6320336047521226,2.9202017241088583,-1.9186771854296216,2.726716023757209,-0.052284874776517345,2.249531207000195,-0.08223388265836012,-0.024060445067281888,1099
7.846966281263308,-1.5560820233445556,-0.4720225938037294,-1.33098659874088,5.614109930611014,-3.1356537797881505,-0.5877054861064218,-6.302298267742717,-1.715376953655887,0.09544614245135515,1100
10.658166887107361,-2.6081358215087564,-1.3871819548588038,-52.94187000320174,-10.081006327322852,5.201595160782485,-1.5427685439429408,5.4576037611935355,-5.866794504323146,-0.12714799304160285,1101
5.082385015535387,-0.36451486634296615,-0.035796300336067,4.052230776377012,-5.995234993139921,-0.2698371779680806,-1.204893978459801,-0.6487165887120223,-0.09051664744240281,-0.23733327224492473,1102
6.595075468221692,-1.6007391438040508,-0.8078538117578868,0.12439005113051922,5.023753240564042,-4.126304971414571,-0.4774445373982991,-12.367787043071667,-0.13456045003397765,-0.8154398586624787,1103
3.855870637286478,0.37852810469431675,0.5399237401541438,4.979447831810026,-7.235841647052337,1.7241119879454694,-0.29963517093958225,0.5936080098396944,0.180524765096292,0.3643635660627506,1104
7.937382657568856,-1.678224449078162,-0.2798954973527191,-0.6927742906678056,9.549742560584749,0.40126747982236993,0.9263143164929993,1.6856465358922292,0.9676616437428114,0.15629417354016126,1105
6.57370541542801,-0.7738114462048906,-0.07209436682375639,3.1544316955303855,-1.4028457209132486,1.270032567362223,-0.48759293804529596,1.5183406545825668,-0.41020806381493574,-0.101588932433986,1106
6.08921670670775,-0.25390086634940096,-0.2901935856886113,5.077895079918107,-7.545336473897897,1.9400445070286287,-1.0783191505358902,0.6488933634666519,0.009665803987684065,0.18000060158262104,1107
-33.59540073595305,-25.45180297874943,-23.383415769254707,0.1980046152445262,-1.4005967319059975,-1.617043528488473,12.749262955549755,0.453737571252092,-0.47728124906651814,10.181623077833658,1108
5.251566787471002,-0.17346734939889624,0.2851651233335461,4.125652491249857,-5.16673824296928,-0.21790665396891398,-0.96616688953326,0.8700591673016531,-0.6245310305984694,0.12999325448479201,1109
4.876006264504626,0.2720894374855163,0.49905569518447473,4.09955420090054,-5.367875865375111,1.0847020313844211,-0.16220136037417449,0.3866502623892381,-1.021024550043649,0.11246551022047073,1110
5.3436337617129315,0.0021089712130017415,-0.09407392225460195,3.613146343868752,-2.0635931073355493,-0.4005936154538992,0.03472340954567185,0.639997172659518,0.6286026400147363,0.2638914281503241,1111
6.890550349646183,-0.6835758760375039,0.16035313978033447,1.283089880426374,2.6991611835725653,0.7951554954434511,0.5906231815765173,0.19541340402173377,-0.8112800577232228,0.1360553815509336,1112
5.456172163910346,-0.5959491719062201,-0.07561838379706892,3.0276257100479063,-1.0309184870637107,1.3056263478128733,-0.26947556942373224,0.21011403809812887,0.3220744062045513,-0.05416023375006536,1113
-22.62768947169963,32.3985384902615,-14.16513908444475,-1.2846792786085734,3.465815702346801,1.935663777577657,-5.104655634764961,-0.6011416770236646,0.00915956479901606,-1.4193845748178624,1114
7.13218775300814,-0.8597212985948458,0.21525795417905605,0.9250837875865848,4.374618537430203,1.0089748984554736,0.3657214380292277,1.0111156978498035,0.29076715456448593,-0.23890117469013405,1115
5.834995382092934,-0.6572963190516573,-0.33852127944056937,4.689900447176602,-5.966354774046259,0.9866986693743347,-0.7470462579795412,1.920586596916854,0.05438886933136786,0.4091316802024457,1116
7.13760965030062,-0.7813711991692602,0.38329952451074956,2.577943717337307,3.078100241384207,0.9339697600335048,0.5073016271960454,2.7097530849789253,0.15285053919181035,0.35670081729475006,1117
6.74539428402656,-0.28269878440577473,-0.27540268698042586,5.341979712608473,-5.956797902994785,2.0742444892017238,-1.1958009615158904,1.3493357147905636,-0.7152188418048882,-0.10381552323047233,1118
6.643073426161875,-0.296989309713343,-0.017299770504905727,3.122791201697406,-4.291758046777277,0.6152347048302328,-1.0198099133900291,-0.5094346340082502,-1.0714142241651483,0.4770156463581176,1119
6.318694707450071,-1.3650053636030204,-0.47292549571151876,0.282293965095019,7.294404826091977,0.7643851465683031,0.813446003239855,2.460645897815919,1.9927686257290955,0.33778941274058594,1120
5.232275922926075,-0.23554497596577176,-0.03788521508352752,4.295783338049621,-6.857537408989434,0.10942479576412247,-1.4942102644762045,0.4564195816634922,-0.4303705490961605,0.19369269483557702,1121
6.954672551960563,-1.1523723709278124,-0.20422006588710723,-0.2159439562255305,8.938950681532994,0.641172695105843,1.6104188642855959,2.9953012181933336,0.6807714388192238,-0.14956756741339636,1122
5.097659475294106,-0.5063595944423924,0.16632363005685472,5.130720013602475,-5.513665980201958,0.9680567925611705,-0.6281598333712409,0.4291408823801095,0.22492103828338006,0.3055036066746358,1123
4.837064252126201,-0.01158890502496253,0.4705261119452425,3.9702380568639635,-0.9102401356284795,1.477869356495654,0.6125225205472329,2.2492830399746255,0.7297101068668804,-0.36493470753865703,1124
3.875009589871989,0.47656812739834153,0.4255380281324374,6.549283018838198,-9.054794949646265,1.213624627759283,-0.21839909565626886,1.1021317946043252,0.6926561812853032,-1.1246592149603822,1125
9.307428278768725,-2.02432273977871,-1.348050418737756,-39.61431353321951,-5.661228590366122,3.4975877109238476,-0.9050788839883984,5.003977757283719,-11.389575962607342,-0.19778840716605867,1126
5.711878400900369,-0.5948238871198435,0.10181556296712217,3.7585115098826294,-3.127140724170803,1.5044374667515346,0.030926836954006286,1.0945397448379193,0.6414837481433527,0.054710550178691274,1127
-24.743774696657493,-20.40331383233906,-15.640670335658095,2.222252394567259,-0.36228918517240877,0.08809006591521894,-1.286929848406576,1.7278217539267924,-0.0028398882706434665,-0.5199522123647188,1128
6.3303699498243935,-0.8209677826670441,0.1676675677841497,2.298458622950684,5.416604808230979,1.5101792670633012,0.6420685976285533,2.0359589030315894,1.229262084170029,0.09964523793768779,1129
5.4676634512866915,-0.3851276858136967,-0.09845480894011889,3.3438922339610904,-2.3543815638682153,1.4524466807434666,-0.16857052864949124,2.0263005310607882,-0.26677755991657925,-0.18475503389432044,1130
6.1731940803965735,-0.1358801778623994,-0.061231951935427034,3.1235676183480168,-1.4334229258341853,1.2430037628963824,-0.15221294484320785,0.8428708098246692,-0.28483089900558645,-0.08404215389094309,1131
3.333965318861324,-1.9025248784515618,4.7699255167392565,-0.8620180333667969,5.591726596685215,-3.24946737512156,-0.7923493883216047,-12.844316335520533,-0.8377505954749812,0.012760351726271955,1132
-19.634785568117103,29.79270683776146,-13.758249271382066,-0.2045610600374124,1.8142779649801763,1.30946101233792,-3.7979615199282954,0.8631613999346471,-0.7890144631360265,-1.4712949410379297,1133
-17.08720330589875,26.034362962829942,-11.0185880992839,-0.0797396585316206,1.9428401819398036,0.38028145092330945,-4.630161506848397,-0.9057809049122967,1.041641683153047,1.46058764473126,1134
7.781407565203004,-1.0463653370262538,-0.567245307485624,0.9391908077166556,7.335851435268365,0.3888554810147828,1.2220592293736399,1.8009534889837808,1.2587607099434963,-0.3205933223771261,1135
4.43237208699131,-0.8290791261144735,0.2775138005415263,2.4554684662156556,0.7003613039366781,1.3481683507529738,0.3716565498142597,0.8833997894815978,-0.41755517873224124,-0.23596603328906848,1136
3.4544778877594595,-0.4744029141180386,0.0870719995115853,2.9119609611363058,-5.049783408978932,0.12024446484656762,-0.8192307455973947,1.5634171571618094,-0.6053268509002999,-0.013856863184819435,1137
8.535613738554275,-1.4118541033946814,-1.1176687234445348,-35.51716641036563,-13.354504950947518,5.2311736705304925,-2.1027386290322947,0.9162923818012918,16.383529883239092,-0.7838935002652656,1138
6.529742885250031,-0.5958534406062825,-0.31346462650661155,1.9546633690678075,3.4838607026297885,-0.16154364905361862,0.32802394619530645,0.17528270945676297,1.957193636998294,-0.0750712412219359,1139
5.669216142061808,-0.5837416190814343,0.12145124528486972,4.023589771387803,-5.918305334240334,0.7042027224527038,-0.947729990854143,1.8801174409071904,-0.4238203118527645,-0.16310705937104328,1140
5.922542860526682,-0.7170308442198668,-0.26881551387539526,-0.18431093778491997,9.020612853475049,1.1222158629990169,1.052843416575801,3.71732562443905,2.3279993972311117,-0.028670496168118422,1141
5.691520535071042,-0.004738721825851688,0.091266190441245093,6.189776617692624,-8.927032860274524,1.1639340950895942,-1.2197013122235643,-0.6639375870714789,-0.9733091090466048,0.28957490986018547,1142
-38.48229853952805,-33.36150833769348,-24.020541801689163,0.14660379189255202,2.3589702434944493,2.3949308728656824,-1.6090377954204012,-0.5810863780987218,0.1931798600645634,0.28167207440813785,1143
5.228172898292629,-0.3083378069625598,-0.09768274616125618,1.7731629838993623,-0.23236990252414583,0.4624716360618933,0.10613240402819892,1.6287307802423574,0.9942991589792047,-0.11657268675812624,1144
8.776403982490923,-1.227106002622252,-0.6750892863452466,-0.6518398865513744,9.661116897495997,-0.07372378768038045,0.37960757453215255,0.7307817207759517,0.7208390948369271,0.030434378252287883,1145
5.428233430066846,-0.5169824305394889,0.02657476917355584,2.3083496764999487,-0.0219793756194796,1.5552762941112428,-0.1155032377077182,2.0629770439032526,-0.25868481401164384,0.22024943711350323,1146
-23.364938209407054,35.20981796760704,-15.552677973136,-1.2570431956527226,2.1178424143253296,1.222490006680603,-3.9560447514573203,-0.3611347864593935,-0.11184554498243915,-0.40127928763509507,1147
6.682057705031698,-0.8199122790276535,-0.3577560844847928,1.8218614975306624,2.9630554873714514,0.9919472777495898,-0.0030063210117420294,2.2008656269754185,0.25401352972319036,0.1823971582388354,1148
-15.706044216163715,9.820358349823449,-2.6995661391176564,0.47785003633774364,-4.355437569935899,-6.227194312845865,37.55588165916517,0.5175851532349447,1.7896167548053794,28.556875711255547,1149
4.339158016298666,-0.47902008212118363,-0.20489053659920656,2.5146504785625767,0.6621334037848962,1.076599970397636,0.43834701733742726,1.95302660167555,0.5073575192562448,0.2938220846550594,1150
2.209313092217382,0.9798899114684931,0.4861216169773164,5.408971882227829,-5.607611025858074,2.0847262621911193,0.016842479711235425,1.4902165468834183,0.8289626743834111,0.06000210622562731,1151
-24.651026529564103,-1.8687256196499278,24.975018366666365,-1.4924260241831886,0.993226203403141,0.6875588586028365,-0.5587919691903879,1.5881545150789564,0.15108553471167813,0.5017110734985599,1152
5.1244542016178345,-0.22705309347946548,-0.18234247186186747,4.930988684570445,-8.672932615858755,0.9085052578992013,-1.7243366632976598,1.3652458652760018,-0.08201539453710271,0.30269214035564806,1153
-20.655336516814188,-0.012594477168463528,18.947316841041964,-1.0614633975744854,-0.6594225713961922,-2.7859106871832533,-1.110811402224799,1.438526749092321,-1.344679373701676,-0.8603361070878377,1154
5.9140756680307724,-0.31612423790142385,0.11214197854012949,1.669626769999249,1.8562557599210066,0.7867875248972365,0.47374955804132907,-1.9679556330763712,0.5407705096955054,-0.289852825820664,1155
-2.5017375172108087,10.74722596781945,-5.426091205430125,1.686351464737017,3.5524139787233913,1.6260509258328046,-0.6885070837600806,-0.6104111310847715,0.9908132081275286,0.13860619639042576,1156
6.604982382023042,-0.9787667123686463,-0.30232278623869147,2.420975192976264,0.5403079696648216,-0.8060724419983109,-0.3997718966467988,-1.4703189457139805,-0.7212666503609414,-0.06127162284983328,1157
-17.54064045974034,23.955356923907036,-10.007591126516928,0.6736706844008716,0.5227246279000792,2.6408351747482843,-0.7768267974366962,2.2748534800620908,0.775723000134187,1.4213326804073465,1158
8.358783113424028,-1.6822329779252059,-0.5547259527972829,0.009808820548085207,4.3958079890184,-2.040205130513213,-0.7264970894773207,-6.341016249852579,-1.241338786912526,-0.27315667080675876,1159
4.092787640223641,-0.10400896542180804,-0.44609047018461045,3.2982192509259027,-6.95059129052901,1.8359172928238274,-0.6712883704826786,1.0304262116015537,-1.3117866881848952,-0.017860169131200008,1160
4.503781501625028,0.16499916850679064,0.06574561551372671,4.347098101154388,-6.908131927257057,2.094765405424176,-0.9952721832981294,0.9303672554392717,-0.012664984303951271,0.274565762233737,1161
4.9821680115766265,-0.2565259743952398,0.7941709137566002,2.724625300274384,0.1678080220324152,2.185238162427802,0.5777343441502714,1.9640597851878914,0.9512264503008178,-0.2065240428948979,1162
7.755260882807083,-1.5239900126881758,-0.8780694313143396,-0.3994734760899601,6.540610701028806,-1.4910078081162583,0.4882458279114744,-2.4208558311015405,0.07878355824942503,-0.012063433562876917,1163
7.311426922772945,-0.877389773371071,-0.12321436756078842,2.4508568095735983,-1.1120253808928524,-2.92364569048976,-0.9543138695590737,-12.175877053376048,-0.6509843823339495,-0.030091485921131,1164
5.863638127588217,-0.7688010370986056,-0.008881985119096329,4.451217313239975,-7.438678532745351,-1.8069778711568696,-1.9936387862399818,1.4892326208854865,-0.9703417850264804,0.2755912222186656,1165
4.305701229593696,0.41554957394151315,0.08893349395591586,5.331938885468993,-6.805595947862451,2.3319510397781102,-0.7148905676590409,1.709602233259979,0.2612992072509567,-0.035222927327950695,1166
-23.81718286665608,33.74464477560318,-14.060577464885737,-0.6672441156677371,2.100662254597083,0.2907264587770011,-1.8571222793235405,1.232611237801886,0.0900624877558574,-1.0120286901390252,1167
-21.142535377689235,-0.8730711868524869,22.215541027836732,0.09249581579240455,0.6226847782972509,0.8125950916439139,-1.3270031818772803,0.9729899899521642,0.37288646325562924,-1.0854082481633573,1168
7.7458944592221,-1.2651618188508609,-0.04556296963896008,-1.20413942692446,9.790279683320604,-0.4095679153029401,0.6243326991634793,2.854825141413613,1.7131805208834814,-0.028383930646184236,1169
5.288606522247151,-0.29394263938259096,-0.28996945797197343,4.820595253254723,-6.523901301662583,1.0749722446894352,-1.4569288236499738,-0.3442800939834667,-0.5198009057058794,-6.483872155991382e-5,1170
5.265498655092952,-0.23717989183460741,-0.0017194212470579954,5.097411278674089,-6.73018026635093,0.6708092944441737,-1.6084433633322497,0.5175519636189911,0.28127051206074827,0.19629943043883638,1171
5.798982681585317,-0.23214146905993543,0.3081053580477535,4.324349414846468,-3.480871544154936,1.4171972239404245,-0.3078012775219489,2.1151411598597862,0.541655146204786,0.29136024435389546,1172
-21.310834706811086,0.07838555184250409,19.33997219765574,-0.18905095545304604,0.2959319892908429,3.3830696400271214,-0.2002453618610454,3.3461209698744594,0.4810436259043344,-1.890652722544538,1173
6.022958388788902,-0.4950899259639032,-0.1407991496295475,4.4477812241846,-3.2742935635038606,1.3765395177082604,-0.368806251946071,0.6553930837897315,0.8706237569089464,0.11613381991169043,1174
4.1827657642587095,-0.5337921900723255,0.24092038847940545,4.954191999685794,-6.685560120122329,1.1182581997644598,-0.7389598306992842,1.0822062731203974,0.14759508612236238,-0.0973993813758044,1175
6.247438561172967,-0.9170725332755222,-0.5549683837266987,-0.8106236435790725,5.443048433785385,-0.33357369021206507,0.574327545013277,3.1908769378448567,0.6313320973723685,-0.24364881163090024,1176
5.5840949247771485,-0.27927587156886025,-0.02503896795654726,5.00337312163355,-5.623434355586065,1.1125675181941492,-0.8296921773735577,2.175374155907264,-0.20875795959317428,0.22099731957755037,1177
-22.44460896715869,-0.4387372328499225,21.725227840750023,-0.078982961742528085,0.5890581518504256,2.9758228324156484,-0.39291237861207773,2.686654935284695,0.348709669599777,-0.2842057479254682,1178
-24.135535972851628,-1.0241576504518988,23.38735702027498,-0.9023669070875524,1.808282383249966,2.5299290763763174,-1.4235198562949758,-0.7606116319873356,-0.12893108348494822,0.3524857950926279,1179
7.944367700140217,-1.8295156008092703,-0.9696027191003328,-2.2221573743089786,10.831812200255607,-3.860064112666367,-0.17901666371767744,-9.495336868299553,0.9396483027701252,0.23291575979663307,1180
-29.265610494075155,-2.0757411906400676,27.46123462833407,-2.515592509131716,2.781005346345836,2.1861344251665993,-2.485510975624904,1.2634168605128704,-0.35854960569177313,0.4003548646295081,1181
-22.40078601395239,31.889033677251486,-13.148752735411462,-2.523290338210786,1.389540289570223,1.6070403187938564,-4.13307441965662,0.2841439512245317,1.109767214624382,-0.43290021480764507,1182
7.956149462665161,-1.2721850081883803,-0.5598353596546222,-0.11666031065711573,8.949602056572994,-0.5906926400015503,0.34333143005525746,1.0533770144059325,1.4304279371401432,0.21023517914644524,1183
7.591559864370764,-1.4195189717094998,-0.5826387237868808,-17.846038741924815,-1.7092977637931,1.8533189711705216,-0.6281619661634888,4.045125675740348,-16.92070771766696,0.18695648202099152,1184
8.378405753669377,-2.0544148413797303,-1.8308467395037997,-42.399053142668485,-11.71039258851268,5.011811994230738,-1.8333736303478585,4.949144908709443,2.27805346896509,-0.6969158306632482,1185
-24.483513933054915,-0.277115656249568,24.698359180856624,-1.0753542319895597,0.8386689545356418,1.5492299917525616,-0.541590112661937,-0.2734215279385617,0.08472997240905707,-0.9575021766527747,1186
6.025658765201883,-0.5862640454344997,-0.5362595083679751,2.7301794605081375,1.6683383172359456,1.7672181804472704,0.29314476623268676,2.706486878749733,0.9427955703435076,-0.5146787255358009,1187
8.836350587532877,-1.2908214530236013,-0.16291667839443172,-0.8416461235276016,8.4869904012687,-0.156505276723268,0.10646590207123634,1.9935617368470964,0.022782332617983205,0.024735055520283884,1188
-26.001547022508927,-2.180699862337158,24.892481710079746,-1.0959962044119416,2.200102020871925,1.3318524898958821,-1.605007869040138,0.22264809016904824,0.49072956049516964,1.8009297036704899,1189
-17.27459072748728,25.48643617995324,-9.956050493932878,0.6568095504315654,0.6155514352590966,3.069411542154047,-4.855054257852346,1.1139165669537867,-0.105217509709688,-0.8722034899928212,1190
-22.413599596125977,-1.3033446067453522,22.05802329711176,-0.07467561861663569,0.7270929895331463,3.7410423464264384,-1.2957205373240483,1.245233272341534,0.14561606985671724,0.9249356339139608,1191
6.108756826121549,-0.21829342347801745,-0.07631476525936215,5.282804756533065,-7.846166595297794,0.9752155536916897,-1.9509978827294587,0.295072996320161,-0.7951110853575007,0.3081637789380226,1192
6.106076631409343,-0.6129090000505362,0.19672729137748352,1.8454376916555513,3.5205940599241394,0.14692725243020005,-0.27931166186658957,1.6370346592955596,0.5454750375998662,-0.039289362586486826,1193
7.559452250132299,-0.8986928395909545,-0.372182931642769,0.7748839574739139,3.7830227499470124,0.07407879583672802,-0.5777109801760164,-0.4876664404459512,-0.2619480982712756,0.14482812488084842,1194
8.02179228360591,-1.1495870165483433,-0.683656609913768,-0.7254486364004384,7.320486150450781,-0.4878079115742466,-0.1523056159947408,0.442552610397514,-0.3707107377122267,-0.32126041704036185,1195
7.3933734736723755,-0.9836285831322992,-0.4498425819819244,0.4711545696910072,3.1912093196147735,0.6951600511337256,-0.10079468285702466,1.2157106084674112,-1.2337983274615385,-0.3183962872316616,1196
4.707264848776965,-0.4760834825740249,0.12476226536385432,4.081954493889905,-4.629990015105026,1.0965091611189197,-0.6184713726836132,0.015942206339915888,-0.15713709724374256,0.32138903928186674,1197
4.885543346790597,0.07693820126774184,0.24184898279141684,3.960031589685912,-4.188404968665766,1.9599848909548347,0.11831409425221953,2.332680239897757,0.2685961108563223,0.23808957230744032,1198
4.7651748782532,-0.42729027441946693,-0.058939957324173564,4.432412699082245,-6.373763292126311,0.788020891004203,-0.6899628876961779,0.47003283790581774,-0.5218015977699294,-0.09480229435704797,1199
5.537811422969852,-0.3292128157642381,-0.027631862156337002,4.057155512664529,-0.7989538835965826,1.5344541022347742,-0.17531744080121514,1.3463244957741094,1.2325331777488537,0.05502613971347367,1200
-15.140607802560963,22.499442122542156,-10.30037699982329,-9.810955504666849,-1.0261056368737747,2.5064293263434254,-2.560744784377351,2.6072611629876707,-15.186510108618501,1.21390490852573,1201
3.7719613635572817,0.5782801885612495,0.4168701864467,4.604903698037417,-3.4267343634314953,2.039135287697148,0.5007431358283795,1.160632250580299,0.7652849401202811,-0.3275914597843603,1202
6.21333196453582,-0.33177821234301236,0.018746152717524108,2.5208171496076823,-1.7394183462309738,1.5818791716472003,-0.3077190204536573,1.1787654180990879,0.018953798008832425,0.2046255082918026,1203
4.655844205775957,-0.6172864531965696,0.5861916549606723,3.4773723469699283,-0.8862393637455094,1.0864806607716502,0.26463618631883296,1.287892466557048,1.5926750778710597,-0.354847489099994,1204
-34.89923265694261,-33.14264535271879,-25.741798288642133,1.1824565635656894,0.5471940527395566,5.189301090254481,-0.9269357289181099,0.7426855603891299,-0.5209202562832129,0.3800133224894507,1205
6.72744231577746,-0.9674802728178448,0.1652533358062606,1.2935078109302023,4.603925599115961,0.3413254931160785,0.5940251283604128,1.4763818100243522,0.6635832416956262,0.7185189238058453,1206
8.014808737602186,-0.8313001660575882,-0.5798535655498687,0.8865702151517293,4.679663087522669,1.373905695357801,0.31394119703446843,3.121854395019262,-0.35815601001057296,-0.5135902264284119,1207
8.014266872191131,-1.4102493889693226,-0.6427918597557035,-0.8081580228391997,11.232286167692815,-0.3385082784074536,0.8746447027672917,1.069694706588076,1.5864744016790637,0.10674406410870807,1208
8.62337609937518,-2.3251420244276764,-0.9277239611792713,-33.22697377384199,-3.195278020408118,3.30910712982908,-0.32910380369858866,4.386703647857274,-15.091703899038787,0.11670642913608593,1209
8.447472162096854,-1.6905631515871775,-0.15526023777781697,-2.654153319277991,14.08162843302394,-1.0118100027691783,0.6447711964416286,1.6159456389493319,1.7068814669444878,0.26688365344460657,1210
8.033333598062747,-1.0495783059448553,-0.28076409666164787,-1.1631393519490818,8.31432289601194,0.6482883833764523,1.019962745835781,2.2545198664000337,0.8848277854410188,-0.2677917393667837,1211
6.70746354652205,-0.8526993751163117,-0.4231319853260617,0.6899598006330475,2.687795662103126,0.5865154329836804,-0.13829904327595127,0.6632894494324,1.6787474789542236,-0.09432703226371403,1212
7.623710231419114,-1.158362687318182,-0.7812739800241092,1.4345678299593014,3.889873192473679,0.46742774246791635,0.22229743898698962,-0.5758267824916271,0.71500572586555,-0.0413652883090946,1213
5.080208664144429,-0.6556163383420299,-0.014562665678245075,5.109074785425206,-7.402761190703294,0.3545151791714834,-1.5473901584499996,1.4095787950807985,-0.5042438016514662,-0.060052864436425976,1214
-24.42193468653213,-2.2044820568343715,24.825264149753163,-0.12332772667901634,0.7755652280584427,3.858977137620929,-0.850896556960949,2.23041075491932,0.6729383723970934,-0.25078546050922196,1215
-24.134946739448395,-1.4281151770340896,21.306810403909488,-0.7482003386295134,0.6733736598938603,1.540898785049689,0.05458475255697258,0.5920407746925103,-0.9361450599315488,0.8412805795932453,1216
5.643345192563169,-0.059871413556592,0.12578046009278757,4.498299745004234,-7.096028531398875,1.23393705960346,-1.5202912347936317,0.7387985748486884,-1.363058818419527,0.5934405984509968,1217
-30.996797961516812,-28.681939291737137,-19.263529052042216,0.4656758627317829,-0.15318450508389672,3.87783202212081,0.08913557030266378,1.2626397514267589,0.7934553398341253,0.9758094618430573,1218
6.806773765133467,-0.5294278926312591,-0.055568151575760116,1.3515192021450402,2.186442914850201,0.9892473544015545,-0.30986031051474683,2.5456741126187667,0.05617189513780883,-0.081184161192361,1219
7.619713072092634,-1.1332030277443093,-0.41315594174721143,-1.4743859807350252,7.9465239841858155,1.1634866735235936,0.4359061769533219,3.9007555351750423,-0.2713349510151243,-0.12295944581614482,1220
-22.417073923543917,-0.9587301885869591,22.937590922456142,-0.9515518572943344,-0.4418736553560484,0.6627154195530605,-0.4254054276344421,1.2352271252479785,0.5008937810742505,0.1900342590144912,1221
4.097777625186442,-0.31109754623539343,0.20019136671728952,3.4328839052492293,-3.0860714504132076,0.6659217644102204,0.09356023818465314,3.444725682454467,-1.075690738574805,0.03193908278013271,1222
5.77102305238185,-0.46933643366789746,-0.1757095324568558,4.273950902076068,-3.689629156559643,0.8831556943797124,-0.4051718501942263,0.0957974377798926,0.28177566741726684,0.3180257345993975,1223
7.954944798781714,-1.5979188312678796,-0.5082867959137193,0.932437821242897,5.855595327219024,0.3473992325726355,0.2852611214837776,0.6155908453226233,-0.25076890476636227,-0.018606054793105127,1224
-26.0943192925821,-16.61071761369739,-17.232904032344926,2.467396336831929,-0.40578051956964073,4.456840046063255,0.40076435093437857,1.9336313071005116,0.2171413827396687,0.5801153768297143,1225
6.343522007490094,-0.5083146220649639,0.05837126017230688,1.520985177562671,2.6051734314868655,0.3518970577483839,0.6538601081746978,0.5224279835124396,-0.3409321649870159,0.10244436127368382,1226
-26.308966523510236,-27.23636944746994,-20.57860398244762,0.3481695713842632,2.0730606613613087,-0.8821528522692507,-1.2634121300183119,-6.6286269299508165,-0.16644747747726016,-1.2082432180780196,1227
6.80811363153844,-0.8657214297431681,-0.3777344926852619,2.4228896435815925,1.01786958044573,-2.3753144947559837,-0.8243439225387764,-11.420875243642236,-0.09229630672373774,-0.19415869749020334,1228
-20.961726283837212,29.73426900650365,-13.12943764059375,-0.8122835704536739,1.7068509595160597,2.0219640492783464,-5.197865999647734,0.29981816446542503,-2.3289082659463047,-0.2605963224489925,1229
6.1588422385105,-0.2868469737835227,0.24779755940429216,2.366015208080036,-0.25094370651558434,1.6577789535652556,-0.24195696567705652,1.6413625358768515,-0.7410413178450527,0.05440008599250077,1230
7.23849665456935,-0.9489570965960674,-0.31542222967885297,1.4425922686043404,3.294766395528223,0.008383853972689547,-0.4823825513536034,1.6288415669341558,0.5870447673078222,0.3889327156300195,1231
6.907576158337893,-0.7774094220522577,0.03366411749211531,0.8942123817585201,5.106811381171512,0.11578887086343327,0.6383034660672303,1.1115216263638255,0.7763129603100763,0.300131371519465,1232
5.493072118620263,-0.3334957305110573,0.19835273064952808,4.861430105311835,-8.143870716675433,0.329702742316966,-1.5177676217729166,-0.24577400462327256,0.11373946024686657,0.10550843341063658,1233
8.71865941461928,-1.2897244167659725,-0.5787216691016706,-0.8465037082469177,7.354539147987226,-2.912706867191805,-0.739442405445799,-6.131606105401246,-0.693555004928217,-0.2567009714673164,1234
5.662589028265495,-0.2197239394104246,-0.08902124178917203,3.517041365194141,-1.2793754523557896,2.291139231860167,-0.3080731553388671,2.537161374937081,0.3169862648196535,-0.09262519828344987,1235
4.10845223016441,-0.24988221792481058,0.3555681655928632,3.228904001995026,-3.994618827961261,0.9773526220653651,-0.00636200700672136,0.9193237711634713,-0.2587840780624022,0.12005623984716557,1236
-22.075779760143384,-0.5846950257219331,24.52041045472825,-0.4340947079980521,1.1920396098927604,2.5839490667809177,-0.5175000897159882,1.8041045583031858,0.09958519598826429,-0.34319257539644665,1237
8.604213435396064,-0.7782169664768526,-0.5820215107668907,-0.7522406418131055,5.848364668205775,0.24525355422087944,0.3638442115643572,2.1625485096203674,-1.5653555370271452,0.033965519427139775,1238
-30.70152650084473,-27.38725428402556,-18.80292764398372,0.31324230967324806,0.6894150952641436,4.059808503157381,-0.2961829629534212,1.8915166644263854,-0.26029518270853685,0.5096599028703945,1239
7.953638874160541,-1.0158466723256012,-0.4315972129322737,1.0953529203015067,4.441024851986984,0.34543656588598826,-0.43382867175126244,1.332933675743335,-0.10356648595044439,0.3089775894539778,1240
4.313632833029092,0.21834970454842959,0.015545337051522423,5.4054261379568445,-8.589813278670848,1.4843597438792462,-1.3910912252423142,0.7097662031390087,-0.8919012292714307,0.2160752831667126,1241
6.9392551018968325,-0.6665537955062181,-0.07246955265633112,3.6040828480605134,-3.46293697973273,0.6188659005318388,-1.0389497343623335,0.274828633185236,-0.25451620159713834,0.2491772210156272,1242
5.249955088500814,-0.2784982880568466,-0.0741048998963626,5.138439852391034,-3.840692686221984,2.407017998209505,-0.6484683734713295,2.0661332074798433,-0.06934166119854897,0.05869442611378403,1243
3.350395559962475,0.396112251695193,-0.03343890718059206,5.046803178926511,-6.756342538059104,1.6193918924984079,-0.5734049010310266,0.0504118043155041,0.38553997621165115,0.1561365541744758,1244
-31.563429576322026,-24.754052780675718,-7.220727755239476,-34.96273056206111,-8.30731084708293,0.8237882097030751,-3.2457051377896815,-12.151845297508,2.567296796955802,0.3722295351385305,1245
9.120652083766853,-1.6482510373001438,-0.864299986812493,-4.34663430465091,16.916660038415532,-0.12054008494470153,2.241099227744528,4.285323473342416,0.5773787807644247,1.1123545611656485,1246
1.5915475019754226,8.540203703627538,-5.107785117758953,-3.986736412366214,18.096799547184457,-0.9272210566973558,-1.179887650519987,2.1956293064569272,2.867195755600071,0.4810123061626208,1247
7.493037665383533,-1.01722367868472,0.4378189348733969,-0.22418941604230105,5.054760128087115,0.7255191923666297,0.1878049205927824,1.417683983602676,1.4201823343392588,-0.1768247922968733,1248
7.817646635141551,-0.7976544546818247,0.09862296190433216,1.7469644457914608,2.9077236396324797,0.4726940900998889,-0.575451698310987,1.6070080303928107,-0.4235252566275596,0.23427241396711412,1249
7.817843039837396,-1.1310105872836977,-0.5045358518604254,-0.22490187491089272,7.0864892965372395,1.2422168967306877,0.3742615980195776,2.2465557035261656,-1.6123409740817414,0.0032497626827539,1250
4.919212419776573,-0.37774356542263526,-0.021027134930201054,2.487874523818519,1.4944954306352563,1.068879424250567,0.8999437140769083,2.246490733056256,-0.4708420567515777,-0.2143868991065564,1251
-21.34336607093604,30.701100832446276,-13.902449538940346,-1.1009829745992665,2.54637652307229,1.6952562047025388,-5.923531187553612,-0.27872209624863603,-0.4884371469889661,1.5068521924356166,1252
6.160414179143189,-0.19303824069542064,0.09866138762180121,4.920034369253722,-6.776584473490793,1.3661345090248014,-1.488150901984871,0.8064965244657816,-0.9870251859622461,0.031611393016994026,1253
5.043499341443074,-0.018112838197754142,0.15034193579827482,3.911344812130869,-6.34748788381138,-0.2115765846806358,-2.069617082683428,0.13960094176134505,-1.0098237577398108,0.27026639611754627,1254
4.733310848956468,0.09830578029661814,0.2047490453718543,5.026356174311268,-6.354622365989914,1.5844220646036802,-0.35288059348228396,0.4323938510759931,0.13065170066921972,0.1000769890412958,1255
9.263083080758282,-2.080136746469227,-1.4549169754532993,-35.490873482265144,-5.956234897986201,4.546513680524999,-0.9828971366220339,1.6234342334324103,10.154608842079577,-0.39807591186320124,1256
-12.23134000219674,12.218459525796018,-3.2522921275074155,-0.3981669959911528,-6.322078059084277,-6.851870443179742,46.15148402434165,1.194242687356638,-0.643682928819112,-33.250955153874926,1257
7.551867055966677,-0.935037277806871,-0.6160161321208628,1.4791148588913077,2.9070834174800555,1.3995257010897442,-0.2464002328213589,1.7893323208885017,-0.4261659205323173,-0.3043900536316469,1258
4.253182009022285,-0.025294098599712326,0.30395864714298587,4.694958077157394,-3.0637833655815765,1.9319506590234758,0.4071835622839816,0.3311789955829489,1.5842492984416077,-0.15800059131202818,1259
7.36942698823936,-1.0887570015202195,-0.5737694807536937,-0.5544646775065996,11.712310613654228,0.3770664410423528,1.340348387735843,2.2845477479813585,1.3676821054637907,0.2636136063621055,1260
6.007999747334346,-0.6725094441806778,0.13974103618167022,4.279985071273595,-2.4275128256164664,2.02980034202211,-0.7079815561083751,1.8159054939453358,0.32621426829538314,0.04077621106458952,1261
-17.405613202057868,25.152614486366303,-10.155227697383406,-0.5729270389056454,2.097447831711599,1.9314239278526228,-3.105213950570449,-0.7265083830026543,-1.2707208299682498,-0.2316033293523233,1262
4.38538338354471,-0.029770738882391786,0.1990855844484406,2.219084515950497,1.5738052006174366,1.7522144194745308,0.7358183385982401,0.8758572268600948,0.912526907284488,-0.21880415461614666,1263
6.361289274535413,-0.5642519328270913,-0.43181117244104317,3.123025343302122,-2.0037327723425506,0.4777399290819304,-0.7542430898575112,0.21346110989950165,-0.1937725367313959,-0.08015403846715743,1264
6.690406198319185,-0.48686854374263816,-0.18444660766449034,1.2619794438561605,3.9240649692784864,0.37698014849443606,0.02139935729216426,1.1404338039434132,0.5957576677368294,-0.0023347920224171133,1265
-17.98701023905462,-0.9537394280821773,18.727965826643786,0.18018673291526852,0.18305422887194714,2.6063526660249443,-0.6098896175648272,2.7296629386776323,1.08187639283806,-0.729840244616634,1266
9.437097870619448,-0.8635832896548067,-0.6499545602012122,-1.1607193858549496,9.823366223543122,-0.5099603830844707,0.17930601839590488,2.1709963250435917,0.8336804361365079,0.3246592810664827,1267
-25.108701189587123,-2.618826650918225,24.829535261122064,-0.8973949509921261,0.9634338298041394,0.3049969892032972,-1.2160080196306755,1.0773931345677186,-0.6242736055448517,-0.24373371836271712,1268
-18.638643296551194,26.440347051584805,-11.136678494129,0.11041999209491485,0.9829628316402823,2.9669605395243837,-5.666110280968169,1.6041394031915635,0.6226435969212789,0.8170672620385154,1269
-21.337892618478445,-1.5170484319321267,21.50777727434962,-0.5355955958060287,0.13048267750988374,2.5168057055647455,-1.431730310794267,2.840097625094497,0.04538739410022961,0.36698907453177665,1270
5.0518698205816674,0.0391065479933615,0.17498228232795265,4.6180503091527285,-6.4457540761599,1.7725509099125456,-1.0238350179142643,1.4086824226273493,0.2866334410500353,-0.13295091172259887,1271
-23.25056661793043,-3.792535362551024,23.732414763861378,-0.613008439345201,1.5100207753194401,1.0269476797192088,-0.12769726309031393,2.1563790787339454,-0.9879351308421195,-1.2321062910024463,1272
5.7394001189048796,-0.43297468390530786,0.3500794719371339,4.856418005362342,-5.116200897259638,1.8704190865622705,-0.6952642097570474,-0.1185163143555068,0.19046547234092404,-0.044074754168213576,1273
4.754974483121362,-0.112625067881404,0.004618283205771784,4.1796072873904615,-3.7258699316200468,2.0465083624515805,-0.5501858799884902,1.5921821716638054,0.699765023208946,-0.037436765186998205,1274
7.211815910340488,-1.0831313433127125,-0.4720174330119959,1.2344184719880187,3.967744650683967,0.19651352753670842,0.07933743763223176,1.312523757526663,0.2245179425354924,-0.1391812717865751,1275
5.492925042835331,-0.07000764435878956,0.3200065347788062,4.117454530544974,-5.5697667944230815,0.5123518549573005,-0.7418900707699575,0.1532377337935599,-0.6986736580640774,0.42445264474520394,1276
7.057966539584614,-1.3986144949712036,-0.6345899611250033,0.5580839113073743,1.6356914861203125,0.8239251111461029,-0.5136542256365532,0.49518065692732094,-0.2883004871455644,-0.13552766164854688,1277
-13.394066399355266,13.868457928433457,-3.9956554006731198,0.05017068940778872,-5.2351821615360645,-6.772961674022208,42.12206957735694,-6.140445988040862,1.0510714681333861,4.689503722139063,1278
5.205453800647024,-0.6227968011065789,0.14175616618922432,3.2849406709357942,-3.1292173496867015,0.8934512535370344,-0.8844550324823941,0.6375191851980346,-0.3457495838003406,0.01607329541835834,1279
6.242926789016058,-1.2037626690991128,-0.303604907766727,1.8861342917522603,6.338248896525488,1.3263246996672726,1.159255856789437,3.1740165190811847,1.5428262926775365,0.2774758953803741,1280
8.510482570886742,-1.6892019859573337,-1.03783259146157,-24.609858549600517,-2.8757946524545734,2.521169613920966,-0.3253641027850812,3.978762279165146,-20.159846201108348,0.15343807093195205,1281
-21.859625935901445,30.811567402080726,-13.116729153664286,0.1941421184529882,1.5058623431415976,1.2578625254958458,-5.82440494708923,0.8864444251426872,0.8486204901915254,1.1002306377302222,1282
6.441694264728347,-0.5723920813710007,-0.28732912075743433,3.6385893567535,-4.553771420789372,0.5638665166588497,-0.9244580042635182,0.2525801366912689,0.07719148102537148,-0.2067801328359238,1283
-10.799716908425445,-4.502753273389707,-1.0536924074995244,0.9695634549425427,-6.3094472274135684,-40.67313217909866,-6.202814642223352,15.735940615377402,2.4844254827029526,0.4276058441596305,1284
5.376067735872615,-0.8713133936618843,0.18309835092928162,3.1765112835778626,-0.08896562150312334,1.1701830430662463,0.5106797432906045,1.5943373036383743,0.7177540631720685,0.3392935536726095,1285
4.540222875511408,0.14525676938165635,0.10631686461150254,3.8530186556070403,-5.385943011061838,0.8434610593298768,-0.6801405193662733,0.893033743783175,-0.6636669334369348,0.2680629201762561,1286
8.44961277951391,-1.173493353567774,-0.5511115325488601,-1.731564935740489,10.661230811613441,0.020287867851484287,1.0844332715144913,2.3178534616259427,0.2708299864340658,-0.6023856778758783,1287
4.793882488739713,0.1551348505190691,0.45662085980066275,4.646270738683451,-7.093978868717723,1.4339078610558882,-1.311242863786086,0.4962499404519407,-0.5492318083489028,-0.1888454070687597,1288
10.048529501793851,-2.4103473547345953,-2.011300686791295,-49.173610992137114,-9.555601936250213,3.880049170725672,-1.9776509793031891,3.9441641736288386,-5.835692761631447,-0.6261284534593738,1289
8.270204466110068,-1.4925974093277832,-0.6853990205811611,-0.9962076532623136,8.721613515276845,-3.5966223567041538,0.02315631983508144,-10.105525768718703,2.2507244251138956,-0.572255616279599,1290
-13.974964771469654,-3.0781500815954197,12.945236651583258,0.0223960969087062,-0.7163099925022008,-8.302987362095894,-3.1359932160277277,-13.546813988816147,1.106521173375135,-2.649246178286163,1291
6.016102490849545,-0.1642426423509726,-0.5311960920721737,2.4357323345559476,-2.170602652894394,1.9245640045571877,-0.2661611370113386,2.379540837954534,-1.358269096399188,-0.502634111622409,1292
7.631477698081687,-0.924100774726203,0.10487248156184593,2.0293899597930163,1.7861640005045387,0.3355637479380139,-0.7859666210088884,-0.5367718836509677,0.2637411348355717,-0.2659410968180048,1293
-24.329907958512553,-1.572518760487898,26.166600098589715,-0.8854949986829971,2.261714785808656,1.9597883673643661,-1.8220787681336503,1.6885938153463182,-0.08751663029175036,-0.4107166380492487,1294
4.433680995222126,0.40116220998088836,-0.2929234767070422,4.826091171178338,-7.726199155530757,1.7946306946925503,-0.31139860729332314,1.662228409560379,-0.5928268777082593,0.120365749345485,1295
3.1722695420270464,-1.6040039270542599,-0.7809983350915771,5.576723573999121,-5.5320960917603035,1.4721435769116231,0.05804643606644048,1.7092700173212745,1.2796981011221558,-0.07915585579166494,1296
7.363564678416282,-1.0665779123363588,-0.21768159731849326,0.6871756397569513,5.163573804432284,-0.34633838570881786,-0.04921919136753374,1.4357908091662919,1.0773760258678948,-0.0572897890940084,1297
7.38356981324653,-1.160245137757593,-0.056754252852700096,2.687852333705742,4.661343678459025,0.2024573162286328,0.17851553135013634,1.0935423901675103,0.6870914829679474,0.07590783664757433,1298
3.4061420419487707,5.452798802508825,-2.717044899909697,2.507660974292181,-3.3771681965659117,-3.937236713633175,-3.675129010770071,-17.931989886491213,-1.0196614121065979,-0.02747971770504029,1299
4.685023149546625,0.21814005760371455,0.41247760044328025,3.708342893447167,-3.6082985107910566,1.783588198338375,-0.10552510614988488,-1.0078139778739317,0.34116898847370036,0.026054866218049026,1300
6.862600247563379,-0.6875194722625052,0.09043702752946912,1.574802749590709,3.9801150390176905,0.9175333659793098,0.2999987475456867,1.8315528303697202,0.5924275159021513,0.06950791449862356,1301
-25.478125251211665,-0.595639608668723,25.734779523085038,-0.33769819753507824,1.5701536460380137,2.829921145940689,-1.5329932019363692,1.0651909094880856,0.251548494890251,0.09317529720452465,1302
8.052252307815207,-1.1225574297978793,-0.3969600147393573,-0.15723443448223332,8.520461460744917,-0.02390798703486115,0.24787179443093446,1.3945001163559219,0.7984129133347941,-0.25653275422990407,1303
8.348934728849503,-1.5515083289262879,-0.9711267288654544,-25.38683584003923,-2.521008275249292,1.6935308403455422,-0.9128550960198614,3.027956093710196,-17.057812837885983,0.2541590439869888,1304
3.777715080744959,-0.43109030765902406,0.38533522213380356,3.890642431654616,-3.2246953238728526,2.148358120258821,0.2507486402985388,1.2801370110024979,0.18299963184169477,-0.08421692155594691,1305
8.642262541041717,-1.5667810103754438,-0.44095111168669826,-0.33085105672377063,4.08845921627624,-2.350520195643055,-0.7104514658304519,-6.145557399314264,0.12362433540282083,0.12246104526166667,1306
-30.365084761764475,4.308391152835228,19.678831741150002,-10.638306793949827,1.0288968810278043,-0.9624590697685862,-4.226294911333186,2.3211555076779145,-12.545568047671802,0.24514607942871278,1307
5.835874562796783,-0.3104606566178095,-0.11796108206812214,1.5178511747211194,2.997115446962741,1.8149598946385397,0.9080623950572698,1.807341171923926,0.780827658808999,-0.8675911168717336,1308
5.733587201004623,-0.8287087695249982,0.2842432351716338,3.3185723632524775,-0.28636653848954147,1.0873244168069962,-0.18383158013975914,0.8644129499304618,1.3635076771088068,0.03816287368475348,1309
4.5330845583558625,-0.2554289316337991,0.2920861555719353,5.2669984167770005,-6.1735356757686874,1.4285508052122007,-0.2831902932113528,1.1483214640948909,0.08919563031957715,0.4957735275934201,1310
3.8026823497358664,0.23158083957906966,0.19352800934598174,4.7854477926997125,-6.468569160121034,2.793470940965737,-0.301109676774127,3.6302757824220784,-0.9301996856438647,-0.09534102264008415,1311
5.590452474484447,-0.6662166588040136,-0.12631429055304963,4.584854117671873,-6.515326696428649,1.6411438840364172,-1.097910354173637,0.5567490465787461,-0.9678522100823773,-0.11439457067521007,1312
7.176089523761881,-0.6071604415768406,-0.34319830374081695,3.478486272227489,-2.294182150601154,0.8487231469538665,-0.4610131096493818,0.7989870813228285,-0.08572724853873757,-0.3995540351885201,1313
8.205316540032353,-1.1859959059834095,-0.44197289247362986,-0.5553107780995387,6.946180283014943,-0.08753041256035214,-0.2247387458176186,0.4997030187301979,-0.4765590420641203,0.02095850860927465,1314
2.7741271788656503,-2.672274317314621,-1.5423172994039818,2.705923304891901,-7.348590524671379,-20.12871063406617,-4.239271977487075,-7.660157724047094,-0.7002274615624647,0.44876203333749515,1315
8.609316190993047,-1.0939417990615445,-0.32187148018153267,-0.031101704465453378,6.040880593761338,0.749257167364067,-0.003656821141479569,3.085789515066846,-0.2883894789795713,-0.38908348662635006,1316
8.005450596861534,-1.1953196617532054,-0.492570362977647,-0.5720272254237635,5.858446679448449,1.0094859068101518,0.4343524298936397,2.7889567396191675,-0.7387443985394424,-0.3555243691195751,1317
4.683501940636186,-0.22906519980113388,0.2011186019579856,4.768377159871125,-6.15167670784529,1.216780441717074,-0.6521613846659977,0.3658774764027388,0.1477380670784757,0.058625655836495705,1318
8.52648347519305,-1.8476772319185055,-1.5512713035651742,-31.79652130122898,-4.81462956296616,2.231216468986831,-1.1865064091597048,1.3944417571390078,11.593872331993104,-0.9531913306873561,1319
-19.706700685910604,29.490207518332383,-12.127179842249076,-0.6851356471794529,2.2913298764117953,0.8292164472511744,-1.2065574703742585,-0.332888626040183,-0.22249065754273134,-3.2152670194419932,1320
0.35972881969993153,1.3913035059186287,3.1888281159742844,0.12990077682255596,1.5729036867116437,-3.2612098003532015,-2.7598767075815727,-13.588022450829468,-1.9257112042423472,0.12186179017066763,1321
5.800193295274126,-0.3801875846367783,-0.17036762368641922,3.0431325255340345,-4.1832937860974395,0.9544238209906917,-0.6962742396235394,2.3502079597473315,-0.7849777656151334,0.22264209658186712,1322
9.06478014505886,-1.864924297709608,-2.078515589537821,-40.656185296896915,-5.381451304719111,3.4862235401798807,-0.346105755843851,5.6009782885300465,-9.199753365487414,-0.22725612740029105,1323
-12.66047521797942,14.194428425136296,-3.5297339089040083,-0.9801754380881942,-4.597894009297175,-4.525772561272937,39.92053278889857,-0.7191990358785486,-1.885244992394999,-28.69815578511065,1324
-1.9195861083324834,-6.009400636641995,-0.01410782874835152,1.0894808785296244,-5.9189288522688654,-26.674206438070865,-6.497787152722786,-11.75043365544677,-0.8125725669427851,0.45217232034600346,1325
7.357632751223626,-0.9480617457773888,-0.39472166200682157,0.11877537819296335,5.979810324310092,-0.1809817633485292,0.5670213481705183,1.1164897058812238,1.0824242235054422,-0.4894549654395763,1326
-16.431866902306915,23.575133752842905,-9.715973109635307,1.1225271109743196,0.07509844358475966,1.5277764223251202,-1.7933641467201065,0.9817703805686637,0.5466928675758722,-1.9047110895115937,1327
4.210036706388473,0.07016594868324587,0.13198205046386322,4.039888935958962,-2.7493756288018307,2.14962981480495,1.3053190797737204,1.4518132356434874,1.5024456781974593,-0.29834344252159556,1328
3.9843163552344905,0.33292301485263254,0.10344524272078921,5.57300443650749,-6.406840606801143,1.6450707361862553,-0.7556884566825569,0.400404473819428,0.3384689156521002,0.3068480511471878,1329
3.4872040365803887,0.8184222027985749,-0.0854169982005057,4.707606975492038,-6.216843666363983,2.1955606541521426,-0.9364954147707707,1.2648816673223187,0.11610713618487241,-0.13859929362789283,1330
9.255783332008148,-1.150562039701783,-0.5334121544747472,-0.7211404412791552,9.38513573530752,0.28114400753251595,0.4253708368844126,1.842361694519396,0.2424191857661735,0.6939127820279178,1331
9.70739565116085,-1.8393344668449334,-1.0374288190462566,-17.488371881477335,-1.1289238784032094,-2.0136573784243303,-1.7592410563618026,-9.894631949543376,-5.562144523116588,-0.10955579310712397,1332
5.673500527274282,-0.31520306741405996,0.15004596402431308,3.2179926759438873,-0.4351006214731103,1.283995452004765,0.06513939383576973,0.4716427318950134,-0.49668908719926563,0.1379884560813279,1333
8.694728423760544,-1.3343874920847687,-0.47431483606804575,1.0491153531824067,6.382986239154048,0.24027383256854332,0.8333727040830705,0.8249633082095627,0.28436198697248044,-0.551439500312006,1334
6.98357462172337,-1.132896120300217,0.18264429893783482,0.9074938198091216,3.351520563656494,0.9058685586824181,0.14224927087752715,2.1805864962961823,-0.5039289664824584,0.29814274425762727,1335
5.751807578736247,-0.27217345894063943,0.009745343974735704,2.141702503428357,-0.7076986115461732,0.9192096695612277,-0.6310527102687449,1.3702841787230695,-0.0036835053348626213,-0.035058183419417105,1336
7.325948676083322,-0.791227173359466,-0.5127695606203084,0.3013616285163329,3.385853603198097,-0.49050914438939275,-0.04457385740488243,0.7753603286276279,0.2815539854059094,0.17790691063426103,1337
7.284826107744654,-1.1603039799671766,0.19497795140010063,1.8029261093748699,4.6205096336473,1.043988798786462,0.4871528470087528,1.7530696138210602,0.8643409273267554,0.09246109324286483,1338
6.652754370500969,-0.8724552414761401,0.10491399106294837,3.45729681655596,-1.4597123291579883,0.8967807179502755,0.031075259972170366,0.40563507003052146,0.6849506703558351,0.17045293301545353,1339
3.320667818877521,0.8990729232129212,0.12600498469772042,4.5791902083391385,-7.116423239730667,0.6069430735654303,-0.8668063658714333,0.23887502577822095,-0.9358719420196158,0.13225799068121571,1340
5.623775363020647,-1.035269855581279,-0.8316842092811605,2.6354010703755937,-0.18946285106748667,1.0579807165795745,-0.36536236047272935,0.976492967296471,-0.5614163127871606,-0.08020217384782685,1341
5.0883226958926855,-0.6212152859163818,-0.14031473367323127,4.406959386796515,-3.682767474830962,0.3673053517175179,-0.7085491984773068,-1.660997368609104,0.19915373194785788,-0.11959568427808155,1342
4.165168283961164,-0.06605545754930221,0.1296261740964365,4.7681468650555185,-6.395811423511053,1.3693602644384415,-1.1657503969112044,1.11213896845587,0.3522054696368707,0.04095802524277923,1343
5.711918387916497,-0.5831545939424805,-0.023179008814606564,3.500972112648318,-2.9679794514888798,1.3027758784753,-0.28199575812440125,1.3362146394494523,-0.09351804332292432,0.051188030577739345,1344
-16.342661167362337,-2.916758945495635,13.833295292403989,-2.2431906001660353,-1.6867140321699197,-7.475314720724341,-1.3746953947871996,-5.628751605403778,2.1617530934409133,-3.9760657142294717,1345
4.5940788083161355,0.005442926846099831,0.24034840745355257,5.506379511300495,-6.800806104213773,1.3593113739621954,-0.7170821735307883,0.4191036952285507,0.66449867663987106,0.15563091070145924,1346
5.1846365402853705,-0.4436944600838369,0.5789676365661351,4.142404112691762,-3.4601525605557515,0.644195414448099,-0.22914705060201002,2.046386171018178,0.5481352688160217,0.03209094391295111,1347
6.860089951341785,-1.2076180530786245,-0.37288066121328983,1.262063488755465,4.378568812582593,0.44992083363746593,0.81095883952221,0.23222866542785908,0.8416687868244387,-0.8696573191253021,1348
7.839947585659722,-1.3700085062123188,-0.38343955218540743,-1.9319442253244332,6.43218979628166,-0.8324684211427896,0.03708255127281742,2.3422925167695587,-2.1559975535995064,0.014520872934491096,1349
6.320418836298893,-0.6519300136404248,-0.17785000887528776,4.761594540950318,-6.777293780209868,1.0185995878934728,-1.1915976008017095,-0.07557031145391684,-0.49586141136233763,0.0833595328749608,1350
5.068345569397101,-0.053202522646797944,0.252333135867603,4.9650730042872855,-3.3620845286140666,1.6578771495316613,-0.2624177957610839,1.8586393181440308,0.7760262808625162,-0.12323275139206104,1351
7.617031539880602,-1.4933565672864066,-0.9353112170752237,-2.621170565469938,14.747401984289693,-0.23217965689556233,1.2985806236959314,1.4500141399527529,1.247785732583913,0.2961966155429594,1352
5.24932984221647,-0.3513789262361345,0.017553909411202415,4.800332715287946,-7.764517204258858,1.2068751260837893,-1.245183273536041,1.25372865467171,0.07284489639493918,0.20621183546986357,1353
5.774436377481155,-0.49173244964432583,-0.07033791930789225,2.5273462708352037,1.394039125626401,0.8378876232807416,-0.26047164161151726,0.29721062044081753,0.7752474439307648,0.03589916176362229,1354
7.308997613305997,-0.9026920192781143,-0.14499069256721273,1.3954495119852919,3.440922136691527,-1.5488910690513222,0.053718313037248396,-6.865849776278158,-0.1264482684611522,0.2588128245761782,1355
5.564429533124755,-0.17139393106489165,-0.2095545385140169,5.557042677738844,-6.89295930193341,1.079195846520088,-1.1652468189011338,-0.47554083523425306,0.12969969077368038,-0.17086461671266684,1356
7.853612624151382,-1.3331071741539218,-0.2211377546878791,0.5034257090572567,6.709447547980032,-0.5158479202438085,-0.16613571466383353,2.0233089799873585,0.41079498751434174,0.22244149383100495,1357
4.430287212621874,-0.20306761024951098,0.12127773386155394,4.917804927253431,-5.948832711829552,1.67551586428438,-0.3776062141256057,0.9989604585815459,0.45300249620482674,0.24230298003032086,1358
-34.41491330505461,-33.090704797462145,-24.270435625680843,0.5205768452851536,1.220557825198996,1.7059040372062437,-1.9054140393562053,0.8360010658552423,-0.6288510390047155,-0.43716830397225537,1359
5.461547797629752,0.02594824795399993,0.32462625742136714,4.8976962749474975,-4.8634673947901605,1.9575498223324905,-0.5830185131421295,-0.6811154226744028,0.9317571143550184,0.185130503558307,1360
8.015613015406784,-1.2784299218663182,-0.5668206397772477,-2.196089784867796,7.332310538388246,0.16837641410488255,1.1767395233061324,2.133391340679871,-3.4358625556058726,-0.4159919465855095,1361
5.10488451748505,-0.30342691448996995,-0.3419829374814791,2.8217932180564156,1.0957106142546007,1.3906366897197784,0.06776441766319617,2.3460925610461105,0.4187506242884793,-0.20908042936267904,1362
5.380158967303872,-0.2484754685258557,0.1135082202287444,3.2314794803327036,-1.7974893559345329,0.909993464961556,-0.41415917366772936,0.38153032211197796,-0.3503748834253214,-0.04156195645288655,1363
4.709788047390987,0.17212630010753274,0.29758199015299397,4.671488643435895,-4.476212840896758,1.1598893374568084,-0.34362312057293465,-0.47777310067436735,0.4946084095571245,-0.15410359875951507,1364
6.62371270754408,-0.39036697153275796,-0.21994185964175636,1.8506687131651813,1.1938264773006297,1.3447441378286102,-0.007524934655712316,2.561911617888288,-0.20525566995158945,-0.0025488582201321085,1365
9.694528913854334,-1.6448678036805027,-0.6443536521255265,-2.1618972151560447,12.86873633428098,-0.826901184383165,0.40199005909416924,3.4966328782243346,1.4186549495146648,-0.03364685992518673,1366
7.56863640546474,-1.3328742209698554,-0.230202915254728,-0.220902291184368,8.111322032624264,-0.4821094904583031,0.5538929607539466,1.5711686724629397,1.8551916033391302,0.06064501245683791,1367
7.023560452364967,-1.06451649209554,-0.40903202364978253,2.253181527397564,4.353250673411683,1.2292137751467893,0.8069501420701906,0.9291852079770231,0.7438843371950145,-0.25779844807053826,1368
5.495124284453337,-0.4957687043956119,-0.22931746552986038,3.392789837600845,-3.5057929151916576,1.2498797983965821,-0.4067580191992272,0.7695393225625572,0.10158401578856119,0.7125890220026087,1369
4.238595679342941,0.032712584688558276,0.2655101078986232,4.834018771454744,-5.595986414617961,1.2700654591974865,-0.8033314930296803,1.3897162343510878,-0.5293120802202999,0.5055044266182955,1370
10.121554396829175,-2.261450378532752,-2.627176834419878,-53.03886103260223,-13.197973350093367,4.647306978759253,-2.093960930894837,3.8619065765292495,-2.0013597506481733,-0.4683643195853683,1371
-25.50565731981976,-0.07396308071964207,27.327073438478127,-0.9193265669645879,1.6616864330410144,1.5031622533120244,-0.5683691803290721,-0.033111620220646974,0.5174716914972973,-0.6459263903757237,1372
3.96780135539184,-0.015472056017091453,0.3723278100965128,4.951116850190226,-7.348235788915148,1.6753336913717984,-0.7977421619969388,-0.3675461790837077,1.1884789452348599,-0.20682742185961553,1373
5.276668394236609,-0.7000313532452782,0.23149624319660086,4.105567283438673,-5.0639459028831775,1.1741518403466091,-1.0089154802363802,0.18874002562892314,-0.33257530265410196,-0.17846940912098835,1374
7.332456194442292,-0.8156239881356206,-0.13154479640384692,2.835136238747219,1.5372151814048702,1.7279034434230152,-0.3436287028622453,1.7617883747545764,-0.029874649519136775,0.11251618611311996,1375
-22.68196809912213,-1.344973032265684,22.909281706910136,-1.4906011942890773,0.9416549243257268,1.613901645078404,-1.0531664729562757,-0.11079912392818726,0.6230785842169877,1.3182299680709522,1376
6.382147670598653,-0.5209207437291707,-0.5421751573456552,3.686631659897951,-6.6442157404315365,-3.36946791395063,-2.327683397284544,-14.94181267946068,-1.5293589665818814,-0.28014119803667353,1377
-38.472377611044294,-34.50176408677666,-26.422469309149847,-2.9217258840573668,0.2139092697050642,0.1665289783441704,-0.2712501471184619,1.7771396142097848,-6.236798896900511,0.07704496330546774,1378
4.358918364849781,-0.14804341200547994,-0.11018008158682396,3.047438950654592,0.7295113731719404,0.16497239216143,0.6909048275258265,1.7989229525081307,1.044966721497326,-0.35405376096446883,1379
0.1747092427863852,9.074684619754972,-5.246177388508698,-0.9551844499398143,8.600473203714479,1.7457787525949178,-2.118353266452162,1.5959100183734782,0.7346074314715038,0.1503782643595297,1380
4.35748692236908,0.0536412634926394,0.36445412834032076,5.957470161920028,-7.724607115246542,2.2819562303428174,-0.9438201512757988,1.5666969739986287,0.29731272492084637,-0.3233744295320685,1381
-28.214146100437727,-9.335898818804417,8.367568053203309,-3.680713334978258,2.2614903555640353,-5.544784794339572,4.300573811419165,-19.915365196162426,-1.6575445007408343,6.963153643693974,1382
4.803897149148711,-0.5624880504835199,0.13542998442936313,3.6700032869079937,-5.446582417178271,2.1330895750565215,-0.30469651377182483,1.2778675747165156,-0.7903674234334062,0.08701661562423897,1383
6.652544367550557,-0.34800022721931806,-0.4692008839041246,1.3907727553450713,5.028914169311129,0.781060129756807,0.8049960980231313,1.8341543347693439,0.8693412016417886,0.06916030396284983,1384
3.815560836545155,-0.10826312702565585,-0.09578611691425627,6.170495630418721,-7.506917495835433,1.3060651925416507,-0.15394037871649546,0.5710471943336729,0.48564772015641255,0.08726027410044164,1385
-24.07774499937408,0.3044949320008525,23.538296485443443,-1.4093329315318786,0.606637262995807,0.41796585514837786,-1.5155288292024394,0.41101313368915565,0.3155486753773564,-0.5103807206040951,1386
5.526260050089191,-0.5756333645504814,-0.11890720142281168,-0.3277589367411096,10.192804090303497,0.7113617005677652,1.905941957467381,5.602042772116564,1.5208678858963747,-0.7055962330016663,1387
6.128372588904442,-0.614402165599446,-0.15650680584346832,4.553284297264487,-5.901253539694584,0.22503988505280556,-0.9229977210665009,0.4552215177689248,-0.22119399537066983,-0.09466954740089498,1388
7.801096513169868,-0.6737499439554981,-0.561449669444036,0.9236270771609052,9.386031127586214,0.5942499473903142,1.1262036329239657,0.777669312079174,1.6685724499802348,-0.2318871456886233,1389
-23.5867088019256,34.77372425187952,-14.570516611066141,-0.9778380757123322,3.344666599831329,1.5099063199954705,-6.797330312860157,-1.221466826293499,0.2836644260933051,1.3706201812569623,1390
5.086553143450903,0.08493689023432895,0.3556119446619915,3.5680583004810567,-2.2736930269226523,2.094813591479802,-0.2025097255828051,2.1954445602574335,-0.7145080150038688,-0.04021296702366765,1391
-25.31831294470487,-0.9564736933228154,23.544532429890417,-0.5905543865730419,0.7751239513106492,2.345120529467275,-1.2227718828943297,1.2135956303035662,-0.5684529569541524,0.5890382448762355,1392
4.922015477504072,-0.3806725422488135,0.2996095144414874,3.1200126499333587,-1.1144176567695725,1.402514091594376,0.2928219420843394,1.1924730484104942,0.7923110051280927,-0.30973200761517294,1393
4.226621333952708,0.18732105262609322,0.19463407954800424,4.982120498458508,-6.912509380147642,1.5401755465004143,-1.3885488641724146,1.0018663773726844,0.3406130244630669,0.2207955165717889,1394
9.262631861645565,-1.554014196709405,-0.4804331651533318,-1.696328334945373,8.563149622616384,0.3182443145224746,0.01347482300378214,2.390017507084728,-0.6989806758182121,-0.042686163196749664,1395
2.7590541119817598,0.055267627560815914,0.7884243041701186,4.453952418907513,-5.801643445090816,1.5179447493465847,-0.2756309288668546,2.2999770201257252,0.9887174591155642,-0.36420509601084206,1396
-13.78970278248574,11.105205801318588,-3.917931609398831,0.21006874620035132,-6.0635205880929925,-7.979016549566151,47.51786100711698,-1.6501805253822726,0.8035199922091458,30.358342939626965,1397
6.0199261202210295,-0.28660547947272946,-0.42543630592541104,4.223739227628765,-4.346504688487033,1.9486239573435231,-0.6003264282742037,-0.26674827018551844,-0.300173045598563,-0.15578964625272348,1398
5.412705627499342,-0.08878537665299863,0.21686952980245067,4.774361508670939,-5.7289298654411835,1.2786128694806582,-1.240566089405927,-0.20047189815269978,0.20669480113578195,0.02109460251111373,1399
5.611891377797506,-0.272935374146877,0.14634910015122113,1.690999221714022,-0.25061453512804693,0.6316578031252725,-0.562052636991775,1.7130575643068437,-1.2043955470496375,0.11765922747685023,1400
0.7118433816946952,-3.100256965300409,-1.8234559404403439,1.8644580151912753,-5.47097756187662,-27.814272115026704,-5.225183927846055,-2.7206374908556703,-0.2497817156271144,0.13067538673340176,1401
4.698478363450464,-0.14870214652677757,0.15213100440031602,3.779673460683471,-2.302533874107939,1.273858020780924,-0.25234237671778575,0.6517289184716478,-0.27286912321782164,-0.08299137990436287,1402
8.926949225080728,-1.493038861241401,-0.5985566814256985,-1.6668610938132193,12.408480016548266,-0.12298563330813274,1.0525655279000814,1.8007327306667338,1.240082761425436,0.03648010683907612,1403
5.107557045687794,-0.15545842397697818,0.1518365899570116,5.333994701677496,-6.87177352109062,1.35005498345075,-0.9688338607353848,0.7693882675655835,0.023737737116264958,0.2864150280914745,1404
-15.580981862212,23.002901605472662,-9.43673046705616,0.913463666154992,0.09193442860528682,2.2975618908034123,-2.6916202103383777,-0.7745102743053724,-0.24701413966127658,0.5526331815212802,1405
-23.304979968981456,-1.959064287727118,24.699871464548593,-1.100094458832542,1.9932835789661298,2.2134312010694766,-0.7320471224589357,2.5755256130348942,-0.6601615855127567,0.4720935592111472,1406
6.991735106687465,-1.3114364334443462,0.5285150131742767,-1.629652946233825,6.673509437020415,-0.5308028270165107,0.7406527672902823,1.287190606349185,-0.03181508341895862,0.5882968436939207,1407
5.412324853624536,0.25419732218992386,-0.058886384793234006,4.7424510554656125,-5.762893183583463,1.1694949190291954,-0.7199618447161913,1.3452286708343506,0.00651729022558824,0.07262669982170654,1408
3.7514113068065513,0.34723178283938794,0.5394281693138664,4.2972314013553286,-6.335730219353456,0.875270277605561,-0.4891621543113255,-0.9239651435655313,-0.3795099659986192,-0.041648913739638874,1409
5.614780976953835,-0.5137357898571044,0.1812102421636375,5.340039649987662,-6.072478951751533,1.570823526752322,-0.9023709328748575,0.6718875437639248,0.2149681125062458,0.017272221435265436,1410
4.407146641798288,-0.10026463143779393,0.2906980094322856,5.371268669846212,-8.295172362394629,0.9327429262767984,-0.6833980745744481,2.0321388506933133,-0.017675839659519615,0.45406847170964204,1411
5.652245131046354,-0.3520237809601472,-0.1874228720907836,2.5875767687516524,-0.1675022587329538,1.5298289991807792,0.07147632066041107,1.661646031640822,1.2095924206739628,-0.38966523046705537,1412
-30.359593712772003,-28.53087872429408,-22.019319015707918,1.0294141160829715,1.999464898770644,-0.4537648037872603,-0.4477947824582292,-0.3754433934175812,1.4039879389643013,-0.9327619770904859,1413
6.927392579754637,-0.8729405128970853,-0.2929962944287713,2.163213343299373,1.4498136608100747,0.1265112964215024,-0.045435500069093825,1.4803358283620327,-0.131443530846929,0.4669521294736534,1414
-28.79609198905109,-2.391601959169974,27.92888458521352,-1.755617928222465,2.717201810662821,1.8831640785683634,-1.6986647651885507,0.7047102198751861,0.31768333177424546,0.3593008846508866,1415
4.364587961096351,-0.24707144221846775,-0.14832702449285762,5.183413711453485,-7.758285116179431,0.8899512633610664,-1.6784053432090886,0.4781810651419466,-0.06280863944596585,0.31680416741554673,1416
7.576173759993757,-0.9291827062049887,-0.1333257062748881,0.441288976792275,5.138495183216131,1.1701296293339427,0.3021564948174141,2.1764463341627107,-0.48537441548081894,-0.2647554688166665,1417
-6.383910274684668,-7.672823473274171,-4.342057509699486,-3.160683584386672,-6.411317807787689,-64.97248334451939,-11.197305830148457,-0.5096529260334667,0.8964537209607848,-1.2515601225786326,1418
-20.235988438967247,-1.9820128918609303,20.744429716704797,0.364167528066824,1.1264991530573172,2.189818993905297,-0.3826291295039686,2.633625180341377,0.0954990404961788,0.8311040724552821,1419
4.8969550548583785,-0.4702588248801618,-0.3863966723398917,1.7339495941430092,2.0366474503838083,1.2123667145048447,1.153400676655258,3.298088908605688,0.8277983832298236,-1.0937079970876462,1420
6.660569415144461,-0.9452517301189021,0.010246482057970291,-0.7770007475609643,9.499978775814132,0.4745611736878464,0.7615275244599234,1.1523494157989422,1.1231796087992265,0.315477490114396,1421
-27.87358601516868,-1.7885050953459607,26.12659495538463,-2.3774332022272895,2.069217716239968,1.512890293579357,-0.962563444289783,1.2127564244163107,-1.8476013024260314,1.5539503216070214,1422
-17.555860048008537,23.6063751407584,-8.471945714854195,1.400193930855633,0.825014969151033,1.8757219606078608,-3.084362725052908,1.3896023112882347,0.6391806429862259,0.3082656728378739,1423
6.681101129714081,-0.7444955841974821,-0.3153900822970934,1.4769947330974165,3.601042380699404,1.0483486873185732,0.4208874403745591,1.6776905058604321,0.012801581205942337,-0.1444155509952182,1424
4.406258931378672,-0.31929868319534865,-0.23861593871721248,4.347044233910902,-6.16120973068596,0.8547917666882596,-0.7992635140867101,1.221952698376403,-0.38645446157819546,-0.6120061009649387,1425
5.445773287435338,-0.08874168928199265,0.02026814487347477,4.383697886832988,-5.075138749017865,2.000234674162297,-0.9981360049724599,-0.03336863146150207,-0.18644117050892076,0.0418119883933794,1426
7.1323574354267425,-1.1845987223056016,0.044229156908477875,-1.4927036817317028,9.865986272647442,0.39407131764586256,1.0816119346171131,3.4599384888230347,1.518757727611413,0.2732214986457736,1427
4.763671882975393,-0.07345439659168607,-0.058255715411190484,2.717548831675747,-0.5563130073715463,0.8052961129824578,0.2660200271425033,1.2866969059158286,0.8072126298862063,-0.16250456637403338,1428
6.994392470854285,-0.6166989402112816,-0.2469777175648269,1.3254365494478733,3.510836053419446,0.5037504327999416,-0.14025235058071375,2.371931633082046,1.8966529654318685,-0.40834239468655253,1429
3.2689094559953094,-0.2290473229748247,-0.5300169505339187,3.238975108560907,-4.902515902208127,0.676843431412661,-0.010078522168089054,-0.5762981889932863,0.5133873621550147,-0.03340065314741184,1430
5.985183951835936,-0.6588032321276507,0.20701661344810598,2.393526673203544,-1.3782389986874728,1.9165206517254612,-0.036697619360486725,1.8873350194106184,-0.8280753343826203,-0.4389988009199705,1431
5.170103930974463,0.5255054684433142,0.43815459182034644,4.437800605734848,-7.72789863632035,1.5916018024682674,-1.1993178924037828,-0.0060008172961175,-1.9238385223861338,0.14876477274450983,1432
3.7122028645484715,0.664260839154879,0.2457598102120184,5.085906259537726,-6.749863583311383,1.6874451183459205,-0.2397000002887041,2.4143113070691236,-0.6299177749886866,0.10173048522503926,1433
-24.497032989548394,-1.008215835982043,25.441386546722242,-1.8748672555410528,1.0241733104777313,1.6655286991186498,-0.4911235583811584,1.1039581921473283,-2.1441776942134667,0.4465596580872809,1434
6.556873466901314,-0.4169488820826442,0.07540036459581893,3.8417278676791056,-3.956059133891708,0.8090485198346985,-1.0754001322855808,-0.4186571658995794,-0.48302117501728314,-0.04943622016194833,1435
6.086942541704544,-0.8517890466920162,-0.09353239453486062,1.8246189538721425,1.363668044118507,1.0848047715539704,-0.05731117912930837,1.0129509773531993,-0.5137916649543731,-0.03434146948156041,1436
8.283941112836423,-1.2966050124875146,-0.43924245984756805,1.8749151055006457,0.8530802469920893,-3.5954223386401853,-1.4324496601401198,-13.267884571591646,-0.3532548291444886,-0.2726745208768341,1437
8.01987771482659,-1.4442402591113834,-0.29927723525964645,0.6006419251568783,1.912600399484805,-2.631627800265093,-1.4616724164444812,-9.091532964609204,-1.8052115194789666,0.02412651568697632,1438
7.920655486578478,-0.8886302415345243,-0.13285705744001508,-0.10831851513538489,7.363967344039094,-0.3066656857831902,0.2131909964848665,0.29337593152738295,2.141445802851754,0.01167387109707528,1439
6.163889008084764,-0.7434133371091022,-0.10195158961890918,4.00535523140839,-3.130831213660728,1.651018635177454,-0.615693337682193,1.2894315997294499,-0.0680219541168932,0.7040175225783313,1440
6.2596813676885885,-0.3106721515495961,0.060232625607163255,3.5449029784229857,-0.8319464926470662,1.6220187643215391,-0.2530918931467489,-0.22258450675457242,0.8469428230152276,0.1598784723893884,1441
5.422426465794265,-0.26520631456261684,0.27607659228807907,5.214838770062932,-7.753062284984025,1.3084331158862346,-1.341322206733956,-0.5334961163582287,0.0564509283221427,0.24422564299284408,1442
4.752835584090039,0.041325760190615624,-0.035262497616240625,4.622847866158884,-3.5267778108909016,1.2134457241365517,-0.32898603818628125,1.0692138162181235,0.8319855175350599,-0.0782319844878948,1443
7.109005883380563,-0.7628537320513437,-0.27768327492993383,3.4352549630405456,-2.5012685306546407,0.5738939993906481,-1.1098542292191473,0.2807951068936591,-0.06579302261055593,-0.0547209349853911,1444
4.536835674031127,-0.8493462162080531,-0.17601754461357424,3.095441334695713,-7.984500745681356,-1.6246454770060748,-1.3560760581667806,0.2275768169228668,-0.010150754413682869,-0.04074628710383678,1445
4.7554558927274675,-0.3601398987974257,-0.20198823542576383,4.547062234735869,-6.113645160868698,0.8488082490142583,-0.7154066200254072,-0.11948608486184442,-0.9503517654853494,-0.6044705920812896,1446
-31.807203556588256,-30.379168889870353,-22.25775148850798,1.9375880233202258,1.1079511117867866,4.880733464066244,1.9258798420744214,0.28489533558314417,0.05593363607727902,0.3386312759642062,1447
-21.844819571000237,-2.3868254035789573,21.548067541428466,-0.23713373631052664,0.014521195964109406,0.087211441084866,-0.028581586499696554,1.4905348043926365,0.17855027726202397,1.7242534164346586,1448
4.537732332802629,-0.3215340638323008,0.32479812563123545,5.280499934822625,-7.03420366637778,1.9935309337250589,-0.1650687826308456,0.9711128944333924,0.06878137545599908,0.09794217336566677,1449
7.254329399973868,-0.6308255025007427,-0.1698369973721079,-1.4954813388338286,9.295594984025664,0.08842881161995689,1.3171946230230966,3.27307898438538,1.8378904585177926,0.4593238709813932,1450
-28.869471739656003,-4.347210796218561,24.940930593133906,-2.1535977638579333,1.9389822147818832,0.9652996278462553,-1.6860347623743732,0.6894399698162708,-0.15591123414400274,-0.8221156742799841,1451
5.434417681890759,-0.03935238555647833,-0.24831949574326911,5.068467180403737,-8.165474185139983,-0.35702142704105133,-1.5896749946042668,-5.7099402016682355,-1.494014362080551,0.01735968260712046,1452
-21.995922094743953,30.7360393052641,-11.07360454096763,-1.35735627577683,1.7240881792979377,1.7669081338479045,-4.781100248339387,1.9619902979499553,-2.573115858826966,-1.3876738601521383,1453
3.7813700791809035,-0.3295734887737632,0.4621053659621269,5.110752748572732,-6.150197787850238,1.5551436615102145,0.04007275487606077,1.4274900334679577,-0.2713177469353949,0.6188867192394742,1454
6.9909270786668625,-0.9234393479491911,-0.7993036013909867,2.5400429358370484,4.340071895574144,-1.0415457049853083,-0.21261332003441324,1.4859129037789822,0.7340974684606195,0.3630393775681616,1455
10.497550307081015,-1.9669212749347451,-1.7261625976041834,-41.51353743978078,-9.397859213796874,3.4372943543370513,-2.007928499245676,4.830832095303427,-17.69848458548344,-0.0694621733973194,1456
6.953023191557819,-0.6253206300450873,-0.08064484523129449,1.4279925654897043,4.634801272101104,0.6499165321410777,0.4581951638235534,0.2560716804631074,0.7066675506223826,0.07902387728297568,1457
4.458411092581754,-0.418210623490126,-0.2455050639646528,4.8869027401588125,-5.512869427478909,1.2399782866560838,-0.3523689042532278,-0.0669446414112716,0.48252700381461816,0.14429338853603937,1458
6.388251654504438,-0.6261098593287332,0.0883275555393861,3.110364005986536,-1.925867274519888,-2.8369747885593517,-1.0398113220540035,-11.378225718057848,-0.5557029371827042,-0.08463409714981453,1459
-21.966761548087096,30.69661344753401,-13.162552809524461,-3.357234562772474,2.7861596245625773,-0.057243964382467,-5.3774281296718955,-1.3596695003576695,1.6334729790567286,1.3540756902947413,1460
6.142881241593648,-2.9488582224211557,-1.8109149617495717,1.886996499211438,-0.948798873034824,-3.5453658374298267,-1.724497587154802,-12.989474278561055,-0.9365201881543384,-0.28038968466516895,1461
-35.94338049059857,-32.29640535237589,-24.543686523656813,0.5908981022358719,1.3259030915618415,3.5320995048439627,-1.3641036688163228,-0.12407557034698039,-0.6278497690435463,-0.7066524827177054,1462
7.411744763650928,-0.9849458034635102,0.11384198463743303,0.44951752000542955,4.596322211832529,0.5724382053590918,0.38236848441534443,0.8529841060256069,1.2152171176729476,-0.23007597607683725,1463
4.996047757240124,0.14877259066736792,0.09949133453499599,4.855240844310293,-5.258695132038576,0.7925044404185084,-0.4019347021156718,1.0923037074343038,0.5484837858894587,-0.003033117140875834,1464
-16.256531489625747,25.174300277663612,-10.426592516033395,0.2629288719844663,1.6986829698852686,1.704821155028633,-3.50506542924196,1.808876014233886,-0.43551820952267173,0.6258402212967685,1465
5.15747697270912,-0.491812757776366,-0.21475238086886192,4.182322797712423,-2.031299027167996,1.6931704430652381,-0.4882828286965292,1.6125063056095965,0.8371748228874879,0.2681663041028312,1466
6.710655049678738,-0.5207285075702838,-0.01279163389161994,1.470852846422266,3.244917568951258,1.3621879619632333,1.2855886930332372,1.3025136520743412,-0.16519468149407193,-0.01873309959589573,1467
4.495043430826976,-0.008943739062494233,0.642452906730982,5.469841366558006,-7.898099153172889,2.738223225822898,-0.667941625879425,0.6811306528294998,0.6322172560751914,-0.09830517659119584,1468
4.262290913615318,0.20763871500527037,0.2322196534329481,3.748835664164766,-2.3158952242378437,1.4932315252984933,0.5520929771833127,0.8391842116289397,0.6910344506300491,-0.5624515746568827,1469
9.786024502287761,-1.8381085768178387,-0.9310015491333213,-13.826054780182185,-1.7921786339191417,-5.3074791166372455,-2.23924076139235,-14.850072372392562,-6.333906559903881,0.2371286305153597,1470
6.710148653111038,-1.137045402774089,0.23795573987350735,1.7317324766498303,2.650914647425107,1.2306173154502078,-0.2918829487077914,1.56390561651656,-0.12279852448208743,-0.18439446010366545,1471
-23.651735901152083,-2.306336342672802,24.913374364640752,-2.575954721534364,0.7758267461541019,1.3579790601409492,-1.7406914888774758,1.6027099147039365,-0.6830906710093313,0.4847341961375294,1472
7.416539969853647,-2.197683525793091,-0.07644859639677169,-0.11059934454692784,5.920328981809344,-2.5429072570244653,-0.3108518034581525,-10.980971188847029,-0.06490554999133707,-0.053546205603207234,1473
9.524231507956225,-2.4139150813367194,-0.8792586773649936,-6.254496834317726,18.315387812412705,-3.387452919269307,0.75947477411527,-2.360486371567816,0.40581545638230415,0.010991877589942769,1474
-12.777087794294015,13.069534159099351,-2.7329080768998524,1.1456369552166994,-5.934599554693969,-7.135871921714564,42.00807275729512,-0.1574259001120607,-0.6371802756509348,-30.129575999440867,1475
4.445677055592978,0.2689645516791394,-0.1092151196690866,5.366830308816072,-6.4543935523809255,1.6431773120186473,-0.4239158880200723,-0.9067170087762367,0.5958458012363954,0.5360853782935627,1476
4.616669378869652,-0.049806034789093956,-0.15443128836087214,3.717055403447997,-6.3700845052029065,0.9145738453428849,-0.9664573095367315,0.8073075847511008,-1.1572327849294477,0.4950866628238722,1477
4.12744800657902,-0.001201779387808783,0.1045844919309164,0.743581852160742,6.9398231539999244,2.7329221576985576,1.724951967366989,4.691953250763135,0.5091190710182575,0.2659021724723924,1478
7.055758005710091,-1.0506865371355796,-0.27227388446286005,2.688774603920553,1.5897241661894537,0.7918965210486102,-0.15895332149149707,0.9794704971017251,0.5194054051032538,0.07286830903569597,1479
9.155343818231282,-1.796909387964148,-0.6623290257587059,-11.16413220160435,4.483119902839193,-3.847645263466636,-0.5493981325394292,-8.300530217368447,-12.65837019614384,0.04585238270537664,1480
6.534845944102446,-0.9297135509087975,-0.13709374135570157,1.7998469258013623,5.935789470735155,1.641703355998793,0.8340676531306479,2.8499963946947453,1.6161188089370462,-0.2300610711264675,1481
5.712856871555505,0.09673078945927424,-0.08894740069778813,3.97746670013616,-6.3829189245535485,0.595664545926989,-1.6792298769190077,-0.5917943568290116,-0.6954759936492368,-0.09323264766495935,1482
5.189698137419412,0.12327501892258494,-0.032335475786351535,4.78184322451808,-6.214098850353595,0.7552207500497545,-1.1495348516448833,-0.19568413700090395,0.05355015631065856,0.2775172153555375,1483
7.77399245754265,-1.2325906420427275,-0.18028813590695822,1.5657358980246465,3.656652895678559,0.4513828342256829,-0.1472078158379958,0.9469388904300282,-0.544274269133889,-0.18598501635230916,1484
-24.028914091147964,-0.7061944247795903,23.887990237151616,-0.4764848973318741,1.7131930276424958,3.85478705502606,-1.3464294721645542,2.3300053471638997,0.542305099327276,0.21031927003051704,1485
5.874589481013997,-0.5785446148717097,0.40281964768638323,2.1759796748980067,5.733000941107299,0.7889598028712749,1.1257590850232886,-0.4176310882909074,2.612363039068036,-0.327718438337926,1486
-26.29870245660574,-2.260560675379766,25.037974894000293,-2.21851020828922,1.925692146014405,0.8475728257565706,0.8103876893018664,0.0031811884230262635,0.1122765314019071,0.5235168885480349,1487
4.546646900651918,-0.2983841846609759,0.1939846322133638,4.457688402663672,-5.154249680522916,1.6252044765417961,-0.4314381341408687,-0.5631799772204052,0.015232636626011539,-0.31600706639279924,1488
5.17847121404165,-0.3306675901584564,0.8844910513535817,4.243567460809083,-4.500712696547653,1.2692209091049438,-0.30948362253285944,-0.32165747982579873,-0.15759004963130105,0.35393056622628055,1489
-22.65375218832873,32.50290554052179,-13.651408692572252,-1.5248367837477317,2.6713588031286113,0.9282745429677797,-2.646471945452596,-0.333499881071017,-0.040537302584419004,0.10523611415681086,1490
7.016437216751695,-0.9622307760462514,-0.4558724484335864,3.123425460757426,-0.1568426625624896,0.3363885793958412,-0.5484573206434861,1.0600210074147671,0.5144709234922423,-0.13824506832740324,1491
3.7485554778205095,0.24618877004260725,0.4711664342583592,5.66958958678042,-6.566483600121276,1.412041348582301,-0.371404635018555,0.6406182063803191,0.5537878832063389,-0.03617916339922926,1492
5.569300327716011,-0.5977768608700144,-0.05480102308411423,3.8930138818034816,-3.2372604299708994,1.4023806654957178,-0.6154669130094625,0.5553026191211178,-0.07163772918961492,0.5141243149235142,1493
-22.1237349224734,-2.216468205299945,25.185269899386952,-0.592266746003425,1.6441525923180478,3.3073193759994193,-0.2855966495283021,2.5372485862811454,0.336421811532992,1.268648975822157,1494
5.187145417166049,0.014828524144864555,0.10551379325857735,4.5723487055047265,-6.924730277221366,1.7657577872115378,-1.0079214379951915,0.5709169289954955,-0.4239554798618617,-0.20117387631831415,1495
6.158030238276292,-0.08441860255459119,-0.1081995457561389,2.641033414717119,-0.7144100673643309,1.747624171209175,-0.3546589279012076,2.1238801660818294,-0.13760411001247075,0.0919768169401824,1496
3.6477531752779155,-1.1751235346576858,3.346448420171656,2.1980316013606065,-3.5484171771430177,-3.697322237826256,-2.610379101527105,-15.336071946748941,-1.321222080935422,0.36645355557790044,1497
4.523615277305604,-0.5830049145077892,0.12135625862568593,2.350631234141225,2.7835601020089475,0.2878854710229285,0.6353136041368646,2.7210058044813104,2.0467666148752337,-0.3985266383695877,1498
7.474277176418644,-0.7974285724570827,-0.3970541275804426,0.32408169218708155,7.372849104240205,0.8657854786942236,0.5963472743902803,2.1615048062604103,0.3573758726330729,0.08589992979632627,1499
7.583060666260685,-0.9203416470238239,-0.46499815119331156,1.7039515196860802,3.063863324634132,0.5887546393738486,0.4275825448176635,1.5568591918464587,-0.04862060203785847,-0.5295224772491357,1500
-13.682589684302519,12.374799675420581,-1.6339936858751094,1.1868824866458447,-5.808150883838978,-6.321509497467018,46.04035216240383,1.201106950076462,-0.5653533612209072,-31.69687207744467,1501
6.192038292146221,-0.5115495136837913,0.15639305040809343,3.549571482402781,-5.1292720540624686,1.4913963742011458,-1.332156012709165,0.6140040393035217,-0.8870614243772843,0.09321479545441136,1502
8.816369910557826,-1.394362683602585,-1.0850441778320823,-16.17881681829387,-1.4845053998714266,-1.0073437175998028,0.8528737583702918,-6.113843280570802,0.3375387628902055,1.8067239067541765,1503
-22.753592244305864,-6.921196778910842,11.616529868712131,-3.0909818566204947,0.6673519146181345,-10.58564898145163,0.5347608688272157,-0.677224153297705,0.6874728791308232,-2.361255983928899,1504
5.652234326679805,-0.4714398526781832,-0.15489663395612877,3.5320376359403327,-0.32053577710233294,0.9843684380256291,-0.02818133737939829,0.8293702473031798,0.5483588301053869,0.023955250482356368,1505
7.7040022060731435,-0.7518857405384682,-0.15033548877344655,0.45213467514277406,5.371320007399601,0.21880692400467078,0.3191420573322994,0.18925593199382315,-1.983955289326013,0.08706843020223684,1506
-25.29822524584709,-2.7592674858391284,22.611578862297335,-2.0333748620564234,-0.2717320552942254,-4.3089532765440905,-0.6218895107757045,1.3047351533341205,2.986755864070693,-1.5973210018385753,1507
-22.471402062178267,-15.58481674072376,-0.5725831684955466,-0.5955543777376783,1.0627994352571497,-11.532129079855402,-3.0659174972477565,-22.884636297805905,0.9373239148058551,-4.087485724377069,1508
4.27696534682176,0.2261301835498984,0.3728556339915839,4.2109810035870945,-6.093376368157941,1.6327024302235076,-0.36937999883894257,1.9400957237299454,1.0684406093935335,-0.17199321664051934,1509
6.300985163689817,-0.6779441662984154,-0.11298523357961027,3.319335202747046,-2.1352483212411904,0.40614325969371196,-0.5056822868389336,0.3391960847179401,-0.3840319079395574,-0.13256175431283518,1510
9.067356089012224,-1.0824034470228419,-1.4380084496466223,-35.29988161160238,-5.8914974107048685,3.0489910189920915,-1.2150882141639017,0.5379507242460966,4.842320900060223,-1.0112695917610366,1511
-21.289072233351057,-19.166948141174547,-15.847570485270243,2.462863977886029,0.18593852057594298,4.876932576334818,0.8632710808306154,-2.342433117657392,0.33308427991260625,1.0331852051174832,1512
-30.16293367228143,-25.022315916521126,-20.44598121679953,1.6739678785973826,-0.10390209790457092,6.6924115473328465,1.6154247757467017,1.5088916214479255,-1.2990152040131004,0.6406255435825924,1513
6.098130160199573,-0.6318639598350783,-0.18706908265480096,2.951097341921367,-5.210719944337987,-1.9988488991077165,-1.7898075299353575,-9.863715235904856,-1.3910571882552205,-0.1667723616801512,1514
-22.722621579918503,-1.4705989997033482,23.404798435580567,-2.1456889123281027,0.7277647473821963,1.5460758469335079,-0.09276627388805013,3.3236948876095345,-0.4601046015477632,0.387337282394618,1515
6.785160956870325,-0.23330367040364103,-0.1979374318426449,1.7501963519731154,0.14132445639708704,0.7263867741145028,-0.3260671802133336,0.4726283532591686,-1.142929023701025,-0.14680506363769383,1516
9.218075677962409,-1.8053007073377008,-1.236870011582766,-28.387972400159114,-8.604024264845673,-0.38433786256994357,-1.7672477506099131,-5.2157426693221085,-14.021171930384723,0.06148885019459992,1517
4.369148296544012,0.028282133429126298,-0.2272255272948859,4.855906461443708,-6.0880645875766195,1.7600583341311096,-0.34348844894922537,-0.5021830866162995,-0.2390772569755236,0.5667507187175551,1518
-23.167140719275164,-1.7754527466193097,24.308168711945832,-0.8251467410521236,-0.09737866439609653,3.227964999846181,-0.7505728349508268,3.367541673771794,1.786745909227964,0.6500533799020425,1519
7.0636546823356205,-0.6306082094555598,-0.10719336183076983,0.824606580122981,4.097645464318596,-0.9197631592352956,-0.5574153583051568,-3.96024635645137,0.5396397439396984,-0.3305812149033361,1520
11.135739679503969,-1.7806789894570245,-1.7646181460724186,-34.33477690244442,0.9270625083824853,1.0478128766645822,-1.1449465946309676,3.411296900113715,-10.661822397644862,-0.08902936412165495,1521
6.43727148389782,-0.8900920568806646,0.32977760439285364,2.0704980740007,1.746480527326243,0.5641976707358444,0.03607960628674036,1.506297967595023,0.4667094657470017,-0.013813971836341414,1522
6.777682139637948,-0.8287206936736473,0.06452876488953391,2.775872637625111,-1.4615246141620124,1.1923258692882732,-0.50337624984133,0.5755225886311125,-0.51043472336578255,-0.06220135664082659,1523
5.296966101626752,-0.5394695367300685,-0.06918054794320298,4.802855848016704,-6.291192347664413,0.9850861074480658,-0.7759080181135882,0.7306595495454384,-0.6720297919262326,-0.1502744204806151,1524
9.014719107452933,-1.51927220099955,-0.7103839652741106,-0.5657694681520259,5.607117757542335,-2.433737838166278,-0.8678478184205264,-5.993227304570746,-0.733149420624405,-0.23968613244344517,1525
6.718544091705337,-0.49261128311624325,0.32199280386568596,0.3408393874474542,4.5125055781951815,1.0325226612980127,1.0403908428121003,2.9219575636787125,-0.08964959378405861,0.17685162307574345,1526
6.083241681200739,-0.7097760301492013,-0.006259706898432947,1.6141703452918441,4.525602035337456,1.2240441346130297,1.0656274347599433,2.485879260706014,1.0551945924298474,-0.5604909283158704,1527
5.157564608504137,-0.21310540369880873,0.21690476067383696,5.162216950831196,-7.14872170622547,-0.10122994119447393,-1.2908352292236995,-2.0496291440281706,-0.6310821799567111,-0.07721424853546907,1528
9.470437928877308,-1.4273367441334754,-0.48438509541728125,-1.7863243577594394,10.795683837002509,0.25645980418347636,0.6043111547983475,2.4588295322937657,0.26966394827892315,0.3608048362247444,1529
7.56421791972682,-0.5528303162077998,-0.29102267653999203,1.0015933960001062,5.272740239571902,0.6300761692942524,0.068311598965127035,0.22409802210706725,0.7825704966571647,0.042512318211227126,1530
4.892246463689637,-0.015677512709054077,0.03638558321610987,4.177694745367153,-6.730701531785276,0.010461157358034916,-1.9576898073560045,-1.0056359271092201,-0.3079310814904111,0.11605117804997683,1531
5.998253072695122,-1.2592242824764495,-0.6173775486790319,-29.67952422791153,-10.546861396680995,1.5699515470681153,-1.6549749092600776,0.3992529313792439,20.13799610493984,-0.6669356755633499,1532
7.7022901326860005,-1.1670971504465215,-0.42940387467542745,0.426414397032263,5.7382871780954945,-0.018724845110512568,-0.13868711973180686,1.2921605920200545,0.7294960030033466,0.12268180858521234,1533
8.64990450733811,-1.3863354436937982,-0.8379899428553448,-14.736211354892527,-4.591194225608007,-1.72852656430294,-1.8373845847130674,-5.100374548602861,-1.1635458038200515,-0.3589404043536389,1534
9.90425288981558,-1.7059997986321334,-1.0348506236610235,-24.303434995125777,-5.779067755003133,-2.2076152340028075,-2.4739981046144455,-8.543832848128615,-9.283036320617564,-0.2043692177027335,1535
1.9210301926064655,0.2973331825936159,1.3509186643968472,3.97813140137423,-4.494333810271815,2.4702514963732254,1.4711299049433388,3.6090824665580157,0.9170969518502887,1.25012628211339,1536
7.264423099159855,-1.0331393420304997,0.11251841554308775,1.9917293163620555,3.5118978783731514,0.7006836736563767,0.09423844428235245,0.7212433168246297,1.2161947837303777,0.014695654066533446,1537
4.99336752562133,-0.6931857750247177,0.26836288481431836,5.306433449958386,-6.78390419027833,1.1100401402288358,-1.3209091040221983,-0.3169420990752092,0.16539557659014292,0.08610066099665523,1538
7.411312656648585,-1.2687990084449852,-0.35267907820492084,-1.0896808712696893,5.62775506587527,-0.4089166624689795,0.2939708136533619,2.9538913830316336,0.9838300144654606,0.18238781895396303,1539
7.497710288464087,-1.214242558614076,-0.10505836083068387,-0.9258236810399892,4.968544848606199,-0.1767001764726932,0.37370738440037543,2.2545135709285566,-1.0499097855067983,0.14331339945539742,1540
7.580235048436857,-0.6682326870788925,-0.332003008441316,2.0079124283705925,-0.9443905518328773,-2.6319762457429516,-1.5431807315907347,-12.13299228734748,-0.6527290399597019,-0.07332505183506151,1541
5.271138763490848,-0.19488967664994813,0.1356440711327593,4.130185783984342,-4.6270344699672155,0.7584811771874467,-0.6374410360586887,-0.08944322819313529,-0.6044215797803704,0.1400705846725298,1542
6.843107021357875,-1.478954266223431,-0.10303491580315242,1.0217393885282313,3.773306208673496,-3.0588062980187805,-0.5667909799000586,-10.942281482998817,-0.614666543246413,-0.3243197406733456,1543
-23.00647576703128,-3.082819920737526,20.28664483264781,-0.8036666008950943,2.181094426568638,-0.4266823009139722,-0.8937346139096192,-9.61379254160114,0.198176953028503,1.0450313177707775,1544
8.00904364283383,-1.1538039767896742,-0.3307316005158723,-0.9151712717789267,9.891405684263495,-0.2400039177588097,0.444047071381341,1.4756249616618329,1.3524294702215458,0.011384497642551061,1545
3.6637832755173054,-0.46842743255306635,0.08731711002899784,1.1382329582456285,0.56164033173259,1.9581878052741473,0.5415338626229054,2.6453605413478454,1.2608412029754208,-0.1315734731471391,1546
9.61390402645716,-1.915751454707586,-1.5279686041785812,-31.53746724453727,-1.6016290405629992,2.2075103998727608,-1.1361728968738254,4.019691945215907,-12.083877942867762,0.09230262719886317,1547
7.784747753807048,-0.7126974493747054,-0.04465284528394932,2.842090667128888,-0.10222943221045784,0.36088810018585515,-0.6338955607169491,1.1655002581395328,-0.4218361174340588,0.24625753530474648,1548
7.792074202743532,-1.0114598668278882,-0.19958171834024516,0.9809935465021468,5.314135174609688,0.4165284625547148,0.5533094297814705,-0.5219074080754308,1.1077945227537713,0.04181870013245349,1549
5.404585650206526,-0.6498205797038726,0.2808283677819476,2.1547797742407164,2.24514387515965,0.5362641317404344,0.04125627428298997,2.7762647054374336,0.13762329818478647,-0.011514428281306348,1550
4.080582926819026,-0.43161374285838133,1.4417680481484498,3.083776694484942,-3.589088598771495,-4.742054974565182,-0.9048140879375329,-17.091768933524836,-0.73847469817882,-0.8070815536291662,1551
7.72956854109835,-1.0762314324135664,-0.09724464824752982,0.836611195976484,5.266455429407328,-0.49815504895006424,0.4658657866323932,0.40559973163213986,1.845428614956545,0.10074630958503747,1552
5.012838031061324,-0.6202141118011166,-0.052364114976128716,3.301257131112194,-1.4080501935900815,-2.373414729910573,-0.19844762754432452,-5.814073618444266,0.44684094685168596,-0.33611949847538813,1553
5.304727123075181,-0.7406667142447386,0.40142595900398376,4.538313494072272,-6.782672214087871,0.7098163330789582,-1.2189220941834131,-0.18622334655885425,0.3125891052393667,-0.06335926478926389,1554
4.872837005008576,-0.3297755210579734,0.4056039821392027,4.4148049556021025,-6.04188400498876,2.3687547325129534,-0.5656950549012699,1.4133964186961059,-0.00885412735683057,-0.07171536358615234,1555
4.6975769137320205,-0.11216834917420501,-0.04322814558358189,4.419030022689995,-5.649632117631579,1.57843510551526,-0.6797126474449791,0.15936496311715012,1.236618483815244,0.12130315065702495,1556
6.972216466903248,-0.667481983216396,0.2166478003538209,0.7553618092249859,6.060781203888033,0.5052853568195697,0.6283505017816017,1.4419395239652124,1.0550909490655342,0.2144291361937015,1557
-36.181538392193175,-33.22927111855257,-26.575455462417423,1.8626819081353878,1.6777321227635653,5.396076158146209,1.5220594040774107,0.001041263359705179,0.2873676189011773,1.112539402789394,1558
-7.3089384465834,1.4444491425827624,5.3322256373417725,-0.0514468768792991,-2.680750918179161,-8.517043320249556,6.303893244839499,-19.799969121891607,-2.4202289556072993,2.283065080326405,1559
-1.6669861997684394,-2.4509087607172466,4.703458897012383,-0.9535513337771797,3.0194428757733256,-9.117576931757222,-1.2892517401150558,-17.34148836525037,0.32174254554658477,-3.0151647991884127,1560
7.4125782622083625,-1.8992159164481297,-0.585993101822028,-28.496345070257526,3.026521411824688,1.6597656398809653,0.028649494386886767,4.370783752355125,-1.264370258067616,-0.02533545790906375,1561
8.657667791372246,-1.6998865773301757,-0.2707316322844569,-1.4005107821529068,9.150636715869561,-4.0503269932276496,0.10856239353162918,-13.628174420984552,-0.016795941421333085,-0.4851973481543581,1562
8.956953880941644,-1.2267404324372475,-0.23972503669692366,0.3299099547199367,5.732978192004787,-2.952230644478735,-0.5505819492062488,-9.60715202131558,-0.28453929809435646,-0.06270726863916533,1563
7.811323156802515,-1.3206753218814515,-0.6761984338334148,-0.47171103544234916,8.042394246055972,-0.43131074328906716,0.9948412953747476,-0.3014134518201165,0.7329973144505222,0.13545109681848938,1564
6.009037312373943,-0.24284931823004174,0.05217178177612978,4.588619423193071,-5.987399890475685,1.1506918517311278,-1.0838321237829087,0.10638706835701438,-0.16397868669084922,-0.001526141820183754,1565
-35.60280675618714,-33.059664912081054,-24.653689406812877,0.534263272741554,1.0968980097460224,4.533406911140172,0.059830202451340915,0.4287763849442923,-0.7175915677878639,1.3910832963361976,1566
6.348464121470109,-0.7061859811434567,0.16575944243889176,1.0179339262684375,4.043595796879204,1.9425974013527516,0.7700178971717153,2.0113807513946806,-0.5338784553513947,-0.1033846026573474,1567
9.134516029040148,-1.5379061259547637,-0.5569120687866795,-1.6894151006084532,12.353019599488778,0.24218246760867304,1.171436619963021,2.9242142688622534,1.1391333534954424,-0.0018397460590010683,1568
7.655662440857775,-1.3537619291419822,-0.32958773197206104,-2.3368897905832475,11.805932061870124,-0.46479159837156897,1.3467852435866992,2.754004512268387,1.7278196899922287,0.4326244455296048,1569
8.529146776295718,-1.740260509177959,-0.4423258270575339,-2.242183173767481,16.368767136465397,-0.9153157717028554,1.2311524504854743,3.7909864188875924,3.8030286518974705,0.4007902109264984,1570
8.348012033281073,-1.5093723227451648,-0.9411327617070424,-4.014367868176544,10.813977690192774,-4.12945611094866,-0.3928282104466714,-8.089183476525482,-0.4351718385073134,-0.13664709161405222,1571
2.9576430779279654,-0.17095271043150495,0.4042898258725978,5.0903164910174485,-7.0935020751493845,0.6480564635475344,-0.43551425886902667,0.9923817956341848,0.02338871570411973,0.1101793318199305,1572
-31.262255033137397,-28.09525706817153,-20.584733630228094,1.2781924591349518,0.5270550762573115,4.348605924131808,0.6586419022769915,1.7445744904742342,-0.04083462927731325,2.3493018490406397,1573
4.2489200987095055,0.42925487232364007,-0.2974476342173779,2.209615295472932,-6.556729208770549,2.7542444736009424,-0.17792327818484452,3.3019551041132056,0.9686238214743649,0.04442033906908003,1574
10.062908123579035,-2.362798319306903,-1.2217700658996824,-48.52803656653478,-11.853573343102394,4.346884984016245,-1.8819748698033076,3.431635513415465,6.355223401707417,-0.4717027737927998,1575
5.283103028284263,-0.17018208666765655,0.6943344706936007,3.851501694593747,-7.19377473395942,0.10546384203860869,-1.8067744856208503,0.624122186898368,-1.8756216223603288,0.10465689814513793,1576
9.418587400442874,-2.006301517009347,-0.9460241585580109,-22.167264606943117,0.6263636004686433,-1.6002752337973747,-0.6199304234804245,-2.6824924603357565,-14.664936759536133,6.432690798881106e-4,1577
7.9265225660126735,-1.1341807785249505,-0.5127907354120604,0.6423380238909757,5.088964879593616,0.8146239702226857,-0.06304684510496768,2.3429252260877287,0.6918734939210712,0.17649333583090107,1578
6.202094957274505,-0.30378584194709407,0.08200788521630761,1.6119538499641572,2.316510234142362,1.6946669445800921,0.12274611108617547,3.0402415613820994,0.8882465940016692,0.4324929824663142,1579
7.132339950754459,-1.2090164988499075,-0.35405783701452703,2.1446713953638032,2.3451107440257255,0.9136448158825159,0.44763703055543486,1.3382194435774588,0.6523140319974926,0.13185920966901818,1580
4.851672587070139,-0.018137980103578623,-0.13219106959991556,4.78894188568281,-7.066562379436064,1.0596016548945093,-1.3089413377324044,0.8866615554408811,-0.2105138549483253,0.3790118886116235,1581
5.976249975667869,-0.57508300773333,-0.12979450725189215,4.097169423104201,-3.253969748642595,1.5569991834636403,-0.5514321950744675,1.7292380898511983,0.5359216848829464,0.09697550310009091,1582
8.647607662039663,-1.5794094341085023,-1.0250977380955801,-4.332256210474225,14.650579965033312,-1.5235093827916553,0.26082206411859565,3.558903982168341,0.36170087878658647,-0.223519664629577,1583
-22.381396657459106,-1.2010985019869957,22.957570159776886,-7.609342193208855,1.0383045628065952,2.952225380037555,-1.7773303167785288,2.6658053491792995,-12.434925321362208,0.17719194429258572,1584
3.589705947777343,0.3837336577405527,0.18962994539830316,5.983123822029837,-7.286984335426157,1.692746236067187,0.48653538432321825,0.4991087515260469,0.18984430840633407,-0.7144940401963964,1585
-19.905594051354306,30.716399713165302,-13.491270218791144,-1.8680458118328482,2.5203368255220564,-2.023606296117807,-6.729155560119579,-1.1819400995952296,1.5303952223596478,-0.7908246787191888,1586
7.278067181188555,-1.0427925472523336,-0.14102073266616882,1.7367265573971369,2.9677826266385496,0.2968270955338556,-0.12673509912536318,0.7350728412760137,0.5728147387402767,0.06587548343730794,1587
5.9205271910948465,-0.69613054143433,-0.5165649130883927,0.9195395772630338,0.6055033844603067,1.2345965735799027,0.16810238270220781,1.092851482840446,1.860112519154635,-0.21990645855744245,1588
5.5295022711946356,-0.42021808761669127,-0.6898354524165318,3.2913758778951774,-4.642128297285809,-0.43537930758971144,-1.675180986546607,-3.190403499708573,-0.32448077826682176,0.6012054163917707,1589
8.575995601663559,-1.3325710103613926,-0.34451990247373177,-0.9078905560744132,6.498245983868028,0.6201926507588772,0.03360390827753179,2.6242032278476564,-1.0600858464939973,-0.20515238884067194,1590
-17.243605491928573,-9.454083280855015,-5.601601864021762,-8.01841536334973,-7.7632427185733865,-102.7831057793644,-13.794813833057608,21.077526326026668,1.6752714451998445,0.39399100457230424,1591
9.08952759133618,-1.5431565052131597,-0.9314353664868962,-12.441603462001138,5.870189110651023,0.49225762531380296,-0.15445808823748042,3.2305248836385667,-10.484629931987918,0.5240974973998069,1592
8.113733802972586,-1.1652542316443564,-0.09361430992440117,-2.7831699934540706,11.629771166373683,-0.2256202034085226,0.24860156169933847,3.235217524677826,0.5923863451992506,-0.2925084268954085,1593
-5.286232599364208,-0.7751934865372662,4.303918676260827,0.8785788958481797,-4.326727611370435,-6.526097930124567,4.544199620114445,-8.093728376054305,-0.9335262196735091,3.499390973578644,1594
8.034501539816326,-1.164914964003741,-0.33156606878196576,0.6918509737117964,6.700904220554189,0.11416312681050522,0.2597246797710318,0.9602488912589521,0.6488143776943662,0.024702710746942885,1595
4.8263806481611,-0.02846971088199194,-0.4473309330680644,4.938694838619711,-6.539443622069238,1.0257678561172316,-0.8678877487244511,0.8814792499978651,0.5571689104830394,0.40058333439364774,1596
9.573347435972346,-2.671201566310371,-1.617073167096484,-50.0658828711347,-14.0329443304903,4.211845713860474,-2.1150390878284435,1.248248780469717,27.557123657466317,-1.4925231990981465,1597
7.926562082462049,-0.9731368158904437,-0.38556730313016113,0.7829737396060125,4.073735026619489,0.5215549637746417,0.486431181838736,0.9021844260841398,0.5421929823851772,-0.508004070158367,1598
4.328061884703276,0.14765092906604882,0.1664675544358275,4.509349608900973,-4.5724440682750105,0.5404031289663344,-0.5401233860014044,-0.6334017344952849,0.05619970706123804,-0.15329359453108563,1599
4.601953352141056,-0.16385850871412008,-0.21235756037325879,4.905423428352363,-7.142103421035281,1.036055475538235,-1.1047814613451907,0.10914759549496127,-0.22877362677392102,-0.051150712156388875,1600
5.4947078588989315,-0.3925651875933263,0.14534881264454072,4.09897915269871,-5.2675842813728,0.10429957453496004,-1.0768465395745477,-2.4795850327813205,-0.40284166961388146,0.11040984972784197,1601
6.095510472894164,-0.5948266510694526,0.10343929755419505,3.0759487395531226,-2.34696269870794,1.3684316308252942,-0.8029400905644999,1.8603969437185168,-0.012082596953018332,0.22376641506766484,1602
8.602190305265005,-1.6477595667860312,-0.5174405245914948,-0.6412064014170679,6.823826192178006,-2.1495344524286644,-0.31323574311398267,-7.516357433897324,-0.2588753987419293,0.04877700980481395,1603
8.502073850280047,-1.329253565698239,-0.1575521797631465,-1.5032707987315579,8.346358612843703,-2.39206347611073,-0.16943889813651278,-4.141996617462117,-0.7812126270233808,0.2932942962424285,1604
5.411940345696778,-0.5717676221839371,-0.3524827658816852,2.0138257801840425,4.971327502552165,0.5673911241807635,0.955516972965548,0.6760922696320216,1.6334092051684042,-0.14700318181749164,1605
8.184572182357673,-1.076978360766409,-0.05806503980763757,0.08040926900963952,8.13061150583562,0.5656313671379423,0.5907069395431823,1.5818318679750882,-0.058378462748152615,0.11107015456788108,1606
6.016916423744865,-0.7713287556846959,-0.10249166808687481,1.6067576401283343,-0.10478514715255577,0.9521360156897564,-0.1746409351535942,2.0869326050474224,-0.9581559915933616,0.09010235759609136,1607
8.178798255152126,-1.4813065899359705,-0.696593578552874,-1.7958295651241543,9.657308566240895,-2.818824091925392,0.613934162728838,-6.771867280978918,-0.20785357844810723,0.20118638907834785,1608
-34.376252506446036,-32.150004241652276,-23.24179051744081,1.1505501329497607,1.3170141916769662,1.0308883331347187,-1.5359244515619048,-3.417368242340726,0.31639152802316234,0.9648690547106882,1609
6.755879138147967,-0.44872272168725313,-0.05925054235391785,2.2908609077534967,-1.5416913050512455,0.36261483447700077,-0.8315431223796381,0.8461407311100209,-0.686013948042896,0.5720567807764994,1610
4.916237520636174,0.1295178219816012,0.055470460106838225,3.770806795934946,-5.692576206064588,1.5139702274265656,-0.6496475665709737,0.4103206211467401,0.324427676230391,0.03429221048271697,1611
-21.1465164369316,-0.9454644573525206,18.55554923567855,0.2666198541094973,-0.5898572468544375,1.273062833974718,0.1316895680456402,2.2859206393930682,0.7366624667327134,-0.06273818138091426,1612
5.462644593496357,-0.15641821909706907,0.1551046538965282,3.5089751501574957,-6.196481062269632,-0.2519956702272325,-1.0843304310648338,0.7708699432217649,-0.7962922460987722,-0.008330956886401003,1613
4.938305156489739,-0.4166373212333323,0.24909238882147344,4.480348299498643,-3.507373612825208,1.0325181510308485,0.12952382098404738,1.92143171252948,0.32468435077729063,-0.4939997128940196,1614
5.111022007583624,-0.01704978869746987,0.129860926969051,4.729752333911227,-3.4417018807144024,0.4360584497956124,0.06552652210505801,0.6189580752575867,0.6825285745036851,0.06099246172397753,1615
4.342387690690548,-0.34805265377029687,0.05379649819243396,3.94616030938341,-4.984889324928115,1.392287776508277,-0.1266812862812672,1.1867235779936438,0.9560707069219857,-0.2270539531422843,1616
5.693470115517817,-0.8732250855849104,-0.04643978186848657,2.800302437989608,2.770996464649664,1.3064445900456918,1.3509041769651928,2.3049304084544615,0.8590468121946357,0.49293240532625004,1617
6.34832868126829,-0.565062398223013,-0.22550983528981516,1.6724824999368357,1.1912729788049776,0.3387515893829314,-0.11379113461450162,-0.6389524713929512,-0.3223240383975504,-0.17601657866301174,1618
-24.023933652744848,-1.271462913630883,25.687842368240005,-3.0150738560815356,0.7657971063631428,2.1233028334417825,-0.3179713803301162,1.1489455852120753,-0.9262258939655085,1.0343879741497062,1619
5.937601222002346,-0.4193700736057854,-0.11060770226040338,3.911900321844984,-5.129908348129072,0.28971740733989293,-0.5569574740077754,0.7910774157079389,-0.03672573984918245,-0.14196076576366654,1620
-20.436423966785323,1.4176623621718616,20.949236501161256,0.6722776053619983,0.35032718638082416,0.722384759783578,0.9548353274135425,3.4249262343997295,0.6967599143091068,0.12729356712380724,1621
5.450722609260042,0.04257796372081271,0.11571940692242444,4.677402704027554,-7.105503025750929,0.6896064105765808,-1.0241287481716148,0.7198563084925423,-0.015398848876249486,0.1329259041906586,1622
6.195483932421128,-0.671263289860984,-0.04377477689790427,4.1084247829084255,-6.173626314039784,0.6671463942702195,-1.3008846566418883,1.5884720994527486,-0.8870185999893688,0.13567153063209314,1623
5.774662206857693,-0.9927218132845556,-0.33714348217472456,1.9576130413612993,0.04619204276414251,1.0132386667683297,-0.47281413129126865,0.9263906739354739,1.0042969649684588,0.14664418195740572,1624
-26.215526239722365,0.3187977376170465,26.567097616194136,-1.536030843861724,2.706216820581202,2.1731048004597184,-1.813706952807225,-0.34160755851487407,-0.34938957196530557,0.08948445901377283,1625
-25.255254214447476,36.60443545967041,-14.921595960092331,-2.4876693446173728,2.038172772478851,1.385201736007741,-5.777334543215401,0.15358548876736847,-0.015582972222981217,0.5574594015582093,1626
6.4857906927305615,-0.27620731258945475,-0.1675724030874677,-4.030722282659897,0.770125109516528,1.6411903223595339,-0.3804272862657526,3.3903197237489957,-8.272725916984518,-0.059075926539524516,1627
-24.067731104805535,-1.6186294730920778,20.518445214754763,-1.2414713477117905,0.47873701011309094,0.0912160026413301,-0.6424977199322346,1.076933587402044,2.0114909255382427,0.35554216330810945,1628
5.139784837981479,-0.8791710871870204,-0.15384149860852334,4.569721211998275,-6.214252629913964,0.6782774955673725,-0.3973861873097615,1.7863567526988082,-0.4177319943221186,0.2568030517058799,1629
7.119567825901151,-0.8600685221371439,-0.1355472808865018,1.8933759500098364,1.6969185201453028,0.9740100629626035,0.21640162977198024,1.7433171352323718,-0.021670239964707728,0.5123445483619251,1630
7.312583188167567,-1.009965693827564,-0.3899261832563539,0.9594916180594427,6.332915095706692,0.17826014939638357,0.6383493196020815,-0.7051832087942311,0.6716094457489822,-0.266044284433542,1631
4.818416080872129,-0.5974610172890917,0.008143998194891536,3.562526747392859,0.5312180957498649,1.8337960358796563,0.3385668072838721,1.8353160989570823,1.0481158966059774,-0.020895276945785055,1632
5.574983829396449,-0.31335207807670823,0.40506214751199565,5.1620411160121,-7.161871251549764,0.7580980418518302,-1.317943050264986,-2.5230566568208777,-0.06660094943038775,0.05053243350444854,1633
5.546311553584923,-0.8293840511692515,0.041140594271535366,-0.2515355552752024,9.044986656822669,0.42005586163666603,1.9480943855764532,4.328188495457957,3.4516854128117958,0.32476610639919673,1634
5.91657822041842,-0.5944094609431219,-0.36539445645962987,2.7768162608190625,-0.8685864658405889,0.9273651117600512,0.2005490460011264,0.46424323121590694,-0.05267367913275032,0.18111581980814995,1635
-26.509244629614262,-24.501603800984824,-20.315053394596447,1.1846763608122632,-0.5444165140205716,6.102776101244015,0.144846133125853,3.4771709482815054,0.13149630110253213,-0.6814122981834384,1636
4.539464363207505,0.019853301245204312,0.4389871316936411,4.469460905674846,-5.68807008523949,1.1997242692838361,-0.449436813691251,-0.8678130493932036,0.09973811601307694,-0.5290217726374525,1637
6.035457229691313,-0.48221785298102665,-0.1231761232495281,4.301720538677197,-5.7545212430320145,-0.45849777969819716,-1.6644967267771402,1.4649108984049193,0.3255925598754836,0.28175439060355134,1638
5.030378994559895,-0.06877130149764651,0.23743178330880194,4.2893683488271215,-5.822554528918054,1.7207309042776673,-0.707782917058464,1.484787291658739,0.28088333892424755,0.39869364699356175,1639
3.8357249620073413,0.47616751792355977,0.4600889747934858,5.112026576962857,-6.097207828194719,1.3633049335079501,-0.6470098105413923,0.9589033588453684,-0.1496673088847733,-0.21656293526635523,1640
8.849592710007823,-1.798524269370491,-0.9374150043300059,-40.284138520144054,-11.513983892287325,3.3568103550753245,-2.060833166485794,-2.5994005792352155,15.766307959084461,-0.6965100990504169,1641
-18.31564957858607,25.613651684708053,-10.606979853951117,0.7489218763724192,0.9168049656244278,1.6920584954275788,-2.4242677063713334,0.892982582042581,0.6921953237178543,0.14069466079716342,1642
8.142527152260657,-1.1520321482842606,-0.3916252196780753,-4.205741578328028,11.045513062879303,-1.8459548440041478,0.21909386482277834,1.3474784397129738,3.9302611230380933,0.30016440067274336,1643
6.784902062077577,-0.7990458957168618,-0.22547353054996394,3.2646068889099387,-0.7516201797691949,1.247420670698319,-0.5249747674548869,1.38686673226157,0.045999293739622485,0.37453670634202935,1644
-24.4505044308577,-0.5857657531743387,25.431296315688634,-1.8875617660286013,1.391608177955019,0.4613892142774913,-1.651775997346006,2.1377830270735814,-0.05102838055182993,1.128732395464538,1645
7.694108561668695,-0.769088565736427,-0.6779745800610915,-0.3234592862320387,9.166989871796517,-0.29688717036805795,0.9929247971567432,1.1649860478099996,0.43403112967558377,0.2789495104612027,1646
4.391139073655541,-0.05121955588498432,0.6945337928899787,3.2956355003779016,-0.30948723014269547,1.5606197814610954,0.44548370535943327,2.068214777555248,1.2234801883749535,0.07587718611853334,1647
5.975225222697915,-0.6818133264941866,-0.14492996161206695,4.7289339657688565,-3.250381090214828,0.3869518146943118,-0.5673956647611469,-3.603157983794114,0.6966105881554293,-0.2855636398331172,1648
7.884699436550601,-1.4976782925975498,-0.5333242089544947,-1.2884935043654167,10.556533147166084,-0.7832628906344431,0.17715749450615653,3.105987329182095,2.2236829615284366,-0.2050153180509702,1649
2.5417132094632664,0.2004342701925199,-0.0795162388597618,4.39306293971655,-6.17924065315524,2.0313674604554115,-0.45141832227358886,-0.14899157456050732,0.45434975703334335,-0.3256235489184466,1650
7.143274383580919,-1.0095007749248814,-0.17222025993522402,1.5706253658025353,1.7609418070660046,0.5153097808306549,-0.2876356877055676,1.2716812654260048,0.4437763186483704,-0.11893196021277892,1651
-10.527095092835363,-6.184803129515996,-5.105167055085989,0.17036335106200973,-6.982672043096492,-44.270136396974266,-2.7507752558391747,20.193696203542455,4.222807369505426,3.658342747374967,1652
5.004086161390655,-0.3482247299059329,0.17985059207826068,4.100731460710735,-5.038123614200513,2.1153957351215618,-0.78798556624394,1.6840007702462596,-0.6009772894593148,0.16443033176444255,1653
-29.70160471566636,-25.729580392139308,-17.358988036440856,1.2513378377578899,-0.5461584932851087,4.64393749957305,-0.6967412819271115,2.730451710265824,-0.4372555443257807,-8.690285825804366e-4,1654
6.390984327992555,-0.5331954456245542,-0.08191661514203606,3.8841784489744215,-5.437835338518873,-4.042270550914803,-1.7661732967986326,-14.514874738743073,-0.9796310220169557,-0.3726107350938198,1655
4.379691928298778,0.3212985547182985,0.1993879541946423,4.664454273919782,-6.253481089980972,1.2218161086116033,-1.3621523798530446,0.4946392578579088,-0.7039164594487327,-0.06110679548517823,1656
-19.42668904924182,27.690068917689477,-13.013531526670306,-0.5656765330318888,0.8907887271295762,0.718487066908667,-3.196441073071477,0.05339720007536122,1.4093919028428006,0.7516501871901203,1657
5.567237086439696,-0.3025380746408888,-0.011905801487741013,3.048097088801424,-0.7409164644987235,1.501086885384876,-0.5346962563306169,0.12752589951310137,0.24705204493921076,-0.3420398719306689,1658
5.763176276657447,-0.38584265015008734,0.13409021956512682,-2.20447691901126,6.403386250473057,-1.7492291223889493,0.6105820892601956,1.5204309128113924,0.9330734183974487,0.150521364703379,1659
8.126428990462461,-1.7071835620213207,-0.8899709537527323,-0.8767503726712002,8.907886557684131,-3.31216009483657,-0.10697386169934142,-9.084575024479427,-0.1504631743303934,-0.17308172329109972,1660
6.366626517526865,-0.48570948147327747,0.15181949575580875,2.853896515823213,-0.1385586567797618,1.1738962281677905,0.0017914275219281471,-0.060624845051680705,-0.015089261180179014,-0.23375828206855584,1661
8.310434003128657,-1.1176076385766789,-0.5488971013397467,-0.8253941920300728,3.327112171470931,-3.154025229483616,-0.821258458644842,-10.173156817611988,-2.205384916709904,-0.30828377448036776,1662
5.200666547682512,-0.20948940588839635,0.18657334244549664,4.1399124605765225,-5.356972487449087,-1.930599820973408,-1.5392673760369224,-9.864466125859476,-0.3683484579102864,0.2624802990070037,1663
6.963890609228149,-0.7983148840252978,-0.21281802857574744,1.3815619669462007,3.8145746348932303,0.6774859418659351,0.09616972092325311,1.4281813046508194,0.37931584385488554,-0.25472416178541063,1664
4.392609058548481,-0.3977483609668146,-0.002389793062875028,0.9216340224067391,1.1587090250616734,0.7997323195583116,0.9280989917846645,2.8604709096713705,-0.7930123857993667,1.0872473213292655,1665
6.7694877403761,-0.9514317765725673,0.1409025034907399,1.3756484931842907,3.3674501968880532,0.627485512913975,0.3301928808227274,1.8567975245526194,-0.17867930669624696,0.26394110594947257,1666
6.066644718591542,-0.9066750812734572,0.3331627660474852,2.277627657653461,1.3589573189017807,0.7864576621196046,0.5889875055749206,2.1921074045039384,1.0683929123791038,0.43049908968607925,1667
5.197412644591022,-0.1396470772820896,0.011956286943109065,4.579961202181499,-5.7370229468827345,0.6972698410982576,-0.3461634420179301,-0.15888284443555156,-0.3836068545826802,0.0695086712736513,1668
7.30029014671292,-0.5593439782380496,0.05428257699575038,2.04412380286913,3.7974816539140543,1.0304570089466834,0.3356100072026343,0.2302941253465741,0.07475909885603536,0.16561330136451033,1669
6.6250455202717005,-0.896066218377936,0.18820210781546562,3.3607511067839253,-1.6293224060354514,1.1265400898662923,-0.6118404367969703,0.8335730963279254,-0.8533982459766143,0.1882307025280611,1670
-31.340047579021046,-27.28866503318237,-20.164877962633753,2.463511987989679,0.5874699232375686,2.401019695566466,0.9672676061922812,2.104541962773728,0.7980027770727247,1.2632517773138916,1671
6.0116882433777565,-0.14324380275582355,-0.11408842110122441,5.287529258546039,-7.5264726832065945,1.4539995206679057,-1.1029163125394952,0.6807405844106953,-0.2620675716902563,0.3849198023707568,1672
8.343524979778337,-1.1083491281016817,-0.287531648161887,0.757845975220347,4.497776192084336,0.43653937045915414,-0.026531627335902943,1.8788197147706134,-0.1258751518352564,0.3187987585099058,1673
8.093857251651803,-0.8792193663212434,-0.9268878474114771,-18.224340793206977,0.873176168756915,1.797560714245871,-0.28631302727007396,1.8722056948724242,-16.190198564848135,0.054439025394207446,1674
6.855398270827014,-0.9349582715776742,-0.24419417064553606,-7.109917682218354,3.045858563733186,1.2884260725153733,-0.1802976641864528,4.889455649855541,-8.398715937267566,0.19696835223104886,1675
5.378477129841788,-0.5948730396753302,0.30723775699458095,5.019374024539829,-7.82875834301826,1.3048765029039797,-0.9789190112423986,0.46008272775610687,-1.0815206966923976,0.521063001794883,1676
6.997683062817984,-0.3620823988659297,-0.42901740349694073,1.2590220651199158,2.6869737373462415,1.3014329757875591,-0.31421112570342247,2.59580517343025,-0.5170889981319851,0.22868647162132752,1677
-26.243980702712346,-0.812852703177905,23.62778338863278,-1.0145620443093302,1.0473426849209209,0.7266752085749951,-1.624250813535025,1.6474722980785974,0.6345474762309504,0.35960268226762465,1678
-29.184134693393133,-1.6768228165637475,28.563806873290776,-1.3956403265532855,1.687734897241154,1.044404210668947,-1.6998538667967045,0.7154313603642114,-0.19036826494122938,0.7527447336229172,1679
8.93792417777668,-1.2485794263832923,-0.5362357718069248,-0.6539244813822113,5.946409466104038,-3.3720849065958536,-0.6941397461909228,-10.979921943811123,-0.6407436887482397,-0.372382847606166,1680
4.387095330740401,0.25979740560931824,-0.1806952893264188,5.046686954030882,-7.345664230554364,1.007731297177455,-1.3570637751347603,-0.10634817521128323,-0.7275065252295054,0.27610910951110484,1681
3.518063744266607,0.8664767003950756,0.26148147396285376,5.696125478185903,-4.967696103669624,3.147274648063176,0.2719264398891602,2.437260086215999,0.9486826875641494,-0.3008921992302848,1682
3.4565418245460444,0.7721720801984463,0.08006478674948733,4.540666593980866,-3.167087078042879,1.7515550808432305,0.6601500522627503,0.7078803850320852,1.299153367771029,-0.2580299631749573,1683
8.013323736286681,-0.9644442052193537,-0.35963090985074186,-0.03147053032780489,7.3447187690087,-0.8013666363093123,-0.2891727093959328,0.7323293471822135,0.9150314848515035,-0.08268663577127956,1684
7.5130566888093,-1.496937990470618,-0.34600850323425036,-24.94156521242925,-5.327416448074745,2.2097355786255335,-0.8741557164068466,4.843592056567074,-25.631470125847933,0.7808258704073915,1685
5.609893758766024,-0.25591540099926424,0.06423440351704675,3.8870602410685113,-3.293181041179381,0.881043290718418,-0.5017912366280168,0.8840347461215557,-0.3863139049624998,-0.0697753611475365,1686
-16.952519422570983,24.663071864497567,-11.13448814457547,-0.16299731743818885,-0.20634944783397532,3.3468682576665647,-1.24053095976058,1.7266855920183057,0.9050694650143163,1.942625226111198,1687
7.359010453096789,-1.12689893446664,-0.31081426368635895,1.3799248189275086,4.738005229505776,0.2732947679053776,0.3311459481337863,0.7625664956817353,0.9498401444868876,-0.07015597713363575,1688
8.049818111769499,-0.7423898032471195,-0.4742096133769114,-0.40204340618223083,12.005877454539874,0.06564757137625274,1.2603844029423297,1.9073389385070056,2.062207135338634,0.29926640642308155,1689
8.332360135906677,-1.5088101459958898,-0.479236842368033,-0.5223007654818903,7.427866935429063,-1.3226098847190513,0.17831116551211063,-4.832560050473539,1.149089855068564,-0.26121500345328963,1690
6.026638136030846,-0.3631064640110031,0.18169047528590526,3.053303716820595,-0.6362791048322735,0.2966731766405801,-0.40376769743368895,1.1799080628014804,-0.6619131211726778,0.385634714561907,1691
3.0054976462121457,0.6213258887871077,0.3249737937376193,5.385701036676125,-6.236240093039017,2.8090544610801147,-0.027793707719203403,1.7740188854744343,1.289580229804385,-0.2074945920806616,1692
3.9362361267216373,-0.05420141453326005,0.19827777566696725,4.709561469179525,-5.536940677869052,0.09335328047945105,-0.34381623751220025,-1.5736760331604305,0.4136444181175471,0.04440548025819239,1693
-17.323918075042908,26.156718555181527,-10.420222695072455,0.08546912111112888,0.954204740837482,1.746406795147003,-4.638303483027091,2.499348161059764,-0.46246598609448497,-0.18473488939594412,1694
3.830733687644798,0.370488675046481,-0.03415112669462543,4.807812319782683,-7.792989678162781,1.066060260409084,-0.5002604801335827,0.09424815135521447,-0.7889649147679912,0.6183364581100275,1695
7.999331234858477,-0.9437320287268427,-0.5970956191020367,1.9871183156582675,2.2366824515066193,-0.9499102632201868,-0.8817901289019368,0.09582169803376304,-0.7856116130604606,0.13479742450704846,1696
4.2313338518510735,0.47778395956043607,0.1645988641616209,5.579386820622853,-8.71145006792702,0.5421949780346169,-1.8185159190986344,1.9817954436778944,-0.1493277748049311,0.5463257003620089,1697
5.242718545384696,-0.9536355392805496,-0.23915200324637834,2.3811303486431554,-1.0798023614890502,-0.5763833631460006,-0.6762410847457229,1.757397878770617,-0.24453965353618473,-0.30035208044195677,1698
5.5723752960793345,-0.17161749444934096,-0.24022109806896125,0.32978747225605387,1.178911384289208,1.5107963185881386,-0.37982300379833517,4.235072276752014,0.4616431026162455,0.4405978801254275,1699
-16.043078018765186,24.000523693892912,-9.993340970157632,-0.22505663113749977,0.129137385339125,1.024072851398278,-2.155943620172229,1.1717090096117087,-1.2167204636292615,-0.24640696008805277,1700
2.8783560187632964,0.6275709260767026,0.26750462811047626,4.622928408372481,-6.887841652516002,2.028457627442879,-0.15788219945589724,1.034825839932023,-0.8901724919256669,-0.4187545734687438,1701
-8.58671369223054,-3.072347951036459,4.499937315555754,-2.9063320275082183,2.923949467372314,-8.022220730368918,1.6562871430588622,-16.987500670917935,-2.624929995670944,-1.19274416325822,1702
-17.466788420124075,25.638324622277047,-11.72201512215443,-0.512078519408928,1.3904151300857912,2.1596601016587735,-4.634857322586948,1.2839727901400864,1.2247921416442598,1.19999064284623,1703
4.54658891122014,-0.19198393027457916,-0.3156863279694141,5.534715240931932,-6.777624252423474,0.7658552295108462,-0.44560794412501176,0.5367730866740904,-0.0658629904382113,0.5241132980129681,1704
7.165028639999129,-0.920328090490426,0.08373579705085687,1.782790262135927,0.5060635512545658,0.11813888479812772,-0.17834363292056912,2.099752537643725,-0.8755729566110289,-0.32016690236745027,1705
3.630349609702106,0.14982940576112955,0.16640692864526282,4.673127518107045,-6.796452292305477,0.2739808384824188,-0.45365029862700673,1.153750853564603,0.498593055621011,-0.39597464194098286,1706
4.372313435864853,0.12227669754301496,-0.12737381827908012,3.3843474105519884,-5.328739999042453,1.2526166240563643,-0.22352816383751742,1.1767951869171633,1.092829905175073,1.3229431433658536,1707
9.974863308256333,-2.2725312723753044,-1.5655904528497946,-32.950183548581265,-8.900575263922947,-1.1696138338912418,-2.340767002671282,-11.476657920523916,-5.438690384502826,-0.5577159360136497,1708
4.661190267079783,-0.8107384743172609,0.2501095052001274,2.4743880996687673,0.6603026423465311,-0.5222816182890067,0.0824078661209215,-4.097804455773029,0.3497976595568318,-0.47716464806160946,1709
-16.407084951640783,22.51742447111558,-9.089438743231952,0.029768402445356085,1.3925123836518827,1.2605355573641897,-3.581731232705988,0.7782242029610708,-0.14464486226438317,0.06968625455602337,1710
-25.72307231181037,-2.28569390905557,26.648098407145298,-1.3336761730495503,1.9097783006988038,2.192287350339024,-0.20569165010098797,2.6450392237332596,0.31351716499221616,1.3221545438081606,1711
5.891543286086836,-0.5565402547255764,0.2507431597869839,2.96756530714616,-1.3320040287307306,1.5343830972601125,-0.40804260610908677,2.9893242867550494,0.3282969972077661,-1.3381048369712746e-4,1712
4.163214554997785,0.6203190759644309,0.07137214542651296,5.8607012591501455,-6.204150202304046,0.5154574397595664,-0.5142974649863848,-3.075365731578548,0.523133910240648,-0.98554591778826806,1713
-33.40570901132848,-20.952323500396734,-3.8934846170182724,-1.5744538384627536,2.713259593348516,-1.4882185877241907,-2.1503257578098793,-13.551811272421874,-1.2376611394892838,-0.37790716559945475,1714
-34.075206518826214,-30.98210549047188,-22.5803645109517,0.6364093694586599,0.6071936051795843,4.953261676316812,-0.6446108357968435,-0.012073816391086987,0.5195103710591872,0.6798495586935978,1715
7.7940266005199295,-1.3499798823909386,-0.33514825232540096,-0.2256772152026878,4.019701244294666,-2.540115216784881,-0.6836340820817982,-7.69285652040713,-1.15607055739732,-0.29579897415553874,1716
5.580194506092906,0.1419791648920073,0.02136738477324947,3.8217768340857883,-2.272088936817106,1.3936780695557323,0.2908184105045337,0.6742575013488882,0.6910703353232795,0.7323823083987977,1717
6.227879114005368,-0.5282837768867242,-0.22371574176407233,2.878458268385934,1.181031579758065,1.4504778649024481,0.0982697930924134,1.0525577068639262,0.4717587789898926,-0.2055151206899564,1718
1.9393689990866916,-0.5418784569464865,-0.07103849518362516,4.668271895060271,-5.591811804574128,0.8633033245332915,0.2638548845192009,-3.076345809268789,0.4370520898105789,-0.4197482086269728,1719
-34.283800745027015,-27.009731005716613,-9.155291661658179,-1.5715078205394652,4.576691089081287,-2.2961490257576123,-2.6211382187172125,-11.890741205761248,-0.6700034635058677,-0.07917813095271879,1720
-9.070642900524614,4.556661091667994,-3.226416468886062,0.09108336410985833,-4.627451655910657,-7.565372807948746,30.010690632880138,-13.543954281845771,1.4738132464406335,20.814608339709714,1721
5.0484454226447335,-0.3449761367972252,0.4784204069973765,3.761482421121138,-2.7075946507180966,2.1045529935942904,0.06596784384892665,2.413466800174473,0.45156535748966353,-0.04563723218144484,1722
3.8782764316975578,0.2870093393377283,0.33146775715866045,3.0422637192956974,-6.2493449248038395,1.6166391002082123,-0.7199538052724069,-0.2273241879063395,0.8424694293632654,-0.04284228457662348,1723
8.343760836912935,-1.1874714286196633,-0.5909840502930603,0.06597709498565552,5.769775653059514,-0.06592108507050043,-0.15714464339591955,-1.3573319262158365,0.05417994055125311,-0.1300380944835978,1724
4.438308158762768,-0.155695094610508,0.3566855767825768,3.7139499940050995,-2.628650822862281,1.7912665780303771,0.2692329775807955,-0.4407455799283186,1.467217535067912,0.03289018085939662,1725
2.3819444494752595,-0.3950766989985665,0.21921034148616844,5.483186404466551,-7.96620157005687,0.9859613297915741,-0.2060646743326435,2.090085540717568,-0.2676923649190538,0.4983969198375914,1726
5.80540461558438,0.013039374622503158,-0.2935651419835302,4.827998420759322,-5.923149639543776,1.6577472525537853,-0.8024597322843794,1.2787678497993669,-0.9933943725084206,-0.0249749595334864,1727
-29.472070687661496,-2.223794861297397,27.56011370584917,-2.0793931589547445,2.2352108706127214,1.435760794050927,0.2659282874271615,-0.14091744431900274,-1.4363248005623548,2.8199720763574634,1728
6.548478358634549,-1.438520660009355,-0.24063560286457156,-2.513821173165016,14.435379496991319,0.3540393601463788,1.5110545574741283,3.299452049260745,2.496730488779579,-0.013077380769925828,1729
3.0560977084180445,-0.7326041391046579,-0.16508812672102924,5.610108313792097,-6.061413293738476,1.569766538197448,0.2958240701101197,0.7834257150564582,0.9250304469384001,0.10313394008972435,1730
5.3700728886145646,-0.8223292677515674,-0.41232809758236627,3.0062219136313955,-2.7770627208441523,0.08916077119480051,-0.7138315558901928,-0.5460225039553182,-0.2973017793853176,-0.07312542548975552,1731
5.342695224144425,-0.010544102019274934,-0.12024594272103456,4.013310896082198,-1.2339602928011901,0.9018270288389345,0.5714477225462252,1.1037822807275277,1.1906875176701108,-0.46412903627728364,1732
6.897176211736619,-1.0960484029264566,-0.43427192817783783,1.4678079120763519,5.488649037642115,1.1082371473404549,0.8556018741809372,1.156945463757757,1.5230898558482653,-0.24647926213460825,1733
7.397944059415407,-1.0419907181577992,-0.24497144267619342,1.0326408309487811,2.3260856608036593,0.30380601117105527,-0.5441839811766611,0.47380507709463454,-0.23411075082883484,3.120740834348433e-4,1734
6.537734257338999,-1.041401929218681,-0.03568001581038537,1.9185845545504956,2.656962962586388,1.5278420813637303,1.0735917877120071,1.2506274544914,0.4391488108752819,-0.31210104902984714,1735
5.951076228366751,-1.172983160267814,-0.16987818741284402,-0.0963248849337099,7.4789211008297825,0.44077075296460233,2.8170518709168317,3.2234262182891134,-0.0010354130241793642,-0.8583712524516716,1736
8.025029662735106,-1.065495772776723,-0.5586109237130547,-1.1320272068390407,11.299017746092465,0.20075909527085417,1.0656053236318752,2.0345460250468337,1.980064356971207,0.12376757598955082,1737
-25.848082699029902,-1.8523815384580584,24.888027504809713,-1.630018336058227,2.080661922046841,1.2855721097588797,-0.659309692439716,0.4262174332193116,-0.26500211687645403,0.531096569925125,1738
5.239644325177128,-0.36755943066154506,0.23462384611817214,5.097829108627376,-3.8025093033272213,0.8888152063424837,-0.2665603799153891,-0.2943695709773652,0.32668057870401707,0.2825448348226239,1739
-29.556219961238845,-27.85274625254259,-18.62919465148287,0.7546726719216483,-0.319645441977551,4.404248494075231,1.4925730263591268,1.9573431055213528,0.5687458426828446,1.312532587667187,1740
4.323197733295791,0.1646644380414553,-0.5125475530398322,4.7196610189380905,-6.058122333947138,2.211250774121141,-0.9692023161939135,1.5906072879696165,0.09118455884405856,0.5446348004899595,1741
8.953560870624777,-1.5074962138811072,-0.5807540149793926,-2.575037895195461,11.408022868037211,-0.29730488204212685,0.6948253562892002,2.116652716841291,0.51112125196951,0.04804095802004494,1742
5.882680750038482,-0.5472870134450014,-0.4256186310603204,-0.10917009778638091,5.357163028645904,0.6273792278820944,0.6828972239428582,3.2035127631174807,0.4378054074007187,-0.009923967759273431,1743
6.657903133477331,-1.0290793937445284,-0.2207176623751797,2.988158624819824,1.0528412133600662,1.1966595683413903,0.12419715119830609,1.8180083895790455,0.9877326505663221,-0.16563975885691756,1744
5.791099616982413,-0.6136870636740405,0.23694297928794,0.8777710999487537,4.3529607563177954,1.4820401986404836,0.4290414616600043,1.6787213835674024,0.3012809243947148,-0.3425568803113494,1745
-17.184600251219628,16.42621005810933,-8.34238134346733,-6.547897066256583,-3.794044340840292,-6.5455535557195965,22.93918929068279,0.7123469791622629,-12.738715710984636,-6.825322683203174,1746
8.062966929274626,-1.2120567385046506,-0.015457490134118618,0.5892950389589445,7.921560270870208,0.693859801772358,0.3893859034345435,1.1330593403561948,1.4912833485239532,0.07863540933326374,1747
6.789106253585884,-0.9310701411559834,-0.5727204098195029,1.7264231772898986,2.314188412382095,-0.4175920423286237,0.19241089651356533,0.7800149333988543,0.18281918621356913,0.03319773176298686,1748
5.0731517303371465,-0.5615563184010143,0.42543850247792475,2.8649758501372053,-1.2482149211303781,0.8832085717426079,-0.03450296806199051,-0.8000445732755409,-0.18417290049094417,0.07839611532859334,1749
6.848779590233045,-0.8118888662365699,0.24149475093155012,3.881748320658976,-3.890794361046418,1.1509390095269654,-0.5710698249883756,1.7139559262351545,-0.39973757553742695,0.45914045483202254,1750
8.3847898224237,-2.0605025910747057,-0.15105715430397781,-1.3907360683941619,12.778972084272386,-0.35594110974072973,0.8144460210475523,4.6575951430690505,2.3331480984040014,0.1348470064755456,1751
2.5937633321113354,0.589329577976625,0.131375354799636,4.657787002846073,-5.820292000106081,2.5282093328893027,0.4211496455518499,3.4144200910758697,2.003818203627893,0.05120653150517413,1752
7.253993555382933,-0.5007905568526474,-0.04276213983648908,0.5947061387668677,5.824037545602221,0.706902697425816,0.5222005959665837,2.5834273678971122,1.057318114578347,-0.0419041877120577,1753
5.774791371138098,-0.3570391152860776,0.21829667379037987,4.545144100499436,-8.44605497280967,0.7635180544245441,-1.5445126368012143,0.31330567299725864,-1.2950817677934514,0.2448136934156844,1754
6.521429133422796,-0.463628738575388,0.24475769094184213,3.653780585760003,-3.43624697523029,1.8451084648163816,-0.8522281471657894,0.7440859771310536,-0.2429728973041143,0.14552724407128984,1755
6.308710499596752,-0.6050757927270278,-0.0491267534870819,2.830218884143359,4.316131848899508,1.689034747121385,0.947833748392233,1.8265243338416075,1.289928775454639,0.3402806263393137,1756
3.910097800027059,0.2529781384249105,-0.058879802928421085,5.750907109918284,-7.196729147982007,1.0272122229858365,-0.9934717495637168,2.5345296278280998,0.043373693045138835,0.02377745862920525,1757
7.4281942077612255,-0.9326455384555604,-0.2356915545005245,0.6001778481693458,5.010676183115618,1.541489476217357,0.3696514232029911,2.4302725887315115,0.4673853775224392,0.6001580407479965,1758
6.243806253473752,-0.5620168752221645,0.14014889431967406,4.685692347308318,-5.558016315212512,1.59901178073101,-1.085555729086278,0.5946218722206765,-0.1667275364489131,0.3666225951192891,1759
4.278490776392563,-0.2526709959904056,-0.2260216981720961,4.009448415909123,-5.029309982675929,1.1870949079853217,-0.1954136027981432,0.7729240874488364,-0.847696861509496,0.39767972216994113,1760
7.6773376933292585,-1.303341375230879,-0.3251106378962361,1.4289480718510104,5.2394398218338605,0.4164813403054196,0.3100964140326239,1.206746430612698,0.4467896798803265,-0.1280000051643267,1761
-25.602753694656077,-1.8242987640069945,25.701562484977178,-1.9502537242570768,2.770399398398402,2.17358750720322,-2.025201446984991,0.9812134100686986,-0.12637727167937926,0.48209756247138713,1762
7.931089835880575,-1.1253713296925503,-0.14136760976781965,-2.8881712918948765,11.959895300711084,-0.9516074798718677,1.244027725684488,2.369769433011339,0.07581292863879699,0.210013349724759,1763
5.487706896970946,-0.36726182822519127,0.21093528590222232,4.562385901231336,-4.705787492293709,0.7241219620899748,-0.7222056104164566,0.22312548195866425,0.06922514430825957,-0.11902022977347482,1764
-22.80511387920513,34.00282972339477,-15.175673717497967,-1.5128714423990797,3.0135992952187944,0.8021506189953477,-6.699468521116235,-2.4162072984122664,-0.039996547515463665,-0.3192566028626698,1765
5.3836765382079115,-0.2340822297713288,0.07824582204179266,4.719228377678599,-6.4343978989739385,0.35414560864732914,-1.2947380239088973,0.3829692407362231,-0.9312487747997564,0.11475319171580965,1766
5.539396519831921,-0.23721892316177123,-0.07550394540594835,4.711786291271535,-8.110762955258318,1.5263754119650315,-1.6346625658725047,0.5884673481943293,-1.043449174694447,0.08726755975614188,1767
-18.542248694752317,19.519442510401532,-9.48096115664901,-1.710658974595408,-3.3568034960469104,-5.067912396786408,20.83600141644211,-0.39755377293288907,-2.5038189825539767,-4.6876608410069,1768
1.815420785460494,-0.49667507303063974,3.066428735016056,2.6811113792502574,-0.9628916361225385,-2.4162505653735646,-0.904457376561011,-12.555020249602604,1.0148088437003855,-1.1628847052898432,1769
-20.083454683609546,-2.147377729195985,22.517203111489767,-1.9684998706376344,2.2146959760005265,-2.145089007350566,-2.2268652867260252,-12.791187408518732,-1.1517000691736057,1.0661212054242344,1770
5.501041968701594,-0.01400897774794779,-0.028278121591762517,5.904131153943356,-7.614396944084127,0.23717164521105594,-1.4710633312308576,-0.8072294376709963,-0.049575598635899616,0.22274885378063258,1771
2.8064417346037103,0.9177734629173718,0.1568303362166165,5.404481204946964,-8.002282989855928,0.7898667131350852,-0.29205420590018283,1.4100136330273791,-0.17033820251299708,0.08614856339782609,1772
6.971692857873771,-0.9080712400888469,-0.361537742579966,1.67388891545473,4.670894900659055,0.9799154664016987,0.5847641173668149,0.39916813682737745,0.7246613108056175,-0.7836687518086621,1773
5.654579338795137,0.05158440342607049,-0.087968735531507,4.352332903958013,-6.78789327180838,0.2778858535141448,-1.6654560912184382,-0.9095062097653246,-0.6001610521906382,-0.16759362625861385,1774
5.452189145224524,-0.5814125090990961,-0.03372898166831508,2.5914892380089065,-1.412993134309246,1.6325509775819704,0.4208641919746363,2.3950936033440193,1.2414262726175285,0.520486423940778,1775
4.452008814535724,0.08415266992497143,-0.034735828690969604,5.191270178590086,-7.962338121306015,1.1929812049980826,-0.9432625833399485,0.15569121070215697,0.15178177798145892,0.1768138989378021,1776
3.693761387784106,0.45225310501168814,0.23050357222764087,4.403948995324272,-4.340416057270192,2.197350105053805,-0.21620708190712343,2.124350917087766,-0.026770008738600016,-0.05284886905984697,1777
5.055277452173606,-0.2220735491423339,-0.15858422330678093,5.3338595574471475,-6.734304552428489,1.4848245431599658,-0.35478578625635515,0.1503050240905714,0.21432481018650726,0.28480471325267814,1778
7.667030174329281,-1.3437874751017755,-0.9967207598701671,-2.52877358719637,12.371898945071582,-0.07780819319480094,0.7294156803346024,4.012966406678079,2.3003502464661696,0.054313898307155266,1779
8.58522915635702,-1.5110969190517336,-0.5721307116984237,0.2994141946168084,6.507861943526313,-0.1540429191315881,-0.10945964041944484,1.7788286061706122,0.1123064750974767,-0.14001574776293768,1780
4.128672882590579,-0.524640416762104,0.28001383728643925,5.59090472671804,-5.82273055431319,1.438629970418541,-0.5574314024777262,1.027631350824441,0.9529677705222228,-0.13803990221651247,1781
5.891311520286619,-0.31428371790661136,-0.016834671515296717,4.881886018245883,-6.675270941280548,0.4871640164695445,-1.6972665871336161,-1.4062781656670975,-0.30038794821487763,0.08842191122560096,1782
6.424065410887815,-0.21781902186528176,0.008897905214573062,4.535776304713508,-3.0438071931194632,1.3314559418761982,-0.6351177248838142,0.6241457473394252,0.6906234801353964,0.6732672632831495,1783
5.592551036468159,-0.5749458035751812,0.07909628662497747,1.1844261702473364,2.516637533458914,1.4310251174370727,0.32179129543342155,0.19016006618368236,0.6349846552338518,-0.30319517077984953,1784
6.162998036929018,-2.0107195876870825,2.556419564910142,-17.177959025633484,1.259142504699967,-2.278054757113415,-1.5871225588969828,-13.571057254886577,7.020351771850697,-0.6689405771332348,1785
7.980329056954638,-0.7506324457592128,-0.11669957372373363,2.882103031384361,-6.751247202058953,-4.4523038695283095,-3.396756595221576,-14.181792695981494,-1.9876024850045242,0.005344102190011511,1786
7.438330188281668,-0.7205658239902676,-0.2607441520204908,2.3148940961999402,1.65896828225338,0.5639566286718235,-0.12177162390570784,-0.28516916734265496,-0.4442309913586973,-0.10818642301157166,1787
6.0421916578510855,-0.6599063451376548,-0.038558319525670355,2.9787435429098394,-0.9146258288457436,0.8034093518259238,0.18853037788830584,-0.1977319985211579,0.43532101533250656,-0.3683881965347166,1788
6.841034680861289,-0.7829862922942498,-0.33562447556099284,3.908076052519696,-3.383243638787502,1.1441362459742068,-0.3275601911738343,0.01798928523149201,-0.08398924182597847,-0.7070770746438941,1789
8.746848825451519,-1.4415554931627468,-0.4371997660646589,0.18542233638085087,7.648537008213862,-0.1804712141709025,0.352908417990582,-1.1168609480605025,0.43943694897439367,-0.25624095751175296,1790
8.202928812278484,-1.1685480684000877,-0.04012163143560198,0.6035794587275094,7.111256692395807,-0.031150931871010822,0.6139396842083013,0.38133787013142467,1.206034807333391,0.08900609539281426,1791
7.233616546164865,-1.1520004046060721,0.0635489396895925,1.4169823282043414,0.9231090923813544,0.6128642637707109,0.21377116877755897,1.4660118190480382,1.3442091754409655,0.5315750860511983,1792
7.00377135615443,-0.7757384883189723,-0.273021630344979,1.8064351537669796,2.0862076433659977,0.39940597875064393,-0.39585565700894815,-0.04438616575050393,0.24781596763222644,0.3754893163213689,1793
-6.689860653012565,-4.963543829124554,-3.271426057875211,-15.409966628036123,-10.23196042510808,-40.57946700038667,-5.6966725808333285,19.693806549074832,-18.92640189822626,1.6176279038590642,1794
6.176683694760395,-0.5861223678683931,-0.07139489310413026,3.121847034387903,-6.557891278655085,1.5280195740054683,-1.7710425592233692,-1.4066186297836287,-1.7947942516138797,0.16356285647538546,1795
-19.72425148837518,29.209721273005748,-11.423801617951995,0.4679595550708103,1.728322368745834,1.919746101063139,-3.3372706622874646,0.368062038188612,0.10135856266731048,-1.2487161455476659,1796
-20.627197396152642,29.937491909310683,-11.803776990179239,-0.4086480393546899,1.104078456785115,0.9948107761576367,-3.32666777855665,1.0386844703407843,0.5779838200833018,0.9946654104461902,1797
-25.383903344065974,-0.14132129772444527,24.022299892292256,-1.3616228997561646,1.3858622593883223,1.5667741368908021,-0.3712325409806631,1.31034057685276,0.061050277532884244,0.8919218877174957,1798
5.359980971455709,-1.0498028580816785,0.01957895151151002,4.354421023702519,-6.25493282989634,0.6860161391567038,-0.7505780548651283,-1.2361399161534918,0.293783135536566,0.09180838592791823,1799
7.617246224349456,-0.4624837361663701,-0.09459670105371486,1.4852143018388295,3.8527926328525495,1.5841133230397564,0.4175879581149991,0.9164609002144293,1.2224115115648384,0.012197785661958411,1800
4.966769135634279,0.01593398606262607,0.37175648812443585,4.803973920140761,-3.2171010431158074,1.6679871755502749,0.015238597847919071,-0.5995936579722136,0.9496543632188867,0.1578270731749857,1801
9.327814483001738,-1.445955552182206,-0.23412884372164583,-2.7679450038943774,10.108592115025404,-0.5363195988243891,0.2788063106138308,2.2364312877628088,-0.6885669773288916,0.12595172359764448,1802
-23.383191272322453,-1.7170199140612523,22.402511106978245,-1.153503781376868,1.337868810458014,2.4714883782342385,-0.8307870861791345,1.4817675554323122,-1.0143210536881129,0.10340147136095208,1803
-22.05103601011771,-1.8713657789560478,22.516929743608433,-0.46692028046714024,1.0193457112544955,0.7923653696471973,-1.3441964536271318,4.095081549541018,0.1400010768504523,0.055473162670269846,1804
6.174288578297418,-1.205457913605485,1.0389745439982052,-7.743919876411602,2.745901774840844,-3.3496390058406207,-0.9053310279974586,-12.115340829366179,1.9153752283127805,-0.5844353853861511,1805
3.9467423533621764,0.058540860821134605,-0.07992136618233386,4.897313214047113,-6.943700666526019,2.2743580184472876,-0.20371853668524603,0.6434744194238783,-0.2020384498167005,-0.07949307399354213,1806
6.399239478954669,-0.6806370302145327,-0.2910197141998367,2.2363300666300705,3.0983209891700136,0.3711010170195934,-0.14646164484231888,0.9860761897679201,1.0155615781881622,-0.11779762161278783,1807
5.491047159176308,-0.3992651259000601,0.2663172855072897,3.1350535624136917,-1.5624421963300903,1.5286416849197564,-0.1701390677819121,1.552160396504262,0.9150479702796591,-0.08617014666275871,1808
6.091812188874963,-0.7421348972657094,-0.13888343415621798,2.9324649692509723,-0.15643234211809132,-1.4875316736995055,-0.4833263606930761,-9.64194971881089,0.3093967107340601,-0.09082569294908889,1809
4.812334670161656,-0.1937819358023488,-0.06428386206264344,4.57316938512049,-6.656276208320634,0.7895724738888585,-1.3230325629503181,0.6335805894065983,-0.851358102954009,0.19139230921919995,1810
-19.255674938129918,28.70432456888569,-13.58481208034838,-42.95934717888437,-12.174868435382677,4.598219247891257,-5.709066302486181,0.8068223204194394,2.291250913270838,0.7901357995286676,1811
7.367253751867357,-0.8026380930640995,-0.3413491620556959,0.8960650293297284,6.501099792566502,0.8171709193025803,0.1624887205259272,2.3864220243926204,1.1983515235665056,-0.04275412564178118,1812
7.764941176538383,-1.518014698948488,-0.5830957022319496,-0.028959431288945237,7.751692524460111,0.1029788044520219,0.29748297439716376,2.4174866314891172,-0.352907110159942,0.09930611678598214,1813
3.6241041791608826,1.6108352352997926,-0.7952812179096432,1.1737669862643736,3.426262186490074,-1.9982275023630292,10.799290803148091,0.43121750449695145,-0.5909369060011944,-10.68779184130333,1814
3.6991895962079937,0.14132730111442762,0.013194749585592818,4.059424733914676,-6.584516455385482,1.409104947292839,-0.9779850495459753,2.9404757652065348,-0.19217791986380364,0.25288725671695067,1815
6.586806206181324,-0.9663839471878911,-0.2065860390529597,2.5597963498734555,0.918066484969922,0.0034961685157509944,-0.3051817953567753,-3.033593358492363,0.058648903084910414,0.15012469651694693,1816
5.608146566900062,-0.7068703186683233,-0.017301141093018516,3.9465491714903402,-4.744716112585813,0.9427739147625391,-0.7854213855853546,0.6535202776637125,-0.5331483215553319,0.27592500088724065,1817
9.144169326201634,-1.3262299621739033,-0.64151476181285,-15.352905154979252,-1.2204960935272482,1.510339138458976,-1.3143296673431017,3.5596184312545525,-16.97921283881569,0.2932230493695053,1818
7.00175685869766,-0.7021142313209601,-0.049990960703725086,0.13664588676228479,6.031663054235814,-0.034356035119062475,0.42285495219575686,2.235742478506408,1.1428745717034134,-0.3196626815626893,1819
4.328091418821201,-0.0802479361530731,-0.30885637713052816,4.736851735733319,-6.909125499909304,0.9560365481265504,-0.9216271621844794,0.475215609805902,-0.4470016720537527,-0.09518266628394778,1820
4.026496112957269,0.15314115085275473,0.193101489447396,6.145107546357707,-7.177702649498445,1.6838842081369882,-0.4729896014650709,0.9556177855561929,0.5641652948786379,0.28278980741709514,1821
-13.566916743152603,10.495512704877218,-2.7546000676469724,-0.7084150370160881,-4.825478132367832,-5.63379689516649,41.601929664335316,0.25853157155276074,-0.742169657482197,23.6841422178111,1822
4.8746158467594025,-0.5449441160884095,-0.086334564141184,4.918143896670081,-6.023156739816323,0.9327934363884626,-1.3504021578467018,1.0423665535354474,0.3715579340121964,0.18644912948467326,1823
-19.0110137053239,28.36423584673105,-12.465943703442047,-0.5309408652473224,0.8989890579223755,-0.09770942754042818,-2.533612865544071,0.23427333887499008,-0.3700602593409371,0.9138724516412512,1824
6.594482865142727,-0.8678384868575804,0.019626911037822697,2.148915659349115,1.4544780089954163,-0.19087910021327553,-0.28818068062646635,0.23175833117179961,0.3289689248180369,-0.0677864853281732,1825
6.377168930605496,-1.2664417382206299,0.11652059532331309,1.171359975511518,5.711483015201651,0.2677404598155581,0.45946129886642206,1.3041717614032697,0.6525840875743345,0.011585291058194563,1826
7.201635026107773,-1.2223190794601873,-0.3865720043210613,0.9363267540340287,4.242122336451096,0.7251299487636687,0.3577316498630039,2.366497201439938,-0.054133672370565024,0.3030901522475309,1827
-10.820990854345531,10.404363255707995,-2.0605056336513923,1.0868845357853452,-6.382657381456742,-3.919159157942057,40.208370678602364,3.4025362475763403,-1.5454799876922727,-30.006355234105314,1828
3.3462395553386974,0.25959933067949714,0.7138273292663472,5.566719561991539,-6.206077385407107,2.9880664126960768,0.5523836135200023,4.056259520939979,0.05401083013399463,0.03893108173863019,1829
5.076110842978859,-0.09155718234383127,0.29810651595740184,5.151760573814722,-7.918813560396631,1.1587562935564675,-0.5871913666155718,1.0870308814380907,0.45060270849526274,0.3382745246123517,1830
9.544094841161277,-1.672087194090502,-0.5665844125772629,-1.0892270024567352,9.790717805662517,0.18933595158242747,0.44489965618593635,2.0167482628520212,0.16098021411734964,-0.045312061054485014,1831
-20.198506762334507,27.808659357015966,-11.894642316209927,-1.4893678550314893,2.256014401635414,0.0583419644490594,-0.4478119656674099,-0.816116079507918,1.415641089354003,1.4156907079174725,1832
10.15832387877234,-2.213596723606729,-1.596848091942969,-36.63551710881168,-10.654120109190815,2.140918466001041,-2.606063582813328,-3.078366391614648,-0.22236525176803695,-0.7110739597384327,1833
6.9336606526291185,-1.0729446376986431,-0.20535714263691685,0.42163771194154065,9.890612436078507,-0.051456041476498446,0.9451141990180071,0.9081171585880479,2.06914972687077,0.08017196777351297,1834
6.013623764975944,-0.3689674449624186,-0.08079748293128336,0.6650013017790573,2.2551343445901884,-0.4394197845455082,0.35917916832740315,-1.6945637486441327,-0.20516117782711366,0.12495964287978144,1835
6.527144306754321,-1.3285214653522686,-0.31123948428636844,2.445769840205774,2.8503123688116645,0.45386830525629046,0.9994305260823195,-0.8582802897623263,1.0414061453951053,-0.08202460146573204,1836
4.3885002219457485,-5.269318257026789,-3.328916643332718,-0.0045398726789044755,6.447772696902871,-4.250494460203254,-0.6208450610628715,-16.177644376698584,-0.46162276949609393,-0.4954297064850165,1837
-32.6516636867844,-19.85864685452721,-19.574467861292604,-13.677350351433153,-2.5686923006816,-3.3989161522413576,11.919708907645365,0.29215905356833843,-17.54690264256034,-1.176424228740697,1838
5.84467442402499,-0.5733823479797887,0.3434342145698906,3.4712772251988593,-2.7046464673520276,-0.8849492109377218,-0.716415536424443,-0.0034536292057912965,-0.46207445302085615,0.15423489445674016,1839
8.279396729756298,-1.011156392668587,-0.5532700019610632,0.11883468175840003,7.428231080712333,0.15798688103758374,0.4212167810425949,1.1520159104981025,1.5370958382175102,0.26843125979274113,1840
4.776244945295087,-0.7194112335109812,0.46249263715235367,4.7198552414164245,-6.063046479556752,-1.0462492838332287,-0.9539180826776403,-6.263483357733974,-0.4206804670021935,-0.2179534125401072,1841
7.996136437109472,-1.4168319243906946,-0.6504721559978746,-14.199033746605151,7.427670704720875,0.7650566485223269,0.3008822732440751,4.726808352698794,-16.489534675513827,0.8169567893272354,1842
6.05264441793178,-0.6956322459761094,0.30645795969458606,1.7888484798881785,-2.8321793711904224,-0.7411982518564243,-0.7215404934636389,0.44420276095090666,0.14484369576517514,0.2487192778906772,1843
6.547379854219129,-0.7719043286360406,-0.03462076665319044,1.5981491645747181,4.648517187353782,1.2016626498388623,1.3098515512235651,1.6681566588614567,0.4483896119345219,-0.896665636234249,1844
-23.270170058484272,-1.2510324743732006,23.77391314743965,-0.25267034605337374,1.461689012546623,2.063741387232019,-1.0276179925650162,0.6024953880223793,0.009907703068545264,0.8075072757548076,1845
6.596832088068499,-0.7227206259930633,-0.007916501561086853,3.893141611053223,-5.292573448288549,1.715000407281897,-1.5284709221260642,1.381512041362525,-1.662671364721192,0.16184405694695292,1846
6.801469936703637,-1.0108013728070673,-0.20165777575529137,-0.3409092868219068,9.245028827082672,0.06629833441078953,1.0164202836593315,2.4819674987588254,2.296211695273561,0.358914109821688,1847
6.807365086693604,-1.1166550265686548,-0.5202920533060816,2.7750842905424182,-0.4898529874853479,-3.5622315393607344,-1.3071275308758967,-12.00512495268496,-0.16077089931562627,-0.07126652147219432,1848
7.079676505656824,-0.744390587251838,-0.08339034941144957,1.4436637114989146,5.1579075871456395,1.3557032005857235,1.174182889092357,1.5325168208108901,1.3374970631160408,0.20662014476622273,1849
5.037959487628285,0.10002919911689764,-0.41137141017746504,2.3438001634111907,1.093588485777176,0.017580126162481093,0.23267175479563282,-4.388233987743688,1.3879445100886787,0.00374056162238419,1850
4.810898947979041,-0.36499990938564203,0.12827378205914383,4.024967322972713,-5.969213353436676,1.5316829849493963,-0.34714984616585814,-0.2865248659646128,0.7913375718101848,-0.6279964025669394,1851
8.549911717546332,-1.5777199966734374,0.28864241819333974,-0.5732501850778398,8.931502189269198,-0.31445042009869095,0.5745242558538298,2.3814412855664613,0.2524876227470519,-0.10389780132034365,1852
6.1973524964291915,-0.5855731693942063,-0.28934988582671095,3.7289913830245145,-4.120866986090916,-3.4171393241669636,-1.575772589678784,-14.340365249557701,-0.37372858270831394,-0.5104733781526587,1853
-20.856954064447038,-0.05637316986818813,21.12898019261321,0.42944487653038954,1.1539853288042854,1.548209410557507,-1.2767478510555068,-0.38804748600960115,0.3394081651530156,0.08281326449158527,1854
4.208599046954555,0.12449072417616676,0.18149467395239177,4.814341591042588,-6.671085728631585,0.9067844524034258,-0.9149391882835931,-2.7135189659939045,0.441040164743719,0.0039610974852925624,1855
5.902654158840752,-0.4374583275628979,-0.20576519540121782,2.2926633203367057,-0.5571994003048637,1.043766242197366,-0.3827807559135278,1.3009111673633162,0.6791274854471749,-0.28427883848879215,1856
8.92757834564419,-1.8029427438043806,-0.5029040423441152,-1.1822876863781275,4.849100021889714,-2.664006377152743,-0.7110168227111163,-9.438955751335785,0.06696334463080979,-0.2937611358216031,1857
5.295126247931778,-0.7915554268931924,0.19340182413823553,3.2680023365305595,-0.19432241033338815,2.2921293374736553,0.328037958249579,2.3040580810407207,0.38284464483626246,-0.12932609854536714,1858
4.11316888441244,0.3626337423204565,0.26779174978541787,4.329128102723609,-6.701095193810679,0.9658301153651473,-1.0788874809531273,-0.29087850286743033,-0.2933264406658053,0.3951455959806217,1859
7.64915874807999,-0.9568096513184403,-0.5105955755329177,1.868844817838058,4.096682494375725,0.5707216906779984,0.10158054374436504,1.119266445831517,0.4357094386884542,0.11787162772759456,1860
5.815884239257633,0.3184606061510322,-0.36004836652598077,4.111249428772569,-7.301930436442721,-0.20908288440429826,-0.8131459669416811,-0.7115926033136545,-0.4650714252313842,0.2841130845887795,1861
3.325113211287622,-0.13779240054890196,-0.4188422913264736,-2.5621613659131524,-2.175383297994488,0.9868840778587563,1.1171983763487157,-0.7332011009093901,2.059137589523717,0.41203266308787406,1862
-24.948210410669738,-2.0264656318249687,24.734367609669963,-1.1493834895341943,1.199910952414838,0.17326688492953327,-0.3956167925310246,3.3540884772776973,-0.3706533942447141,-0.5722243477884963,1863
5.582340586649634,-0.08342944616178569,-0.11795268570254792,5.236111169935359,-7.162249860009067,1.732304027195603,-0.6765913232147028,0.1777732729170756,0.10325906199850993,0.23172784088547155,1864
10.274775214639657,-1.2893560137657702,-0.46818160284825366,-2.3505513112429455,10.989499214117403,-0.2460173154780053,0.2951866405350211,1.0174478795501576,2.2276723893991206,0.13781076631573086,1865
8.8685937983453,-1.5320630178156756,-0.5409193990537805,1.1681896763138218,4.7712119729272215,-0.19923623481631955,-0.07413329083645975,-0.387168821849852,0.06902843129018534,-0.2827173263083328,1866
-21.609050289730742,0.1840385635543541,22.178845576826625,0.09399704946207481,0.5577115902255535,2.6610811650974022,-0.3003579640262416,2.3850943758816356,-1.1233204049488061,1.984534271595729,1867
4.616056787930692,-0.0058580043938556035,-0.31211712892394705,4.301079346656967,-6.878719848120251,1.6620208315173441,-0.7446215548853232,0.1711151802533699,1.134687391343651,-0.15516090371463556,1868
10.431429887073486,-1.9985715639264452,-1.5634814130040067,-43.653891233472784,-12.19915737988662,2.059097088349771,-2.611240775698815,-5.193404201841888,-1.1040460290292586,-1.1525265336913926,1869
9.114022131499517,-1.374002899255828,-0.3677079035548442,-0.7420310973113889,7.991747967360695,-3.8637558639900687,-0.4741093972933569,-11.994066259924953,0.23776978576115057,-0.1437793083268033,1870
4.884582374271262,-0.24598647625123443,-0.03926211973335933,3.6946751755263763,-4.322160243785491,0.41876124004192666,-0.26454962310726926,0.6927861351623581,0.2290341354731707,-0.5737662951799185,1871
7.190851838549811,-0.41007290275817104,-0.0347904315702965,4.081281770046595,-2.771565452578867,1.4766931182196512,-1.3491601089748844,0.9584464305139087,-0.11395389623223198,0.2534990233308311,1872
-26.858862439113008,36.16931207251865,-15.089729653851581,-2.1836565734887454,3.303606485005512,-0.039782503142516364,-4.725695117091099,-0.3750985175375125,0.8394138506884367,2.0570330232737875,1873
-32.939205363421,-30.69811640294599,-22.449740711433016,1.4389487845619078,0.9246743624340552,4.705140120653208,-0.8314062979676027,2.041428405660514,-0.47352359957884693,-0.19478460483067886,1874
4.239196456981849,-0.29851312053111134,-0.031384411367766055,4.485296686602833,-5.829455598351565,-1.073968892406737,-1.377297790440077,-9.871087833608076,-0.1503725786959773,-0.40023280997186933,1875
7.735165589198868,-1.2004120228595745,-0.041118502552722924,0.35079642747987005,3.796289446909258,-3.409523279011401,-0.803318430679354,-7.6303080525576394,-0.9232428680056822,-0.23361795037301772,1876
-29.264433944285777,-3.8350767914717894,25.80290050559756,-2.5830048468953084,1.9866795651186209,-0.863640410831095,-0.8880655168419463,-1.1649031867000958,0.28787372188657157,-0.49658515895735617,1877
6.364547139749355,-0.6304861083865111,0.10566759583154912,2.1794297609194495,2.4331239691949977,1.1741110895507312,0.5806999177041111,0.8971598431341142,1.2454352372593742,-0.5759800431989905,1878
-31.688731084961347,-28.97471015496237,-20.98726971420654,1.0040772070902717,0.6077137972885736,4.574152755567701,0.7474484553688727,0.8460191071954216,0.6769051035082637,0.6487439139957542,1879
8.864823768387009,-1.5712593545887659,-0.3523735208995445,-1.6261696032291202,9.70654455022512,-2.495370442281286,0.008705790898241045,-6.021116177711103,-0.26119871038096215,0.06901067789922513,1880
3.9208252093423197,-0.4669171287975353,-0.30754946919720305,4.653338952518699,-6.8195605365571375,0.92387765401106,-0.8244416212255012,1.4136498190334608,0.0647770279175788,-0.22690582483102872,1881
4.039379243768353,-0.023829144417562606,0.18501896333154133,4.871345652272775,-6.112044556577398,1.785293779523982,-0.3680952886273201,0.33719898022650224,0.8910658953985506,0.38689730698340846,1882
-25.491152705194455,-0.6268227369182939,27.868982793903516,-1.6437019730903475,0.49066977310138843,1.431867414977343,-0.4022102033179546,1.106062824554897,-0.924532231568377,-0.4872549840491983,1883
4.862510093268638,-0.2650866026699003,0.49949328920350866,4.641540573130467,-5.992015806572974,1.3080206662232128,-1.4926878925985407,0.5770340221629344,-0.1413702979134831,-0.028289991978552823,1884
8.558949434187143,-1.2179262469176426,0.1155680537961127,-1.7287128142119337,8.450191335423055,-0.5291085221600972,0.5744774827141225,2.6627399077313427,-1.4948432091390458,0.34882740465259116,1885
4.45169649325686,0.24817548271725914,0.10909090186337471,4.8754648414635176,-3.4928536634942806,2.2685533732373218,-0.0573088016787107,1.1675747815007298,0.6226616329654182,-0.4102743482149322,1886
5.878884034764433,-0.29869271530992864,-0.021991189700704506,4.590911292480159,-6.562847449976467,1.3430927269244002,-1.2596382025152724,-0.44855334077438536,-0.5556656423091056,0.20656260315816946,1887
6.286252565812359,-0.43400090726022617,-0.2827309802066268,1.2255386041736367,3.954743366082943,0.37453201910439915,0.76045313587157,0.6916858429137879,0.592189485258806,-9.012464349672892e-4,1888
-26.488528765532998,-1.6242142152800154,26.647517581460306,-1.403116033659616,1.7879788593607144,1.0030450854434498,-0.7875196249973748,1.420858112421313,-0.38457032468053176,0.4467348501918157,1889
7.688783657931041,-0.9504545326195688,-0.1408392668776231,0.9122254354716433,3.710289189102563,1.2072147434007183,-0.09690957212766947,1.2676352117478644,-0.2675406010225651,0.02326070356859848,1890
8.307581623354093,-1.4133886641993334,-0.07655548943262748,-0.9031265841156708,5.295296470764212,-1.0031358792349536,-0.21498066036479527,-3.5127542390705795,-1.667017025426341,0.14225089319935158,1891
-20.315246580159993,27.81296436655262,-11.903337166156994,-1.1232747754920789,3.2512391959826004,0.7466546225507896,-4.598887436283691,1.3029833025700592,-0.45879643864081976,-0.670361258127212,1892
5.201960106193428,-0.633761618010104,0.4369415234657351,4.213101210218688,-7.0492370425741635,-1.7234615803563262,-1.7387803130143427,-6.610048857908802,-0.35852263278096397,-0.03848607998840101,1893
-5.394358951426883,0.5314799367079698,5.54521459613656,1.5039230924319464,-4.492801362912672,-4.3475130465925185,5.908080749933162,-15.574537932152406,-1.246216119229598,6.293720216316593,1894
7.557328010490178,-1.1305326491504206,-0.3253085642321479,-0.6267029407223346,8.331613424217256,-0.273861043883713,0.7768653153927387,2.9660001770713307,0.9959530360705119,0.4478957128848119,1895
8.847234643109996,-1.1011792363535802,-0.8153121825821157,-1.8546460776298777,5.514168614524242,-0.05888989797155276,-0.3042961222029993,1.5571259095819328,-2.387247066163648,0.5208348914967582,1896
6.484603318195725,-0.36989235334262655,-0.29181872555339067,0.031348295902207085,7.77162377283376,0.8838338785962819,1.0082600752041924,3.1252844426528266,-0.4257722929406648,-0.12903165016299945,1897
4.8017805284917054,-0.006141689200545241,-0.011681788813900614,3.3987955924088453,-4.262594494293207,1.5899398778787706,0.11910510289660348,0.2113666735661131,-0.5946809481472164,-0.05467475367047314,1898
5.268622076200258,-0.06929848064462701,0.2393243787069491,4.304651469210993,-2.026366697819762,1.3252827547926527,-0.6575504376904081,0.8958330683925894,0.26680749245869567,0.03318081076343668,1899
8.037185598769584,-0.982997652314485,-0.3937858881143775,-1.3330449067574917,11.053391153343629,0.4378562639441058,1.25711100542571,2.801284712612566,1.434588833479286,-0.2140060263145616,1900
4.202651963946458,0.014980500278979134,0.3837396481671296,4.509822954460961,-6.842583694477696,1.8110820773958716,-1.0016209499941437,1.420843426557848,-0.5500597216790382,-0.23779136184890598,1901
5.343201557485978,-0.26453005650540656,-0.06865000189135985,4.40071592495735,-6.652183511515997,-0.23277670600029596,-0.7136623897521668,-6.173434808668329,-0.6508007382805433,-0.26481098882421034,1902
-22.542270794456783,-2.7262389906547004,23.172622753594332,-0.5525459528353981,1.7877920063089874,1.9616055527316112,0.3099075734508381,0.1492964345074347,0.6554366183711151,-0.20307271341106406,1903
-9.714362842341846,15.81827185355823,-7.106914140734233,-4.5800367449916495,-0.31222444538529776,-7.644953100391034,17.480672108490687,-16.64500812236237,-1.207669521456503,-0.33438252813384745,1904
9.88969896065505,-2.148939605371626,-1.2553282693940828,-21.508453936965804,0.8317855138459642,-1.6628152007790558,-1.27327183311122,-8.026849468971157,1.2324176368915685,-0.5220041589888564,1905
-25.62113324484192,-21.70724456620928,-14.06822343605492,0.7856808294705808,-1.1751888156019283,4.077757934695744,-0.5819250294678764,0.7772403331630379,1.5934643201229375,-0.43782029695391733,1906
-20.345966438470665,28.228866572912853,-11.24330548046372,0.12783778831659992,1.4395237027903949,2.08596105555922,-3.610989996443659,0.5612154418958475,-1.1970073593889912,-2.743687242146369,1907
-24.24041750958787,-1.3707953675266569,24.73041044827617,-0.631234088165493,1.2758553142943594,1.7991760615726715,-1.290384952938368,1.3992915619346356,-0.3665835555292202,0.04059869721400576,1908
6.994421415384637,-0.6191579363228437,-0.7694349775873623,1.7441070369162643,2.328184367268284,0.5717398535754131,-0.16848965157874315,1.3601640795596621,-0.2432510160139519,-0.09179042294614742,1909
5.974128063873932,0.034403177970608725,0.06650087441276249,4.277108081902464,-4.57917415510823,1.281343634279546,-0.8900169629627507,1.117036750055556,0.3607891270794011,-6.452890685111064e-4,1910
6.091090434726213,-0.24711403274266672,0.11105652496463389,3.42616788074506,-1.4778264191682497,1.3565775379533722,-0.019546988009673225,1.3515960009752466,1.2315958344219249,0.16131384145682248,1911
-16.218783210388885,0.09354694095062506,18.818105398345846,0.0692292532208605,1.1918614887209478,1.9211208671763207,-1.5899479959525535,2.337444192385802,0.8234022438818486,0.21247179824740328,1912
3.733553416251122,0.15287166193152488,0.8133785490195411,4.62396172051839,-3.279208909062829,1.7133112139887106,0.417888231163901,3.2703563234171513,1.0187395273289974,-0.29523096246450237,1913
6.95605927715777,-0.7670731938403563,0.004163405521524242,4.241858431225721,-3.234845260317311,1.2352828975688948,-0.6990410110245218,0.35177543496239067,0.35050983899122257,0.23691496750164837,1914
-25.55817353133293,-24.375276044115065,-16.914278459103436,2.612594567579537,0.15772883880619168,3.475084582304364,-0.47878355312893534,1.328071652238697,0.6899291000936675,-0.32314956368332826,1915
4.266227237547836,0.0960765184013068,0.24833504151954014,5.86227477562623,-5.806053479265509,1.6373568735311996,-0.3702142720662425,0.6338487052373756,0.7181457619259273,0.15405073525672336,1916
6.8165392241079825,-1.2561461518944386,-0.1683837008227151,1.1330602930709834,5.977365031432969,1.3296623123205673,0.7671298364707203,2.728246327114964,0.8021902518929576,0.11280895437563859,1917
-25.01484143069253,-0.9622660402567609,25.585253542534705,-2.6774187874477513,2.591931680850989,1.2067356090257892,-1.2486896797149296,0.946769686769236,0.5168771284674323,0.855920553093036,1918
5.163362043853013,-0.057429291445445535,0.3078009709405425,4.967299658155115,-6.6452985249972025,1.3144109333739316,-1.3860142590692963,0.5384889313011826,0.4823165317255818,0.14584754211439208,1919
5.566202803174361,0.07628115135986761,-0.032619655935176156,4.48702626542559,-5.46742991448689,1.2568086898833348,-0.9637707766131438,-0.4170238862547155,-0.08860724067975914,0.2900249199186496,1920
-21.59344341464611,-0.8629862983770613,21.224129434352076,0.37547387930306286,0.35879845081175454,2.823983756511794,-1.3194071852711062,3.114627864100324,1.0343063023658177,0.10389739772045883,1921
7.386614527561396,-1.0262628101314404,0.04766903819420852,1.735608485558412,2.3174662673767985,0.8966425855325837,0.01902900816373657,1.9069849786816981,-0.4776522645980323,-0.07095022117650403,1922
8.1924465914054,-1.1887909611425271,-0.2781816704754515,0.18154159228242958,7.014423088186111,0.5809215588894846,0.32187552749319165,1.8020188391445455,0.43174133157426436,0.14432785452366456,1923
6.1132959059757965,-0.2785773833822404,-0.05082327046815585,4.486356597986295,-2.8577745710343554,1.397617383462194,-0.6614875352170398,0.8413161416145878,0.57960156840675,0.019518679989122822,1924
8.439681618145674,-1.2961563774074008,-0.2576134845614701,-0.035284250720542115,8.643063208609957,-0.19662746397566022,0.6799639313900779,1.4145168104563925,1.2330122633826406,0.40339006858493714,1925
2.1977447813015587,-1.678730451721679,5.014947865476523,-2.1497207098326423,7.380453321194272,0.5518273530896072,0.06669766272860067,-0.13105493948709482,-0.3898024006055014,0.5908046423039746,1926
5.62845403503958,-0.5698974501005063,-0.647895928742581,3.4538882928194314,-2.709065468509062,1.4373426925299426,-0.9037039830793436,0.7038237958135506,-0.31148168624818773,-0.10773259826983617,1927
7.05621228999647,-1.0212170497894497,-0.2529708397587897,0.7270521718694747,7.4423839754493635,0.6045630647421264,0.42217566830945413,2.655517623402361,0.3429003692716422,-0.274709517848765,1928
6.185164760276103,-0.7303656171171056,-0.2814313239982864,2.8661380986525917,-1.3347711802687567,1.0367456711923617,-0.517589620676916,1.7357470891375668,-0.4640474533752201,0.28237520620692536,1929
-23.92762463751992,0.46724794811323994,22.74924909752555,-0.6461152638628321,1.4801659027909815,1.5131746943526652,-1.3755097498801325,1.4717389040574556,0.19712575660293682,0.8668632773201363,1930
5.247757792608383,-0.44222233973499514,-0.22633635404913785,-6.018827626347844,0.055484240226127156,-0.7192227206927835,0.06933669866030723,0.8085214553443044,0.5151471333835999,-0.9368095226912716,1931
7.046773828949731,-1.108111956933427,-0.5099454870323817,1.941985778660364,1.066727805192504,0.8324571323939383,-0.5570014722385832,1.7416604623104077,0.5098996298817057,0.005743106407941774,1932
4.929523119834882,0.08958776078156236,0.3686946776979485,4.5926199663952,-2.5070445895398747,1.3842261153145066,-0.03836617246306173,1.6657944835712042,0.5995739089384398,-0.17980915613227902,1933
6.783160064715236,-1.4849155164458403,0.32710670930802555,1.1359506362848584,6.289412077730767,-0.7576501725858882,0.27112264889649046,0.9450630430289105,1.4993101684360766,-0.10211169091035144,1934
4.676346266067103,-0.2547042937841129,0.048534310406948486,3.6798331772775192,-3.537534311350509,-0.35816818207903295,-0.6948078546781826,0.07829783324095103,-0.82292443479978306,-0.2993838289866353,1935
6.675138825202637,-0.41538291380211934,0.07493511746194456,3.075996009010578,-0.2573598961165023,0.4602795383722254,-0.46346141177500855,0.47344323568939606,0.43997342300298786,-0.04775854112274971,1936
3.7608696500715904,-0.10403286421996139,0.1746480618015127,4.54485474372297,-6.92705066650743,0.7547987953642775,-1.4370574181752713,0.5863803331029754,-1.6704931541614654,-0.11464639347677871,1937
8.659077775028152,-1.2307117561716636,-0.518610584983878,-0.20096967064738017,8.63287100422129,-0.3644274545776873,0.42574582798261956,1.951583851921337,0.7529517481636199,0.11076476447458665,1938
6.404464137833292,-0.41116208036439894,-0.008755576593370949,4.46921128716438,-5.412641093005909,1.1218481523463353,-1.5960011914206949,1.0124735716029856,-0.07116529743382133,0.05311222590727352,1939
6.51868396778244,-1.1723437100021574,-0.41149477529298983,1.4753615829973814,3.8583643034855113,1.8251687336143887,0.8280810142376146,2.282075033199195,1.2369862134306135,0.3110547509581867,1940
4.849664084579634,-0.822971304107495,-0.4773978681578237,0.8282247956548547,10.217058770828547,1.97143081977725,1.9246447362980401,4.256223022040396,3.025824608370121,0.20800816634435423,1941
4.190465660691246,-0.12594031598472277,0.17861458174221326,4.932315121811648,-5.993221367555123,1.089917468566033,-0.565370329200484,1.670239905588169,1.2439803409430035,-0.29623808011457103,1942
9.14573912160615,-2.5879333372877205,-1.4304152563767383,-38.97079461840109,-10.396884729678415,3.8428636861931365,-1.1922214150565604,0.9540529819710967,0.8303282553838387,-0.37675819475175587,1943
7.117535008919804,-0.9958232714600423,-0.288642952125516,-0.06277801154865298,7.4683299419439155,-1.0032520922202883,0.9002536611706607,0.6805700462912212,0.8000614155343672,0.6858175084794663,1944
7.811236597372778,-1.0261699388161327,-0.3537446283951071,0.5339592786275883,4.517198826996899,-0.36987499994811063,-0.037989479649619094,1.3400742453342387,0.492162404147811,0.17891191389410632,1945
8.91723476878383,-2.2739381821190396,-1.3982618198383434,-43.09397247913229,-7.3651065117235985,3.31535283721645,-1.5229270964940569,-1.1343033271213652,22.666011589522633,-1.5655379102864833,1946
5.617519119980742,0.054068946318581584,0.09999329434630118,3.8323023163799235,-3.1993923724366997,1.10893067418317,-0.9443661698942383,-0.8728157027713941,-0.1036647877318684,6.497279970047397e-4,1947
7.312976561977079,-1.291632411900808,-0.43897341592601213,0.3724316711049727,4.666671413001995,0.4494957641402204,0.07386040487212867,1.2873582935300143,1.145214047956318,-0.376920227330787,1948
6.0395196854747,-0.3779077798397047,0.020543419673675057,3.972605310126446,-4.3838101269482195,1.6934937437191702,-0.8239941870017601,0.12249499562562376,0.22820380909022583,-0.5336547520750823,1949
4.085448377701292,-0.0684419700893937,0.8607026775875728,4.084543834525268,-3.434742464193327,1.1772261453334312,0.1494661502757823,1.0499483298196988,-0.03858418438334431,0.6662921331649279,1950
5.320912256423707,-0.356603496393213,0.14280941269974798,3.1290583006060784,-1.117023510933595,0.6264945230388844,0.06326326864961472,-1.1803545678860508,-0.008009128954968397,0.3701215747647194,1951
7.613809373963245,-1.162617004882761,-0.19433791310979073,1.4896903262980614,2.0993372961280112,0.5081136074994796,-0.49260403054699115,1.0298982466473523,-0.7515739716972246,-0.032783795849651,1952
5.14802448557422,-0.31427709961604355,-0.1318554148498653,4.8349826240750415,-5.682169102653786,1.5343095490271,-0.9676671980423396,1.1219166775880487,0.14366856255484056,0.0741327725094566,1953
6.754273525879515,-0.47569362271507637,0.03179355868830207,2.4507409087772536,1.9985116104828824,1.3211029228013682,0.08046371950508754,3.8466602188770707,0.4943951332971605,-0.030539958125333715,1954
7.2870457876810315,-0.7300674657303322,0.22135675432435234,2.0630637863361563,-0.030272051086161968,1.5381889757958274,-0.3632540313917261,2.141383066038624,-1.4365052083645353,0.01443017470008351,1955
9.152602002498442,-1.5167823900735713,0.007928139698070932,-1.72039445255131,8.7470003025071,-3.1269964837326154,-0.5201112298399341,-8.627683973640774,-1.071067521851983,-0.07541614337327142,1956
5.070360685428535,-0.2577692299250404,0.1090154814943343,3.5795013846334256,-5.637471085983723,0.7356508440415463,-1.0203490490071998,-0.09924486157399656,-0.577923323511107,0.13491677860875656,1957
5.126092848910895,0.07015501263896436,0.21538614568127087,5.252792707529483,-5.265144233641118,0.5432005135524773,-1.2374584967746671,-1.0108433370125784,-0.07394220684776483,0.2913441100812743,1958
5.235445058469117,-1.333413285161812,2.4058807755058487,-0.20391741666251928,6.0154230908842585,-4.0420464997629155,-1.031457785019527,-12.873573581136064,-0.08281738256689493,-0.32552377175776814,1959
8.414954651787536,-1.5769680836032616,-0.6236869481644609,-0.7419689865229628,10.599066040450158,-0.32584772554625424,0.7535814497540304,1.5830432265550634,1.3849122991883398,0.29948329335672275,1960
8.736830627698167,-1.1145232767782367,-0.3947393426648897,-0.7307269826217625,8.758315710363206,-0.5141393016150457,-0.016305724613564734,1.419354990342066,-0.20625345615016788,-0.10822307326425208,1961
8.903717022809095,-0.8446712718567575,-0.7896177563054736,-12.129447674189908,5.603083882921125,0.4009763293709932,-0.3737644728118793,1.8636473442864374,-11.724766266588059,0.1543565291275488,1962
-19.91823623580563,-1.619240001814773,20.018060947032463,0.6132606804109701,0.903328259525918,3.036218372044719,-2.2564865394933076,0.369510976427683,0.3149421264434996,-0.21368254961761063,1963
-23.50188491464194,-4.190007684471325,21.284837261222297,-3.1409993925804263,3.887273520513728,-2.4121236010294917,-2.434169134787831,-11.224035329440712,-1.6082865376915392,0.7193223646322987,1964
8.203591862341119,-0.8061711835513463,-0.19262060266025763,-2.658937943860802,6.522903109572789,0.03769569659274534,0.5587157415429388,1.8316306684117776,-2.685457855075442,0.4453554714301362,1965
-19.523900927552905,27.735190067723735,-10.80670091948843,-1.0395847227036876,0.6790514022768855,2.055576853595886,-2.3393560298826275,1.5378128665435862,0.7139885133334997,0.13158701378516927,1966
6.976038880534109,-0.6157832450530452,-0.40513451798077227,1.015829967060643,6.013026053352004,1.5432496026193048,0.32369347452089103,2.2078529606398125,1.071246364353289,0.16139039721648638,1967
-20.493831195886084,-2.0567764362891015,20.260054796284578,-1.277327740175743,0.9779191695982651,0.3564318507931489,-0.1605009953986593,-5.281620759260671,-1.8401444073481092,-0.10994996155942033,1968
4.496292825228321,0.1771455457608787,-0.06015380785073442,3.8004703900891412,-7.133113249069975,1.5952471031980966,-1.2737331479642042,1.889752891453067,0.2329847179485909,0.07122722485494032,1969
5.116150628174053,-0.07113910417887198,0.5430794197494235,4.328030223559106,-6.408928033200455,2.1717851603132208,-1.0154231615421054,1.5797871997572248,-1.7215632931369358,0.19390626696012345,1970
8.283976855328445,-1.103510648948514,-0.3532994152242098,-1.8266347074479226,11.665762192400173,-2.4524375975617243,0.34168907995893627,-6.680427469359598,1.5041895108265495,-0.2940704565341751,1971
-11.177391010116162,10.245031148359216,-2.3367970613550497,0.45337565813543834,-5.124816719043458,-3.496667560494995,32.122769203744554,-1.1153566210669015,0.5191849978321855,26.708796456033237,1972
9.44475264020702,-1.6517749952433536,-0.7902585851062625,-2.2301034839233456,9.871683716153195,-2.8829899402591788,-0.30513144312040025,-8.017730400492495,-0.34170872730915375,-0.2913720224331304,1973
-21.79865156745216,-0.30136442338021247,20.817492403742797,-0.20638496920391475,0.35645360858612185,0.7866827363150153,0.1682149948362061,1.2189674804200143,0.05676511230840157,-1.0152663430222006,1974
9.273279907851945,-1.475043704282468,-0.31940171487836794,-1.9344322495235453,9.083364482595975,0.4349314031378525,0.5458487503375034,2.430110043608373,-1.6625555115263118,-0.05273367328125502,1975
5.792088921859089,-1.1416599842106503,-0.09399391598958337,4.036517875916126,-4.779337628209819,1.0978712108151958,-0.8058469578741194,0.4905054257455945,-0.03475037917912726,0.136042339085523,1976
4.04719148614422,0.031293170562975633,0.5236709589196394,2.025532521480408,-3.1693676509782653,2.0037543991016493,0.053418608271550524,2.906098404750196,1.5128215460857504,-0.06891493556012296,1977
11.954800126963107,-3.1405189223726144,-2.2350089104939315,-49.65263770596466,-2.717568041702685,-1.039459120313461,-2.324025940164367,-8.025238921864746,5.416857320676084,-0.8578225604503399,1978
8.517863739360061,-1.5180604545665406,-0.4860002032649434,0.3207044175933458,8.276804698320754,-0.02249645125905802,0.734983634530438,0.5825085493847257,0.9289486118941346,-0.007879671542064523,1979
5.932531983699413,-0.45843911079122635,-0.5242294374155119,3.6615392446494974,-5.99406401766448,0.6001730371275316,-1.2210997082483341,0.4014904277449059,-0.10628570253771116,0.10142722700246408,1980
-20.71627520250396,31.654132362752065,-14.108405188395716,-1.6213406055336947,1.7671307276165653,1.577056370926284,-3.744331898982483,0.47658204426191236,-0.8939098347820721,2.8811400899947976,1981
-40.70704285012365,-31.457379806816796,-11.990115570063017,-1.882505712383119,3.8229477574186106,1.3257582254314004,-2.5583040219078486,-7.716359699454707,0.14139834685207586,-0.5275482612380109,1982
6.401255528972161,-1.4727707883796273,-0.07459402444648539,1.5158485312727203,0.7004213648799869,-1.0029808852637645,-0.7184636736460819,-7.285273224538823,0.29818598092603565,-0.3400603145240199,1983
-33.736848583941736,-32.35427952805249,-23.1190022703207,1.3252015572787725,0.7910636299891146,4.550161535887014,-0.6006956936985682,0.8723433687505208,-0.9814855489697071,-1.8155981679082864,1984
7.07811394472706,-1.1402836578427396,-0.07966811417194897,2.1554613073556905,0.7772329983234932,1.7127827896033085,0.01390419963757431,1.6861447048924068,-0.11140848131088694,-0.12504350200892206,1985
-20.514576632752885,0.032643402102649224,22.575503366955353,-0.5085487869046228,0.9354734176801018,1.5905870192036333,-1.1505370234744898,1.7484440607368525,1.0533815952461898,0.8863833492664296,1986
5.99803141326176,-0.49176487758835363,0.13575673758469908,3.9520527498656053,-2.792207955840981,0.47667638952861585,-0.04419395233607548,0.5802671894573301,-0.28619901007858267,0.2547400859747633,1987
-20.397534024907948,28.75747120838285,-11.62398863795803,-0.06390894942060568,1.7786583395426885,1.9777043909786132,-4.619179124098307,2.19189187321084,-0.2308959946942832,0.7524735216813825,1988
5.34457805985514,-0.37565490855360223,0.15807222990641184,2.681731403994864,-2.490973371385197,1.1113116152600857,-0.7885786395165187,1.4680283949689947,-0.33416580814674585,-0.07475978357668715,1989
7.379157861104838,-1.0828662199819539,-0.01754685901573851,-0.16429946692209532,7.02264987335208,0.4316232189341142,0.8558356672738815,1.6880266825433181,-0.312752808578856,-0.12510006003421986,1990
-24.119655438024054,34.024495978939804,-14.653237399639842,-1.2323736986169296,2.4872267679854847,-0.17444509323611732,-2.5076196079204096,-0.7124383997251801,0.6604278315963447,-0.5398710716817732,1991
7.13153320349937,-1.2881612004209055,0.09319962619136596,-2.81755211729755,14.40440875506991,-0.2492703861803955,1.53947818799277,5.558982821622433,3.0346289227639796,0.10903117928865481,1992
4.759571813003444,0.05742672914397338,-0.08197388624597864,5.457788912173935,-7.951037820342075,1.648638339441909,-1.6549778532915203,-0.30793125083375,0.6904230804900223,-0.0829313740606726,1993
-24.91833741188895,-1.6860823754918415,25.161536886519514,-0.8138376045400669,2.3518825357334547,0.22702041056221275,-0.8006792962470903,-1.2030990976190912,-0.3953769094563035,0.0329610302131713,1994
6.205578123711477,-0.4482791282900556,-0.3564300163021751,-6.27038765113502,6.503793639756987,-0.845763497555918,0.28439965396522837,1.0971452582822876,0.5485389741241333,0.1766031976794675,1995
6.249711548864787,-0.3869544872841407,-0.5362225364770244,2.0020038460922756,1.60255131714987,0.9016085203862949,0.21459909250647874,2.088517511276261,0.1083014159217567,-0.01439620166466953,1996
-15.501340449575919,23.99817548246221,-10.848147061472321,0.611878191421166,-0.09836993566400676,0.6925305381544125,-2.9857087436806125,-0.008725347394173431,-0.19403735215992077,0.9897165109288322,1997
5.931567348533846,-0.3436276793691885,-0.11491530727873356,5.498756935942119,-7.706078114783068,1.428182600902098,-1.499515455720771,0.35896462919435385,-0.540528371031328,0.28059800694369086,1998
4.192599717460265,0.030841334303828984,-0.3110503188744424,5.421586818045316,-8.637837808647713,0.4318132996614931,-1.6798844651850193,1.2381380981600432,-0.5302348743097522,0.23683331913101782,1999
5.009878596842113,-0.4172257043722043,-0.6531294752320245,0.6798482929289452,5.707344155236271,0.12903178754396907,0.8664625536377643,0.7068745751188523,2.5180027952944912,-0.25823141122928567,2000
4.5273072887673935,-0.11828002033435268,0.10333723447882352,3.6486029666486752,-4.357305152889762,0.49706269604471254,-0.3503746783600735,-2.661460704595558,-0.31991157407805815,0.2935130966198453,2001
4.961925373300931,-0.5434285425010307,0.14762432192555566,3.653850924980729,-2.37747605330452,1.4099788548341408,-0.05018814883997311,1.0877454870887804,0.39663359890955807,0.08327379869466019,2002
8.04364239030191,-1.2221795461116323,-0.32992191219754285,0.22697968042685987,7.784283231023848,0.9367734659653159,0.6128131112579426,2.76998185827856,1.752591966880825,0.04050818397038673,2003
6.54798640539885,-0.9079605689811425,0.026550581001941236,2.8178037179538986,-0.46256468382925764,-0.018904519297568898,0.195927982211488,-0.29860268952483,1.3398677390781728,0.280245790001199,2004
5.596871469212852,-0.83109827673134,-0.5191529935816465,4.038620370102313,-4.138832687877661,-0.07115314531783025,-0.6899091962041211,-3.392284954603135,-0.704323522613677,0.233508379682618,2005
-33.92399890992021,-32.35932449044717,-22.78265434490838,1.3638570184867496,1.222377145178967,5.326831865578132,-1.0102997408059922,1.8519414905387814,-0.49251879100425755,0.5304215511268587,2006
-15.291426844389132,11.57521918417814,-3.65338820378062,-0.902447957262867,-6.487482862675783,-6.883454526375785,44.51979468604639,0.18485055993208832,-0.27297523495959675,26.69564385591186,2007
-23.415076876848897,32.784575587922994,-13.939715668941197,-0.8581749795985624,2.231289491616691,0.349367647653622,-5.454813017546316,0.3674616203399829,-0.1208654406362481,-0.35854679160204334,2008
8.818855243212635,-0.9479405900579633,-0.27745746457371157,1.0721441683019173,2.759752157873853,-1.7728270569276816,-0.11814890391329061,-6.979559254376858,-0.9106245829196439,0.29080959286607044,2009
8.469743017124213,-1.2934510170459708,-0.5089651537290161,0.3306115033710414,6.525241173268649,0.29163213023103546,0.33811942320762756,0.48046779132568246,0.1610607044857404,-0.015543590314074564,2010
3.873598281556662,-0.6983124341768712,0.5670773885086301,2.448462719740183,0.4928286627466293,0.9220742057746123,0.7205852386474834,1.1816458174992497,1.0811296942944641,-0.4925052882000565,2011
3.911602389992576,-0.06165335788430363,0.14215280125111462,5.28937173440891,-6.865826257883493,1.3707516397365829,-0.6119360938200535,-2.5607773775876677,0.18326308792232776,0.21347437709518222,2012
6.664939195605661,-2.019186184089952,0.7272616191567932,-20.823795872012543,-9.024570614719458,-1.0495998126859323,-2.8111327136487474,-11.413147718548318,2.418108243725101,-0.37254444756698585,2013
-4.670101376620192,-9.405561403413378,-7.389673797247682,1.8149047655937787,-4.271931070061043,-2.227501307253533,-2.1077304037255433,-14.509318163132653,-1.17114531991257,-0.12262961731080686,2014
-25.592740431485737,-1.8727277092853791,25.027955745718202,-2.0189545151955395,1.2572191841286557,2.9557431535952925,-1.741435607571158,1.5292352691617852,0.6834099032256454,1.199652337963416,2015
5.042170095398637,-0.2753444066183514,-0.018970149028608937,4.654123928824615,-5.588325484176059,0.6038388846294696,-0.9855155294841574,0.7013959742459356,0.3796801872539966,0.3079208761249209,2016
5.953825585205201,-0.8537887533116759,0.08859094794927505,4.734522855341339,-3.702256363864081,1.9742369452537667,-0.4487057527567016,0.7292406200503323,0.027508561778188303,-0.10892081611213578,2017
-23.69697858158475,-2.098314110922649,25.147266476453606,-0.8790603696519019,0.13048769737257324,2.545347140853879,-0.9310830851872804,2.9203614577081343,0.22868304914378548,-0.04517491841850279,2018
7.243017321190959,-1.1088381933145919,-0.3648500580451015,-2.595579970805218,11.638977205317067,-0.9930757188985739,0.9918962145460154,2.8685333753883464,-0.37884641081079823,0.14191626236941762,2019
-28.098181956749617,-2.526160354931605,26.535944190253147,-1.6130391021548414,1.811335947766132,1.466830841547945,-1.1552718690659778,1.6310669872616965,1.729802390981734,-1.374701026439486,2020
6.124106232508035,-0.5734625403695255,-0.24720525512867983,4.136193391778715,-4.377660314654053,1.159474240930629,-0.6552005466183062,0.8604996015901684,-0.5782788030406694,0.4126658889908863,2021
5.67173257558285,-0.6956128637050388,0.0923584143948168,3.944170631398594,-4.014474730743029,0.3921561720530809,-1.0460191534213699,1.8095664919576013,1.1079390910369669,-0.12115421278866612,2022
-11.472426429662647,-5.26633379674612,-3.3561123453487958,-0.7996447828577352,-8.024877056645533,-55.33384608763321,-6.7769298861143366,20.97313132410669,1.8331228836809879,1.5751678908890525,2023
-6.270880411991985,10.993844379567427,-5.448251697070381,2.6489447922799596,-0.26302990545399385,1.9799042870368007,0.11945597916249244,0.6171365092331416,1.028951548605893,-1.8009487295246154,2024
6.472119037641174,-0.4586294287196702,0.08291134510676769,1.9620023142883254,1.2874991505586255,0.5258369225168563,0.39070245574187606,-1.4565646697494348,0.6246680166179772,-0.21476808106410744,2025
5.898228684344978,-0.6018189956115401,-0.057978727011643416,4.350615661106095,-3.4481606135691516,2.1536547360154055,-0.17590566647193187,0.5982089106414415,-0.16887112424471876,-0.13893329453431846,2026
-26.432950621717993,-24.286626794089614,-17.175603979630637,1.814203366706304,-1.3061441247785448,5.752044244351034,-0.2778665761179734,2.7559596056777234,0.9608488496102036,-0.5319828814713397,2027
7.662540157385848,-1.0652873366681868,-0.2958812999890116,1.5028842191392195,6.549206280073039,0.008850032823404345,0.7484509780171783,0.31871892040676664,0.6998581452014662,0.16863153797074423,2028
6.604902147645995,-1.003872674813958,0.014496576602951852,3.802453874027169,-5.648207551126623,-3.564862732592509,-2.151485258330044,-10.179193434909402,-1.0653309351636318,-0.018275584885940895,2029
-20.824433448362413,27.06065432516208,-11.682305647237566,0.6171335509327011,2.3573985698563162,1.2212876406593633,-4.000198332764473,0.05379937332078942,0.7348699139712268,-2.1016377506453723,2030
7.608010142422156,-1.41788523321118,-0.05810727955167631,0.5844178592276876,7.56264042457359,0.11886234783300277,0.8534146104388902,2.3280201290026183,1.001374458108166,0.3023898862145602,2031
4.996711581353843,0.6440644331681096,-0.1668693462675834,5.492839285160269,-6.683542487740674,1.956735337444654,-0.771888409700226,-0.09601198198894205,0.2436399572915115,-0.1375999889387863,2032
8.085944617690414,-0.9884323808118874,-0.17633890696593174,1.6675706526626288,5.930736395413232,0.9568489056381392,0.9307401190232927,1.3909018329881757,0.5728087257706211,0.7185448279986444,2033
6.221619590982214,-0.551488551492463,-0.3034554416602615,2.9731864350062387,-1.5159027695312934,0.6417054090725934,-0.3251996157077912,0.8594866726740212,-0.555464621638374,0.3166267150011775,2034
5.218190672619552,-0.15150479244811985,-0.024378121886157053,5.679004016837829,-7.066442801763391,0.7922590371419551,-1.0369193828247378,0.18511097405497767,0.009201483093765792,0.2568276486376674,2035
-23.186146148876116,-6.742367248005529,13.597680150109987,-1.3207473849603086,-0.8910237537987435,-6.052832346336374,-2.093044015663024,-0.3333897976749747,1.66379519032265,-4.042430482714552,2036
7.711580525653772,-1.1333390976125828,-0.20542945493308318,0.23849426792176084,4.450790852946649,0.6153715554339317,-0.04692390879553245,0.7065842707215064,1.2230543994586005,-0.08409206332164,2037
-28.396328315553962,-26.81112774392015,-20.242354191684946,1.6417936778804758,0.2981651954917838,3.921086730363299,0.329143837793061,1.8346840862932936,0.8054778133118216,1.1240249417007684,2038
5.11468549532171,-0.521434505774434,0.35716324849932307,4.278724945243551,-6.56062806361886,-1.3927532320733902,-1.4390268096546595,-10.996498889699652,-0.5773458613009709,-0.19665929991536085,2039
8.284462821068843,-1.7158909404043812,-0.6835649576923585,-3.8134003421464713,14.579036834242714,-4.013110303519529,0.39756807697823143,-7.367055793362322,2.0633394751627807,0.06360853724691759,2040
8.60440499821786,-1.4445945489067906,-0.5771827484074658,-1.9217967948047452,11.070059891527343,-0.37719755491949375,0.21094934474317065,3.0289780948844083,0.462229886810431,0.09414928467342637,2041
5.261313940755143,-0.4654818670384572,0.11181529670179835,0.39260662439469696,9.471748059685545,1.003069290418911,1.9239082311659972,5.3317429105527845,3.254324260787026,0.3340199685246988,2042
-21.50923670634132,-2.0661623311267285,20.754786118711873,-0.23519576161724748,0.32448158170129954,1.686621225364803,-2.098979934767792,1.0975017591052842,-1.130401372732978,-0.012034291545299506,2043
4.958884525526535,-0.22398893409110338,-0.11002894574825813,5.2954029048974265,-8.39334166115884,1.5063917859542288,-0.5720732928440485,0.5055916466455219,0.17666832985035086,-0.17446111418823684,2044
10.882797269505255,-2.318780473430171,-1.4998097585564565,-25.278839138756425,5.493041540023446,-3.2320838606636233,-0.9396524087651076,-8.908413205493842,3.1557958184329413,-0.5757453292716967,2045
7.295887339292806,-0.3891028774297188,-0.33395621592018404,-0.6443739135183697,2.5595841581178678,0.14179972438818575,-0.4493234174445788,2.2327106847544056,-0.23249989400915594,0.1649298892093093,2046
6.183443641681466,-0.9720081322532281,-0.3092145677574089,0.6874138445688784,4.5347758678463475,0.0370885478630787,1.0841732089312728,1.4871862707595287,-0.18008621390456195,-0.2602495406296449,2047
8.775617957655403,-1.3153420418240385,-0.19049249910452115,-0.6937013895155327,9.991584565641086,-0.3259323763406625,0.16747592141476964,2.162327536429619,0.10929365618965427,-0.18195221213163684,2048
-23.459459699981668,36.349053289524555,-16.08365309878166,-1.1883533342549737,2.667409930433577,0.4658392118717636,-3.7911058429392352,-1.1448813494734351,-0.8249725664308994,0.7500564934584835,2049
-21.36498335065762,0.2740244260381795,19.589810775106887,0.08235312370950477,0.1513067959044092,-0.6326867849658911,-2.4127760799660045,-2.84272279948379,1.2021059294178942,-0.43795829975073114,2050
5.166551680639575,0.007331806726984353,-0.27389876804605856,5.298273300310628,-6.8884323676343735,1.1019657315533338,-1.1092771860351303,-1.671491567394819,-0.5330765564990488,0.03242658955648349,2051
-20.946045556274616,29.799481814126718,-12.264756678390933,-1.1500730989889942,1.062927792918517,0.7424264159427298,-2.6436142361505253,-0.4794528200749728,-0.43261118173312596,1.7958985091562374,2052
-30.998410757456615,-29.705735510193826,-21.322433943398828,-0.29238884509767926,0.7069026117918603,3.3293178247694497,1.2893852584312009,-2.7462528463126628,-0.25300551982018543,0.13481931118452561,2053
-23.83097287196789,-0.653798861689742,22.045705573778907,-1.0654967465429095,1.5146062150208417,2.693351857439029,-0.1190880980664722,2.119898433593275,-0.3844145939437333,2.077628151562112,2054
5.294167295242843,-0.36071305113788876,-0.11507235896710469,2.9582399768308867,-1.8743730248249226,-0.9989571196704402,-0.46709147010383845,-3.8755139606340356,0.0776551344987732,-0.028671971533158015,2055
5.347965490375091,-0.4338375914721383,0.0660604948722015,4.0517930144103955,-4.762851704478425,1.9796070927680034,-0.2841749287406097,1.1850347996382968,-0.45702882431231023,0.07533396618951167,2056
-20.134332008712335,-0.34725012843996483,22.176366313746712,-1.5776338258798968,-0.22972303935896052,1.5672665206556893,-1.2515138998127397,-0.4323557933371259,0.9149326343741571,1.1910961790537002,2057
4.947074216548744,0.6201833069035813,0.22653642479156424,4.591136554074939,-8.047946873497997,1.3380633679021852,-0.9686147623090974,1.2284095778519848,-0.35200016978183557,-0.03310739029116215,2058
6.643835294639841,-0.6378401412592563,-0.24740994712226747,2.4333969795912775,0.5581056822292529,0.7742913500097105,-0.02903600613794547,1.0989023463925849,0.2858550136429567,0.5751683870823797,2059
4.953082104853099,-0.03287844063605929,0.08134027207679034,5.1277060616746954,-6.119897428503321,0.8785960205399124,-0.6720955955063798,-0.3972407323494429,-0.08642922325104885,-0.17603566641032595,2060
7.735104169582257,-1.5593937036859995,-0.348893336084201,0.1904729777230629,8.994818595441492,-0.4844548744616503,0.7500467707790818,1.4769362695924144,1.629358623207443,0.39860740509422926,2061
-23.915411365044363,33.358992786222636,-14.43573791734155,-0.2664063667520309,2.655045400251788,0.42436000899449267,-6.064795622864644,1.399043407727116,-0.5762067095313859,1.7651953559884392,2062
6.770762633502128,-1.0929282621101528,-0.21953421071652443,2.9563198451200883,-0.5553338699197128,0.21668436615880746,0.4067731055870983,1.264066461353973,-0.38936719116823143,-0.27115756833100635,2063
7.061112856120317,-0.7312071465801471,0.4125670172712753,2.174247364038016,-0.5395577748397571,0.3054674684286471,-0.8631638518987135,0.3966413408487488,-0.06050381130521836,0.017806624136790166,2064
7.16962834193197,-1.2477934433281914,0.14309532815079476,-1.2671685222041726,12.824997399679194,0.7333481832362666,1.3110917312424373,4.081432107353126,1.542791252350419,0.09862764765577756,2065
7.764842071315323,-1.0294719455084742,-0.6001199971608812,-29.475419030715283,-6.294918096656919,3.5547518463464383,-0.9227843062702852,2.808937644695811,5.1557266378629905,-0.15020966541612635,2066
7.897161131981512,-0.7805959059239926,-0.958236421224377,-29.762529899329753,-6.909909007978237,3.180067986498915,-0.23480832349114464,4.427264138543974,-14.774098391685271,-0.02419995343624525,2067
4.010389656992463,-0.11695682869277137,0.38666575719895513,3.9931975790337693,-4.846543494187841,1.9566031170072657,0.05582820561324214,-0.5212832220356054,0.24237305621361,-0.15652100550553516,2068
-20.491161168349144,28.24643898608873,-12.077122241512603,-1.2523439802790661,2.5064902898673003,-1.1417535796913194,0.7706401594369495,-0.2757379613478617,-1.481380953406782,-0.7577009374041879,2069
5.949609823258347,-2.5122675365278457,2.5298110099760382,-2.7456898806297163,10.24851248269186,-3.6269046519204053,-0.6301904320475705,-10.811303975929375,-1.3515214416715255,-0.2408206546533222,2070
2.048793841094287,2.718175400756576,-6.726315319905817,-28.078546672402616,-2.3478530240710547,-1.422524844117078,-3.6065079029204448,-14.017620475932608,5.03319832179158,-0.7236305699502924,2071
4.200712337364626,0.26644633505182974,0.23165635469413168,4.83451398369081,-6.651528412574342,1.5508162636832885,-0.8031711974355423,0.032665676027672896,-0.16794302147214762,0.14970599566674297,2072
4.46339926685219,-0.5115757481708412,0.14936402469753085,4.517263930298277,-3.8371048641080443,1.7750654000534036,0.0038091591164270454,-0.9745352079982686,1.0287701296436291,-0.12339797123858164,2073
6.857561382925259,-1.3884650362167155,-0.7588836122798363,-0.18781254562657976,10.134314067297261,0.13617134708696033,1.4588733842163488,3.4845186567143207,2.4677368052323367,-0.6230600357071224,2074
-31.062732241315096,-28.180926420098476,-21.34746296082823,1.7939895808519326,0.4424966334841787,4.180424208241912,-0.03694869327736905,1.0020877075827632,0.396135885578722,-0.9450625800911259,2075
2.3390367489633723,0.4176827737425547,0.5727971908622237,6.38725849884313,-6.676752588869734,3.2192364984999435,0.5237785924864091,3.830549024841082,1.478013746465643,0.11297675448937429,2076
7.274662533520655,-0.8062894252659908,-0.548616428142667,-2.7284414954794536,3.524792236944566,0.510741188516286,0.007986109800361131,1.1397812875260387,-3.915251526928418,-0.010722321248645843,2077
-10.560678110674221,-9.241119154444284,-5.814529106652465,-3.6921961035764026,-7.804568053652781,-76.69953133681699,-12.286162745672339,12.589668491440962,1.6501803758564082,1.4499823799335867,2078
5.121993879045918,-0.22761665062403838,-0.03050066703999027,4.50619967375702,-5.760968077662284,1.2326096517920655,-0.4763559922680397,-0.31677790623880187,0.3707772458130527,4.957508152201054e-5,2079
7.468857957083144,-0.8957666606087652,-0.3091101344676281,1.175902296214138,4.202146103901954,0.24848473052067033,0.20731338846544506,1.199516483636809,0.06554802848913355,-0.06294252206261904,2080
-34.808061539791126,-28.96533476794076,-21.630818639122456,0.9317663372087072,1.1414290388046588,4.801208789875269,0.12197257053090255,0.9553883008831566,-0.4726930430985641,1.4533858929298202,2081
6.410544872421874,-0.27637445926737747,-0.03177218776447977,0.6979459354013781,6.892254868353424,0.5079226598755355,0.1618133902903621,-0.07489152101586202,1.7383829502760901,0.08117394476906646,2082
-22.999301743722572,0.11782073493142135,23.330933582158153,0.3919041576262308,1.1557022921290825,2.063854194036961,-1.5531746558359543,2.4749063250504197,0.9619160564100805,-0.2563430907813185,2083
4.526362067832709,-0.05854658451262293,0.07151222093678958,5.391871258134015,-7.412941078314435,1.1677952690298723,-1.165708548263447,0.7542145062954352,0.3019974975639538,-0.3280276985019484,2084
8.003109309359298,-1.179285459432626,-0.3565822636636563,-0.00311980490003634,5.957102092595035,0.9064376655697826,0.13666451846372396,1.2760350833592302,1.0370168421311887,-0.3289162989444708,2085
-20.925434862284067,-1.6901054482333315,18.663728435584478,0.4583760282690918,0.1586800123781035,2.7934042472580094,-1.2473576298843643,0.6479542001264127,0.6456859916965368,0.045994556283880335,2086
6.050337321215827,-0.6396594146968798,-0.08323521153688675,2.2939545724464714,0.839703167891901,0.5085682328121042,-0.19533019743095156,2.1198062821066044,-0.10840421639154477,-0.34163804841544265,2087
7.817178669452483,-0.8844989001533932,-0.2952283878693436,0.5915657273737939,4.292597642577473,0.968823314550509,0.5950187288125353,2.0273814247547373,-0.46049676357872477,-0.085492116243024,2088
5.322373333217946,-0.31446130607360917,0.24790574767562093,4.427231309804903,-5.914447357696164,1.317829562688219,-1.1465678084637296,-0.8738712071271088,-1.4264308268692139,-0.16816496351196483,2089
6.280576069277177,-0.8505835608682565,0.0883370492345477,2.293031976165627,1.8455290333086458,1.299963553345358,1.1314230086075376,2.1375973148093013,0.541875267353345,0.12634555140967496,2090
-33.412961059077006,-31.043811051975197,-22.150727172165915,1.1123518226382696,0.7473053369512569,3.832447208498107,-0.8720805976094537,2.0596230669010134,-0.14346995837959087,-0.3474176968903208,2091
-31.972185772914635,-17.522766679070518,5.3338360253924035,-4.128038250754604,5.057746768099657,-5.903854151130429,-2.9499281056998017,-17.909245323365514,-1.6835362381512522,-0.16359174682508612,2092
6.898046939363216,-1.2232124983241819,-0.4317279475307206,-0.8663821811197701,6.368903782021136,-3.1842095155695995,0.39570486524487464,-11.935363318515614,0.2905603685537464,-0.30795205388797037,2093
4.960983954788036,-0.4247523824152719,-0.03188308044351724,4.259158234321793,-6.206241115174994,0.8347715800153394,-1.3024247162203741,1.7284584130429002,-0.8307356955399656,0.007286496950993169,2094
4.057387040220263,0.44181230746771344,0.30914547538710846,2.5591315102484895,-4.1512112576239675,0.817103454597344,-0.17864152104694267,-2.529066161192891,-0.5102595323699823,-0.26519863152934714,2095
4.044624909783713,0.04715372665181459,0.18767026845075518,4.603914365200935,-6.13899156146662,1.8567837524213602,-0.6050480592060308,1.1722279967592082,0.39644087658083654,-0.20418104697798523,2096
7.688737516948711,-1.2455555923385457,0.06556247981774375,-0.6748865816031426,5.325361820290983,-0.2973563873016421,-0.4012836170079281,1.1182614357256506,-0.34273224018587334,-0.10300224753929879,2097
-37.7454473664846,-34.15371285002592,-25.012804919351364,1.1991425673526523,1.257535851775696,5.624667577209842,-1.1443577680709889,1.122167891412395,0.2249351154027722,0.5861277560000017,2098
4.611452964036088,-0.018360853476565298,0.3828421528279774,5.6352514302381485,-7.7561361068278805,1.03646692974257,-1.1649697248688053,0.09879240771095454,0.5904670316898158,0.15536708514583406,2099
4.685950182229556,0.06464966665865825,0.20205951543569067,3.1022953676609952,-2.726025240853085,0.3844631780269976,-0.21361865409963862,-0.6169273682803359,-0.20170516774569747,-0.19221768638900924,2100
3.9675503038865685,-0.46839648110671,0.5231216262389652,4.375102688509089,-6.869367970452345,1.0438979382211433,-1.0709379364340448,1.9651450553623573,-0.21109701712544052,0.08080630597632006,2101
-17.723152797945907,26.864854026082856,-10.426745167562249,0.19608531452111652,0.6090768216300104,1.9073002223579625,-3.6165703756747494,0.07577547614491317,-0.1308683539415472,-0.9150704981360103,2102
8.29930529445396,-1.174924161455452,-0.3841353627741471,0.181751045175277,6.937490350281446,0.11849845792023875,0.34107596845173294,2.8302447547133336,0.8666952353412872,0.14882708640817066,2103
-25.594046755141637,4.081254229316652,14.225498287512421,-3.4577736435240585,0.6669807818818357,-3.9736114395722444,7.263675480354469,-5.2080744443093705,-0.4228951958792552,-1.975298920582368,2104
5.440942681657806,-0.7394922507456384,-0.21186149764268541,4.969781873762903,-7.363648162827628,0.45609134918896566,-0.9040430721746789,-0.31195327428993463,-1.153028971257879,-0.39073497887185277,2105
7.174649970224406,-0.6818954768768279,0.17607784778668142,2.5233566227800037,-1.1031083760265321,0.5482190582814565,-0.5690589426779918,0.6999113432230296,-1.0332842606692618,0.3870005475165671,2106
2.463014505060962,0.4491444388960998,0.6765030214669734,5.521908570460494,-6.421213879446632,2.1089670821943494,0.3194493133755809,0.912601822595952,0.6841241957109861,-0.18026940596392868,2107
5.651637285412655,-0.6551631196303678,-0.24885974093275412,4.158912847243211,-5.032890436568234,0.3749360527545977,-1.3636273793316909,1.1625731885929589,0.2806094648911339,-0.13902560143433504,2108
7.792321991427589,-1.0787862774870993,-0.5783847105343968,-3.0581292686756876,3.4241693136433264,1.0368767025778485,-0.389654833070384,2.846484866826716,-6.567393929427316,0.12362430399339824,2109
7.08198862879418,-0.5905760025853013,0.14793914940889197,0.0641943889370037,8.678740996788164,0.5970511704741381,1.1833963293560645,3.0593275036325664,1.6884150642992442,-0.5797804777836278,2110
7.408617874269766,-0.7185694934200678,-0.41940688058792097,-0.05092273598630311,7.254661421991414,1.1932368430051339,1.0801886478384937,2.587043526939631,0.956175412463744,0.32873733866161414,2111
-17.985348852113276,25.150872113189372,-10.464649961972876,0.6663563271459007,1.2850832776800125,2.825563840389013,-3.5649359047672666,0.7920622711685058,1.3481013127603083,1.0801856544077058,2112
9.368702718375934,-1.69442251004312,-0.7708535192067012,-3.025128465742251,16.63740857811188,-2.2706782060643693,1.6680757583138295,1.7359234821143763,2.527612815369043,0.584800138636332,2113
-23.612901084430053,34.4387819307068,-13.521602030776892,-3.672771313786431,2.3155979054535742,0.21621001412157695,-5.1585056177014845,-2.7343068962264665,-0.8621950757377632,0.3213196103272341,2114
9.243329609457858,-1.402383233878124,-0.49167591928124615,-0.7567023582992689,7.171311559943004,-3.2682355574840005,-0.4510492920883588,-8.712551847768555,-0.5844734880058535,0.05766238561407253,2115
6.1629800215729835,-0.704579952512974,0.13152393455980646,3.5690174836060278,-3.635827002036833,0.734673226256015,-0.8113445178679097,1.0081298093606779,-0.9897257940044395,0.09284787952511951,2116
3.740242236902765,0.20402728350982277,0.044335446787225355,4.470876682671268,-5.196802790701963,1.6526953007603515,-0.29622790511914415,1.4785713617040315,0.6362908567252894,-0.16215967485526642,2117
-23.369847408125437,-19.746534057197344,-12.954152154733821,0.09189539907571813,-0.055956666555595905,-4.649464674705661,-1.334364749435844,2.2499818358773367,1.0463989049032203,-3.1415829395128547,2118
4.599043164699371,-0.5873673175430757,0.6509159598136068,5.141686414010247,-5.76680259106641,1.5934599663257434,-0.05261900492662799,-0.5836176459027159,0.43871400565803015,-0.3863475972289698,2119
5.322160273594701,-0.11535474623642644,-0.13409759864096044,3.861352035946697,-5.592471128940613,1.258412259157022,-0.7909192555848984,1.1448428183568276,-0.521446272984371,0.13721025530375672,2120
5.6684970307793385,0.11582088302701733,-0.016294467111371818,4.642680016217359,-6.015808283639535,1.2266012310658647,-0.9223578748792403,-0.32473062058332475,-0.38361260784279366,-0.14493398843907593,2121
9.550332989060378,-2.0525480692539784,-1.8908362327338808,-42.26815788881615,-11.285362226924251,3.9126925989978556,-1.9679535133901618,0.7857510322041148,22.656124854010166,-1.7603926837157469,2122
4.711904432702794,-0.5223735479668455,0.10461315207418333,4.528389731866204,-5.395226224116559,0.4240077156510607,-1.0057785511788675,0.44514904369288444,-0.015593248305496753,-0.049964089431609265,2123
9.023997198403425,-2.0183982216598904,-1.3152225508907238,-34.05005678897929,-8.290742795067974,0.8437848138449255,-1.936169694968963,-5.570789530133828,13.320755644015618,-0.29633025060787255,2124
5.36929161854628,-0.49118063034423864,0.10764230971082052,3.3678383555518403,-2.65701175679748,1.128993668511644,-0.4462876126046923,0.39124902556244934,0.23631182554486485,0.13171212647891314,2125
-34.83098211804531,-32.21524153639757,-22.28221110733788,0.049422572772190546,1.0938278410930218,3.4980996750524813,-0.4595401979641242,1.7053867430633913,0.7618962417939381,-0.40766920007408103,2126
5.033015867302753,-0.3267664539670432,0.27605914045264196,2.9945453310854715,-3.097945937222621,1.7277983531150602,-0.570756063813354,2.7730921555033863,-0.0312344130255902,-0.2278449342910544,2127
6.0473301044864085,-1.47636500645009,-0.19232500282479992,2.6267722206096074,-2.5629827862389134,-1.8149087472964913,-0.9330322457302733,-9.371945981625396,-0.5613650078057367,0.2180367473135951,2128
-36.44810284517457,-1.5364200874728502,-27.313334259637085,-0.6362724119951859,2.6443579697970314,1.4252107562527045,-4.8495541057130795,-2.3024883853132105,-1.3813598493647075,0.9517584210200293,2129
6.549027773685353,-0.8618503674182932,-0.4431645120894484,0.8686263594820075,5.422289535089779,-0.3883933035721164,-0.01747029640812631,2.1126144722944766,0.6990707405733125,0.28942998142577087,2130
-18.769443431427,25.506797949140424,-11.27905423229247,0.41042191399078376,1.5185165761571462,1.366892351610789,-1.7789753428504527,-0.1013699704741895,1.7537496354265334,2.210816947173514,2131
6.137427214501985,-0.5933825747920505,-0.07181960084269733,3.3629083278079843,-2.6132584659630376,1.0782111239989185,-0.9795173642598057,-1.0741871730532817,-0.15150963792801447,0.006982582327144247,2132
-22.879911670244706,33.37288690362598,-14.758827993766724,-2.420833133978614,3.4773438214279424,1.676238538672871,-8.10402837819756,-1.7340776423665902,-0.43749211079544037,0.6800893231226421,2133
5.056204293073326,-0.12480186824642722,6.886948911944684e-5,3.9591760662652487,-5.536630922738939,1.8255665139986668,-0.2586135167137342,0.8555138511759557,-0.9176812538295307,0.661831476330004,2134
7.513422773008195,-1.145618780069537,-0.26255611588976224,1.644508055417732,6.124582453982966,1.2651865294317166,0.8548085952112051,0.9252011412547431,0.937182956183843,0.20558916746362269,2135
5.756684826257116,0.035183825844559834,0.07985657673867638,3.8200061978289943,-0.6861941693656955,0.2953640948576699,0.2435131069311315,0.9581446767085523,0.7348708133781053,-0.3545447116006347,2136
-21.687613696603115,31.593293065798715,-14.02417893884451,-1.172792844862902,2.11903448198568,1.7134096179464295,-5.672165542195662,-1.3509138078619138,-0.003490680445050691,-3.477593044427231,2137
10.33129724318511,-2.4133049548989587,-1.6980228941061932,-47.73786925656363,-6.783313061206437,3.2697977053070963,-1.786404630280607,4.738672662544766,-10.019785183639646,-0.2938596284562597,2138
4.252496238403086,-0.09384258400909538,-0.1081707082642932,5.407072927069173,-6.290906753083645,1.6682813052503713,-0.7866184223753038,1.1870936927259612,0.18400539469300087,0.2515297715773827,2139
8.108482377552155,-1.0229914921502354,-0.045798431311292305,-0.19961420024536428,4.724949793045025,-0.2019454832845299,-0.11391745120809936,2.87484479185025,-1.9763860347937487,0.42797167805450026,2140
6.861513941213053,-1.6874000947093317,-0.533794958809603,1.243810970634554,5.161023371767355,0.7797599332272502,0.4439188658416051,2.2300143893649333,1.1509902262830516,0.19049620815312315,2141
6.564923176784153,-0.29816915798363347,-0.13065959704784721,3.3330615985355463,-4.853900235321342,-2.4703214313457975,-2.151037090412266,-10.582699517805846,-1.1913493851651187,-0.09229528305288237,2142
4.473147904112229,-0.8314347901181383,-0.5049678481001587,4.77192124015964,-6.451028555927883,1.4724074884028395,-0.6672849679829967,1.3178678825467396,-0.19040730078890514,0.16847698903017305,2143
8.86296757497365,-1.734574025173987,-0.8721379262561825,-0.06159972667431325,10.873425462175286,-0.8451056227970333,1.1970324980552964,2.460499326338259,2.565981390715016,0.3704891628128849,2144
5.279855480519021,-0.5416035969646685,-0.015600654225655172,2.3417263591610173,0.2603117061209912,0.9091598084927143,0.10340693493345289,0.5790724310531289,0.5123337752443555,-0.057546719496070986,2145
-16.184303267610595,1.4650108275679583,13.81933662698675,-3.6386263651993023,0.47676496597413937,-3.914050380999876,15.202292455889445,-13.404623247636207,-2.2159644543724277,-15.693354761586246,2146
-17.735761936125957,25.058153971401943,-10.66626841132612,0.5341880614360571,1.5791192334978028,2.0733615838734005,-2.991259677994064,-1.0171304210591388,0.7554421338039308,-0.6819707863771698,2147
5.87436931045319,-0.46791086031909546,-0.04827396358462314,2.3313709681918833,-0.896496179120915,1.505686661309641,-0.33789393576486665,0.45487403039736896,-0.1286717348581447,-0.1993398757805435,2148
5.121168910238415,-0.5362135714403684,-0.11153028194098376,4.460572810314602,-7.316801163920609,1.0937778451537792,-1.0743785661413918,0.10612780819175267,-0.978447649655152,-0.06684909489492366,2149
7.3638727405107485,-1.2891701057467602,-0.46806409442738606,2.324387184043253,1.8778456446081144,0.07553222587413307,-0.3310324970295005,0.9364107704947143,0.1946537209428308,0.35583923619890123,2150
9.929523159480386,-2.1309180205442066,-0.8984251003492485,-15.604075677624493,10.649734511837343,0.6592206920504814,0.4244338063301077,2.988685987858196,1.2105754437913998,-0.1206743370887817,2151
-18.144979846387095,24.501069192305113,-10.67799763950629,-0.17466090132199036,2.123746872737769,0.8986381198011189,-3.8109847417731393,-0.6808111464051676,-0.5657681342045932,0.10505165405687797,2152
7.8749714329372535,-1.2993169929902868,0.06875128757451,-0.6795370511981373,9.381414120873092,-0.9239321259882625,0.40374422599597215,2.5649832000222696,-0.12694932356255828,0.37470329991076573,2153
7.539560605084442,-0.9318576912458202,-0.3392306712941605,0.24142407041609323,4.594148975416053,0.42072743545273555,0.0654238123529443,0.35767237664348916,-0.30452987741161974,0.04889865038779744,2154
6.315501990601744,-0.8971352733127375,0.0982460578762279,1.780295826198251,2.980829415023283,1.0303783691601898,0.8349594157547757,2.252066550638411,1.5641833739265163,0.07750721239790631,2155
-26.876961437156595,-1.5176440719163469,26.963067029598697,-1.4205031119410776,1.760898187220379,0.9700185662914392,-0.4904655209976749,0.6077958125061922,0.01924825759791584,-0.17053089920827308,2156
6.10859903956785,-0.2059692277953272,-0.4159318455886442,4.434950659244506,-5.980275934714233,0.7325476865494281,-1.1040741008472112,-0.33504400310317817,-0.8447762323650755,0.1455622316089996,2157
-25.889816719484028,-1.7896544339548193,28.240164237266008,-1.3429384626254706,2.271333569195693,2.330278216181565,-1.8456663282801702,2.4015110011423504,-0.372274333774277,1.6009197249682523,2158
6.328940236044164,-0.8270567522719298,-0.16034890009965258,2.238414648055391,0.5384209751739237,0.7583521903734987,-0.17644191874680218,0.6409422127498097,0.3270627934647108,-0.16489690130924806,2159
9.366177947129355,-1.4914928894143462,-1.764873197553442,-43.63831262728192,-12.777744322834675,4.357640526876392,-2.90876566644716,2.1469460155946147,13.543662403430657,-0.788445723389174,2160
5.153114834661028,-0.8286307838251573,-0.22844009349061975,4.884560619701269,-5.989197200394735,1.0658446711446368,-1.1384630752566798,-0.23616821425423637,-0.8532768109039405,-0.1560139496500279,2161
5.496422799064338,-1.2033682258831702,-0.22675456735212504,1.8808834544840498,1.9003785978773062,0.057032398292371486,0.6328415359489259,2.2930569131169403,2.422144670042527,0.006238154870561998,2162
8.708588600924317,-1.5875010883637737,-1.0330127604083643,-25.396167790796078,3.3036936640205417,1.398862788048233,0.7056992538555563,5.533538646781607,-14.183267918481791,1.2268321334416823,2163
6.138593548719697,1.7439202515977235,-1.680046510048688,0.7203043088443447,4.141367383640123,-0.2121643200549193,-1.1771215818809613,0.22909009653565796,0.16192468615912475,-0.025450026474365284,2164
4.936501851385893,0.18648504368631533,0.08408210528736865,2.426058214789036,-2.6040696165426778,1.6720987427682512,-0.03219179115117902,1.6217792592113884,-0.10048516771147392,0.010336362344653162,2165
5.934036947846182,-0.5832636790097713,-0.20738388569129473,3.6861086314071634,-2.9576610429697014,0.809007595466057,-0.8970204778541174,0.5868603309427991,-0.40654754510820945,-0.11834843972459354,2166
6.1564674837783375,-0.7971192729864728,-0.6347899690744833,0.9310309091701945,0.39366620318447754,1.8209673140414533,0.11165118592251914,2.402563272702392,0.051243841885680055,0.15894049183322284,2167
5.665842030220726,-0.3783281369764775,-0.17472369914924848,5.606145663302873,-6.9052828582366,1.4558280112936024,-1.172837099309638,0.14071495258566713,0.6851942953379295,0.49729091214230453,2168
6.30791798763554,-0.7206673957011474,-0.22663727504601242,1.9959430912774718,3.1307929908223926,0.7476605542488893,0.384432066141117,1.127499427610954,1.146677906390194,0.11865403582502206,2169
6.455804675734221,-0.7957505864521384,-0.2389180040442714,1.5470839773392748,2.1752252984806746,0.24313043950734267,0.0757803632640583,-0.1853442817776019,0.39673889684630853,0.05560656049146555,2170
-32.851918320019394,-29.919439771777682,-24.16638381287994,1.4781536630508167,0.6791252774412498,5.748247633868164,0.4685692984537355,-1.1848277315168756,-0.22580596245616097,-0.1965120418679055,2171
9.300656555945375,-1.5229474698922703,-0.39533968113816237,-0.36786542087571483,6.337561940995331,-3.064518598658632,-0.5648176059031971,-9.299802117856764,-1.1776854182357916,-0.008419549286827487,2172
6.83305011289559,-0.4845144378139765,-0.25073300476548827,2.080082879203765,2.238057932156806,0.5830035083420261,0.3252487451793326,0.7237761589948897,1.3948551923618708,-0.2731336232267121,2173
-15.843394426882206,-2.8852909961054083,10.611164895102288,-0.16517549631503278,-1.362263592278248,-9.11281906401836,-1.597504110303655,-7.929117085022273,1.2328136462556905,-4.054002084850729,2174
-24.7543883839859,-1.2397147337173986,24.79459533294299,-2.6019791353732673,2.106023319597381,2.2375831268671296,-2.0508613680753456,1.3434614617703295,0.12180451462512257,0.46480934099834303,2175
-19.174958542304495,30.343591821570826,-12.589788455518613,0.3055406424620712,2.093208746094446,2.034488015069667,-6.061132962765499,1.3111018273186914,-0.18274936551854581,-0.8720526516610844,2176
6.7642417182899655,0.5001355425325146,-1.5370849734806038,-2.490662466002074,12.368480278761437,-0.1327572786493962,0.7016141250065034,3.5453740603879473,1.6541429229895181,-0.6721575528475621,2177
4.647732335248224,0.13323142489367007,-0.17065199854611465,5.0897871949292535,-7.681787141881811,1.5106466770726792,-0.9203515948866344,0.29499929366984573,-0.730998013072228,0.5892260067865316,2178
7.245368154033624,-1.3586967489625583,-0.3613575731721918,-0.810867804213626,8.773240556176637,-0.4311085741012266,0.9867451916531027,1.7435139407274964,0.569411354825473,0.46021646990640597,2179
-26.13807173639555,-1.270466648036446,25.563882244181315,-1.0540026446747701,2.267067986548142,1.909143826873379,-2.02470596741577,1.754177978678873,-1.0843881856389705,2.101235927120498,2180
-32.10950638091727,-29.91084795362233,-22.066909840373576,-0.7333021297278295,1.4743686742568087,2.6953733525085717,-1.2007816803778562,-6.6841716060318035,-2.2618944777423984,1.0352148436179822,2181
7.229704143521629,-0.8819412664045271,-0.7767710863729694,1.474693299130126,0.4307616706243672,1.349830595925512,-0.7434519450268636,1.2734046357900528,-0.41148908524686634,-0.07423600061538961,2182
5.76403250756071,-0.17815542224436134,0.036541372527330064,4.277579596401875,-6.411502002064283,0.9936654985302504,-0.6817035404459441,-1.3653974147899643,0.3568033890448651,0.16348618185912253,2183
7.237437023140629,-0.8183624502811226,0.0037454724051301804,0.307533957525603,4.419602656638287,0.6624583495971632,0.25676192060183967,0.6612717077441091,-0.7428003512593806,-0.16345111822208788,2184
5.681248153389941,-0.3549501116701181,0.03333680863317364,4.905989091618202,-6.064624366673621,1.3688486505244377,-0.6337219413448535,0.10584853646025065,0.36591624233695885,-0.4216404852021549,2185
4.821028501466041,-0.6572887842018564,-0.10702171038910978,4.211639627627155,-8.324893723547948,1.0051637793502322,-1.6113101200469946,-0.4184371039267886,-0.6392368991103164,0.06212838380808357,2186
-17.774180082510664,26.248170929024614,-10.165759930324441,1.011135488951625,0.9414178452389422,2.7159957769776093,-4.188502820646773,-0.006531979105672113,0.44536599265811755,-0.012620742648180956,2187
7.196101730802367,-1.0236698826643411,-0.3606193054360721,-0.8762565256434391,4.7569910932206385,1.0719526314222754,0.4722904139642539,0.7544979445863166,-0.657751008147066,-0.27258824682591365,2188
5.829164503910872,-0.20770824713106864,0.12092556698641695,3.774458024176668,-1.7040766099882771,1.703417845291302,-0.5215087914540822,1.8292895942057328,-0.45472364130777815,0.22792128955132768,2189
-27.95766017169648,-1.1661649555524125,26.183921400450966,-2.784802850948736,1.4239946299773256,1.5822745172080301,-0.540153194542734,1.6072032695303131,-2.0371413791706106,-0.9570042161660142,2190
-24.94563249188707,-0.2697067294698202,24.410174429805696,-2.075412585295586,0.7546680441242043,3.2306785073662634,-0.47028924438354186,1.3833050179146482,1.2986328674398586,-0.1147595347763209,2191
-0.31637179148667105,-1.252729910900219,5.463057555110452,1.1537094949897142,1.29760404159475,-2.2590818881669263,0.12909656776632467,-14.322512766679697,-0.9294870285497524,-0.5367351195953125,2192
3.766298033230255,0.5803603922602134,-0.3226814788219043,4.749037047831952,-7.829839136424095,1.664555046568803,-1.148467790132902,0.9786925028645421,0.5500719379233261,0.1738617069777323,2193
6.457684017818961,-0.9451148202432631,-0.276070572379639,3.1844208058130796,-0.8539907448271751,1.2151779474579716,-0.2600390335746866,-0.12274596840993962,0.3312334229078581,-0.050410658803142654,2194
8.23189821695738,-1.3056171365864038,-0.36091469322850317,-2.4926944051434528,6.172140365000358,-2.5651907045079416,-0.29366596996324124,-6.681720725795021,-1.9058953391961269,-0.2720758740391854,2195
5.730056378236186,-0.4636492182770515,0.06024632567931177,3.3019572461125186,-4.182369190707334,0.8281344316830648,-0.9225602886845307,0.21468268643662494,-0.45781811633220876,0.18594025833879121,2196
6.6833110785999,-1.1392375912364028,-0.9773539209059084,0.39272639926669306,5.566132126718544,0.3109557050465899,0.6120983690488325,2.238153314985046,0.6090645524086952,-0.3735518206910758,2197
-24.459163786260458,34.55385651406853,-14.680218674422756,-2.001777501028017,2.6785796699761866,1.2223159948546984,-4.292747834990793,-0.5522655071383122,0.20447739792776776,1.3810339782978358,2198
5.600787544880173,-0.032055653779660805,0.20272839198643128,4.410159910646782,-4.0806887417709685,2.177156364403562,-0.25680346834600254,0.7214706533787887,1.2066893876482365,-0.03845343228290701,2199
5.57140300542808,-0.31244657559536493,-0.13969015486351796,3.181130453464791,-1.9703918646743148,1.3395573684421678,-0.454626023198641,2.492276045500615,0.23442316833583463,0.008192835611938632,2200
3.767205473706599,0.05573337335224239,0.23026626910125414,5.141303818777144,-8.40619375580884,2.2563808192059462,-0.6044173561482371,2.3581428633602295,-0.4506567901530933,0.2022159103374138,2201
5.028124475481738,-0.22596136824396199,0.4869663640314014,3.10564424191712,0.869131636592352,2.097038278204522,1.5866633277802376,2.2993570744809375,1.0115910513197368,-0.7569664133659215,2202
5.434909163104526,-0.7901712235536533,0.22565831832379202,4.769085038133758,-5.992095512217463,1.523481820806091,-1.419894678334705,0.6480490334053074,-0.14089416765706456,0.22148827605983706,2203
5.688830113004023,-0.5586407029132953,-0.15833792431768806,3.048491347142392,-4.2923461039304325,-0.15934037665921796,-1.1647753784456765,2.9706985788521125,0.12573191815278678,-0.03771393780917853,2204
4.726940738486088,0.10210100322264053,0.009491367813672342,4.131426372558178,-6.8658416970854335,1.7044105863271293,-0.6602642058967462,1.1209654175583956,-0.451502163596141,-0.1680663563092733,2205
4.52796284290291,0.19856504420831736,0.16041599459351666,4.532505742473585,-5.606427860364422,2.212702133671639,-0.3860643065304419,1.722684926510172,-0.13943405568731346,-0.14013430722628967,2206
5.8715797341122276,-0.42369155880071435,-0.11901464564724062,1.6824931606351676,0.931887601512823,-2.011661657441519,-0.9217860176641818,-10.027979045694797,-0.43506446605578,-0.30717390794790544,2207
5.70979114201738,-0.24422866020173975,0.33025783370305395,4.675528058723742,-4.107842015750265,1.6747236849493758,-0.7240974358760138,1.2800951130134652,0.10674742335601405,-0.06504660191091012,2208
8.079793031091535,-1.4419207666949019,-0.8577343276162772,-2.266457443350356,16.30046556019208,-0.35866329492921684,1.276424388012722,3.611732739226874,3.610853158504258,0.052946850011281396,2209
-25.236061736629825,-22.248325446981447,-15.902128430453041,2.955009902532112,0.38655690543396376,5.765762902096185,-0.6903527307506576,-1.4204426017618934,1.2384791321772646,-0.949846260989873,2210
6.666674027115154,-0.30732853302864194,0.09962042767737074,4.774073693293858,-7.570173160814727,0.8284431256171247,-2.084220786634826,0.36447608394775555,-0.9039020070389593,0.723081476605604,2211
4.379528986628437,-0.24798452598154624,0.15516379332192895,4.468230948653671,-6.883889436004065,0.9258006292945067,-0.14228182793879568,-0.6241906993548845,-1.9218423487275498,0.6273303184627719,2212
-23.718485824733786,33.95256783419439,-14.387381462255437,-2.632256817372773,2.9609428884973843,1.554369058450143,-6.717709270072881,-0.6191785332725857,-0.3785328501411955,1.3022669515619905,2213
4.2964153368982805,-0.47770380685578645,0.34504333823451017,3.4538068258459518,0.540227072587056,1.3985364219317615,0.8986060049315816,1.1832364957531125,1.4092270336340966,-0.24136663544276682,2214
5.602766972766274,0.020388295268852056,-0.2781714761528428,3.9419122007251044,-5.105198258398905,1.5802099968114522,-1.1916883183980358,1.2611947919300388,-1.1004931851809152,0.011165315038875466,2215
5.207913447763061,-0.17044784178500116,-0.038723391279000464,4.665732527783677,-8.062856526554567,1.014881463546645,-1.0284402710754372,1.5214757126465197,-0.31264528711002887,0.22626894830434233,2216
6.476174119607228,-0.6761184732506605,-0.10343652099647484,1.3389924030533191,4.203535139369823,0.70148808099578,-0.011587095917025066,1.3367341010549876,0.8001682091208252,-0.22416983343929253,2217
7.120802442021709,-0.9345780160649154,-0.09054748970915023,2.150340287078055,1.8609712344034244,-0.5790429662093167,-0.26304531985318513,1.8785569552217085,-0.91961297655301,0.36412460162932575,2218
3.8028851277648617,0.2277997959721717,0.16030813868601754,5.172122234006124,-5.929153404318494,2.9588238463258065,-0.3259777307855362,3.29225601857783,-0.412484735742715,0.018932563902432042,2219
4.447520614308498,-0.014704156087206807,0.39539510610673384,4.882030984126476,-6.164208881598225,1.1685754904062002,-1.0477246183317273,0.6376389924469172,0.5577791814573531,-0.11809725901797029,2220
4.581563010462285,0.2904494495079851,0.17492647214785745,4.439596105965772,-4.658163356516906,-0.4653839961336113,-0.6640307600765862,0.311030612882569,0.3562400631752162,0.5617826275892853,2221
3.6490040178283634,-0.2437053731541471,0.11650030456418477,4.442208539990511,-6.6966414499889835,0.32521768227295306,-0.3234724704728938,2.2763482540908155,-1.4377143416593383,0.0382074894188193,2222
4.5580416565149475,-0.328762684585405,-0.3951736067114458,4.216196722581841,-5.733525807797076,1.5093811609458285,-0.8572302862275644,-1.3253498623819824,-0.6316757873737906,0.08132346647258624,2223
7.858808009927271,-0.8178676721976175,0.05324597120728049,2.783730678612043,0.6190905139979193,-0.3526140328383435,-0.914171832447766,0.35752611670312595,-0.4548188320762595,0.05183523102591134,2224
4.1395192045366125,1.1108580442359564,-0.14912626596345935,4.874319902659017,-7.383674289565712,1.3619457634655292,1.5447908543826394,0.13149906276147,-0.07695712098081621,-2.835723278177903,2225
-19.326138715786623,-1.041325813950746,21.929088252955367,0.4748676580859064,-0.6849922229461562,-0.34542477760410784,-2.875708236308594,3.370414976669272,0.44100297356620866,-0.4615644171448157,2226
5.619322358041122,-0.3895817085777004,0.17466222344727558,4.392013046869664,-4.424904988629156,1.3472304677102291,-0.2898438728834764,-0.17329056852828928,0.1496850902619571,-0.057582404240501976,2227
3.724828874101764,0.31059443372669004,0.6140998765138698,4.408593985521066,-5.585154432441286,0.5246313390172294,-0.5699029815240173,1.214187196830499,0.11128307942279075,-0.3012355614090755,2228
7.852274225608041,-1.048822653737963,-0.203057831400405,-0.6895141328873289,5.0985062568757415,-0.17464658721426157,0.5544608385554844,1.3551445634588917,-1.00631455811789,-0.19557223983730604,2229
5.636221506235509,-0.40741669996403024,-0.5872348985227688,2.749738551585703,0.7268084595806823,0.8968170801650556,0.27670650977818145,-0.32001950064684553,1.5226022780391721,0.5672017357384684,2230
5.837148442617655,-0.4447982586782179,0.06266628098789069,3.9089056618763967,-4.845747176966414,-1.760706188639932,-1.1393562633134353,-10.13609346496137,0.13720661870657389,-0.3825497377476009,2231
6.131648338581332,-0.37862259643490387,-0.300537085681812,2.367392543426887,2.3583067860128026,1.1004707118564498,0.11374330870336521,0.48718899453322007,0.6165173397827266,-0.11275454137621586,2232
6.84860919106451,-0.8244813646180318,0.27359515422517366,3.327861073473209,-1.3883902921554439,1.3266192827339642,-0.18285510085277698,0.6350428793030285,0.47513103522667105,0.41061399727504877,2233
7.599508924347899,-1.2310464055961652,0.01265198089636675,0.5279542236146264,6.929959168838668,1.008285251293163,0.9807406742162262,1.98270767349328,0.8326622053670952,0.19408290634472755,2234
5.924004416867167,-0.3329391317183966,-0.260434957690075,2.249821815785703,-1.928466267052413,0.029854308818684398,-1.453353708532474,0.38557253930840846,-1.2217442445884301,0.11794448723514153,2235
6.590308101958177,-0.2573390703287652,0.25789065398068145,3.8625006306974927,-3.8809387402440487,0.5730724388695252,-0.9162517126172814,-0.12753195593158595,-0.919114092766454,-0.2943717439339014,2236
8.946851549844625,-1.626453805581827,-0.6508789829938959,-5.578007985647023,10.033457826169638,-0.5003845362753203,0.49633854578463044,3.165031088769261,-4.968466594641166,0.4444342512917643,2237
-17.584515480423814,27.17324896623202,-11.316322969843364,1.2713997285045737,-0.033130834044479425,0.8236788085012335,-4.938737283024902,1.5764097136645632,1.0093282187735972,-0.23945411732213473,2238
4.900152878014863,-0.5745925986666353,0.322753046790927,4.8234162669459835,-6.432037863474442,1.851311875070483,-0.9077709344750615,0.9486395559115627,0.06460628387915608,-0.15916847588100153,2239
4.922903127949743,0.029166816435167487,0.052318879462799554,5.525586796882325,-7.077739343444422,0.6735689351011315,-1.1126639857338512,0.33481494137508105,-0.07709801341192951,-0.1302585205375801,2240
-24.85064879286435,34.91042315708764,-15.992892373113806,-3.7889357026501935,3.0856897532072005,-0.18131708051443335,-4.188109386717168,0.9728730045518429,-2.528869378653374,0.8525803236590229,2241
6.91751009822503,-0.9046070539943674,-0.30800926205221046,-0.1925573260066558,10.012286022919234,0.1793485600605922,1.318839198521558,1.8465341259421213,1.2873483535638182,0.1489248959249162,2242
-24.3513532081585,-1.8568733381541935,22.54518653998238,-0.6059533800703505,0.19933139655835777,0.6338334386621911,-0.9762361415812982,2.500718064426746,-0.5397827776869594,-0.394778696281077,2243
5.276435186908695,-0.18434849119085522,-0.004681398938279591,6.0241466292652674,-8.123265481541441,1.5861764519088424,-0.9298973026012044,0.7390403334578193,-0.10456110531125079,0.06612802603558461,2244
5.308102667256605,-0.40160383056650967,-0.10441800799038686,5.114599550585554,-6.9032560136670345,1.5717302584080513,-0.795197552088716,0.31150257902266915,-0.3371879021080615,-0.15348622596493788,2245
5.013470861010527,-0.8277217416245718,0.06873311369192019,3.447978220906945,-5.374286161389067,-1.8532031569458034,-1.4637057019796522,-6.444274925561708,-0.6356048797564068,-0.029291357329624856,2246
7.853201082791846,-1.3419386615482136,-0.3148943614637107,-1.1783275065255427,7.896989312691061,-2.7281642628328817,-0.11248043656515005,-8.276323388380225,-0.9619708562097122,-0.2174859452633194,2247
4.20898590800797,-0.2984517366584792,0.4092255191680501,4.910950783072456,-5.8511337866447235,1.9956361603178618,-0.1456659488621618,0.5625121532748633,-0.6426551982343572,-0.04685932890646256,2248
-37.92491841944449,-32.26973706218204,-23.12144140869606,0.5212695617521103,1.7736064833138006,2.6921925725381177,-0.9106824977109365,-0.09494058584382238,-0.5857218393921303,0.04731455264202438,2249
6.127736530032538,-0.6914737363696963,0.37262147613106517,2.368522505659251,0.26652386779688275,1.7311495660610872,-0.05162139727009033,0.575116760405813,0.5861523987341098,0.027979417557147772,2250
5.453656097644338,-0.2229337328207506,0.09449302361885267,4.624017191856533,-6.767399499966409,0.9764750961253496,-0.9079927683889875,0.5764539915766568,-0.06890042707804823,-0.14968902965556893,2251
5.229929314570443,0.12219194754391538,0.6204937573704907,3.6147914419211293,-3.8796291177693276,0.5602722540214592,-0.5925360157455344,0.25903783654671475,-0.24831381678966657,0.24450274716139273,2252
-28.656721161549054,-27.539026197266512,-18.86136540460597,2.399901281418549,0.6178635821238694,4.335777078838826,-0.608217793601433,1.956670912792093,0.5102383934575023,-0.4889727597352888,2253
-19.74694262806782,-2.081946553719559,20.90522984392677,0.15291594350989923,0.3228739723390323,1.355005902124533,-1.7589468226643605,1.71668175429011,0.3967158720136128,0.3901636715632519,2254
6.098445210097049,-0.8229064106815779,0.12768447137787597,4.826301871508463,-4.703795010899908,0.9414985303619238,-0.532167444368745,1.2075789349482284,0.05230122486499777,0.41925820569880345,2255
8.193181322351233,-1.560764395077801,-0.31188083194004473,-0.5410555177699603,8.101529365138921,0.092897714474868,-0.06073247750366192,3.047809394492657,0.23727493725192142,0.2300607304606252,2256
-24.574937360726594,-1.1250777668683878,25.086582207797548,-0.6048532436631564,2.1564871410292383,0.672215908180398,-1.054135548639499,0.7765022431940024,0.835457356559717,-0.015914732957993335,2257
-24.772303541076546,-1.478943746413018,24.074812955688877,-0.7921186903024285,0.4120991443472121,-0.7652517745200264,-1.5167356885041856,2.5842901453247085,1.0994381179703911,-0.6268270891017154,2258
2.0490134882628066,2.596113088543536,-0.9539267540701064,1.627590819739638,-2.9603491758454537,-1.881518017733864,10.39150209165071,-0.5222714203186226,0.6626028980640473,5.969791818523664,2259
5.173460755043061,-0.5341522703390905,-0.07133673009671593,2.9752802706379557,-2.969140774336109,1.4547797892719474,-0.5575965570373371,1.2755537986477343,0.16754958153719335,-0.06758434866451064,2260
-22.24181688906129,32.567688518538446,-15.716337274832128,-0.10990010459575811,2.3256429495997506,1.6344604997889418,-5.549039419368991,0.5622323637105467,0.1243471375436116,3.191767444830709,2261
6.219205786623247,-0.7382653761101531,0.2436497517041284,2.3304567620229144,0.19213181827100395,0.857506158673448,-0.5265924999024792,-0.0790909782142846,0.43523712638501405,0.16515475773915744,2262
6.9577945531794505,-0.9772340008711083,-0.3961677655657469,2.913830021103482,1.5629273670077704,0.37057140993323734,-0.5796816418531532,0.017557380106564005,0.5983475864917807,-0.08841275821551303,2263
-7.685139798692304,9.523708305275848,-4.886230742284902,-40.688272290920274,-18.052702915964446,-6.1728487774024225,38.00591330639017,-9.894669179238887,9.692791242871989,22.629824400432216,2264
-24.592719477313235,-1.6532309290401201,25.84527823679708,-0.959149302444099,0.2855334621593442,1.5126575284549397,-1.8232548886676416,0.2233166735251022,-0.48841955298497813,0.20694964427020668,2265
6.281693598518331,0.14496278090661413,-0.28657480638599525,5.22495313132561,-5.503667443152737,1.8998826081169722,-0.7557796735136466,0.7400645577341947,-0.2586410586443914,0.015332583716777443,2266
5.238149185716405,-0.3110951744718531,0.1402171892337038,3.406102208423276,-2.282973753352685,0.652771307133316,-0.04348503526765762,0.797251613545071,0.7007142753259873,0.319477452257085,2267
-24.582237904861714,0.25455936659941214,24.97750247090672,-1.9752586549143698,1.097356118497117,1.2790748549625552,-0.6508779361489986,1.200446016528229,-0.0963400226160108,-0.297841534013558,2268
6.169979092140859,-0.4519343241074624,0.12083882410465349,3.6396492286393225,-1.9035122331895633,1.5672241018183646,-0.17298823958802553,-0.4997217205774836,-0.6165278741041013,0.23793880559132743,2269
5.486938665553409,-0.05429119659483961,0.06310035704317554,3.3000026561672704,-1.2587834733691452,0.4386287481415763,-0.485823312907053,1.7532193930279314,0.520969115308445,-0.26505169245730176,2270
-24.549431443286874,-1.6000704058653212,25.211891779968617,-0.73565415779166,1.8635510982813548,1.241715637819963,-0.6847539697567776,0.9979535193707678,-0.3005982105138659,-0.0028354894643125975,2271
4.012971177737474,-0.5956183716462565,0.45114553617725456,4.668328315082909,-5.2996365334299975,1.1163127249394273,-0.35211670596893846,2.201253804636885,-0.46497069707595645,0.011143061325329011,2272
4.77223730044096,-0.5378032105878385,0.20473780033797734,4.452881125554575,-3.731397419886203,0.7224051890696567,0.10180115170689788,0.30925686461352153,0.641769764384184,-0.00271498948905354,2273
7.511211639600284,-1.0126650243214503,-0.4811923812555223,-0.2667456680333574,11.014875231082591,0.8326983456017178,1.3167786100762806,2.2707846467237287,2.6349496767914093,0.09438614912798433,2274
9.591637693361582,-1.7651812759018493,-1.5819686177730892,-44.29535770279176,-12.08272958138003,4.123956080245368,-2.4101340049007103,2.0871847791002005,25.386810921653247,-1.5507272796920275,2275
6.6960820232340454,-1.024650092643227,-0.2914073205456785,2.6657882219703977,2.0094221361033413,0.9090737298405687,0.3131302135779124,2.833971256188869,0.05663369885400109,0.5424290975476116,2276
6.037998570347126,-0.32766150120856796,0.21306237756708826,3.6733189843883727,-3.2176187898908797,1.3118322163987615,-0.8162251412611928,0.8723299903461478,-0.33178158847344935,0.22064401506428885,2277
3.922931521110476,-0.22826176474110005,0.4933684401249855,5.104970414097789,-6.416881151597194,0.7967232303657515,-0.5208903961489819,1.6618265461575379,0.3607399446479282,-0.00761172040791375,2278
8.481304148267487,-1.31966729770497,-0.24638395496479848,0.46452531146664383,5.620249166316779,0.7236929558208314,0.3059284570912092,1.8804415704348185,0.59214805679644,-0.06585496974287759,2279
8.625756319856315,-1.426398773266982,-0.3458507923428042,-2.1682511614300846,1.2351154519740937,-3.508342683293295,-1.2078045943252758,-12.729469439838095,-4.445538838046713,0.13377233114992626,2280
3.188602663179962,-5.044390101670295,-3.1372116888939416,1.0522385341453495,-1.2109702121426396,-4.311014224087788,-2.0146626035859287,-16.85415553545847,-1.6221562965374146,-0.25918789862093694,2281
5.65079007171539,-0.8870064347352125,-0.18019587890865885,1.2854976349422012,5.3925349250169425,0.03773682059768521,0.8079316749443632,0.40755253125892954,1.1557076706346303,-0.07340363501565206,2282
6.448464427792065,-0.1465220713121604,0.2265484663023899,5.364220052867751,-5.803424071840854,1.268039731704766,-1.4573856232289857,-0.5201693392119513,-0.312280799510782,-0.06517822231860247,2283
3.6662167862242545,0.26159662379368354,0.28258349743019046,4.419297139716183,-7.589332846836218,-0.6558472899261863,-1.261296407605941,0.44385538702574545,0.029845148652932883,0.046344685386872905,2284
-21.996580719852236,-1.0692737238428547,20.74855451390237,-1.1778834809207355,0.23071784616811725,1.3453392184234005,0.5813152207328512,2.729050099980504,-2.6048800238703143,2.914097198266021,2285
6.000954081777344,-0.9137668382895578,0.2520633740564274,0.7469927126371544,5.668832368452055,0.01434516361606039,0.8790149340082549,0.973954340966458,1.2436291566874595,-0.01989492837454682,2286
6.7421580808469495,-1.0226675729308634,0.011762958074884172,1.2242147364464597,2.7099430547504064,0.8795247404647724,0.07077560241712774,0.2764799213976047,0.7032108220055496,0.269560498339037,2287
7.114444235112095,-1.188778818421291,-0.23786596886534367,1.196731565658271,2.4089552795037656,1.1064543677194885,0.29601483273036594,2.52625104457411,-0.33733317378171906,0.294848112730333,2288
3.6702611818938387,0.4964157942463691,-0.16798194047425427,5.2533037608183015,-6.525005716686723,1.7247447168885361,-0.28119609254033123,1.0970830875322417,0.1653994826072062,0.18912973105116251,2289
5.223389654543815,-0.5834839353367594,-0.25502263883152304,1.120597314385234,7.211272014720202,0.10023308061169059,1.5376099745394636,0.5106317011494113,2.232981570653756,-0.009437136929265049,2290
8.03758595796881,-1.229000717950096,-0.6816564962879523,-1.2067842571317842,10.239761753371399,-0.7538307522459139,1.1133994527838105,1.1037302622480338,1.2624809250237226,-0.39644146833720645,2291
7.392627875411197,-1.3040413343074215,-0.5378639673302591,0.44644007961908505,7.390298566299061,-1.7021076907949442,0.32779246621075186,-2.6494945142231794,0.2058106685710133,-0.3879076534890325,2292
-20.96838662294289,0.047083756305468204,22.832096843605168,-1.0703077639615866,1.6381803889792395,2.59740386596585,-1.205132647984047,1.8003478428767283,-0.44757517470766917,1.3343461201754023,2293
6.98351064517995,-1.0483312617309677,-0.5261328329964119,1.153940790441567,1.6373355473571827,0.5334644092972123,-0.4091318045057201,1.9633675026205868,-0.344132856440512,0.17080275832630473,2294
7.811987176699584,-1.3510576802977534,-0.45009808077443025,0.6512244857655053,7.239095766357184,0.6244941821532114,0.1368807382567716,2.046733968607112,-0.3429254133043408,-0.08061177676078736,2295
9.333583649989807,-1.3434603336050959,-0.5142574014071505,-2.1192367289816385,12.12446163277793,-1.3550768940470606,0.6405168700916778,1.7661280671141328,1.4522647418822954,0.28731619118635987,2296
-24.190625332208324,-2.2122477766735997,21.391364790813757,-0.03675294407266877,0.9193395895871533,4.034957971926313,-1.2932231519958972,2.6301556521570344,1.0792959417988244,-0.6415696662751967,2297
2.8094236536336767,0.48361425509618206,0.27216352175688246,5.084911903986636,-6.714794449538204,1.9607502731440416,-0.3224804142168011,1.2326440019531353,0.5672241353665307,-0.032477617995238774,2298
7.55620726917066,-0.5900644035332264,-0.364227512714429,0.980915625593955,5.810017024755131,0.5784905687792907,0.16971691320908852,0.6121374355485368,1.0216622433679117,-0.15008451833090225,2299
-0.4012970151707012,8.350943960598206,-4.555105052978384,0.5511299278510643,0.5141352597270813,-2.0789739588434193,-2.8208023003929465,-9.31050150333404,-0.9139612516724663,0.06889181895277187,2300
8.215975053734763,-1.376607277051987,-0.056859254242592916,-0.07956476973511258,3.8960583434131055,-1.9237810713233001,-0.2982597978764509,-6.141712320860454,-1.5738620506762941,-0.23651996919767146,2301
4.781267371147829,-0.1121773646944646,-0.05333569027802997,5.32362935092685,-4.477024574276675,2.166964891073304,-0.16244493996705045,2.5157674086751864,0.3891751002094183,0.13616574874202766,2302
7.407737962308714,-0.8234555094131685,-0.04174542760536307,1.2807467994547352,4.322742470686508,0.7238079646124946,0.7938154924605382,1.9028953018263304,0.7097400903828365,-0.264021416374476,2303
5.434753236379575,0.003313773880147268,0.06648639716913596,3.588751416077302,-1.3417189440073216,0.6989783133325288,-0.2457376729553328,-1.7363484472826856,1.2190037723073428,0.019465545044052155,2304
6.464893939149457,-0.4479925394017825,-0.1108052474636172,2.2616677784385737,1.3812237972257784,1.1749608947182755,-0.10926917182152376,1.7647164752875533,0.11886076356967976,-0.04913208070920859,2305
7.484598915170599,-0.9911262260504808,-0.338874902982087,0.724647945418838,3.478923639612794,-2.5592468730073352,0.19686541240500535,-10.327777699163091,-0.417110860607259,-0.5732061386957618,2306
7.219862479887188,-0.964108919072251,-0.21389856783327163,-0.17494298525827007,7.612582058541557,0.1252522792258868,0.9125740383182668,4.256946968226094,0.5039995600684205,-0.07195256231123277,2307
5.802010506107023,-0.3005856117731018,-0.1695550463798549,1.046111548558225,1.5761406030835823,1.5695476947332283,0.1731723138854186,3.378948447307898,0.25121925623826263,-0.05079508386379974,2308
6.243147802376698,-0.900290781530708,0.04261645871942488,3.600222761009922,-1.4366782947480818,1.320647196252373,-0.2092335349076506,0.9086526707619382,0.8642073324726214,0.24326569130010028,2309
8.20472074760493,-1.4566000600619817,-0.6435402939691776,-23.443710134145146,-4.20281057865473,4.00272560692703,-0.6338853681253207,3.8512987418822147,11.381776168717199,-0.9838675172060991,2310
8.112956991313032,-0.6594418760025614,-0.5619128629961702,-0.4812516521671333,2.366893986019711,-2.8608785215620016,-1.018980190892258,-8.241344178003299,-1.2456780297770904,-0.2896029406280222,2311
-19.5366657360293,-1.462675176007014,16.73424457753422,-36.6311847966132,-13.651227388060263,5.0562344014529925,-0.11990852476459252,1.5841005280029357,21.46570884190603,-0.8814146732916976,2312
7.859288904379297,-0.6848743889549855,-0.08454695049066872,-0.7084842917430716,7.029264222274305,0.8590403549245992,0.5178929802287637,3.233378878178308,-0.2589875293499376,-0.372899532903524,2313
5.776638824923263,-0.4496367693772244,0.2870097907860283,4.481261840758985,-5.548534457743453,0.13371201634802427,-1.0924219078203137,0.19011689578150523,0.15780481526629814,-0.4147675851707013,2314
7.469757245797563,-1.7953733204249225,-0.37579329671223455,-1.0699860641773054,7.678180094473788,-1.8712636579510442,0.1968571307260234,-4.042065765521993,0.043108574211884805,-0.2885134375211036,2315
8.172249539849455,-1.0438666089619548,-0.315924072280644,1.5418113696526619,0.5617513627301673,-2.636220321791655,-1.4265296172842807,-10.436949657385854,-1.1455015257401138,-0.13937417992718887,2316
5.643170837797592,-0.2452264512317896,0.07277279060817717,3.1022677831856584,-1.6632053265103683,1.687678422296837,0.09619812437736723,0.3769677884095197,0.22950194146655956,-0.22175013547253958,2317
7.743272078250327,-1.1622586548438083,-0.44914779437894886,0.934868209220254,4.290620702533833,9.00351781121786e-4,0.2513562384090002,0.5230255649640001,0.9222986537617542,0.13621107577596886,2318
6.887520840736292,-0.6062890069971605,-0.10933430798504148,-5.709571804039985,-3.2444640512607545,1.5216617260626555,-0.9632271998964882,2.2408970058469926,-7.915610839468918,-0.2113111551017609,2319
6.596767681579651,-1.2247306473903707,-0.5144472221139904,1.3412928915583238,1.0181875502605966,0.1317787643990288,-0.19667066197905878,-1.659113956081964,-0.48443293515676383,-0.038578521139896155,2320
-25.27773734917936,-0.6629742209697941,24.930095540531212,-0.21539377400798945,1.4178274632580097,2.0288135926807116,-0.7758831304262933,1.3790039201402455,0.7331869675547674,0.7152720966093357,2321
-23.596545553971247,-1.2602486941364974,22.87775529913204,-1.2058322401541306,-0.1733528376848022,2.950807302294275,-1.223183734904193,2.862781521051793,-0.8992336325133532,0.5986661057716196,2322
-17.200378567725963,23.600536049070804,-10.892243961532023,0.9020273804614062,1.406611924587752,2.527541504645701,-3.1107319947997447,1.7449031480425101,0.7458672388498784,0.8026436859162412,2323
5.335611577534435,-0.051694384269173825,0.0609907924573436,3.6432748067425162,-4.529356034610654,0.8672316603245158,-0.2244431695535892,0.25128975040771173,-0.8381799771461954,0.036931659489477214,2324
5.275367334999079,0.11710644163723345,-0.08802334610637116,3.4452116049585575,-3.862805028177287,2.243456652032243,-0.6126930841073694,2.0385821180387835,-0.886167072791392,0.2507508354363226,2325
6.562175194930604,-0.762578702590023,-0.19486007547127412,2.1760410324204065,1.9018662366349715,0.8030104395018469,0.42919441087566257,-1.103563158192464,0.5530208155292633,-0.3191472381575926,2326
5.448295526756291,-0.6778391563633477,0.45678700041816506,3.7500294315124743,-4.722441723819882,1.0894063895032147,-1.3102576720129624,-0.43325998262085297,-0.5067229760758227,0.3146793586282951,2327
5.168991930963068,-0.8246058488312621,-0.3365525558945695,-16.523479423163273,-5.368443418386502,3.901639938596933,-0.24893866050817054,3.742436423525362,2.14788102694427,-0.5941398733057289,2328
4.261179474367727,-0.4739994035673343,0.2245201435678034,3.823206770728476,-5.189477315783142,0.6687383516106261,-0.7177386572822616,0.9069152034139666,-0.8594458133443502,-0.12077516285717278,2329
6.26884413706631,-0.3801332963204313,-0.1172522583202397,3.6163956490311047,-3.0108870096961327,1.42022749163104,-1.2119866111437474,-0.5319452767961954,-0.38821885688383584,0.10546511782167786,2330
5.271838724478826,0.06417090857525365,0.3036371546884939,4.2076935252647045,-4.044290671077913,1.7273101849836077,-0.07907285342107319,-0.3925585785489996,-0.11136253691585568,-0.9534821198263681,2331
7.516447449449349,-0.8393834841778528,-0.2430736631260816,2.8051656704499814,0.79862661919687294,0.703534317672768,-0.12896822468185087,-0.38711367808727004,0.35674437382806545,0.0849947974044246,2332
8.386933465803361,-1.5271718610080687,-0.3581911642062486,-0.5501251063876695,7.525608530778321,-3.951366079654294,-0.41707629222848364,-12.216996595695717,0.08421047281155171,-0.20307555635615668,2333
7.42996599733276,-0.9908080883362552,-0.044835882410568496,1.8730975544766466,2.399573659280643,0.3742420848611748,0.4204604350116748,0.3442499897145759,1.0681675399168016,0.6519220318033802,2334
7.350731630166037,-0.7648017023149458,0.059942664693937484,1.5714209493930953,4.420711605071144,-0.15241770953942138,0.23824893032045608,-1.0210042188922148,1.5177809549920451,0.07261678660277864,2335
3.0615050209904706,0.3266728933163024,0.5190342622410701,3.176007698897007,-1.5026654322928656,1.557863775818231,0.6146660326330012,2.1046675816036364,2.0739303617547056,-0.6850920747759925,2336
7.446487978296293,-0.5524714813417393,-0.365596602804741,2.5629383504991536,1.7826939038148224,0.4722087664459935,-0.5399680632638132,0.28937634847926447,-0.17881514975397328,0.4046666101023194,2337
7.127112981132552,-1.0779273662604374,-0.5369939950752205,2.4881738301776593,1.9656314956367547,1.4423327517730948,-0.01229889582244403,0.045863937128682475,-0.18007878916465533,-0.09344383427397346,2338
5.274446523943216,0.03368439150298197,-0.09601442824239384,3.703217720008542,-1.6725991478742566,1.9920905487470215,0.36060091096035657,3.045738669522937,0.9988646209336168,0.050368440674757015,2339
5.505544583145783,-0.48277417493888464,0.05289955976626303,3.4371853507330585,-2.56376850063973,0.15956132125474148,-0.4034539936835308,0.6085511064749057,0.12654936695424082,-0.18641542436562805,2340
5.813715780158693,-0.6377806501628975,0.2764056011473423,1.7309710572018233,2.780348595868763,-0.5214758537453469,0.35578412786042835,2.8072214206300394,-0.029165413162500695,-0.07661887749449629,2341
7.417989910058915,-1.1064434629033129,-0.3897421431681257,1.9155554573561409,4.886434840875709,0.9315628099219567,0.22569238043445466,1.8704469934562784,0.8923407036283371,0.25050476173044145,2342
5.196025386844235,-0.05173225497077292,-0.02348367534200032,5.00637983723978,-6.798970919757849,1.575419525308929,-1.0509545595735077,1.2536626355848286,-0.4773452693028841,0.038597458492931544,2343
6.692938214004922,-0.7003322828146347,0.05964524804846021,3.343411417686341,-2.148311284083658,1.0781582400879623,-0.29400607663223016,1.2142835511254957,-0.4252212241638558,-0.37944937430550896,2344
4.749059577107496,-0.12260814141388279,0.13381418197372486,5.437290189744237,-5.62432111573021,2.422984901235308,0.045752744253738785,2.2976435241152005,0.25579888996146455,-0.07076208948195292,2345
-18.54358985813341,22.734395081966262,-11.838767541253862,1.0348328324433782,-0.2632593916888939,-0.774914340731332,7.078917171356521,0.1673820458133761,0.29084348043521924,-4.470894929881432,2346
5.542125474627805,-0.4783705863884033,-0.046701288422866256,4.138687448735042,-3.8289806452070354,0.5985752845010124,-0.41184507615400556,-0.6186716077939481,-0.32722558623491027,0.6791273797533705,2347
4.225319192281813,-0.12164074416900393,1.2306464643639519,2.6640076322900876,-7.133186249351913,1.2690962819538039,-1.405115630210545,1.9165235451780571,-1.253660754888531,0.317071247215419,2348
7.047119415708162,-0.9544999673523943,-0.5370298660137445,0.45270729600352466,6.778220704180427,0.8287854414822946,0.35799390943701254,2.0988426204653385,1.5944207234622583,0.14992495163843192,2349
3.6599219942220107,-0.01980740246371933,-0.20312444517478123,4.905862248505341,-6.026881069489722,1.8123449993343563,-0.8132603458604394,1.4623951111047389,-0.5089477657960062,-0.024262705495112082,2350
8.40269225352305,-1.5135641314338977,-0.270073488360218,0.5209411925394354,8.280866949077803,0.08720438100381464,0.5621367053724067,1.2071465414197724,1.6298508817734927,0.057399662654390435,2351
7.436813936145871,-0.7512084170261155,-0.3085682156703425,0.08925638842182432,8.857076036709008,0.46657061988706133,1.1574572961850496,1.5847036246988986,2.062353027421116,0.989388720859878,2352
-34.41180635392701,-24.12575123860879,-7.561632472383624,-1.7089103737876552,2.872009134570193,-2.790355376867403,-3.0396248951888003,-13.356524444033495,0.27898792852623777,-0.6622445625602364,2353
7.864508046658494,-1.0716799362038707,-0.7653619407520083,-5.224965384608754,6.9822448508364445,-0.31959664460752496,0.7581532246469502,2.8099367756081772,-5.731212940104606,0.23819372126311628,2354
4.592551101452843,-0.03823254926459514,0.45366101340311155,4.840239089518934,-6.485966011155009,1.9288213699801662,-0.6512789539799827,-0.4438477234568634,-0.2280691079349056,-0.11231314457266854,2355
7.214012469169235,-0.8898509903741809,0.12203335011030321,1.7543502012254875,2.2163354194026046,0.7278757124528789,0.05570282921368589,2.3062827848213954,1.5379575560304892,0.16269862647251998,2356
-23.747043680148316,31.938870542012392,-13.963130094799698,-1.1534190830635507,2.151204704579841,1.5911803584651634,-6.268727499918852,0.06078853214416056,0.37408359479387204,0.4314338984784855,2357
7.296571733668053,-1.0622795717261309,-0.38648660896100767,0.7392537646587019,5.821330895935806,0.34716801361349003,0.8353153409135998,1.92311973727534,-0.3676421387382367,-0.7334485380180441,2358
-32.18901339887509,-30.33650134540627,-21.628052521055352,-0.017282382515801227,2.4752848191040155,0.8797056638958515,-0.6126748884429891,-4.568528735130889,1.3533918405786456,-1.5851782801102126,2359
7.377066243952514,-0.6392092629420663,-0.14979867062715996,0.2356741231724892,6.436194777095336,0.939987473970961,0.5667048233548159,2.387124746104421,1.6032930976750779,0.12569325336089926,2360
-21.979667274196455,-0.44693435635048334,21.906872811218374,0.064175068084202,0.09564399528929089,1.085066462553405,-1.4676083230468697,2.8679264051815556,0.6745061904371134,0.14308064632300435,2361
7.794394396348148,-1.1319806574022095,-0.27473268156799885,0.4105887666868818,6.637367489097529,0.021440455575497838,0.3361521813203203,2.11653651052179,0.09251455617763864,0.2697253725207552,2362
3.5783763208358157,0.6125258533391901,0.13402891828275418,5.12491461823023,-4.253129549571151,2.24032518098779,0.3872255820444915,2.068750412640838,0.42391341237734786,-0.07412597103372894,2363
-32.23680625933672,-28.046372273983383,-19.840640908267677,-0.6374661148751666,0.6277730207436928,1.4476927394711607,-1.4254363495615294,2.025402357523883,-1.2780697340583211,0.30897698401710144,2364
8.581842180767064,-1.0970404240390674,-0.866733173247483,-4.008893703434578,6.320704719765993,0.6622199141113381,-0.004965455005990309,2.7208844280213818,-3.332607280483397,0.19097893913743313,2365
5.761903282702204,-0.3075685212704964,-0.2961801789900877,3.0634979741900494,-3.608372261013493,0.2959054459272431,-0.9022707582994768,1.8317608495961617,-1.091362467967849,0.26144868359784074,2366
-29.125770315748614,-18.174211019598275,-4.278696074515908,0.2872392816618283,1.1132761219355527,2.0382260579938314,-0.036085250099874726,0.36499397181105697,0.12252046303255254,0.9705592512480791,2367
6.34160345750134,-0.5116757931530717,-0.20562128368205662,3.7467064338819775,-2.224067465029393,0.7059462434843272,-0.1835696206153523,-0.772755609029359,0.33634952118742656,-0.0018928574929767733,2368
4.466455353982676,2.1429905587233547e-4,-0.07206503448138794,4.319868503132358,-6.254958188354881,0.30824096192730244,-0.2897715479533269,0.048449278283928046,0.26112436071028416,-0.11030570518980244,2369
-15.860512865205205,14.095031837921011,-4.33623506030978,-1.8533135164322747,-5.519777471712395,-6.900263263690449,45.29063689757667,0.06010792320166471,-3.156089244227669,28.87909146398709,2370
5.55096171914742,-0.7792778715360488,0.29114681439013407,5.1936106689406225,-4.372044535275314,1.9468489167453686,-0.6573069619630233,0.8942102428179297,0.7200464881270153,0.2862098817417322,2371
5.736538742125051,-0.43992230338275573,0.02462546455437426,5.153749917924184,-7.056103757676153,1.38517730238829,-1.1002820136065543,0.40586058447030965,0.19575119955778467,0.22603191692275795,2372
5.382413016033226,-0.25917684564233606,-0.1779448119048769,5.236874854172836,-4.607857782978124,0.2667950603356512,-0.7981357277903953,1.2231857601647804,0.6622015996218973,0.19278232917725993,2373
5.425723443250537,-0.27630985423256404,0.1630478786544143,4.333663990548094,-6.160746561667449,0.03371567212379607,-1.6937225697366998,0.1349866864776457,-0.8322199030403333,0.2706321295961253,2374
6.3212067327616,-1.0963123014970018,-1.0451784562740705,-14.126885837968954,7.552749622615052,-0.6039369153838929,2.625271997951738,4.891388871336845,-10.85522177605915,0.3545734917634285,2375
4.229409250123866,-0.540440092574353,-0.018952096292912758,5.613334910141417,-6.039094956366886,2.559386285356115,0.5505044063105498,1.1288523492785132,0.6781056200525607,0.3968498861151856,2376
-27.61228321710835,-1.7144839080896488,26.69092330242017,-1.0370323796321983,1.986476817153205,0.9069377484272217,-1.0448094213026498,2.912969012276283,1.0848800133038294,1.8414902373312536,2377
9.229547320268717,-1.3749097211310837,-0.3679636997507126,-6.662422154793507,11.051091634784017,-0.8502273435976638,0.6054636000177768,3.6943436756341965,-2.725544046975319,0.6366123166630586,2378
-24.689664843375976,36.65605008559747,-15.965560995698224,-1.490895781715224,3.6095581767833065,-0.3284523786840406,-7.073731137459983,-1.2057264422723735,-0.7713360234877153,-0.08653001552229476,2379
6.144614043750627,-0.6382455507600342,0.512021834998416,4.925799839196221,-5.503440566176283,1.1836570855917437,-1.303330103525616,-1.8999520389410542,0.3921272360799654,0.015387971346282604,2380
4.624807741322654,-0.2655537158901006,0.14739061085887406,4.236838993209313,-4.322383216118981,1.9121909319698682,-0.7249695105851578,2.0256629038292733,-0.5354447472861606,0.11420343583010203,2381
-32.875938463652375,-30.34301044836761,-22.26618775486426,0.5900150562506445,1.5667114398552944,4.485388486225649,0.8853527728123707,0.5919807040065782,-0.714457060336506,0.8454771235842772,2382
-32.50794997390957,-29.109494953046394,-21.082605338036142,1.3858771610999705,1.1798543739540341,6.74552944730851,-0.1131823148738981,1.0119431008832567,0.435910981998347,-1.0608033504730017,2383
-12.134362345259865,12.515451264900753,-1.8426903933333558,1.1897573990028463,-5.111856531178977,-3.994545419431669,35.065841997026574,1.1161905035306172,-0.14327944801360898,-26.27342731482712,2384
-33.53096277147712,-30.601426844356087,-22.5549626172008,1.0828891194118608,1.2782936765514683,3.4181832038972026,-0.23420914281109703,1.1645032327318026,-0.6564562100907164,0.15800075946503964,2385
7.81993123711331,-1.0489588229680296,-0.11285182645899296,-0.02895424195479836,7.633618167725482,0.6095695558008564,0.4926507019331626,0.8043610352861214,1.775608624738094,-0.1397916846552432,2386
5.698864590906229,-0.6543129711433178,-0.6472145670836817,-0.1856954913793952,6.5743360522576575,0.42508862101394884,1.0359307328223932,1.618595342479974,0.7085018704484664,-0.10501980393759348,2387
-29.199792973030597,-28.310484307302907,-20.363916582811637,1.967607711818139,0.03964734353741489,3.3048538460732035,-0.9533111972459072,3.352696058193115,0.7035679164909955,0.19786850068058076,2388
7.858180126110384,-1.0956380086845636,-0.4164203793772233,0.19574060070599286,2.8406309078902146,0.5096434963241407,-0.33682044363993613,0.6341377729719465,0.07057797442232487,-0.3493431793397743,2389
6.16598329973607,-0.4637815117428927,-0.1113633230406976,4.013540878080559,-4.836072018380241,0.7427894264776935,-1.1109127587176135,-0.20966827215740846,-0.32241468605766593,-0.2824037712204995,2390
-14.147262599028965,18.242358777730967,-8.474239439106828,0.4123847088576328,-1.5815070740986956,-1.2934610409420104,12.847143696912257,-1.8365468630920632,-1.1663131949080034,-2.2462707052848407,2391
-28.75448870977209,6.365062470479849,7.905092507616589,-4.154304298713157,1.7523802778296271,-11.397648309619944,-2.20914221558376,-2.7719298988379766,1.8431928578190753,-4.026842725940027,2392
-25.241488442901034,-0.5234886465743276,24.008047556230864,-0.6266052848877949,1.0991985747502295,2.02719190683084,-1.1052677119945613,-0.3217616559703612,0.0639711099952103,0.3308258269739388,2393
8.127595491691649,-1.3221873844378744,-0.4447827075503994,1.484583516790879,3.94858011566425,-0.3571385534213754,-0.260485375339723,1.244357108196054,0.14350355166062845,0.578773165254456,2394
-22.614801374413346,-1.5390830343810424,22.083480673604686,-0.09505388881552107,0.9173684262553419,0.9820651054545173,-1.1514068603095335,-0.2758927975396077,0.36494895460187016,-0.34633982230982047,2395
-11.40082394213571,12.965924602339209,-3.082085751481652,1.616181041667538,-5.5285309446631645,-4.582506034279855,40.60245008866439,1.1579763823172735,0.42859434622330556,-28.524764090933665,2396
-21.09112993157227,30.51281642836039,-14.930819466261353,-0.849074363415699,1.8505480032378716,0.5639275180553291,-6.061583767089612,-0.329353025424292,-1.023470951035531,-1.1621944156657198,2397
10.130812407620787,-2.1743911487020746,-1.4299875535798903,-40.6521449774289,-8.593307611014078,3.962571344874941,-1.3716266531165335,2.636526362915142,13.418710359352124,-0.6088229322880995,2398
-25.22834495922649,-1.6876246269458681,26.511410534937248,0.09558736496420217,0.6640562050118191,2.030974063498269,-1.6845519191382308,1.9541948139955363,-0.326789257976778,-0.7632887330961114,2399
6.35202020013357,-0.4276673412329945,-0.5349731137467588,3.3372635200922818,-0.09242151819889438,0.7904053121311649,-0.10459022425180142,1.2606326885423829,-0.44180361601423346,0.17043461843694893,2400
6.81215889942843,-0.6858426675451061,0.14300313943138437,2.697383695432142,-0.35578650060186023,1.0457248410334874,-0.4814965628679371,0.3483048567487333,-0.2739769913674696,-0.1684762233912027,2401
5.376372809995843,-0.24503755137639138,0.4920180218406452,-1.4268244004518011,1.6147377662149254,-6.009739873236246,1.9312658728340988,-18.615625318277615,0.040674888584383194,1.4093760187806816,2402
9.180113074488078,-1.417036853221121,-0.6673908049742903,-1.6409987590547244,11.040324243637112,-2.0590300772568626,0.08573665869810243,-7.316334271826949,0.10455767359320646,-0.30615134647839737,2403
9.356357579100466,-2.071524412604306,-1.1037872673667537,-26.543820720882877,-0.6455225778704817,-1.8371682257533535,-1.2279778340831298,-8.043684184352017,-16.216757975125397,-0.3409101302249709,2404
4.2252556541717725,-0.3479273172481494,0.3431004019287493,4.934436651869696,-4.061364282823918,2.1781240075385893,-0.30820158984397955,1.152174584014133,0.6780257961469672,-0.02427085719212557,2405
5.017815849535552,0.364291794729755,-0.020150756800627258,3.6459840042793945,-2.4129687225991896,1.6036166437235482,-0.3420439400694755,-1.0719039232160084,1.8718154506561024,-0.14497896467953278,2406
8.893761610039444,-1.3664870496315618,-0.289452305046571,-0.06407235581877768,6.272122830775898,-5.241886174608806,-0.7262780496396035,-15.907394160109808,0.22762783281507967,-0.2940302127616647,2407
7.907646122064589,-1.381360703766558,-0.588858070692513,-1.0047304906598573,5.965450790574432,-0.06555753542710954,-0.28438291348941364,2.2182921139181473,-2.208701491031318,0.11223186161386114,2408
9.238022202896222,-1.6228753979704047,-0.6856516512657767,-8.562096332812555,10.660227066394263,-3.4499698853200957,-0.16413625080214683,-6.226110553562801,-9.430017078306147,0.1689697517620434,2409
6.689731793129159,-0.38836449895100905,0.06390269683360772,3.600588094366484,-1.2296356171573861,0.782231241681828,-0.24805503562527007,1.1362308593298098,0.15628085964139538,0.15583169123695553,2410
5.373519621314258,-0.23840065810996766,0.06820591306162163,4.191620225715223,-6.531509883319837,0.698235892421346,-1.3627477786581952,-0.7891777376834594,0.24596266152188528,-0.29526930509106913,2411
7.495233582693384,-1.1269224068408528,-0.020303875024282173,-1.4313826247621837,10.283748961844328,-0.8462104517090372,0.8457848905616513,0.8782656648129267,2.2026188904517414,0.13424531983774318,2412
-11.530359955909118,10.563054891880409,-2.5992233244062635,0.8486881072456715,-5.522763114324755,-2.2972917036330784,37.99723810181234,1.533368178720039,0.8383595452947089,17.63510163221105,2413
3.8173894428676043,-0.1505095912526305,-0.11989463554649814,4.967284727481424,-6.49745674169213,2.1984302873362935,-0.5199841802719334,1.6607351249802296,0.5250029348667915,-0.14356107556387862,2414
8.622183789159545,-1.210888612935894,-0.44926215582918455,-1.3139012144353905,6.781130660786218,0.5613325114074265,-0.08707602205721077,2.0744063943335465,-0.6290098736195376,0.017091725471536787,2415
7.2522814976409045,-1.1225060855312086,0.06066635261120589,-0.060064748078197304,8.838493033710177,0.4992941275761361,1.5182672681029006,1.1312785998750543,0.9073145080657075,0.07198871220975521,2416
4.068032050080219,0.42822689156948063,-0.0433955330372349,5.815503450378211,-8.684843425027447,1.383047692816228,-6.017212039667601e-4,0.7080574782867421,0.30996849777292196,0.3198444234458171,2417
8.12559282431804,-1.1126067107142368,-0.7814543707566782,-0.36659751074831964,8.028663140486959,0.9746339858576,0.4256059042091094,1.8794884747397897,0.2919753491594554,-0.2106702325749709,2418
8.8374228422382,-2.0992904986726004,-0.9329437216416843,-2.4322539830294074,13.917589825228458,-1.1337493097479328,1.3053464307690439,3.3211339186015785,1.3498437482734795,0.4879408581581709,2419
-20.76188536909891,-0.8891222520895404,21.697491263713026,-0.3335844863309384,0.6443521064129376,2.6510420682277855,-0.8044992958697319,0.29866974790233286,-0.6492362443468054,-0.8709679341322982,2420
6.282029232351619,-0.5369611915932367,0.055799318802524055,3.9352535022954465,-3.5333034980333924,0.7959465317702111,-0.6438077566585209,0.2938194202619073,-0.7759367740514883,0.3216891773939054,2421
6.6303505102979825,-0.8260548940603653,0.008604190455422905,-1.2512757745577106,4.2960040521489,1.0360139904949874,-0.4385226584422185,2.6307017828654176,-0.6066662245953579,0.07226619832693863,2422
-23.0445966419085,-1.0075476209317273,25.350227538087896,-0.7183046438502405,0.09073862819891688,1.892388949119036,-1.139853267307161,3.621078438114148,-0.5311030177760383,0.14973052841772772,2423
7.265411722700168,-0.8224948041176193,-0.18195663715727137,1.8113737379135433,3.350668566550395,0.818062374920436,0.12353193533728879,1.9992452600177781,-0.24669668910383324,-0.37934982802253314,2424
5.930635541139216,-0.6403479872157146,-0.38947625059377783,-3.8016996530062332,2.723730097510335,1.3034037637395726,0.026862103832162892,1.7513259474549747,-6.9515555020551405,0.4207371283719577,2425
7.917684926576712,-1.6480243197315159,-0.3847001769222043,0.11128795929727944,10.605529501900637,0.6009332843820276,1.525189917735303,2.212578516829848,1.7389707758203417,0.23620575198557445,2426
5.0662097744146655,0.0554617005471476,0.0022348970873907856,5.119420368892767,-5.088576308695874,1.535997616222669,-0.7860045051863469,1.586758425712645,0.019229331270319505,0.015094069353076903,2427
-25.18299167883861,-1.6445739777485953,22.858036556844144,-1.6100337878134634,1.8047966871533356,2.644032979743128,-1.4253569997006452,1.5141695773198978,-3.566217765789704,1.7356990414705997,2428
6.46299512273655,-1.0254465613747457,-0.11066308972896513,1.77810973233788,3.0168481181827365,0.2683503235812711,-0.23724706789480574,1.45011286201801,0.8353237822212182,-0.054637700813768605,2429
8.085361895680117,-1.2848610894156742,-0.18458051663331626,-1.271890550250094,7.1498614757796934,-2.62786594461949,0.1164883992709397,-5.867453805958021,-1.37127619836408,-0.07404019850341785,2430
7.573169061566758,-1.27464863121116,-0.2931527251925034,0.81463446160101,5.377542801153602,0.7700061323360784,0.5919384297523381,1.6576753360147838,-0.5379636408626038,-0.08183947775399178,2431
4.608251408259893,-0.33110463627590436,0.017581059957494708,5.105377927121075,-6.995412917328263,0.0818015891066828,-0.9181548047188988,0.6522039424670164,0.14934430183514166,-0.07295216586458676,2432
7.93802158833363,-1.0484630447360248,-0.5264277808568332,-2.0782520085411953,13.728922545500536,-0.38604307183207437,1.322763542256298,2.321375627320086,2.414158102240373,0.8801800729080289,2433
5.6506725591118725,-0.463139099405017,-0.1701933719981934,3.8644958267152867,-5.847744587593694,0.5324627389003086,-1.9825989776378394,0.0379061012579008,-0.4965344793234955,-0.014057701537220354,2434
5.106146190899323,-0.19011140088927356,0.4846642721825694,3.4914663695483026,0.58917769478759,1.7741295581568455,0.7704414781169651,-0.2656689343665683,1.3220410130061604,-0.35664443834989895,2435
1.2428857906842108,-8.495682416845558,-4.872486488293206,-1.1561272383377046,5.985807314874052,-2.066260892949881,-0.6641094446840956,-13.166181198167541,-1.348676618011037,-0.8465700533438015,2436
6.893871872175633,-0.6288690624008788,0.21724213211353205,3.043881573440769,-0.8518014862378465,0.550414819359703,-0.39848322796487984,1.2100802732222458,-0.6333317119905149,0.6950309602764094,2437
-18.379117198683414,-0.9374815766102,20.63534344042623,0.49820261993617226,-0.15961302009200706,2.8918287383063475,1.1171262855520594,3.5793016511757987,0.27548902790065694,0.023295724822127054,2438
-21.323313154724172,-2.0771820609790517,20.514685159719498,-0.2185321942562652,0.16304707637775473,2.8182463263145228,-0.3883776947375975,2.2192606305920592,0.6983346095185677,-1.3692422518984366,2439
5.2555179059964665,0.06710937581252154,0.5001077089474762,4.61320587514062,-5.69368496357952,1.1850828241865705,-1.0701152443123216,0.5156452833154833,-0.23705873493192714,-0.37689914236721167,2440
5.024146537322245,-0.7915132715513262,-0.37233691164673627,3.397963852566748,-0.25347964342143303,2.043241414684759,0.051286944548281095,1.8163374119471056,1.1264539585576077,-0.23685650656278484,2441
-23.58033169198336,-1.128398156518622,24.824035302714016,-0.8051253090935082,1.0976533300288693,1.9052048274762243,-1.4772657668718785,2.372777430133601,0.3603545050610339,-0.022460996988798602,2442
7.0706533899814294,-1.030313953155404,-0.10646048702688482,1.010572584284594,4.1840125877220835,1.0133481616836733,0.11614289924636144,-0.7900523626009484,1.7136675662105594,0.179786192547417,2443
6.630448086893741,-0.51131600666504,-0.23358223060409694,1.9807867611064789,2.7836479123278943,1.313328468865319,0.22108803014430528,1.3303956136783794,-0.4742624859022693,0.40356288578984184,2444
3.5565947869564707,0.3547031046769467,0.4870525605632795,5.4780895486114956,-6.140822957506911,1.95050392383388,-0.17156402483802433,0.10031454791932765,1.2909775481251595,-0.05225964253683685,2445
4.779119330662743,0.11449967592002404,-0.10316184781164019,2.3096802858789243,-7.969208879747862,0.9017762137324009,-1.411650693568915,0.3812106194863294,-3.0217532614265084,0.3782549630760386,2446
4.650080050406447,-0.5826779456011703,0.030927772614914795,4.829154070336457,-6.8067204455037,0.8407157742230593,-1.2567293626099938,-0.24731268959893518,-0.07585036469445032,-0.06681179848599036,2447
-24.9946738708454,-2.2139494797732113,23.303622958900473,-0.8993092766936155,0.765685106083365,0.8413211064097025,-0.2711302273831125,1.831987515141271,0.07872513083738564,-0.9766067911432127,2448
4.975002728227504,-0.48966573022117565,0.4498748927121167,4.762684200125194,-4.598257621467331,1.3038777068781457,-0.45483884881740533,1.3746462862812119,1.604434398225186,-0.1315711809691509,2449
4.278394569981584,0.6040771874367922,0.5721300177776361,3.7873616706644424,-3.688209685390646,1.479012701757551,-0.37483202856396547,1.3902059949996777,0.7695080756096201,-0.15688399404309925,2450
9.23494139548625,-2.015684501231471,-0.22055484201957523,-2.315679113092116,13.843678447575627,-0.5861768972595743,0.7303948775921584,2.569403014200695,1.9427408117412066,0.08766442857751303,2451
6.425071196640795,-0.4339621323548544,0.3204328497466096,3.396770675670631,-2.4109078132521113,1.4933808103035644,-0.013442674005877642,1.501434220792952,-0.5869806503901795,-0.37829428381982855,2452
5.477857316103558,-0.35490039638168874,-0.14102246165527318,4.2359536192858,-6.93322047861417,1.3004018457726771,-1.0630588443749784,-0.5448791561677531,-0.3157552874319981,-0.11548759040861296,2453
7.5521333354029725,-0.6875364959868911,-0.22612139221447816,0.5308856603368973,2.211358137900895,0.5849418028536661,-0.5892431124656436,2.761456889597268,-0.2375673075692193,0.006401241384820095,2454
-19.05500629170029,-0.3210060728923955,18.92848557831545,0.12233626680749848,0.18686817117532895,3.6385131321026325,-1.0286050921496892,3.5954043837313443,0.18427755604928697,0.730848274222294,2455
5.694211508765706,-0.422677679579913,0.39554355403965047,2.822950042406753,1.5107613613138238,1.9382640938514297,0.7863364952596488,2.750544796830257,0.7981196949403803,-0.19100966847075654,2456
-34.89228753357125,-30.814612339788418,-22.74963184031206,1.1744356772800004,1.417653656591843,3.7350060279375903,-1.4624061849753311,2.412856712731693,0.2886979371224657,-0.9198431506879113,2457
-30.448895372047865,-27.56189024108101,-19.86165731404413,0.9499538418537632,0.7258089926718557,3.7385880718464213,-0.21476423557618188,1.288572781504863,0.39254445089354345,-0.02433141820197247,2458
6.39049274052621,-0.694883106315229,0.18394185493157972,3.383906648812099,-3.897880186242933,-1.5983750451275205,-1.5464928583040523,-5.282381181630064,-0.479242035700698,-0.10352396140961789,2459
-21.800631464168454,31.74950384965055,-14.224650339811108,-0.6089548016939771,2.136391972971175,1.8042500687456575,-5.749474227016962,1.7581688045736292,0.9306551996825769,0.08726579638794182,2460
7.305975269013363,-0.9237972422431855,-0.19211485615192417,2.6818521998760834,1.927546574249644,1.066938808053482,0.217508069640603,0.718743488963366,0.6190752980805568,0.322077501936631,2461
-16.903971291191475,-2.2941635702617296,17.392116090594907,-0.401708920756121,1.4589883220082767,-1.497995545334911,-2.893359158406956,-16.418932365117325,-0.5911616765574066,-0.9118473139132075,2462
7.344318433872629,-0.5329083929153856,0.21272172325448102,0.11101377064007406,3.154464542249979,0.6142332410166574,-0.08835165811706926,1.154651459514042,-0.4008134881754076,-0.16156512420371752,2463
7.333232962739952,-0.9356933622284068,-0.4541530394213461,0.8618878092191004,5.76631614282401,0.5568922874737146,0.2685674238299273,1.9092503975552528,0.4314107246337538,-0.08732970771365123,2464
5.848277299893372,0.07900370743136019,-0.028692249987542145,4.321359646043214,-4.64961269006771,1.8885283553442234,-0.9682358722850998,-0.12491351821966842,0.5208267931676483,0.316964497545627,2465
-37.36617898252464,-31.54568698649572,-22.70095418969592,0.3932954922917617,1.780988495630693,2.950684207137108,0.13945994737875447,1.335246387444335,-0.3319705424983255,2.082765469876633,2466
7.927654853508001,-1.0772655053451776,-0.3403490133609576,0.4574713550228041,5.607602015023797,0.8896604573803579,0.21792404954034042,1.9995313972591326,-0.7624523961949259,0.11747829082325138,2467
5.674580382147059,-1.172593568960645,0.10177393134627788,1.8806421894632892,1.0093314650155651,0.10452411456291875,0.6312067307120884,1.117364646059113,1.0764438881573528,-0.8271165880984337,2468
7.0891769042517385,-0.9277621660557976,-0.07272470200735894,2.782477568426418,1.657016958299653,1.5712941485799097,-0.2647038914915235,1.070802240145291,0.7687751539378581,0.05300040110942869,2469
3.504588775942993,-0.12398319578531758,0.18014894616312832,4.652808379876704,-4.501278209653735,1.144922374684678,0.6400615574598963,2.698780118087254,1.3532292762506803,0.3086209077170378,2470
5.7247190373024495,-1.4087546516202791,-0.31640573964736235,0.5691233005065212,5.7602711054237385,1.0361823916935131,1.1437538699419596,3.2599748017882573,1.052703800759176,-0.22592533294824757,2471
6.484755913536658,-0.4912593465492546,-0.0682793722713575,2.6078375954793227,-0.4810074427081155,0.20187325392688107,-0.44005065866180454,1.8682345925983277,-0.36443702755126367,0.5424966982019516,2472
-21.731830347621795,-3.070616701452667,18.46683361578477,-1.6546543200997197,0.8054844979852158,-2.948350973565112,-0.37479775998275533,-6.934623704926327,-0.2518994779493104,2.5561275918590405,2473
-23.43003678618974,34.20662455102226,-16.11090272147134,-1.0042224811610876,2.2724908404163706,1.6753121691413009,-5.6302845305240306,-0.20310376203254318,-0.7377951224320844,0.2203357071540829,2474
8.03637991703069,-1.010489493899694,-0.3104115763392743,0.35346729959775725,5.906818713139037,0.3601549192780765,0.17917593487796676,1.4644732159831042,0.3005757277643963,0.09873844079261004,2475
5.602187146477318,-1.3582206604333016,-0.07795262228871566,0.5144404042358677,3.005656497347446,-2.6308085735645643,-0.4543395515956939,-11.132392155469383,1.0706337035195925,-0.5321540714176529,2476
8.084749196441708,-1.4981762619471788,0.36264524878554194,-0.8300614878639164,6.513729247860431,-1.3312344708382724,-0.001573459115330692,1.9363693736076089,0.23259842992020813,0.27518545367582486,2477
-36.091040161584814,-33.06191040248436,-24.82505094279962,0.4822645985918633,0.9171581538488595,3.5573483279814933,0.08439842028447102,1.4910132926587387,0.9271008318471258,-0.6944395900592631,2478
8.676752842531306,-1.470769986378278,-0.5451724081605234,-1.2573914647791904,8.537491947216814,0.09613546555448918,0.6385878584420416,1.5401498600662136,-0.9863049907315673,-0.2930496408215324,2479
2.6269170486834956,-1.0632051563904927,-3.845889904052947,-14.13699881657729,-0.14206124382441646,-1.5551731767099697,-1.1275568659028585,-7.858335980330028,-0.5857273670094035,-0.1093147947216228,2480
6.795989533767303,-0.6810954048666923,-0.15973589278517628,0.06529519365887677,7.3576224673525035,0.748558475633888,0.5217120888329191,1.8724234675568066,1.0738062259363819,-0.11339041625032543,2481
4.919399957056041,-0.13050478432523366,0.26664726128896643,3.8491887751969185,-4.315448069271219,1.4724816268306349,-0.46978717908345224,1.3631039154396927,0.3081740087088151,0.18269807853460504,2482
5.489166101792963,-0.23427477011085404,0.27652571749852956,3.9584710409385706,-5.569018943067563,0.5039169952177665,-0.38840457798636013,0.6581020880283788,0.5224908715704234,0.2848352390267514,2483
6.7847932964367,-1.4264697427783322,-0.3280498489937514,2.371542247308327,-0.30685990554645953,-2.4755816741151184,-1.2687830207515898,-12.05228985601942,-0.3002964794265629,-0.11978134272764429,2484
-23.740089207296823,33.86312331070163,-14.667015206126191,-1.4578931009340903,2.063759208791766,0.3939596764620112,-4.107545941904015,0.3889102494270765,0.9425571405196144,1.7054816516988853,2485
-36.16132596923963,-31.654036293306188,-23.201951312888646,0.3378381107910994,1.4744600206175902,3.9075487127441404,-0.941525092175039,0.6937759930335685,-0.8661579141217356,1.007633699910262,2486
5.199049218806976,-0.48145945565821924,-0.256271682188355,4.787762914346634,-7.354210494137729,0.6653019975000679,-1.466261809116348,-0.39659014042899304,0.16929223740711552,0.314868710902944,2487
5.8556950560899645,-1.1440112774600062,-0.03539485541570805,2.33389536074608,2.030777084676217,0.7047059169782524,0.210847186060573,2.0520770611222794,0.40747877956015627,0.03619829233915623,2488
-38.94016385861605,-35.16303992249847,-25.194022758465525,0.515176583897717,0.6709866371746945,2.1734043008030435,0.5572708988665266,1.3950154083538084,0.5361700844901468,0.5496454206653946,2489
-18.595428552333654,-3.0715293587481485,20.39322389154339,0.49910364255708706,-0.22532645041972274,1.2103568613676765,-2.5314041775291467,-5.941573388872118,-0.4727574874213903,1.0875919351013223,2490
8.67968701969632,-1.6036983100147217,-0.6700833750126882,-0.8425577611512258,8.447962876201016,0.5569968494588293,0.45700048548015754,2.4189200473352273,-0.651922859281052,0.32003844832875283,2491
8.229491457176158,-1.619021621799093,-0.38417604768758634,-2.11965844366863,13.778997878983047,-0.9089555879521592,0.6879028857678698,3.503291122634246,1.1086028159383559,0.3219077565395913,2492
7.337207312038986,-0.638986542086656,-0.10551630949372354,2.7302597833245126,-0.7787153289859038,0.9659810763532182,-0.4649751759109208,1.2691823052953894,-0.4916450384277239,0.049928017681849256,2493
3.956834353744961,-0.15227524985630297,-0.2556665227860807,4.471948154352875,-4.625267420053729,1.480962043011457,-0.3276762464300549,1.2710056651211201,0.04116217883759013,0.05371879228041023,2494
5.520840678820968,-0.5337005315616419,0.5467247528885338,2.5637323597028,0.6379752489420346,1.6025887879721883,0.01225053555945952,2.216698371427569,0.42377408383777215,-0.14229518816476217,2495
7.225830084899508,-1.297079573419231,0.19553054758062496,0.20937037891947294,5.526779829831082,0.6657733625134166,0.3931589186311684,-0.5641266616550743,1.3563889959970734,0.14217728267824944,2496
4.288171554880387,0.04002750148538607,0.4948399831865865,1.9121979941218974,1.9568938430443004,-0.15110832875006658,1.6367209618566256,1.2691908030524193,1.3858807091950947,0.8196341191655333,2497
-11.103003536950002,10.279347954198608,-2.2011411508564604,0.8304492101494596,-4.862336572260577,-3.049480986851356,34.44954124237022,-0.27941237343604736,0.8242671819828257,-23.978142137749114,2498
6.690986199746879,-0.6294250357032268,-0.260351409617392,2.8772237802447025,-0.8568812752678515,0.8075901714164135,-0.4462628064094227,0.7067687399448891,-0.01799858570022274,-0.06839667127513778,2499
4.692821937718075,-0.09486169684494865,-0.023271353479048996,4.389280916190005,-3.879028187691177,2.1620583222569563,-0.2757383598614121,0.583113702120159,0.2682462284252495,0.15997483684804237,2500
7.4619870556479135,-1.1678914051842282,-0.6130786620948762,0.6319911941661478,4.295665502346498,0.1665167332319271,-0.35519436015802275,1.9140423728860394,-0.0385283937309656,-0.15533375910898173,2501
6.769691996624091,-0.8755447796794903,-0.08667140948662082,3.866814480473034,-5.742261417345162,-2.991569170733438,-2.1975786502783654,-10.871016893326354,-1.1243035980776093,-0.28797559473083056,2502
6.522978679306318,-0.6861014851533508,-0.08261038154247792,1.2328856305051858,2.029243146003624,1.1036439018244693,-0.20923691469570124,2.512853509119264,-0.31720625665541047,0.08785181003324387,2503
5.402813084253358,-0.6140121796104744,-0.06466191244406012,4.959769809698786,-3.1263524036931747,1.6658943694935928,-0.1266897993659732,0.21539196035619002,0.39569381737572573,-0.05635862275509988,2504
4.6447190809973025,0.45200026016425604,0.20969922830420112,4.658455634864708,-6.141840970710865,-0.057220013202220026,0.6175962530273125,-0.7838661947378395,-0.7235756709666497,2.130888056329905,2505
-32.70773001512995,-27.423625378640963,-19.55657032783362,1.2030732864558566,1.0261372143788143,4.361420853574491,-0.5963768670097137,1.409364167520417,0.2395507744432929,1.201846444141949,2506
8.202122315187514,-1.0687438617330978,-0.3366415237144296,1.3038319861148446,5.231753441820877,0.40131317982655873,-0.13423769072727854,0.4781389843095613,0.7029222062636844,-0.06338532977168601,2507
-21.870289492854397,-0.09232548555732902,23.870798745076787,-0.14256623180860573,1.3779514486743407,0.958992145654981,0.15140643860248348,-0.9257620571536548,0.46918546993260624,1.046113115243491,2508
5.44462312051055,-0.27347823503783114,0.0010234817587837734,5.3635648710213095,-7.402309593857465,1.6641974078085087,-1.678812084925596,0.5060882638387593,-0.3092041999677982,0.11137013703052875,2509
8.442744617295007,-1.53635912763451,-0.35400559573068446,-0.40527297422749187,8.9139127681193,0.30207350875505407,0.6264914430417259,1.9160655263249002,0.8359003050454171,-0.10149491898069196,2510
-23.15617229894,-1.373157617824739,24.343102628755886,0.22364870748836932,1.005919640848875,3.611330583677072,-2.0330608586486916,2.667708137208964,0.2867321561798817,0.9926485630486641,2511
-1.8896720161699638,-9.317600966780613,-5.876260742378316,1.3708983678165765,-4.5207824193581745,-24.068533778557427,-6.0482367163365955,-17.179532899190995,-0.7515261487459035,-0.15229756827059016,2512
-18.857001892858804,-3.0827933122154074,21.501620814225802,-3.5026979416379596,3.5676356141949066,-4.596936011359901,-1.6192432294696537,-18.032299247918925,-2.4960835217153683,0.7558604201302299,2513
5.653682055729177,-0.5321839586149805,0.19801832247396203,1.137308399810482,3.44786911153892,1.7377908974866425,0.7783939779990144,3.351803867218772,0.6357076888400559,-0.36921017903893644,2514
-20.53426087404919,29.986751887273137,-12.229142138361215,0.6190461804793193,3.2217471355418614,2.9741180443462247,-2.3323188663359002,0.5755358645481746,1.6429140187457822,-2.2705031830587994,2515
6.077814255416533,-0.9002927949919148,-0.11600112859025731,2.966302604431849,-1.1464199861183846,1.0584349637749226,-0.32430582633150495,2.0884658928358504,0.37912726969465926,0.06385264496506404,2516
7.713831458961344,-1.5247114101312873,-0.09403244812882111,-1.0521501196955911,12.941835122458192,-0.06042222882629552,1.6088252549584985,3.0321322129371597,1.682773947017497,-0.22456464691834804,2517
-26.16407799139442,-2.105388579291436,25.005940170901383,-1.4683272873132178,1.9830014380870076,1.8835210467647032,-0.7341943054390411,2.0570043119303585,-1.6652804416259506,-2.003229073222015,2518
6.393713919748979,-0.4295321630056266,-0.04684130612229341,2.9758028624877078,0.5820312270225234,0.5698751455635438,0.02657773971231082,-0.5780321790187057,0.8178420068071688,-0.12846627368568714,2519
5.637434951193791,-0.1298696387070679,0.48860121286867664,3.9858870527243413,-2.456658274191528,1.4550609303621844,0.4663700379359304,2.490387052651205,0.32770287014840466,0.33534961161353416,2520
7.081273364942293,-1.0192294919833063,-0.042120769314788434,1.6735927780726148,3.088395106580953,0.696070996968438,0.09938249646094917,-0.8362138875243549,-0.3951838104227523,0.14190936473548532,2521
6.565897598569921,-0.49259190063631564,-0.16082772493837935,3.62077456331089,-2.4672845602992135,0.8280192536127263,-0.6420344504120019,0.5446924065721841,-0.46811693370509216,-0.5418242509700649,2522
5.36079667122328,-0.18625262146828941,0.24440012147177667,3.048897518666789,-1.4466113482892211,2.2088597028486316,-0.23921873458565876,1.49658926389119,0.6052185500625221,0.16026992909592025,2523
-16.54558815831213,22.13998882955381,-9.119441125054134,1.274410308758167,0.6214674877253126,3.415550969276371,-2.8991107248905252,2.1624425121083335,0.2283508721318447,-0.30551879365419554,2524
-25.523241579452872,-20.34600413294442,-12.972810784198856,0.5940826848632411,-0.3697981171173561,-7.1142797659687576,-0.2401976074046094,3.3058241154154486,0.6860697773068459,-4.484963162132875,2525
6.061894211900147,-0.32114144936491545,0.0612853298351976,2.637693097355582,-0.2399892423321029,1.1965370888473716,-0.26104857036040746,0.05192941224466958,-0.33249759682071317,-0.002538030236709366,2526
10.762903626666947,-2.564665233467473,-1.8774076417478456,-44.92047127542266,-6.768358444759956,0.01973576598088311,-1.754235381903197,-10.073146360539157,23.69899761380379,-0.8146973453398405,2527
6.3472997362892976,-1.9093292429725293,-0.33120840773828514,2.375781778550609,-0.8981900845760138,-3.336541612386413,-0.7265266319783059,-15.556293604872543,-0.3435122801527154,-0.6676900824000535,2528
5.861717743707951,-0.5993864090444402,-0.3281923146528937,2.788166068457204,0.8169348798971003,0.7732890527071233,-0.11810629656072667,2.0012188242541,0.8828640346086792,0.31160534663571954,2529
6.688146167322474,-0.504293072455152,-0.2898900409559321,2.6536575826580524,-0.1738521247237417,1.4588143447240831,-0.6393086101074833,2.738084439939686,-0.5505324438670858,0.2976266269899807,2530
8.04826689325681,-0.6903338842676408,-0.2533421594294766,-0.35205749425333605,6.7296360627064304,0.34997737034329157,0.9106652876888298,1.282781038532839,0.6728142119794709,-0.011128084093842102,2531
10.968995057672958,-2.712585657012894,-2.1782418479233665,-46.577354866095135,-8.866418786615261,0.07974343223202204,-2.5464724858524477,-8.427799291427645,-9.201320698699902,-0.584393176013124,2532
5.368827794998389,-0.2477625999175225,-0.15029272377392325,3.83153325381523,-4.353805021726882,-2.0997919645199916,-0.8220161711068457,-11.952521444653685,-0.8303859291140956,-0.364428595710635,2533
-25.766166618304265,36.59822495629387,-16.197014222586933,-1.5879290458936004,3.1515917945820884,0.43267554944952524,-1.2441856038778292,-0.43724427626130213,-1.15564400047998,0.770724811234952,2534
7.591255174255036,-0.8887427792067699,-0.08862167942549372,1.0204001642590101,4.097956340803913,0.4590684153857888,0.15970176418472237,0.5501653897601619,0.5003823241963384,-0.3896015950605359,2535
-16.701315069932598,24.61504360370165,-11.017859521003691,-0.1303196457048628,0.44716165200659735,1.2480338408456424,-2.986713313767854,0.24213346774103933,0.6720547714889435,-1.0580830029346773,2536
5.3413047396965725,-0.35708502957185073,0.28238140517633914,4.579012472743954,-7.571187214816659,1.2699471361403183,-1.4796142129193868,1.6500045952621998,-0.3967643477349584,0.26492711550690345,2537
5.566524587898476,-0.12258456936503387,0.09602539300386459,2.1611880641751027,2.2259781430718983,1.6459092549742778,1.0181502844023362,2.2191695130209963,0.34172984678561374,-0.23257769061852607,2538
7.584879131064925,-0.9453571693182828,-0.3761867498496015,1.3825291279254925,5.922235787223147,0.9109186904455785,0.3580856153621969,1.5926815500992806,2.2461905561941373,0.11789819146493283,2539
10.478440505320636,-1.8875057792826406,-1.8494511250326187,-39.12450921996596,0.7231096461056113,1.7285772066903795,-0.6706464558436456,5.374960150096522,-8.591558878988415,-0.398141068109964,2540
-28.31546895888177,-24.89539678796766,-19.557879910558,1.8706147025191981,0.8911081468407985,5.766123939565057,2.261462765423746,1.7552003718865008,-0.3349246977517186,-0.5626619012833579,2541
7.607329831099219,-0.7914402321965062,-0.18806763476501276,0.6745754406353514,6.344054651616075,0.40033206673073424,0.28501656574539774,1.6728452392689417,2.01384082532777,0.01667400615166293,2542
3.9674295038512972,0.009154772943990072,-0.05181737017141464,4.275345740153227,-5.842449365946049,2.0528947459154367,-0.4305918771740829,1.7065469805533462,0.2711659196390439,-0.056414096383608524,2543
10.693319935387288,-2.8101156261587787,-2.0859482277196935,-46.061701447451085,-8.416004110806295,1.186602229094652,-2.0660446830420325,-2.592851379965516,-8.726682260052863,-0.3291639688016669,2544
7.070643987453704,-0.8488172891147919,-0.5386713632989245,-0.7965745420971903,8.775523039368949,-3.288660065041575,-0.0675265712808482,-11.370169809295092,1.412919564971357,-0.3725335723974079,2545
7.579396205193666,-0.46301134063008625,-0.34655748301162587,1.8194911422675049,2.3955021503352825,-0.33277713027634587,0.5784952794195588,0.24145435918606564,-0.6507449336006655,0.5935164620292017,2546
6.845103467512403,-0.6132347419985353,-0.5044967746514051,0.5900092704105947,0.8789842661222719,1.2637983793955032,0.2828830844439828,0.18673829754881582,0.4849538982417214,-0.2896071650109963,2547
7.384967644453552,-1.0014672259051598,-0.4349191833318189,0.5085079904166284,6.217549714788859,1.0957036062918586,1.0995276868381672,1.5177832426489153,-0.4806484246691027,-0.22881183327358184,2548
2.5882116298372817,-0.9504196095768219,2.4583305308051715,-11.443898863446103,1.241124028129663,-4.522451901237509,2.433467165025006,-14.569007240520433,-10.166123434462284,0.4463007808772526,2549
5.502926464502536,0.3112879472869341,0.013526483983728537,4.487503193814573,-6.2845490277406,0.9461381944629118,-1.1653934306037228,-0.40979403606529613,0.49195887092031454,0.2690038057577433,2550
2.8948363562694923,0.5774539960277196,1.0621319596343541,5.497240834295915,-5.878582150497298,2.756393250905509,0.2561338214440472,3.1798395733863187,0.8243268991080851,-0.18835802707374977,2551
-28.471959799331167,-24.57316153931946,-17.713296085853475,1.0001094763330267,0.3371897377700177,4.535156735543412,0.6422322399118705,1.7104328077251858,1.2831072736542737,-0.293079455128526,2552
6.700877249577181,-1.0554599923764627,-0.003427059190086291,2.453430163148272,-0.451006851515022,0.5560672922934247,-0.8757673125231036,1.5010635529781056,-0.5047598132920832,-0.1477744944413884,2553
6.824413012015755,-0.6232141280622522,-0.1456872389743834,2.870654837801159,-0.4386435452247518,1.1419030524986669,-0.7025913795442201,1.7368819988617141,-0.16508209648071615,0.18771831665075908,2554
5.833348178045233,-0.0921221897087839,0.23427162905831356,4.584730488416745,-4.138349543518154,1.888191114495326,-0.24361779703063077,0.8814129128598894,0.6111766098641246,0.04635941144390898,2555
5.080249194136268,-0.21273385038713635,-0.5968593759079791,3.9525535210699916,-6.4497119170876065,0.6002338246643082,-1.4377225776132911,1.3170384837354596,-1.3400474316740667,0.04185432555908965,2556
5.322035504726994,-0.1846548608134958,0.062121712583937734,5.409473758145465,-4.5605784004388,2.1156909035047793,-0.10136915722425599,1.9315775180202195,0.924847997204543,0.1905155652543264,2557
8.42010881778847,-1.683792106686517,-0.1625640336737787,-4.074074294533621,17.92507775840016,-0.9500165063020061,1.5516498744863274,2.8830677304771295,2.4374543539886626,0.38252434484447184,2558
7.604851284069439,-1.1967935305360764,-0.3436066448228218,1.7679689991923753,1.585750859501396,-4.035187535197888,-0.668351235676878,-14.238014824164164,-0.5294872380896326,-0.7610957993699022,2559
5.824744739160681,-0.05977764735437198,-0.07451264398489649,2.6671983089707907,-3.952123827841705,1.543994618075544,-0.45642137266479194,2.3479282627116085,-0.02107026852555798,-0.8036932748348261,2560
4.839595812442225,-0.3202449636235119,-0.03361819564710374,5.580268257149286,-6.592322345925764,1.771924838717122,-0.45665829636856053,0.7365191254492368,1.050179644286515,0.01911198450590228,2561
0.9655471423491883,2.3137581619816125,-1.1872724933229557,3.162241309441441,-5.013316512205694,-0.946946594619597,11.908747557802826,-0.7887842398928215,-0.20804117758924032,9.446286499427696,2562
8.640952555694723,-1.7131526813080118,-1.186265641661735,-36.059652439968325,-2.608666102652705,2.6330151222567943,-0.8667647072976113,5.203611242634751,-2.4524360508120377,-0.13779822847321224,2563
6.943076297465991,-0.30146617696478806,-0.3810244107458272,3.5143068976230745,-3.155864648399343,0.7605880681046682,-0.9731045295442361,1.4816311374775752,0.22784969192665533,0.38508892262546474,2564
5.602021771249486,-0.20243386382313638,-0.24456472846402555,5.613316114402268,-7.951924090801248,1.327512794624829,-1.6862919558325735,1.3372612959897288,-0.26284912772640756,0.20981927296433867,2565
5.866343137695749,-1.4834274988210345,2.022806627711906,-1.5919628319473518,6.709960690186465,-4.748208743503407,-0.9624809160838518,-15.734853282261344,-1.5144132694399444,-0.3406180170031605,2566
7.963526727302791,-0.8506242336085873,-0.2825711069691841,-1.2418179148520627,9.070741250577415,0.6216625236851542,0.5377728565628177,2.1473968328880013,-0.08167744975886501,0.1538660098374586,2567
6.752262111332155,-0.8618236385421781,-0.06796708166338147,1.0828979402524586,2.730651058842944,1.1239375745717348,0.19305473702644158,1.8330750069507542,-0.912075435222629,-0.0016379373765295882,2568
7.290040785696545,-0.9532210793376509,-0.4156903000093053,0.7842786050733958,4.189440734953612,0.6952555664356848,-0.1646034425609863,2.1730048448009978,-0.0739015683553524,0.09939947114722636,2569
-16.15387247813364,23.486934748974004,-10.559047227241457,0.9505817076240001,0.43377108369925543,1.664135564505864,-1.8916401118617936,-0.8054321443496659,-0.47055533265039473,-2.178353692325944,2570
6.985828123919189,-0.5811687118890562,-0.31209316328744224,2.6920271800980435,1.5052295978087933,0.5212284555388225,-0.5249707875524829,0.7583222500140365,0.67086163017374,-0.03238926639881229,2571
-19.375636618927143,-1.4257822120196995,20.1768844372179,-0.9575133351462423,0.05853904269738914,1.6030981135430704,-0.4227951257599185,0.5703140428571986,0.034706022960842776,0.48463940291614416,2572
5.459103296513156,-0.502861317523808,0.177907017834535,4.094712894262888,-5.713591330803076,0.7739137716159068,-0.9697289149738072,0.8026900142551352,-0.16216246877557614,-0.07636428660983773,2573
-22.039853379761706,31.76793912042483,-13.281366228432761,-0.6573306051476686,2.7365157945421026,2.019150475587293,-2.876326199640923,0.33969634718206204,-0.03059144013701629,-0.09263803265114268,2574
7.777636220322466,-1.3373854211865337,-0.2367307173582902,-0.987286149862705,8.943910610373878,0.2821902704017336,1.1532749720855164,1.8349025567464425,0.06355708095388846,0.215198649409125,2575
5.7306040967530985,-0.01838695997161978,-0.528551741328061,1.8118952715094532,5.114081765969066,1.0698338134009946,1.949301305877266,3.3132470068924067,2.519038111366454,-0.17087991013909243,2576
4.019288764912174,-0.7047826229406583,0.34741848269198067,2.924776508443339,-0.570445150079306,1.253655137467586,0.7233254769952389,1.401614742150621,0.3377140883389843,-0.146481298212428,2577
-35.25019633813823,-33.86955059217387,-26.364727547470352,0.8504263000002008,1.846570242914432,3.849298678928467,-0.08813516784077029,-0.21839493487766765,-1.2371093007044314,0.11936508415023434,2578
7.753648079481034,-1.1179400245782505,-0.30832236454071194,0.14313795391058198,7.485808336981088,0.8406404456195956,0.8176003824954731,1.1323180905293744,1.1172770635443665,-0.046116136636205486,2579
1.8051923028040822,0.5711570603144873,0.9410574692839857,3.884296137203979,-5.1496169614942655,1.8055639777826415,0.195257035103106,1.75077597158023,0.4291610787812046,0.01500386104984293,2580
5.979411824557851,-0.3592064606186137,-0.09277368596204398,0.9060837923672757,4.366655718761066,0.8385653479566638,0.6105032991613034,1.7529534765393298,-0.02841965972158905,0.009171753670896959,2581
8.443296534281481,-1.1933380231445783,-0.08874113457326643,0.8174980376076236,6.8256839583591855,0.7671896521111353,0.49959018371304,0.765860212040646,-0.22277263127908134,0.22258598067369434,2582
7.505367789884691,-0.8170184524759836,-0.21402466933222242,2.435783549714468,-5.000474128423833,-6.632996286370535,-2.9995968599132405,-20.70204688268946,-1.61267817675099,-0.5807241782011452,2583
4.274238073578599,-0.2467380670612789,0.1201638144897129,3.7350421036592576,-6.458476370291621,1.642231997072341,-0.75517532303022,-0.2856330454293421,0.22542338813710594,-0.027412358325166603,2584
5.321757389525418,-0.4147300525827887,-0.2163990921487948,3.7655741737955397,-5.839507129657112,1.3386365062291063,-1.2172636169135642,-0.9330299640729466,-0.2849443914592882,0.031710789864168365,2585
7.403201942364167,-0.9169574495827665,-0.13064737986100916,0.019677399101836416,4.475033092410115,-0.20336521001046326,-0.20681688079268642,0.7733587956167446,-1.3322615153442556,0.11741985625796832,2586
4.440479509690966,-0.7185732038547762,0.20783412266631818,2.8267831330247732,0.6848615089545769,0.5959042971373586,1.165267995398947,1.3442067573417023,1.1294655097043236,0.02710207439199065,2587
5.766147188222665,-0.4633290250066874,0.2129984408240017,4.2459833423334175,-6.254898256521633,1.2612432766965733,-1.2337106182117559,0.44621878148226357,0.2039810704498361,-0.12152718470700696,2588
6.047621648430149,-0.6610912711729011,-0.04478198368306271,4.401046535720776,-6.351450434748493,0.1401564561620981,-1.7133328952822848,0.7758039939797515,-0.22475624632338873,-0.28680035637446305,2589
-19.74983817182271,-1.000988809547411,20.57657061330725,-1.0815204236062343,-0.11230574638023898,1.664165799919241,-0.8374327783891334,0.5979453329106105,-1.3274282680405494,0.3854543365473899,2590
5.610247613476273,-0.32279921606605483,-0.08979614134141965,2.8307061380191367,-1.786240097970884,1.1558226438681998,-0.5272738298553032,0.14367180050225267,-0.18508760727234344,-0.2625828263867935,2591
4.749171852442726,-0.11064421716072086,-0.14450258306626523,4.410407487065172,-5.347768445732462,2.3814503857472085,-0.19793446801901093,0.8761204437607051,0.03698410460883027,-0.006262161044052197,2592
6.600072254940836,-1.1166703890608807,-0.37266558450575615,0.20641282213037154,4.29547044414631,-2.6662741259948817,0.2596440070053624,-12.363977310750547,-0.36072343396853546,0.03581505622527403,2593
9.006396476550963,-1.2763003806790498,-0.20722946491207536,-6.443730335129755,9.968530763221393,0.8200737795912069,0.17478076498878473,4.288711906814068,-4.072177127390939,0.5680471233201951,2594
5.668450295684485,-1.4893900347425646,-0.8075669113447981,1.2938833229458047,2.960625057387626,1.1034312120330134,0.07991827171183297,0.259683027158399,0.703852999376153,-0.05839216949053499,2595
-24.401555033367284,-1.9898922302324435,20.136636462303255,-1.5071049017816187,1.4330534934362522,-2.2256537008834902,-0.18810910562192407,0.9657497997046129,0.21722667253440872,0.02555585040488561,2596
4.990697745718895,-0.44839085181818994,0.06741844055048443,3.7171037516178216,-6.82966727385952,-0.23137709917074767,-1.9479953910291015,2.5441312538723895,-0.618553343013403,-0.025334897509595045,2597
3.771869379093518,0.3130207544654377,0.6753163599692039,5.217787034005232,-6.2643594379339795,2.0684569186824753,0.05067929837151872,1.863300576767195,0.2070309621739438,0.3420542131208295,2598
4.170869675069123,-0.19782360251605935,0.8395817463123556,4.014197924594496,-3.0969047375244254,0.4500664325169212,0.3785623086182535,-0.7493958682141559,1.4789404771156829,-0.5090031697627452,2599
8.751563903043209,-1.386393046516642,-0.3605302186175688,-1.8781679151916946,11.710571708913474,-0.36181802588216055,0.3866261092231849,2.1019796385616676,1.546466412959898,0.12989841267999186,2600
6.39558159788276,-0.4873348865106358,0.3960637950864945,2.8836456669303603,0.17731247978499987,1.22990845502097,0.08761629098597958,1.8883851729704604,0.3161209979791541,0.13670551661930566,2601
5.46438764697341,0.014726504261425244,0.3584735201718924,1.6307878520116688,-0.4908430180855317,0.4043647973236224,-0.2874324685183524,-0.45998421801845246,1.7890268924736885,0.022634499165270203,2602
-22.631947177861466,26.74070259094904,-10.661860815911744,-2.633320001144662,0.650103827359028,-8.250364382012505,23.721167806430234,-9.942478121762594,-0.3652302921342216,10.829797012818426,2603
6.03146534803549,-0.6002438205434385,-0.6193564343915965,-16.79026654664203,-4.901556175983989,1.4499099032058298,-0.36997346207810616,-2.0829236767418875,7.707908661442598,-0.4807575271337273,2604
5.5223013226303515,-0.25233569652844584,0.24477366206910195,4.702689504403674,-4.589628738686449,0.26614416012836434,-0.5752755975461761,-0.9692424094946102,0.5535534868672635,0.42712747710857873,2605
7.245691921998222,-0.5151074294365683,-0.2439876106116187,0.36583978279278967,10.298557565780092,-0.13786014236862185,0.9024083612503268,3.269555055160367,2.62019708855797,0.5215917905773209,2606
4.934995957168481,1.0338091896703028,-1.855443829887785,-34.073054747548085,-8.552023423806359,1.7318060763918397,7.776215139447889,-0.6626550215855803,16.412220941002236,7.815104248209139,2607
5.52580940582037,-0.45489240830688504,0.34019449980689315,4.485206817963371,-4.872118728599343,1.4457116924957107,-0.6252383799384327,0.4157933117252712,0.553359772933064,0.1546526753174281,2608
5.25422281257743,-0.25055060098145254,0.18085399878708286,4.090176437423831,-4.71423671063313,2.619563662291085,-0.503249274978368,2.0983828446175554,-0.1517020236333919,0.3163630907645145,2609
-13.897654382937482,15.863678040367377,-4.784308849792415,-3.635286488229938,-5.573882727692059,-7.15458032957865,40.173822565443594,-0.08121753045477355,-3.340001677351298,-26.322091628570067,2610
5.383172939310052,-0.6928413755986504,0.10633095517477453,4.848706684622217,-5.87449307834481,1.2949789415817234,-1.1441851885812184,1.0820230859312057,-0.18762669000189747,0.1950601860115442,2611
4.038279014318798,-0.24440949569593598,0.3798136038687385,4.998997667096209,-7.540759666462148,1.607475393678175,-1.0366225493178132,1.226146215102412,-0.738653958910054,0.05894430094718378,2612
7.991484459740194,-1.0059398039678276,-0.4154606692840116,0.5226236141068479,5.314156163119743,-0.14316202128551647,0.2707221955117122,0.3039516716366668,0.6541950339334699,0.00644177054883871,2613
7.913077951999281,-1.4988715295038868,-0.2889098134741838,-0.23067180039222016,5.830033039176429,0.4001808933630765,-0.15607433112045452,1.040401364476658,0.5983075048005488,0.09879774979706546,2614
6.458635689042032,-0.8928660333853974,-0.23136030394777435,2.4561916668619985,3.52553633890395,0.9940352068757939,0.31717387987198287,3.463283913381305,0.426697173986819,-0.21984053541473994,2615
-24.73579282643873,-21.662647827287504,-17.66406970549404,1.3051093382345762,0.7386716373530667,1.2294922774788568,-0.32178739561326253,-8.029871282025644,0.022241691915520022,-0.1702707608754608,2616
5.213834698748656,-0.3931682764282836,-0.2271689233605002,3.7584200358063495,-5.920177821854738,-0.5176829793238682,-1.0948753350358333,-0.2757351412026268,-0.9680677879059886,-0.036548041328364325,2617
7.325425191174071,-1.3988385480338539,-0.16144784968121867,-0.8076635992748895,8.854967269715807,-0.9973037857789662,0.6434753103479339,1.5777302729008504,1.2908004993573903,0.09084065778762328,2618
8.839906578366136,-2.229738832098335,-0.8818566511322279,-39.86643128713313,-6.355272196506917,2.6732746017487754,-1.2663591319740388,3.2564503729076497,23.044337377263528,-0.6732844258281455,2619
4.727129946599122,-0.4414060587157805,0.4277577441339409,4.514432881519668,-5.893951570240141,1.7717134132923493,-0.7880032921720139,0.40949386059287957,0.04964191616870398,0.47769685822821034,2620
7.721920835888156,-0.8402806719382266,-0.2591010882670701,-0.11443798748065334,7.295833798096051,-1.5406556881312052,0.7153912042599886,-6.582444405704856,0.2671370714120339,-0.22436232232451653,2621
5.534579168510443,-0.5011021347187482,-0.0339770705804477,5.386939283189624,-6.700362004117034,1.7556972322930735,-1.3700945897084928,1.2961496881285577,-0.15053476262654483,0.01666690430556269,2622
-23.970586236096,-1.3910310105518429,25.440929184194413,0.09336562576060334,1.1768878194074222,0.93487746814814765,-1.3095412746815478,1.0861632505949173,1.1411547637081894,-0.5146782551368562,2623
-22.021111547574158,31.430567390529824,-13.65607281591983,-1.1232473586478129,3.3193023169940075,0.6264553993302263,-4.9011654392965855,0.22568227933874896,-0.9727356556383951,0.7113173070697336,2624
6.112991698102696,-0.7007961221410736,-0.04341916127387362,3.0223751223620945,-0.3351760508594292,0.7053054769960867,-0.5633675299116901,-0.04678838257674001,0.39639027875165667,0.014211029634921405,2625
6.297697345172898,-1.350310300187522,-0.30438900684408315,-31.587521050826606,-4.700511823500522,3.886482015730502,0.10780863009867633,1.6453083228417411,18.07882459434063,-0.4862305821023845,2626
9.59708483293515,-1.796140811736752,-0.9442059283243818,-2.8839248308350034,13.06840080653954,-0.8132541894457985,0.7311830347048817,2.850697078654735,0.47123012042464135,0.2697278747480193,2627
9.69057296722535,-1.8661340405122164,-1.0874028210318092,-22.08031625166943,9.727754946555207,-0.06904844714540395,0.07574950782447286,5.501708120761084,-17.57149313504453,0.315145032957002,2628
-24.95544003327964,-0.14347333000988285,25.83689643065991,-0.6096319359881832,1.0134030295725829,2.213607862303911,-1.7457801693538408,0.6939450467409801,-0.2341030242648928,0.34354944280331073,2629
4.386991826812503,-0.46535070042072824,-0.038573176910918425,4.39534698410473,-5.353547509673761,0.5969950136784167,-0.7536381604656637,0.13134941192085434,-0.8165573601250806,-0.037688171453769195,2630
4.591471147933174,-0.15626808330579767,0.13440235998762382,4.518622869821953,-4.750653331234958,1.8058528449761442,-0.23790770878127881,0.6894905591277584,0.17549903761339727,-0.6240475435720036,2631
4.227359822493058,-0.15479301758825695,0.3206106224255552,4.639000529794954,-6.533818245922012,0.5191925298756724,-0.7189622892730079,-0.9864133700245103,-0.511557862625127,0.09653906559960003,2632
5.105325756466419,-0.505729093465714,0.47827172704826637,4.891788575826311,-3.863680003774148,2.127430884587973,-0.9670607029057555,-0.62584683778442,-0.15644206194315996,0.09879167736998269,2633
4.457148139145455,-0.49247726463468894,-0.09053883462329647,3.9769251337449143,-3.6005508343889163,2.004336059836845,0.5192768479939505,2.4063876133649145,1.016514404462688,0.24714973528695564,2634
6.661627221982064,0.0579197801758536,-0.1975124479079274,0.9471040209785494,-4.822826059606308,-5.426503351830952,-2.982367803842001,-14.895115548401971,-0.7826002662500633,-0.3416883729076102,2635
3.745312039926086,0.5277415693410356,0.023832514831708184,3.122589998250174,-3.537987932795845,1.7980353944280096,0.25462650219040944,1.7473972227669625,-0.17886069648946668,-0.14282043114169146,2636
5.591035382694878,-0.5154412776583442,0.07862327987496276,3.494079950303036,-4.989601055392154,1.1251608654082035,-0.6639225324695549,1.658080847979443,-0.9431768375510899,-0.6047214482519198,2637
-21.84974317632584,32.82821763553285,-13.31248456772133,-2.7632934323124787,3.4569047606510934,1.4182384543859208,-7.452043590030379,0.6634190177139228,-1.219580562075715,0.6438262530415849,2638
4.19587514107428,-0.31420826059946805,-0.11690779112323119,4.629239391583491,-8.526394413003962,-0.30842139149684855,-1.1598464310180792,-1.1206777594301744,0.3259844047833403,0.22395195723889633,2639
-20.237152038340682,-0.032280145126892756,20.112183803270312,0.07609984554048968,0.6804472571839605,2.495217260313498,-1.0432128062525763,3.1723154295278233,1.7126132754485168,-0.4828887087142424,2640
-27.231581033391898,-2.625661430891911,28.787188473235986,-2.5757624849414302,0.8980705271826912,0.6383281108152646,-2.067587128804674,2.6917666445296105,0.701085007308237,-0.8283161798135307,2641
4.571327213516763,0.3984864494319194,0.23608891233050247,4.033247803542603,-5.81816831548799,0.8440506663054892,-0.4746516195863071,-0.13585599426313266,-0.10598411121432749,0.8606299531782353,2642
6.226345026180929,-0.8960806694564728,-0.36861169296184765,3.973843507331741,-3.4798073610186875,1.2155920619251745,-0.5652668501078156,1.264158865146208,-0.849765605328055,-0.0027077399084942024,2643
4.654450888365859,0.20110626544222227,0.17463916463790952,3.694206064317556,-6.323523079939393,2.458317542791609,-0.8828302397008922,0.8832351236674586,-0.5730194068502543,0.021167603755023284,2644
9.13149044504527,-1.5289880745153976,-0.6943047762959824,-10.340160523677367,3.968114992815069,-0.24785926672786462,-0.2643971110258582,3.7036566716844694,-11.180519065072504,0.052656616989868434,2645
9.399353923826988,-1.8982091532942078,-0.2180986110581488,-1.9088453080437056,14.53596509890988,-1.0005776483894437,0.7581275622578486,3.3551233432792125,2.340748435510418,0.410425428323714,2646
2.275338837167913,0.7829135556500313,0.8413651717823256,5.21038570042495,-6.125042534046877,0.9115195064978338,-0.4276868947742804,2.199435463468934,0.6038565871122262,0.19883713447247492,2647
8.753108920075366,-1.354637982662636,-0.7779888759282856,-3.5412612395653422,15.245992307993957,-2.9602063110989847,0.8725195674511792,-3.4590404665917087,2.551868900392218,0.5775987260147797,2648
4.525803114177262,0.03896370438969921,0.028479596252476765,3.8786058074607204,-5.393005940913092,-0.4293452670870097,-0.8235634122453636,-0.20654940575668626,-0.35949432194346614,0.13150605159105383,2649
5.912203339336207,-0.4102668391642397,-0.06853588361250526,4.313048684198947,-3.790571481350129,0.7077073074974519,-0.4465424528397118,-0.0668578652530458,0.3022427581676698,0.15062045844765173,2650
4.921179312619076,-0.5229034198394413,-0.062096980336676856,3.9976355784668343,-6.0340672850201384,0.5913855049649743,-1.3024958253202292,0.7956841629556132,-0.2782350518295156,0.08700257286449731,2651
6.444465638757161,-1.5418416180104058,1.842406873432417,-1.468366381070429,7.794835081311336,-3.2092033108887557,-0.511313466471923,-8.91688589208426,-0.05951648913304195,-0.14624248375944607,2652
4.08232257672776,-0.05444167345394407,0.45993807191925734,5.03617640572111,-5.22120311232354,1.8627005400813743,-0.3096357148911986,1.098974015778359,0.1631764810239269,-0.06507739627320529,2653
5.275146350708732,-0.4004656794075591,-0.3876344461800932,4.280903109577718,-5.048327118854247,2.188613810070649,-0.8070341874568266,2.164875110743345,-0.3198751626919465,0.0065890545446187585,2654
5.079561984370395,-0.3813416943954634,0.025213098908926226,4.581784066605631,-4.256210298263913,1.2006556540578854,-1.2291065044408689,0.4054296147583075,0.34924472347402663,-0.20764773125019187,2655
3.64658869480716,0.14700851658363706,-0.6450602591960363,4.916352111865605,-8.879189744176617,1.4189988658362849,-1.3313125040400358,-0.350065659832405,-0.40050613629159215,0.03591976333294312,2656
5.168718896840199,0.07440646277982542,0.08644910529565455,4.807312095311927,-5.118334677086128,1.6910854163602684,-0.010598942258009387,0.5956384707711669,0.21804768682326253,1.3093693398786341,2657
5.144439128350465,0.18605218738151239,0.024503405768376434,3.464931715039048,-0.834670172902754,1.1746197461384944,0.08131330990291834,2.219007303207571,-0.08753190241299728,-0.0731834695319038,2658
4.444164709166877,0.10117956654799286,0.33961061228084005,5.682824550607294,-6.93646893369103,0.583241116058535,-0.2468264682745297,0.6529353904374411,0.8857385241707703,0.43276656750462844,2659
0.4336404763366458,3.199678306503546,-1.7319485063714108,1.886557218679167,-5.299475141126556,-5.884843208670666,16.379731663149368,-9.616338989932702,-0.7187176252471381,9.697991208045064,2660
-33.48744194123058,-31.637144558115693,-24.82994636049232,1.3154072998626174,0.986484073673527,2.9832854946884306,0.8635277739798946,1.48340067952003,-1.422538326486106,-0.6699333821902161,2661
6.4339923201462375,-0.2902028238300919,0.33368122974967107,1.2748393472155315,2.661159450291256,0.6369481813113641,0.21669028219621866,1.5442905702720575,1.4645009012923684,-0.006611656444643969,2662
4.865224030486816,-0.003916537671989762,-0.36123996250292284,5.1137332476968655,-7.327707158509918,1.8998352938997893,-1.4773135992634332,1.1815573013165968,-0.17872526563923852,0.09473842482641938,2663
4.6795575159712435,-0.45892679252292784,0.0028421055244060626,5.160204449781724,-5.219709497505317,1.7132146356436895,-0.3243573900865843,-0.690423586527357,0.32761810170219213,-0.12791429496405177,2664
5.062915591916246,-0.3093253274505169,0.20567850944262397,4.8301030953238895,-8.001351765768394,1.3925381714178122,-1.4177992939284407,-0.4397501318704774,0.45031340940656056,0.037629457132573235,2665
5.794406346983926,-0.3223219608983018,0.2211535046071344,2.031157047444026,1.2174786855418076,1.4178581776155381,0.6587007584114141,2.1755188940673813,-0.30918228546335397,0.0108200689607429,2666
5.576302425767056,-0.3157906740417963,-0.09129470899212318,5.012136750977275,-7.274071100813306,0.5947380400352366,-1.3567836849154635,0.9763551283054502,-0.6544249206337676,0.4524031327067807,2667
5.8868816482443576,-0.8560840598028691,-0.43071932956268183,3.2768865230962327,-2.3707663443174143,0.8081658746596728,-0.680430690879348,0.646934291170502,0.5989669369080433,-0.15856963665197743,2668
4.841509270798248,-0.45923368882278726,0.05496357891322453,4.74856484846483,-6.627719400158319,1.5775345648727543,-1.1895369134343898,0.44049573822928223,0.5629180438411739,0.24047828407194233,2669
6.147952230008525,-0.5686408748536306,-0.197073157768352,3.7971530942733382,-3.1002870087676384,1.1035122622184672,-0.9888500699991765,-0.4475874208877593,0.2922002430003126,-0.028758018706897145,2670
-28.032602870385208,-3.1349529964024625,24.644927360135764,-2.5145581633675484,2.2200601841719063,-0.9038121795478609,-1.7763290540368941,-6.912201479965355,-0.4002949601612833,-0.07383576052337423,2671
7.069323742537937,-1.3003863046993631,-0.6395237504687167,0.39400291929634795,7.043362319114625,0.7652535675130997,1.8822408800167032,-0.6566260768788829,2.0865589936073943,0.21477477083502391,2672
8.129351267827646,-1.509217483478822,-0.5160463100346803,-0.8810241076205385,7.720089199093479,0.26212032532069196,0.5109877142596667,0.976783677109333,0.8677379286552063,0.197416784498456,2673
-28.195065491328283,-26.282866959949555,-20.36557302796326,1.9646278695382433,0.6359956532065877,5.185704765336915,-1.4454835132169481,2.463845049126502,1.520685855197279,-0.3575028277065912,2674
3.3746033950846823,2.9750490784759016,-1.5596905895917068,2.805378133702541,-6.249089014083333,-3.225454669394267,-3.246639467346791,-13.55471606014023,-2.0333934959261915,-0.17500346434971764,2675
6.706535285877135,-0.42637720924341044,0.10361004044161827,1.9656255579316393,2.187280785293587,0.9339940730612731,-0.3045682588992291,1.0287944645945992,0.7035114737263742,-0.1050106729628916,2676
6.226668787577808,-0.0019200644423868964,0.08478987547790723,-0.4207280276165436,-1.4074561514336774,0.5684359973001026,-1.034063892072836,0.8830583477154571,-4.404564728973585,0.02654102671356783,2677
7.953984559606537,-0.9669030831672273,-0.020724479550735586,-0.29770589704395883,6.549114046218261,1.2076232559031927,0.3698051486544507,1.5157738204664646,0.8597568687550075,-0.05639408268484923,2678
6.455116416906042,-0.5952780667533355,-0.07836904962356972,-1.336438008342466,10.202046704346245,0.5733521449287472,1.1743033170884951,2.770108932059497,2.916232542739752,0.3176228044132654,2679
7.0915111747364925,-0.7861939270384396,-0.09897541548595958,2.7135746093896307,0.4221634583366139,1.0615759137662228,-0.2122258532789968,0.36690971980973164,0.28056987722395876,0.1802872020541949,2680
5.58357177817294,0.02316825973524793,0.5603980145880649,5.190555269359767,-7.918915390974237,1.9291781586777965,-1.5538434672066308,-0.7307978261850525,-0.39422494442421097,-0.029218324406523413,2681
3.3935111124287296,0.24854718682741303,0.16995029526935257,3.8688117229256114,-3.8936760713767167,0.5046452755501126,-0.35431987511734037,2.4684232171495384,-0.902289662771247,-0.3291877021317464,2682
-29.57350358989643,-2.6417469214618565,29.12244368853925,-1.5865970876882955,2.948706760619532,0.4582777885663392,-0.46324940535529074,-0.0816947765168919,0.4064450782082671,0.2846608604548796,2683
-20.0822676889016,29.672792940227325,-12.027449478312843,-0.5655140935545041,1.1569519806999289,0.9674493829811347,-2.510522599662431,-1.1082334317300395,-0.18058922706612265,-0.4845365734042836,2684
5.407904958976764,-0.6103667125377324,0.3700451218769086,2.9618510110332816,-5.9374764496224595,-2.819526043759291,-1.2910575341053765,-10.878120172348432,-0.392071328672412,-0.2735696466407121,2685
6.554306471170772,0.01677639153838813,-0.3030917752877206,2.8521547183200306,0.9943726981905266,1.0134926427653541,-7.551681417682476e-4,-0.8493273962809121,0.746003201340763,-0.04787086244002566,2686
8.93819136648607,-1.107335108332551,-0.6911903174034537,-4.782176419518068,5.028311542198749,0.5119875736034062,-0.16897412196275724,1.787487116328592,-4.125255950699271,-0.0398772141003003,2687
7.4258033125334935,-1.4603834592264804,-0.1584560061574154,-1.2498161234915597,4.834464136682489,-0.028226057455000994,0.27093952665223625,-0.41368327057243737,0.446163699550593,0.21513274592298115,2688
6.254288607428212,-0.45090984513997634,-0.2682284457428452,1.2966126449928388,4.435452797352495,1.2955224508053194,0.6546155351787338,2.0895873267205403,1.2886820593316999,-0.2488188314113217,2689
-3.1583597629026046,-11.899184617284778,-7.593866089105414,2.013810565138154,-0.5051747216001873,-3.1511431920982154,-1.8357662260820402,-14.311540682707477,-0.8191096168450385,-0.2907205641513994,2690
4.189984895332659,0.09066415213488319,-0.31199256818709004,5.930839976282501,-7.764057511068377,-0.11700040941257206,-0.07380698666900426,-1.0081889363642953,0.3045621746736428,0.6627216063010479,2691
5.666571642524758,-0.531926703043976,-0.1976271056586774,4.517817730553899,-3.5662053751741176,1.4243500775965583,-0.3678491350034858,1.14800284920339,0.2590846670729375,0.01841941289784635,2692
6.525776951140163,-0.6467861206871676,0.23373791681101103,-1.1534070899780502,4.694992033882447,0.5266091337867459,0.14989180955020728,1.2601871374027669,1.8776580479967857,-0.08278828227627531,2693
6.346349395815875,1.6344702466837742,-1.674587040329292,1.3699317495043124,1.3345605181172795,-1.6840646493999503,-1.9420454815841555,-6.49309704352755,-0.7089655827657916,0.045649529046554824,2694
6.1261744015743345,-0.9619067752133355,0.17536951047867183,0.033924545764263125,5.673160924182097,0.44449269289379856,0.5193447182870431,2.937649092615098,-0.6743794532825493,-0.0995333729614439,2695
-30.995177307446156,-27.286098312596675,-20.664574757111588,2.056950253604493,0.4138837619110582,4.6034287173569775,-0.5547551388262112,2.302177689021238,-8.369598089467602e-4,-0.06354904784322588,2696
7.342513882519444,-1.2605399433723785,-0.24145788686633304,-0.9600393010641863,7.7845882857885504,-0.4573016993981351,0.4679594112624431,1.5140828072454713,-0.48473236055875446,-0.25086117530488655,2697
-12.915505835999875,12.698145552770693,-3.22574163878292,0.9903659787062582,-5.347012854788242,-4.578470509714806,43.11832389630967,0.4618271185353391,-0.23882023103290795,-28.91791267300001,2698
4.173394101624941,-0.7140034480069046,-0.32451338558333026,-2.298234262367185,-1.279255410943453,-3.040037913007356,-0.5007193123131848,-10.786953492573035,1.4995806197654777,-0.91269150221516,2699
8.899338923749745,-1.4853993282495865,-0.5476174570794632,-1.8824784036423594,11.089428759933407,-3.0315280651943985,0.3946885806775162,-7.044686675336547,1.4116625478494362,-0.08305441829701642,2700
4.605500605792671,0.34285149691322175,0.2110356034385816,5.7751272790581565,-6.767416926587032,1.5916234920000554,-0.7805897053571479,1.2095696891939096,0.5649607791798125,0.03494540886038995,2701
5.550098094010438,-0.7222307215829419,-0.14067382493363273,2.3223440578099277,-0.19717166145840992,0.643046072903064,-0.24945787246741755,1.5751863776291937,-0.02722505498347982,-0.0835485118224575,2702
-30.149505591668845,-2.425735774667494,28.090632116702828,-3.2685020360472787,2.6193921967857117,0.3131453520040864,-1.3603503630871103,0.34191530531644987,0.45702970425341305,0.19220725520732831,2703
6.860553464805253,-0.7168675475206788,0.05593687487091317,2.3360750266508306,2.0155007035213597,0.7907157050758307,0.14801886305521658,1.0038583313459266,0.5869305352169273,0.2392979363396009,2704
4.654424032414265,-0.11372442131817226,0.020393568374306337,-2.3287020753817806,1.1743627404846892,1.0653063637896254,0.6940256194402922,0.777552834556266,-0.9342096330695221,0.22371814264471915,2705
-24.069989471417315,32.3659614882365,-14.712371583782975,-2.0009356567826937,2.6550275584942145,1.1541253551263915,-4.8569210726680785,-0.7176664271807777,-1.16189501982598,0.6476398215781041,2706
5.58089231819992,-0.44323570337401075,0.09246648065566446,5.093636803607718,-7.735622377500702,0.5599848794335017,-1.6018147618361676,0.16794722274725504,-0.732348111223404,0.0334335940203154,2707
6.152252793233288,-0.6880522090101798,-0.048946127910351966,4.871689133757879,-7.240164998024241,1.1721167819284488,-1.8494512369200078,-0.06734812536091418,-0.8055235167237694,0.07435764558880976,2708
5.367670573089778,-0.4971319988137363,0.13032869993055612,0.5628193924042689,4.607731716962578,-0.8525059626534274,0.810834253134444,-0.7220567626124366,-0.9020658915125574,-0.009090990109656272,2709
4.436794543870084,0.12007652105230002,0.058744714491298575,5.43322906430094,-8.248077185341089,1.8446081178598335,-1.299879356340387,0.6593033957321922,-0.1941947311834881,0.1313359138421542,2710
6.202553843370807,-0.7265976274453227,0.07603422951026377,-0.2622302181423676,8.183633463043984,0.08881089771116564,1.3487526967579269,2.677712828821147,1.9242694738132784,0.1894953101719355,2711
5.241241290117119,-0.3625442345509892,0.6186468633548676,4.014459353177722,-1.0971128675280175,0.6603602225977435,0.20220812972777655,-1.3934435762816866,0.435594049218244,-0.4583718940022114,2712
-17.565275690340957,25.31291662438642,-9.507753635769932,-1.5682374757003958,1.0422917099721771,2.562648517929512,-4.690117043853938,1.4186777503168544,-1.1773562508365383,0.6968135663071343,2713
7.7438312451808855,-0.9084381929347646,-0.06207681923761354,-0.32560505377450166,5.833297812211989,1.2333791174495468,0.1950004053639492,2.8334224566473583,-0.05456137169516571,-0.15698466688292267,2714
8.499733691699289,-1.3620477107025901,-0.6634875391558267,0.15092862862186437,4.798179206810179,-3.031696625732474,-0.5950030536831491,-9.254367998438934,0.10104790753042768,-0.31593635787974955,2715
7.930756561785491,-1.1772256790366724,-1.0196526250221767,-35.81609538408861,-5.715110080286286,1.5783111206689913,-1.1223329459791318,4.376900495226158,5.953864689964091,-0.1814017887224226,2716
4.5570194488811016,-0.057958175044251534,0.17427083340483435,4.264044261143825,-4.893512308899871,2.1388633747082304,-0.22983485362162345,2.475373859356127,0.08131267161784698,-0.018591982044946543,2717
6.354615255275162,-0.5285631125344812,-0.320777526806137,2.8412714652917934,4.3390414857514825,0.8437706087905757,0.6995380148745668,-0.2988997971405377,1.619623128665396,-0.24581431375776552,2718
4.856922657511509,-0.2774432311413252,0.14953027555111956,5.71212991430415,-7.024021686399334,1.865823330218706,0.3556945928976858,0.33109883127446765,-0.011746937802372664,0.7299903929706242,2719
6.753183253456441,-1.248421666841158,-0.2883135175715585,2.56353309282802,1.247315246198367,0.7381615178211142,-0.445529893444848,-0.39405619004239273,0.14704146669147605,-0.1785912354973599,2720
7.157928079709706,-0.6791782296992797,-0.19528396398257253,1.1246001344208658,5.294507572338058,0.7100101296933252,0.2947359599588403,2.187226289758014,0.33035916539322197,-0.23299080706036684,2721
6.043717925469638,-0.45074120704188697,-0.2194770775036909,1.4475075443457577,2.0184863204831363,0.7677384114810456,0.8637798932707181,1.07862445131924,-0.26262207121473086,-0.19806977200969786,2722
8.004335648883236,-1.043521650713189,-0.06460923165251618,0.5487403611771299,6.1074398772727205,-0.4170036836271855,0.4514272447660423,0.1975418813450837,0.2568618422397904,-0.07380641254302174,2723
5.075307086047881,-0.5357876340763342,-0.11661997852505854,3.893876467483316,-4.02059109458418,0.8465335580588738,-0.44622026047841507,0.6807141405969951,1.2664161130513247,-0.20689264780193664,2724
5.681944652881794,-0.45676689988360974,0.43162387722797024,3.729337051672306,-4.069336844877326,1.4878392370493734,-0.33034329261143847,-0.33148081632181126,-0.3026722253702173,0.09881420669866132,2725
8.172624221311631,-1.8728006275907418,-1.2261949009530035,-22.43516154056361,-2.340884591524437,0.781233144874595,0.34290240402343,-4.824788462253412,7.853542290868437,-0.11641450224322371,2726
5.5688859757186835,-0.42680189736224206,-0.5550448767189311,3.981144557543098,-3.5748591864278416,1.0100716813588135,-0.3946080660241393,1.4815847588891542,-0.08037676359113921,0.0011175803463970993,2727
5.2814975026866,0.1683879308278722,0.42414535764812067,3.284080633794394,-4.364443325668682,1.4505655830505928,-0.9878778293510141,-1.3138325497543037,-0.21304872105633807,-0.07415961869106552,2728
6.813984974304231,-0.7590844889925255,-0.3689688377523098,2.8042248687747438,2.4083995993411094,0.797546914608558,0.5174679822289989,1.808091153365129,1.2235923952734222,-0.6380163931466235,2729
5.461939673997651,0.07227368417389506,0.16166850724813836,4.527081083298428,-8.32137684573197,0.047022969746879355,-1.9054637338354186,-0.9161705104010618,-0.8740958311554989,0.22782166042135069,2730
7.042698240489352,-0.8326959294954178,-0.22062386686498958,1.857198632639711,-0.06728643590683536,-0.560826594225403,-0.8172832081934903,-2.61619660083389,-0.6186085835574643,0.24514229166257723,2731
-21.46990720732625,-1.4464522077471058,23.121953498901135,-0.5653361196003988,1.6074672345287448,2.1349141250016515,-0.29811047841842697,-0.0643516127157695,0.31585710084183566,-0.7683444837774478,2732
8.073831130178005,-1.6784266105354158,-0.2932774272691486,-1.0894557395933873,9.431594985975567,-3.57398558496399,0.2680592647522269,-8.651836938579862,1.1182104134811017,-0.0220879878241748,2733
9.440010560644179,-1.3824992072336415,-0.5059233438296835,-2.9002719268167785,13.791776065618455,-2.014178022218531,0.7204924521393998,-4.129438129795925,1.3143224148099337,-0.22278422157951547,2734
8.202409805771858,-1.4692758665436938,-0.6014263585329326,-7.718942537034833,6.751744666590344,-0.1073433410500865,0.17022414981954903,2.18070935202375,-7.726694628056373,0.18178807342907588,2735
5.937951338740477,-0.6983995635261513,-0.0953142107611488,1.6055586138172728,3.3293022418886014,0.4573502007373376,0.8926251833602942,1.1010329004492574,0.9649680250560351,-0.225881427657636,2736
-23.22366765102137,-0.873309167142395,24.118929625423117,-0.7035550045699489,2.2192757679811996,1.2489766544111853,-1.6578710769827734,2.398176186886619,1.0831815539753278,-0.17774275043741217,2737
3.8108567678752734,0.32631222881749244,0.05337471928391687,5.5056968984178605,-8.190757872375983,0.7775469818898892,-1.298584558590611,0.8313147748588916,0.882721193095975,0.04836383051574366,2738
-20.782688625382768,-0.44804190384997317,19.122921066606086,-0.2776142843900706,-0.4292063631761866,1.6727886899063371,-0.16088739554159298,2.1210901381345595,-0.024731394533828742,-0.6507452387920026,2739
9.362317727682766,-1.8311450063579724,-1.3737440352073982,-37.42227868975776,-6.5466739427201475,2.985003325790771,-1.5129122756059894,2.177709287105239,8.48023866418834,-0.6222226885899858,2740
6.670439332275354,-0.7808724078574986,-0.41606583979088413,2.406424992365009,1.672505711438977,0.5630104964280719,0.4974154840940745,0.6201273575516246,1.028493823526396,-0.0397194246318169,2741
7.166694343816083,-0.33111132247369324,-0.3894157762037236,1.8414225512607605,3.014933945655494,0.4356419909183883,-0.40467763712103966,1.152128980135121,-0.3804928938318654,-0.11291365821180019,2742
3.999935782925872,0.004789721193136255,0.10747679662339295,4.208918005397643,-6.559501537370141,1.700195144047893,-1.0224358439263967,1.7923485893666353,-0.21017805716846052,0.45342455632401407,2743
-22.638318581923123,-1.2581431614783405,24.53909922917511,-2.271828198480266,1.3438959111803697,1.0694953680432582,-0.7108617627668367,-1.0406735934755165,-2.144431033679297,1.134709089511281,2744
-6.136348726507183,6.260883709661807,-1.586511605277502,2.0335621984612455,-4.18553969850422,-5.254537601656589,23.490982667726097,-9.747219119186147,-0.4226451452577351,-15.131617115534253,2745
7.066922847313021,-1.4370064900439636,-0.1440252529584594,-0.8553681874357197,10.036079805393717,-3.8394885271489128,0.6199354539388442,-11.011730599866198,0.9794256151556205,-0.3282919026704774,2746
5.872573284784364,-0.7814236592277026,0.14165784739639267,3.0712987196475416,-5.273917724068322,-1.9183212127740232,-1.8572077749916258,-9.416290214821194,-1.2521260982299447,-0.0913042233411474,2747
-13.76571270969311,11.804175320399926,-3.1861831835217975,-0.6874502375949731,-4.668700383806991,-7.969018998236569,37.403791776559146,0.9287273123206499,0.4155867488790216,28.27463604398757,2748
-20.9638225802994,31.64338666711044,-13.431516704628786,-1.1376870536595691,1.3671609502068696,0.7935282493517295,-4.321544336368355,0.6718266931240371,-0.7134065996538912,-0.3691751162824296,2749
9.352916624079386,-2.5654361343725034,-2.152793987271034,-39.67288343358435,-5.466954299271344,2.985775924946458,-0.6125865050700289,4.680289692567943,-5.861843577637693,-0.1244944078647049,2750
8.295766975534303,-1.0610908841269384,-0.3081119772293038,-0.6229080472878117,7.699209651787162,0.5694461393260568,0.30487327161292616,1.768884445052151,-0.8181520663548871,0.2861056187485096,2751
-29.35069975866287,-24.095955790311358,-19.17538043925388,1.0682174501408899,0.7992593456441607,4.133524548059449,0.21536695522546476,1.9530432028769982,0.03239035548648511,-0.16455745971242605,2752
5.448612637407126,-0.4316419912178338,0.5359264954541356,4.324495696926055,-7.147895614466622,1.4955014714048658,-1.2113717450169807,0.2654271424481448,-0.6219245474809979,-0.19088371852195427,2753
-39.48266564791402,-34.55894695106175,-24.97697838159152,0.10600839750613592,0.9739961143542305,3.1195872378090606,0.08639363210673533,0.7080032008787895,-1.1854771140056957,0.42171986053424715,2754
7.838985068674115,-0.7150729429394765,-0.19223629683795526,-0.802583655581399,7.266407872935284,-0.2552863201558579,-0.10450066527076123,1.7603903804542502,0.8915209964009506,-0.05066409530990818,2755
-17.710227669011626,24.768584765879815,-10.638992894843403,-0.01499348889644393,0.7665598032456725,-0.931017485877355,-0.8438371019679103,-2.2886468910827293,0.827778998028938,-0.6706384630977874,2756
-22.514270730721442,34.36640956096719,-14.779044831467434,-2.9132371081067343,3.8631037602934426,1.1727171167627146,-6.83920984192492,-0.9507118382130069,0.18179599660497886,-0.45029477601207696,2757
-14.057922467211444,13.025682023314754,-3.613179292150499,0.028335987046858323,-5.425587786017186,-5.775380076173348,38.2348031071021,-2.2040790830800883,0.5867497558100693,28.675512261666647,2758
5.2486165836910095,-0.42706966929779333,-0.24741137791576087,3.4100211397265445,-3.232806464284315,1.1671138278983149,-0.4995794023428093,-0.3968031862222774,0.5548842517377705,-0.42228605957467746,2759
6.733508227485247,-0.9494311710291722,-0.5410456615970096,1.3804591143422913,6.407814313620008,0.739656794794352,1.1780949584566127,-0.3036512112817657,1.3639170877385107,0.6038557231762639,2760
-19.9364420943994,27.396232262192893,-11.761911604605793,-1.2702601181937783,1.0214851197898358,1.8880718338712374,-5.983748560463282,1.634427621259159,0.8497291956792677,1.3589392198348742,2761
7.702635855235021,-0.9497213597908473,-0.16672592272710954,1.8053167454837908,4.096640970704201,0.9545055464169567,0.42638915527392945,0.3043010160314799,0.6976810038510554,0.22570581273818893,2762
7.302507651090398,-0.7116507088798659,0.10578108184550514,2.228276981730802,2.614319581450413,0.8439928873803123,0.34082071111469525,-0.49525237995446714,0.9632276846453612,0.19991423904655428,2763
-24.988793726141214,34.79637657650074,-14.79609812955102,-0.9858307503317352,2.2345471143057445,2.156848872626381,-5.582145311267329,0.6505269093944817,-1.3433956015203907,-0.1320046816848496,2764
6.17744773583343,-0.31523574923162745,0.07995123876710258,4.695772979709189,-6.571374133486658,0.9392617311351604,-1.2949115586966915,-0.7310274466500697,0.12216817225670361,0.26834401246544726,2765
8.601758102948011,-1.639613543273785,-0.5399734334330787,-6.258724965701506,5.3934984082161455,-2.693673984514305,-0.19886398015003875,-2.9270952405563078,-7.761406816940716,-0.11393901706039,2766
9.973627026410588,-1.5469902231314157,-0.6851474367514853,-4.125185037064734,15.031639540300365,-0.5871092262212682,1.0477473828066575,3.0844570939448133,0.4506829848691116,0.5235492168608692,2767
7.336231961216353,-1.4124563328885833,-0.6217995899090428,-4.422788141268669,12.412971931444323,-1.4566305289626762,0.8389053597860682,3.314221712791157,-2.8650391397404373,0.5044737500312548,2768
5.68673733497392,-0.29106204754680576,-0.13836604948648099,4.8744628015440865,-5.885999015463785,1.2412239783055015,-0.6067766183434076,-0.4661227096160313,0.042646967623397085,0.01660464601826555,2769
4.51057749743114,0.09363645382174905,-0.17508326952917636,3.9514032784025646,-4.143086164451667,0.7049115403576933,0.15694007886624847,2.378225969227593,0.347875327157763,-0.8055646693928897,2770
-21.604873261916286,29.754620108255597,-12.112364105946567,0.0857241436257953,2.6671459207234163,2.133121512147087,-4.360319434177516,0.3990318483494152,0.4890927298707153,0.5096591815156833,2771
7.647672748233582,-1.0034600749293552,-0.3741863613531753,1.1543694247670244,2.7618610617250816,0.46217312617588563,-0.4308656346895233,1.687904948676183,-1.113656318342896,0.14177970587854927,2772
7.772663548992976,-0.7908835083482518,-0.3690547838087952,-1.561171072092022,13.033267862642154,-1.8248298832476055,0.9885415337683484,4.536547602597468,2.598364407968891,0.4753495727740492,2773
5.1865691681481,-0.3147006026716052,0.06308984322901284,4.591869676731012,-4.586929289121635,0.7865527153002142,-0.6909801393875645,0.41188352579505527,0.588317345078029,0.15843898690452957,2774
5.599559672754946,-0.21953188545304247,0.09261302793882036,2.5982824593967075,-3.1646995934223487,0.9394928054000674,-0.6615449733506671,1.7572754385949911,2.259134062479689,-0.11530013073430928,2775
6.9735205368751005,-0.9557236268745576,0.008782751392779899,1.474221696874994,4.714525721111102,0.21327538193936746,0.7429791611185254,2.099474237827912,1.876055944325092,-0.23861201045199695,2776
3.960227315123964,-0.302265864012006,0.25792968098819957,3.983904287125387,-7.5593933204099875,0.7774912195684636,-1.0078853765772668,0.622945780500888,-0.3914267658354397,-0.01632994759528477,2777
8.776757274001442,-1.3459032250042022,-0.24026323647879597,-0.8184293039681195,12.30688263679506,0.002574937871988111,0.9175876138313263,2.8333819061995698,1.8784628347416779,0.16652308617747663,2778
4.411294857610517,-0.4444625360179131,0.07001205324179599,2.796187788207354,-2.5058540496637476,1.6863160636533516,-0.43976150820101545,0.31647564487543556,-1.6802044456946421,-0.3831473194993529,2779
6.979057716892005,-0.6743779375293663,-0.1379857088747061,3.559868708226185,-4.161462448934561,1.763582327710745,-1.0972351172961399,0.6674781281067846,-2.0959497255835586,0.08058807670962516,2780
5.589139686391816,-0.0930184104155134,0.08137701982342058,4.710876310374294,-6.537060282089472,1.4845216513086217,-0.8646824826282529,0.40231127998126925,-0.3333697111388979,0.1785106571504893,2781
-25.8634576063283,-0.336283640704866,25.043607167511475,-2.510994616777852,0.6770761832667014,2.3840564834776585,-1.143008131522134,1.7020612140852212,-0.7465747332656336,1.3985321146229501,2782
7.41432262070512,-1.2622495190387202,-0.35953604696273755,1.471982902448485,1.9886828341322702,0.3364938964123715,-0.2159394593326538,0.17205933256413744,-0.5864523948146131,-0.036218386273710455,2783
-25.249378941466514,-21.500116899746878,-19.00507397221449,-1.2232301034296318,2.8786291028904936,-3.3080486560002145,6.683854463359754,-15.561993159341345,-1.6931652581880825,4.383790624807466,2784
6.56109872514836,-0.5752466823297887,0.15834239311632636,4.074842571422954,-3.6298038140427393,0.627285435524242,-0.7679077004346008,-0.6580924494165322,-0.6805034717983731,0.1316081892557717,2785
-25.822253985004185,-23.763064938773557,-16.985171318330817,1.070397678628706,-0.5299281210885602,2.9240391572483384,1.1929431525445313,3.333088161903535,0.37300017329963336,-0.7887403162774475,2786
6.70872199642725,-0.7677606194111428,0.21896033505660673,1.3404221536369507,3.4743206544218665,1.852224688565478,0.8342771887839712,2.5407610134988583,1.1865934512713021,-0.058221718247227536,2787
7.826605596366484,-1.1459370463246739,-0.6989436095303956,-3.3424785747386934,14.998098069907893,-0.3626799334931179,1.8656492355022727,2.8415070013081207,1.8161728418468877,0.5949122785012234,2788
4.5109855461685084,-0.14957275370130746,0.21648860012675997,4.843601252688394,-6.0810765239432225,1.3155717540079364,-0.7424760963824012,0.18992672696489252,0.18451984710471217,0.11459611130751123,2789
5.675121375635252,-0.23911097830483594,0.003369434530429717,4.189407252438638,-4.160906448652992,1.353958701087387,-0.5211228685220792,-0.017914849374441186,0.42035174614723175,-0.07054559608182596,2790
6.654231653114283,-0.5513962212079808,-0.08594729565840513,3.567323252996411,-2.6283389988312447,1.1300849368334,-0.3082747540784987,1.220889465554868,-0.4853184698778639,0.48983356905101927,2791
2.6177844586478067,0.5505780000856385,0.29266553901358616,4.155182108902208,-4.932687606994877,2.8662812928755677,0.2117105466278083,2.7590038288006595,1.4638834454154583,-0.09969490356884987,2792
8.375111861202589,-0.9713743766570633,-0.053725500283118406,-0.8983938948852367,8.595316050159301,-0.021608531509569893,0.25677947694369224,1.167204400054969,1.5191246153476994,0.4483456675783132,2793
6.558028518990213,-0.40400380258461366,0.1732893865097417,1.3519132126592857,3.1593491763045125,1.7057981656784906,0.2763641099130407,3.6169111990356027,0.22964907837151324,-0.010347027027811206,2794
12.287301810975265,-2.5976096416902967,-2.004860763570106,-52.07667761481713,-11.176055209945995,0.35503809838722145,-2.81778556919802,-7.138558329181007,-1.2674317612629977,-1.3966601532666514,2795
7.619586482958166,-0.6849816290759642,0.05998757725290149,1.0292017102160247,3.7815822290571526,-0.10777311923367339,-0.186611843706586,-0.0044664748610792155,0.3491151440455381,-0.23412068513807868,2796
5.408638019234778,-0.2270778661849868,0.0735170122411568,4.367984849740883,-4.428233503837666,1.1835757272091758,-0.17040839246136114,0.13414058055362035,-0.2082808064699677,0.09740341403871387,2797
4.430965765787817,0.172940588789046,0.22649185176683592,4.108746309526589,-5.297326515919176,0.17431104946711629,-0.44501660610334415,-5.358601707645643,-1.3854075113134483,-0.18335975915057334,2798
-24.840020194280086,35.68796885493467,-16.210316361115122,-1.65992539912415,2.663923416073379,-0.3763295797462789,-3.6054058021276574,-0.8309828680312132,0.9532082857318436,-0.4442681099391236,2799
2.705477516980645,-2.220598232878906,5.535040288610766,-1.6465708990324017,8.868112281253483,-5.145727489780344,-1.3626890698777772,-16.333361634551324,0.37190401129460826,-0.39655058336410576,2800
6.356665999966764,-1.2759730151448934,-0.04462442703646273,2.1489965901247894,-0.7190217067445446,-2.802498745163645,-0.6905327124652736,-12.82836608504646,0.7921783595533138,-0.7005633519156981,2801
8.831246361288624,-1.2442746887423588,-0.39989702323388415,0.2985613230174644,8.3084820435235809,0.21188267870001193,0.4727605622941351,1.639023404475277,0.07736344237902308,0.17306904986902222,2802
5.746855378279523,-0.36021146915656266,0.12245601318847141,2.911141134982159,-1.926039344558792,1.9254283041512068,-0.46009054888653733,1.7208106388748996,0.476901740087923,-0.24005759590149,2803
-19.28027981297533,29.428909176142856,-13.740116395657244,-0.045541024514802214,1.7846885154032626,0.2657093416215914,-5.103069113093374,0.3566436891888646,0.6792044573030728,-1.0656208899767026,2804
4.019224831246318,0.3524357185081899,0.13136326518852715,3.653435992878064,-6.149989926828146,2.4870177151677253,-0.46184595768024495,1.256239423659668,0.9338313919116464,-0.04515643638314581,2805
7.230112500408965,-1.1352748391698795,-0.24125336842369802,-0.03493775486286107,7.077330926884746,1.2439988150577204,0.9953156975920977,3.182673163568473,1.1778820401864964,-0.28914663288120035,2806
6.217708379342333,-0.42914808922749403,-0.47345920089993543,3.817034422805979,-6.092383486029726,-1.515128896876686,-1.2089221874680067,-8.0693571958526409,-1.5474568287601955,-0.20018342201717665,2807
5.774955937652846,-0.40361059150172296,0.20289702166459692,5.122220636721086,-6.624282352908722,0.5563538911577964,-1.240454776172574,-0.6954279368389774,-0.2235620191740725,0.11384735153879538,2808
5.795253868880192,-0.6839170673075022,0.08176215758657122,2.4750796679064915,1.878284618585591,1.0228101906504536,0.4987906298581593,0.07269358780096177,0.8133717194593139,-0.21310435693486499,2809
-7.9422492054057185,-4.784940735660897,-3.8157727553044736,0.8611234069558124,-4.207584092957063,-40.04572108499635,-6.822949849931401,17.04955224964472,2.9165397034898035,-0.540017539587601,2810
6.322852234594789,-0.7433519374438992,0.11811124152392066,1.0746220156991433,4.947648367247897,0.9392027206175001,0.4534883481066816,1.7882926172644258,-0.14421754761367914,-0.09766833417898418,2811
-12.200711275212717,-7.881655495782491,-2.220293434606768,-0.4425301726381254,-2.7348433686760587,-23.985328474472688,-1.6216012886280018,-6.559586033256008,2.6981585019699903,-5.593849306915095,2812
4.326457565556788,-0.015986633662183038,-0.16586951763672694,5.511388466143115,-6.1847677882484815,2.7345076524781398,-0.39388971670166495,2.448975179830604,0.45742733911444017,0.09644157139531401,2813
-0.2603794431356572,-9.105155426169329,-4.260679530140347,-11.893448179370042,2.2800499179289746,-2.5364373618303193,-1.863792006499685,-12.97959301450526,2.3855420030425534,-0.3295861409487151,2814
4.418001587795684,-0.37678474231844933,0.08267812510318043,4.842995428431205,-6.3122789978474785,2.2027410297672727,0.1722596401896365,1.0361932557257465,0.590263466345167,0.8968261530527198,2815
7.992846970085804,-1.1697324381671053,-0.29164095396808,1.2687297308129912,3.695778520728667,-2.381991814598535,-0.6516430693195245,-10.086258849723068,-0.5484050046566166,-0.26348941466285075,2816
7.707275502058486,-1.0100776828062898,0.2777377014917563,-0.7967777845388525,9.36854686528295,-0.34345943237835597,1.0705657524080912,2.04031081942331,0.9717470960854774,0.02966373260077137,2817
8.565066789969471,-1.7502090117368254,-0.2560680409070941,-2.0744774687405845,15.425592172044485,0.5802520351921221,0.9931440986851956,4.0919270766816735,2.153465231198472,0.39698216280257115,2818
7.6075249846994035,-1.5480232554263673,-0.41585062204574647,-0.041692022581596606,8.496329908054065,-1.0728416013791984,1.7217613908553002,1.6809729804408255,0.05776813050817036,0.33351053152061944,2819
-13.543528524682143,1.634786079768682,11.688275507729964,-0.8428922563568859,0.33812181513847306,-2.211000014061081,5.561477941752608,-12.544336067221742,0.39823333374823733,5.536430795768313,2820
6.5927282781651835,-0.20635483798196133,0.24755463892253932,2.3827005972082094,-0.9031980730755227,1.2175398512485966,-0.6433494109428608,-0.9719827019545473,-0.3477196840603972,0.11225746698580366,2821
5.843915395842009,-0.16883063731040188,-0.09556474948788307,5.690595493610488,-7.86310432027007,1.4910910671060276,-1.3990641397205554,-0.6387274457900771,-0.7030035648388289,-0.18033732090434557,2822
6.06891115885886,-0.3791216568077928,0.13858937068475613,4.010221456606864,-4.847723075205003,0.91207113765445,-1.363116810694512,1.3677951753133983,-0.486759389216767,0.19289561271355726,2823
7.898452306386136,-1.456900259761067,0.011753924546177222,-0.8141014450877736,11.029826430158437,-1.1317813962801357,0.2505760666336422,-1.5784711625001844,1.207871758037208,-0.10394235183946615,2824
-36.55462689925274,-33.78034832068313,-23.426536731589596,-0.5889096352101137,0.5091007614295086,0.5261653715144528,-1.2122312447789765,0.01724462313047257,0.32860732651587804,-0.23649350761535182,2825
7.866459420113008,-1.0634071918575472,-0.4163996886588023,0.5580898131702346,6.204489795872169,0.1521312177416591,0.1848857963821342,2.6282846849569306,0.20918027136915476,-0.2718711710747455,2826
6.984900393583941,-1.052045500557177,-0.1467097538838509,-0.11919443469895324,7.155361069921034,-0.18602055581211852,1.0524557556352925,0.7327037039275038,1.4924292696180925,-0.23521773964113032,2827
7.997492009158007,-0.955194790688227,-0.14448718153440626,-0.7847250370801429,10.443102163677068,0.22610644448327819,0.9051227177098451,2.214162767595137,1.5958579438707998,0.023866731802732914,2828
8.022162079701395,-1.0864903848833816,-0.34065299058599857,-1.2515273310986408,4.807326231406208,-1.7302593156808825,-0.024773565606502373,-7.463785430138102,-2.3692457589583698,0.44547601710984736,2829
-20.88021570615998,29.791638030031816,-13.736215342765213,0.34819293974447957,2.1943638026834975,2.3564626848261745,-4.9447008289845105,-0.808157265278604,-0.049406188370940775,0.7791460402701413,2830
-23.754386568920317,-2.430632190086224,23.78679950590077,-1.4262420298319871,2.6031552168844567,-1.1649299943889755,-1.4760448801077886,-1.7703660872467395,0.22736080440261025,0.19744025837834342,2831
5.2082696865076095,-0.16617197360851174,0.38589353795701353,5.10186366309523,-6.860531151122668,1.0489317346080362,-1.0278620437974404,2.018824378345268,0.14488085929548614,0.056631090778890614,2832
8.029505972324744,-1.4457338966172286,-0.3786496693481761,-1.3808995940372684,9.995262354679584,-0.394392401907373,0.44707820423652417,2.6601526577000505,0.38633782104204817,0.17028186985991117,2833
4.945341965900525,0.047921511713476174,0.00945500593011067,5.363928284859087,-5.921568091049451,0.5326282527807218,-0.643316410101705,-1.131601494594605,1.0352943117664428,-0.16204943905404542,2834
7.596982783777948,-1.1490893966482734,-0.34749333995864584,-2.3266476279587023,11.943061717332444,0.5965213109745564,1.0702648095428937,4.233887254759249,1.212526087574758,0.3214483871739763,2835
4.9004268501084836,-0.07649474168153535,0.27830340187793473,5.612011187704779,-5.035404263477962,1.2435231389819148,-0.23079301276014197,0.7200962452174049,0.7333259445340203,0.05667156129970828,2836
8.374166624415231,-1.209102816982512,-0.6583612440108223,-0.5370250264797,8.985587918983823,-0.5737479997010915,0.3864862537019084,-0.7731637658661533,0.21312626439767454,0.12056799951702041,2837
7.175331768465539,-1.8372928129255905,-0.2255987922456033,0.14476413759196596,5.817929526570727,-2.9739097887432298,-0.13404670182026387,-10.545168483873974,-1.068092414972693,-0.08162940850563033,2838
8.91666565271371,-1.7582122227498043,-0.5907531114513987,-1.4579437968582591,8.058886906844819,-4.380801031166003,-0.6674647475098098,-13.25872293513011,-1.078707048393364,-0.37599208033168835,2839
6.996675830889035,-0.8880631675950337,-0.33552506855972875,1.042082019151694,5.97766548857306,1.0477315997662477,0.5807196406223348,3.9411499697317507,0.4835773981994564,0.0374002879617428,2840
-26.143542549329542,-1.6796218153869311,23.641142710886392,-0.5208827055497179,1.5986886795387611,2.9420438900472985,-1.6751255208375138,2.5932078744183267,0.668662761941748,0.6970849420090334,2841
-24.780463251359098,35.84426466348971,-15.059329298189782,-1.6168626982724317,2.2434002659389347,0.6359039916962427,-5.342825728422703,-0.14999763549803552,0.050679221443415225,0.7517720940711783,2842
5.312536515659895,0.03375567917866827,-0.0023202375617133214,4.085807725875494,-3.3985631281219635,1.5781568428415627,0.06193637886733449,2.1318391512065746,-0.18098299664955625,-0.05833340080605379,2843
-22.21492583855677,30.67197415417042,-12.819436824901628,-0.3970526046449744,1.825436176826283,2.9796959258876345,-4.058425116180007,-0.36902699725661975,0.05594770370197112,1.533376197398188,2844
6.055324133930856,-0.7048444542164953,0.017528703033471735,3.064067338690316,-2.38114960327748,-3.3147510404232166,-0.7118313325601451,-14.286927081699977,0.26015299827605826,-0.24239462018130573,2845
9.410217901312265,-2.095638618421164,-1.497574643947838,-40.46320678288046,-5.552341135425204,3.6005145980887336,-0.9546406805465147,3.8818264414890367,-12.09565256700068,0.13685368299668105,2846
-28.1999028092843,-3.072071924328004,27.297411759212338,-1.5798028047095676,2.563981226003075,1.791684091974897,-2.5071045117777464,0.0169091910190585,1.1556260531199523,-0.3382321135729506,2847
5.0628438311514525,0.7379325519738513,0.12447699963578769,3.235562460541058,-4.815893664074382,0.56868272201154,-1.163019142902425,0.8646234205638959,-0.8900971494144487,-0.07251184833687951,2848
8.772496749587011,-1.1767533088361568,-0.5738134587954894,-1.4292537599567787,10.702147102299833,-1.1395845684741002,0.0702559166696755,2.1694321118778017,2.201931719968266,0.5187337979631105,2849
-26.406303563951504,-1.9102909096572007,27.8627870776922,-1.3454499472614279,2.146605134331546,2.2317107695254017,-0.3895519963098385,1.336034696643146,-1.044857165001354,0.7040601368784651,2850
5.1525926436185046,0.17759964449187812,0.0508866133236269,5.631159040977211,-7.05388237847919,1.8910370435799464,-0.6674653937775196,0.3568824881715963,0.6282013479066535,-0.6412247686261462,2851
6.154304044820528,-1.0202750987254618,-0.3876032552823466,2.344062194262067,3.510990089433149,1.088887447840645,0.28745465605647846,2.776281416756287,0.6045297912519026,-0.1253214550718805,2852
-35.84229777292701,-30.406606168062837,-22.834399719872117,0.21982726306850683,1.1790311107466451,3.074039714053004,-0.06946989494004592,0.35899074035312767,0.8195778700476233,0.6118338116615252,2853
5.404150557915702,-0.132318865676016,0.23895029007583538,5.1551095712920905,-6.3492781249189845,1.007680160981118,-0.6150271426492311,-2.05629257546038,-0.3097198919638285,-0.037792202793663424,2854
5.567348549245579,-0.2011708286125473,-0.012806759326801904,4.75876824225634,-6.472634089610112,1.449606687125986,-0.9323714847383594,-0.2818452529732849,-0.01791941612427531,0.24676422963011746,2855
6.848605197412269,-1.0687229929297382,-0.792436983888188,1.8178208593855532,4.688100674681286,0.4759834674688976,0.2556079285777606,1.3345135367375376,1.6034898548803196,-0.09399332667474654,2856
-11.088132951064058,8.702248854924635,-3.297690951474682,-0.7006419005354846,-4.474784705540142,-4.905529656629708,20.23283635421602,1.704568118542897,-2.1184059115233937,-0.3843760952251575,2857
8.206926225494968,-1.4386967921410887,-0.19167574873537216,-2.4516390029168598,11.671692046702773,0.6641602882768708,1.332458923716654,1.5889269334336362,1.1252820017328258,0.17272994185509524,2858
3.669542579069792,-0.15076199579560445,-0.46581515933304185,5.64690199343978,-6.380406968502513,2.594698363229444,-0.7416485726263746,2.164304210772221,-0.23525194954935244,-0.25679340018976693,2859
8.006001073001961,-0.8126740665714526,-0.3906146289764604,-0.8360931776046368,7.304983390637505,0.06760812000610476,0.644830716481417,2.4194414252946963,1.5665301961035398,-0.007355002909652972,2860
6.020685899648586,-0.19220038089644434,-0.08357857473599527,5.131792365359717,-7.4065750965562,1.2861947379239222,-1.1221573156577103,1.2711286829697641,-0.7679946785094313,-0.1960509852024263,2861
4.169602462426609,-0.5372823149902672,-0.26334358692320226,4.484826903672346,-7.275944644240917,0.22660462410516652,-0.8754749023498195,-0.337546967666037,-0.20209851324409883,0.26284946896514005,2862
4.418223737839908,-0.06818520827137535,0.6176114904839103,2.9100381521217544,-6.400599215796352,1.5831898946739114,-0.4467487387781767,1.3590703924055119,-0.8513703411341527,0.20096477830580078,2863
-22.291882931016072,32.325548147791515,-14.883061330982432,-0.2660682830912013,1.6528815803488948,1.07546504076288,-5.469416362724469,0.23276329957125577,-0.7902030879110414,0.6706680319589451,2864
0.020813336391610086,-7.441580575092954,-5.881291888981797,-2.276955632456186,8.023200122858537,-3.4877020373258163,4.802294596419756,-9.313755588375994,-1.0635790777986875,3.837062317254272,2865
3.268768344034381,0.33313871064002387,-0.3630393839399593,4.34506719999001,-6.109046197700581,1.1231188178677551,0.3728302210093114,0.21051470742532183,-0.08347259607807486,0.7003286693587323,2866
4.7262461862684555,-0.6469181942457339,0.0010181361937370455,3.69586150482974,-6.8770696908275175,0.5232443475797702,-0.7898787708212659,1.5398196050933117,-1.0395873442527928,0.8097236546082067,2867
6.137565146562142,-0.48063174035076217,-0.572208536340415,1.8212028432650338,1.4073090639668038,2.3231820355892467,0.1150780035870775,3.2456456129185987,-0.9629233782127546,-0.19785923970681787,2868
6.936422556560997,-0.8591537547763776,-0.12209574481652706,2.058620678575475,-1.2084642147054638,-1.8872124868136528,-0.8665028254767004,-7.493577368445897,-0.5763736305416287,-0.3630455158059248,2869
6.040286130549458,-0.6084422319299654,0.48447834008718915,3.786078582519805,-3.537178923297997,0.7914158121986473,-0.6455550748534035,1.1473578421506885,-0.9030127950135342,-0.04819434652315734,2870
7.428002637875513,-1.28296044548277,-0.629815579619147,-0.7825323659727118,8.586996125965822,-0.6644289618458221,0.9454792433114022,1.368445601464152,2.156787311825687,0.447632052927947,2871
-5.759127687385517,-11.326848363652285,-7.4737672216520314,0.23498329777403057,3.0814251463438667,-0.34923414245897855,-0.6484333092673846,-4.790662808809534,-1.8905013082606341,-1.1725494869974442,2872
-23.306018206874977,-1.7299564538801286,25.57806617278764,-0.6399076153258698,1.5823765947053157,1.587061295243504,-1.0326259409060268,2.1292147307286915,-0.4487836972700738,0.6914646336648776,2873
-23.655294102368483,34.22947592621437,-13.925297446008752,-0.8368615502276553,2.8634360735072697,1.74368543920853,-3.7351577459856897,0.45738664341426816,0.20072559427913744,-0.350570281736635,2874
5.447757984067158,-0.5629526801175878,0.019511467701994266,1.087107118525309,5.617241602830052,0.9906167562259386,1.058569601727578,2.2403379571860946,1.010890209130986,0.2037362463248317,2875
2.6945177924997,-0.04548776321742236,-0.018084282406977875,5.624987216123802,-7.363168428705932,1.3457282752518382,-0.6146056788103471,0.4184287814774458,0.35156603885941645,0.07745488185744193,2876
7.793488493582467,-1.1287874658945691,-0.03827531841539726,1.4290589845811035,2.7743792303463644,-0.17470945063933088,-0.29473588852601434,1.5311520232033262,0.6137082608147258,0.11607597418075778,2877
-23.57980865247287,-0.398355023571983,25.604348069797325,-0.501965632424244,0.9904586255191739,2.5161686959714613,-0.15817408260964289,2.4666726748437324,-0.328551833969559,-0.7152476934350315,2878
3.886155419754465,-0.021746492753031484,0.1514745904862177,3.45363890428666,-0.761963645928578,1.9668826631366971,0.8832613193864088,2.817959810350738,1.4203704649025728,-0.2383449152089619,2879
8.250284306147112,-1.2291337182108535,-0.07812854794617696,-1.9275536869284788,13.051187815750925,-0.6614908359847611,1.7780335224510253,3.237094360712901,1.994409389848189,-0.11770416968649094,2880
-22.421447891309718,-0.7214647980657505,23.717282566423787,-1.8166471709512542,0.8952696075051066,2.101191653374702,0.019368441510731926,1.862607398895823,0.26843629807531244,0.17460287775356106,2881
-33.41805710555623,-31.07044089365541,-21.556206128503842,1.164498039079619,0.47524227384548806,4.987195936660697,0.11213491991203896,0.301845972434389,0.8520745746006291,0.16920630195369293,2882
8.120388737743523,-0.8804904467007045,-0.4157438317704689,-1.7284338432850346,10.603801102038672,0.30900058938552427,0.9708822924076356,2.8110468854584414,2.030591094015908,-0.34022381634898596,2883
6.746642451750699,-0.30802158875335495,-0.2401661026295439,1.4344664172144188,4.082929635109739,0.16420392092223338,0.4526498312204775,0.5229792955835847,1.10418754024712,0.6187492250517508,2884
8.43474824049203,-0.6012148281062729,-0.40250925470601073,-0.4790084142960937,5.54151861233631,-0.6032238788704207,0.12721455956729819,-1.4539909815296597,-0.3701801121737902,-0.17426183624934213,2885
-26.21893101061123,-1.0855174266103356,24.452558769699657,-0.5377054865473881,1.3614625778860863,1.978409373590774,-0.12676727929139067,2.0214725116231684,-0.10175298327965585,0.6122836887901955,2886
-22.454644057331684,-2.210208450452139,22.324745138646335,-1.4708722859236458,0.67346310829812,1.8456223809157704,-1.100538456081072,1.4050574662283895,2.1992676052044784,0.13680914778179531,2887
8.117345308335086,-1.225677648205196,-0.8159607326478459,-2.140182662726996,8.708863328181714,-0.31204273557558543,0.29943952165423643,1.8839994393182837,0.8442912963986547,0.11105112940873042,2888
7.6977328242491145,-0.9628545315000746,-0.5486680903026194,-0.9483685077155531,1.35392007839335,0.26597538210928917,-0.7298393718872759,1.3921388796134115,-4.581393735871923,0.2817072025417672,2889
6.944240583688352,-1.034269304512201,0.0759065312589553,-1.9378813686001117,2.6647695290455173,1.2928398158541343,0.5371916770814554,2.5703697888208397,-4.929915227314372,0.16070640095363573,2890
6.9040330468657185,-0.5385518153914909,-0.03222059792682735,3.058308858691788,-0.7096346160328044,1.8165476474481508,-0.36571777086873725,1.512799579268581,-0.09193482519854715,0.4154100482553676,2891
5.183994406955696,-0.09700162301908964,0.22581328392533756,2.8194718071305807,-2.0352111440097715,0.7637878491866961,0.19945970545022718,3.156566631586618,-0.5583601203426051,-0.3286112817631157,2892
7.08616293582071,-0.8226994551506485,-0.20308415028537025,2.3361803643159123,0.6240042972358807,-3.3141939003771337,-0.9860135298896621,-13.66499020439288,-0.35478408671495726,-0.10311209170739703,2893
2.3222242005186366,-5.133820044341794,0.07226514764828706,-1.7820449107433465,6.5872176788091625,-4.023311010596875,-1.4073499510540952,-11.695330394621722,-0.7234005852153799,-0.1415610054579673,2894
-18.126947256527206,27.070712165736296,-11.25294043806733,0.00791803988944265,0.9976774687225285,1.7916510334044315,-4.308874908094352,-1.9824883241882594,1.0291931293311398,3.7182260048751323,2895
5.2107135440575,-0.11216012336338047,-0.05765436803812478,5.013237960218063,-7.1236185644831265,1.3499311931705114,-1.3050930161478163,0.9204998227520984,0.49535911365308705,0.072493083947869,2896
8.196790027320985,-0.9698967730295196,-0.5186838840457983,-0.20246742056776174,6.221867371414402,0.08195596497116661,0.0866231528935897,3.566398520167482,-0.6130994837921345,0.11946347528871387,2897
8.210576007486594,-1.0091769422339116,-0.31430943602447525,-2.169061371184018,7.917627263411808,0.18461684797316133,-0.3060289922794775,2.68375426405799,-1.303054524310847,-0.14851318208208783,2898
-18.63327935802806,20.02187348646231,-6.731178316636621,-1.8572289222437295,-0.5887298119340684,-1.2874956365912065,5.916469714757874,1.562958692309879,-0.7300510014838781,-4.41165103352663,2899
5.5806513545295235,-0.6428239706827774,-0.03588817268659029,4.875259843445894,-6.171582087796843,0.30888938247290965,-0.8696391927116303,1.3107948364113913,-0.8290748745674439,0.0025576449637037093,2900
4.532898333865807,-0.13090284671289845,0.03359470203341011,5.654290651576358,-7.43324523801364,0.44670878910249695,-1.2387924360545919,0.37915277877797576,0.3157679733442657,0.2201161664748534,2901
-23.27189141692086,-0.9983173943830412,22.653826127686788,-0.6945616585028918,0.7730905592158165,3.123241516558608,1.0403064037894323,2.597886595035168,1.7682055443326579,-0.4093228936064172,2902
5.6932015776671925,-0.7209825697787775,0.09739907079357274,3.9951736454544107,-3.747869828193441,1.3550184010768096,-0.5675138958391658,1.1524714991746037,-0.09323735664039351,0.07231217571890455,2903
-34.24538470435954,-0.19527861036573785,-23.892306277619774,-3.0007582152989625,2.90208046320691,-2.910932238876998,-5.028014655002236,-4.682586814639878,-1.562259404040626,-1.177412399881371,2904
6.643393984137513,-1.2444097382662953,0.39963716103835467,3.4251822650496955,-2.111142237567894,-0.4821894636451268,-0.27651492639042485,-1.3198957756949754,-0.11162419650700546,-0.8614568375428211,2905
-31.5599159566055,-2.5754860957092784,29.92070349729726,-3.06627209413184,2.469931689344011,0.6773928886581465,-1.1931166275892766,1.3345859993220865,-0.4702523011530797,0.7836043167208382,2906
-25.98005299353616,-21.32150321085606,-15.842012706128102,0.427483840587793,-1.3249855737296525,0.613843825911271,-0.5589499388311937,2.573847872688264,1.926340711686622,-0.8756113762351291,2907
-23.700828279764785,32.27381377707609,-14.425392131220589,-0.7020356562683202,2.2961709517858706,1.2068274608494305,-6.567617661610244,-0.11487474450679445,0.9353415542154808,0.3757900878751592,2908
5.0556989912362305,-6.278051906090839,-4.340461369485554,-20.952821373401953,-2.3601338705282853,-0.35560772790616674,-1.7288271769268135,-6.782406500552792,3.518004751303248,-0.9425795777532807,2909
6.5142944241982965,-0.9090933937764474,0.149223721709646,0.9981415764876236,5.732707201822572,0.46198965624003663,0.8872978830044688,1.6649175428679197,0.7995759438611035,0.21054081946404476,2910
5.893851884126485,-0.6570427378651885,0.4365695546963221,3.9148466765779073,-2.2998333839239646,1.8178613704166777,-0.678508797452638,1.0410429932604677,0.3429695514655398,0.11820850694665458,2911
6.109387426564512,-0.24971888774547985,-0.1492506940449709,4.10843696527556,-5.5787044798402246,2.313939294740344,-1.000805211678785,1.770518419383568,-0.46603414200322035,0.09012505944594372,2912
5.385564288637049,0.11066460879637528,0.13678470781918067,4.586854552215789,-6.275252249660928,0.7991176733980921,-0.5505470431619622,-0.07037924282757088,-0.5480569583222618,0.20144328104307133,2913
8.345160313649165,-1.3623671870256175,-0.5867420619472946,-1.2975140821747768,12.232280023478362,-1.841016949598274,0.6920661857175937,-5.81997562902705,1.3283557774467032,-0.35295055861616287,2914
-24.657890378010368,-2.1036503756894214,26.40880340708939,-0.48357779230488024,1.3877948914917313,2.4923522318591482,-0.2550407309920977,2.204223172801333,-0.08411044911428746,1.3443435631724105,2915
5.388423110110733,0.04129497357286562,-0.041923326292202946,4.907468251939043,-4.386912065402044,0.2860321147035847,-0.86785282083381,0.8302200007080667,1.1593013356563577,0.41116404353665476,2916
5.025903968859586,-0.28251604810884284,-0.1428441822798364,3.79256724529325,-5.464283676057882,1.5866614710258613,0.03894860783345801,1.3916136358645355,-0.4142919233562932,-0.14156460647250707,2917
6.466491259606329,-1.3499968583473552,-0.462536293088866,-13.701355046541169,2.4731894973454116,1.512807573787659,-0.03445828132140388,3.6714393030854002,-11.54370623910481,0.18205735170844015,2918
7.138086812970852,-1.0259812460722815,-0.1231541137882195,0.6490904494404929,4.175330035304137,0.6406579525108547,0.31274727815773873,1.0850898106140316,0.6015515037656327,-0.150690560071799,2919
7.239383806008752,-0.8037117592551801,0.02371288982963356,1.1870556437202044,4.163664045012472,0.4627430666353382,0.5470560261669398,1.8762964991170281,0.18197545893498773,-0.06565771207564915,2920
7.9727396478258,-1.0620151912745948,-0.12735008275393114,0.7706931124608983,6.393708327881267,-0.03075590133723786,0.3029193019438154,0.9578536597792779,0.6105642339289854,-0.07352310332517191,2921
-34.696410612384604,-30.005070157655375,-23.4289353827472,1.0418817088461592,0.6222934848687278,2.6603001092689156,0.4948947840138392,0.8668824482803059,-0.6704353029498828,0.7068224084506756,2922
6.180700016415023,-0.2815048598710693,-0.08567554164772424,4.40644526966096,-2.2360825187135913,2.0210185373159066,0.029260226863818295,2.071491003127608,0.9145720927879184,0.21869754953831727,2923
8.43998536484276,-1.6927021346662399,-1.2851038780392132,-20.089463285933768,-0.1815020513565603,1.5758206656268907,-0.09678102481901585,4.023666916484001,-15.707233243915638,-0.23567550522506128,2924
4.384008251485705,-0.14425789598507294,-0.12012639728428078,4.65533030573136,-8.08441256728571,2.1402854445437436,-1.146169126444912,0.39067647365262453,0.9083122202821436,0.12825931234894966,2925
4.04608326489138,-0.13886047495809004,0.2396794464041198,5.098812015256335,-6.578610048150551,1.2964408320068082,-0.6974394380992531,3.481595765139896,-0.2465573315829384,0.05440580703717384,2926
5.1894246669068105,-0.3817152834911681,0.0835619581873331,3.8071359990003506,-4.0694602699871245,1.3201460412267503,-0.9003453732483254,0.17385705224565118,-1.1808317821099454,-0.010895371556355359,2927
-23.551168617820252,-0.7117217010280052,24.16203510422516,-1.1532809049114898,1.8061894713700428,2.2906083062848506,-0.8144169952483774,1.7883346798815531,-1.3124070990026866,0.046305117667701255,2928
7.257544540004435,-1.171518925193572,-0.14758491012175032,1.173728927981111,5.363107236137654,-0.2153306267111284,0.04399383280796475,1.377935824516284,0.8029987780291453,-0.017442841663428885,2929
-19.5370844960874,29.02027086241655,-11.89983547983864,-1.5856077257709922,0.9252263248321554,1.8301704508028807,-4.1671665767419555,1.9010566582779005,1.0234500183543942,0.28765068461443255,2930
5.5415639137452635,-0.2857069734151502,0.5926888254265227,-1.4166958548538873,-0.26494848784302927,1.0878996148590536,0.3335537177530833,-0.03531586570733045,2.4768346782181148,-0.44395247778753755,2931
5.79709584176945,-0.3442233905747553,-0.07317541060234507,3.491780213900873,-6.5931171013224414,0.4864228145142016,-1.6600916415318057,1.3041060543375462,-0.18913775336034705,0.2611406366180615,2932
8.183370480116567,-1.2941201472370127,-0.23738807806349624,0.6860268998392027,5.8273637004186165,0.8506014867209396,0.4269251442802367,1.859078630547168,0.3876054081837431,0.05018846262043576,2933
4.862736336010316,0.4371620670524028,-0.06682974127862876,4.216632140620961,-6.779043280986087,0.6508818276356284,-1.3257620928111091,1.2898579164779957,-0.734743364745985,0.4172712383870473,2934
8.945490074759329,-1.1756078361110514,-0.6867836565399783,-0.2078283746086004,6.317269214618302,0.216946606669723,-0.14170680839801778,1.2757269163533496,-0.4391969612535635,0.004217010182777072,2935
5.596301983998459,-0.5695641806788836,-0.06050733859493087,4.459055276333284,-7.640688279912067,0.416190090986496,-1.3425617262324858,-0.4433999864042783,-0.30347803957021285,-0.04885088316762359,2936
-18.429176306045935,27.144727236537623,-11.39755371559364,-0.29684268076544723,1.7105450308873809,0.8501457062586305,-2.3429965993598425,-3.199097712966254,0.2977024146789235,2.2660961551173315,2937
4.5167197316372665,-0.14398301204802388,-0.22956861079233226,5.419515738412041,-7.742987343310864,0.8937029955316771,-1.1256682499278192,0.6111544059109041,0.21582421457376044,0.24074027733703504,2938
5.307375922414971,-0.31919333532087807,-0.21124111593794206,1.5378534649124873,4.478646431722912,1.8639174253965225,1.3225626728538369,2.570277783053653,1.7035932286834659,-0.1565014895337579,2939
6.244857951120624,-0.21212254967042746,0.04667273064637382,4.1892868227023765,-5.114049279859331,1.4613698365390926,-0.7486733230232533,0.2966111418863956,-0.2947548456117244,0.6916414824368221,2940
4.416396777795452,-0.24900593743657176,0.0973675135612606,5.566213666406404,-5.935437552655857,1.932589733374887,-0.522066790010319,0.5733981104895073,0.5693420052197751,-0.07984253852772279,2941
4.283808426943684,-0.18785958557351137,-0.24833354158140242,4.992440775197233,-7.54878506297486,0.9205085713117387,-1.32508529833599,0.3424654372417951,-0.13165190152309889,0.20737065017679956,2942
7.988083308705435,-1.3770260346389485,-0.4685544958058398,-3.059035518623022,10.463246435796593,-0.12182758642490664,0.6215746680941182,2.5316487370168717,2.0757047985414268,-0.19056212973778797,2943
6.403926380070117,-0.5431700988121954,-0.3188200018020535,2.7663552831203826,0.8652571709498512,0.9258590783951719,-0.04808789184548082,1.9894993784817385,0.5080888473530597,0.031341313659184175,2944
6.166943183558056,-0.9025469156902888,-0.07317639732033536,2.7913556733941576,0.09079215646864408,0.6086222339153003,-0.2420977425467158,0.8219274405761352,-0.12842740946207018,-0.05445791545782211,2945
-31.39011787832123,-28.49209902857101,-19.950428967090527,0.017855693401990422,2.1961735907824456,2.7473399714973956,-1.2839755171030087,1.7402859779427262,0.0611975309177544,-2.024892791338767,2946
6.860120421576385,-0.3881636515219398,-0.05022240181454688,4.132428752662603,-4.910286640506339,-1.276772327693588,-1.4922418739826488,-6.684334093919721,-0.5448488910532532,-0.03613228360008202,2947
6.195881560200924,-0.832479123228151,0.06176368818910052,2.3416527035001886,0.22097700272263457,0.5615679685943616,-0.3467154027386865,0.42389464302498586,-0.27616115723172396,-0.12329331223042839,2948
7.695751515388837,-0.8170997567895661,-0.03248912164632843,0.2000247419205023,9.962576709926777,-0.7165797072341107,0.5567888333044414,1.2814270467314248,2.7971089600530243,0.21632307676400442,2949
3.1952669535920593,0.5748384122542283,0.40511737086776944,5.046244902886132,-8.548141713304684,1.7624761015168076,-0.9558659790002597,1.580167452551199,-0.40445033320720297,-0.08906191525582685,2950
-20.875375742996425,31.670461909087585,-14.045696890911692,-0.2614020725192784,1.9590397675489057,1.553779739089144,-5.178625702260716,0.6138283082046638,0.9352403562726557,0.6145501550366064,2951
-18.38395778904369,28.448535190848208,-11.370613846539921,0.26472249388530456,1.0719371787108969,0.4583763240207785,-4.006678851287424,-1.2295736175007557,-0.7127167250584256,0.5040084710130837,2952
8.509488658937345,-1.7489915904159277,-0.4508438295233888,-2.6236253313937974,14.945511623791539,-0.5308289448945167,1.3824770855395194,3.4300320959700477,2.107028185366228,-0.001344350361692594,2953
8.736475768535616,-1.6015651204310577,-0.208176853213855,-1.8328646170828942,11.533430801350255,-0.7602255693306886,0.37417054236482344,2.940854262435715,2.5021501530536057,0.3675909010188616,2954
6.213289003562792,-0.4402537247521373,0.594686156225312,2.39106971287257,-1.717806998202793,0.754820455656845,-0.797261651543721,1.6166526434839825,-1.8925498679991937,-0.12141359330225988,2955
-12.987763656324788,12.908726774307093,-2.3847165745525736,1.4127625845145795,-5.520817540830167,-6.279073247084803,40.325859570546676,3.2191916946466237,0.4747053861844568,-29.477822144161493,2956
5.6075986111955824,-0.20420101179684122,0.4956463714824466,3.521647209390779,-2.453560579247877,2.0265652442636877,-0.1075422796908891,3.297847985343056,0.3128354066979973,0.16326815262321184,2957
-24.28048104699305,-1.8329542146575808,22.84437928746017,-1.240327442695207,0.12144692366618821,2.4556372833933278,-1.3137865905591084,1.3078836833422336,0.6166274862933163,0.20922208821206803,2958
6.197664414154382,-0.4998934168724123,-0.12390307840031493,4.720593867143922,-4.771175380811596,1.2274807549533022,-0.569994741129104,0.5835663366150444,-0.052314503114366175,-0.21773935781362538,2959
4.523476236839267,0.20920502879951366,0.21460284864735749,5.3463986367872245,-7.3095304293515175,1.447091381997335,-0.3070442341749814,0.6728379040679607,0.7199749349899488,0.6706431748641785,2960
6.133122443069847,-0.5571364084394352,-0.2754736979811238,2.835559027462108,0.21344563995486615,0.8260537153506973,0.18461550293318366,1.4442975184007136,1.3482706216768954,0.116265854257146,2961
3.355841038418394,-2.339389174922985,5.16683713629054,-4.314356178502747,14.109897697569824,-4.762115801715988,-0.7011003330639193,-10.1396982589534,0.637025563639302,-0.21249376814041382,2962
5.429583790843779,-0.4372107486721707,-0.2073728317323103,4.787219949851075,-6.511882763815528,0.9510258351090747,-1.3337731222538214,0.9230121495938146,-0.8866585487358434,0.4379718351534347,2963
6.765279595960296,-0.7843550891082821,-0.29257990335932094,0.6184425742637232,5.673231139374399,0.9015954387895864,0.19411413994141435,0.9677646052130455,0.3180843327094961,-0.17480779050440434,2964
-17.943248094248936,26.399990734960046,-11.009745351822747,-1.6726015352338879,0.15457461960586735,1.33162874068986,-2.7051841022401235,1.1525637952540178,2.054728082139045,-0.8488155427733683,2965
-38.41698754188834,-35.827245050546814,-25.273400369279553,0.0014304519696073503,1.1360767061524353,2.678349582251629,-0.9763357436904222,0.8513558981465709,-0.170121396489724,0.3807012604579467,2966
5.3761283681622665,-1.614001537079402,-0.80877305929776655,2.31937351336732,0.6911519150638347,0.18281084776574633,-0.15413965009209385,0.1184883811020761,-0.022480006874096993,-0.3547098738736635,2967
6.076848848163839,-0.2756885006642972,-0.07785575197293623,4.980215601095365,-5.977727131998868,0.9065175256396406,-1.002861649245202,1.7452637545991312,-0.6756998457455056,0.14846507936946937,2968
7.232480128610784,-0.7114839853495541,-0.31208888342935964,2.1571029690422794,0.06711926512895976,0.40010542299547286,0.021099105804600612,-2.1487667540120934,0.43202096618998886,0.1163854073006172,2969
7.542959798132168,-1.0682268112668103,-0.11112421545111167,-0.6942314072507422,8.353081076289724,0.36731325187976,0.8402142604355028,1.5284989383179888,2.271666011819233,0.21910985721898762,2970
5.459770032724489,-0.5694693960784253,0.040850869156775216,5.758148810262828,-6.770012534060472,1.687502433600977,-1.2940850967813273,0.05097638239441885,0.1750587934442964,-0.0925457830219881,2971
6.061313794138479,-0.6961780408198575,-0.08135465734385035,2.8461475976108237,1.1248482181545687,1.1523375856459055,0.32568977151604067,1.2526032616677485,0.527676304887679,-0.37930590696044314,2972
3.9623783718993875,-0.37410469059215085,-0.10188106137806799,1.8496156261233212,-1.1275616955023342,0.6124605703740388,0.432608052585606,1.4764949196069852,0.39613796370435517,0.24122878935858333,2973
6.614485731900456,-0.1507120835484948,-0.04095185300756263,4.581733687824717,-4.34548861275216,0.9946310207153002,-1.0213222077788264,0.1948860535010619,-0.023165044322217585,0.5506159408424932,2974
-23.027181270929695,-0.2634567044988927,25.111120604420666,-0.7513353975037879,1.477562164821284,2.283278612130244,-1.4129812924844427,0.6360396974110433,0.5393526284522038,-0.8554286622266336,2975
6.9933736805226205,-0.8770449811210951,-0.3773815838801014,0.7707617600921122,2.3151498813655307,0.2309311372484843,-0.5215625362970655,2.3384967970611763,-1.546502940061972,-0.05147159537304753,2976
6.83453866765605,-1.2272068426029719,-0.4490042898720953,2.816602994833472,2.1532660961797805,1.5696400796782672,0.2991305020734496,1.3474822214861595,0.6132688147326705,-0.18987604887248727,2977
6.55557989956408,-0.12876744958935757,0.23341355126184438,1.5447342536047473,-0.4621189215825533,0.8436908848521248,0.15876140584642884,0.8886173566027681,-0.8919908402416077,-0.06862591945969733,2978
11.028905857459963,-2.4349060498771222,-2.270404166744247,-49.85822333709516,-9.845004301819703,5.081960050150718,-1.5948192033866813,5.028348282371487,-3.086466838735052,-0.8911255198115385,2979
-22.024852000570263,-0.13430738548954135,21.922924228372935,-0.16926101082442865,0.48578312098046295,1.9169350421033844,-0.8758613950064378,3.153130351300019,0.796377989891297,0.1472620531117705,2980
4.9483386948263295,-0.10741673408532816,0.22225415275812388,6.166061553003645,-8.504073712890543,0.05116027768093872,-1.6976324161890801,0.33796955020796443,0.14837187485618614,0.23212144496879777,2981
5.6917400018807225,-0.38533109397532994,-0.22671828745995018,4.182944505266798,-3.9860091909658735,1.1306711288771887,-0.7040963041539692,1.326282841496977,-0.1404603432432578,-0.16825874663439605,2982
8.301033209391806,-1.5939447139411946,-0.5133837663821609,-0.042591459869759846,6.420124887522115,0.44095822405684826,0.22214762433389063,1.4957886956211572,0.8235019547386601,-0.15406739755899088,2983
9.969367392975395,-2.013494308197504,-1.7119138365986477,-42.06656602651486,-3.314066968898139,1.3338220480886178,-1.051983698762317,2.6703478759232446,7.38136788516215,-0.187323430943931,2984
-18.88074480951941,-2.7291730523558626,18.610854956403152,-44.256066023063624,-15.500345613599182,5.834218287407265,-2.050630836389523,2.4637087599297476,14.350110717803675,1.1510070475216319,2985
-22.341837597734198,-0.29613998521920837,24.426957308253737,-0.36566835122348174,1.7280439107200343,1.9352285105691067,-1.686407134433132,1.8624193963856734,-0.6675360596735747,-0.3483141701624143,2986
7.072357000255269,-1.208677861461233,-0.668876326117781,-9.436768390098935,0.014926716565171493,1.017484357174652,-0.6417523475278039,2.585761788862823,-7.411745491629344,-0.11300341069629775,2987
6.514232131475493,-0.594026136195259,-0.2946179383115048,0.038096636665598524,2.013424545034412,0.9516198615199408,-0.059169902923211184,1.1607573922634737,-3.4364748089855452,0.04773611665032631,2988
7.423167525564132,-1.3685435910392634,-0.41101028678955137,-0.8090004288183356,11.168451639405472,-0.7937063990517024,0.9774913407991648,0.7639870292928335,2.682729656301422,0.08024664875251163,2989
-23.282242403413804,-1.607583217949275,24.814383622839408,-2.1807066187245674,1.4296950169317022,-0.15952995586217156,-1.330792499998599,0.1751781049872143,-0.7162309599841667,1.1680884286992228,2990
4.197072585899855,-0.45517833103438116,-0.38875367324348,-16.925173387343474,-5.600282492342665,2.2683657103836814,0.04246317060096603,4.674160706454504,-7.402436403458144,-0.7609380913898973,2991
7.4549315150857804,-1.0342058467182105,-0.09767684049676179,2.822162252836872,-0.8058341921023873,-3.220040546588417,-1.3650830168743688,-14.043892344574589,-0.5888213256811318,-0.42635138382898796,2992
7.643060711130571,-1.6025407855206406,-0.3046427185039604,-2.817791679745232,13.917170426782741,-0.928139730241933,0.8885825833625898,2.0143781379906374,1.9455946814247667,0.295965904826494,2993
7.414147198989256,-1.0181066350711268,-0.36824928321557693,1.6494413312034562,3.2304522183673976,1.5102683189987387,0.15705107989206435,1.1051851708411677,0.07261823808872021,0.01709807257252161,2994
5.530550063043661,-0.4950932310526805,-0.13756278568457753,3.4599949889776056,-1.9212751566130208,0.5158592570674394,-0.26835416777505894,0.42633796454745,0.23463225825918213,0.5021545345100751,2995
6.149992856805054,-0.4642448700838586,-0.10252688541918127,4.2207981361170885,-4.091533824168827,0.7180954294875891,-1.213121319260237,-0.7158398645005007,-0.10793382376867965,-0.022919147310058424,2996
9.513077928713042,-1.709568292406161,-0.06319926861139535,-1.479528691123059,8.198913996305984,-3.090443173563405,-0.44138829691451215,-8.786596588318824,-0.30983957219523306,-0.18413961202321988,2997
4.563602180868341,-0.3598073121825829,0.01767836766280182,4.748895589446522,-5.95927992298606,0.1273956092750659,-0.5142807002749569,2.0596514243104,-0.7343484355885589,0.20925152394100632,2998
-20.925620042287218,-1.268411000910266,20.528045802374276,-1.4905776700394389,-0.5204174704985637,1.6034489471533653,-1.121330198341474,2.4055759492437905,0.8893284910723256,-1.242384526556031,2999
7.321921774186475,-0.76896816000743,-0.0892150998990171,1.42557807826822,5.471510992242655,1.2635577771400734,0.14956146948073043,0.9311091459911771,0.8740433057668362,-0.01000652103376992,3000
7.527130052987755,-1.0999610029687132,-0.2322233729604179,1.8164616461367296,0.003415907149246404,1.060797234898264,-0.20869335128095948,-0.410733039892646,-0.7823436068909243,0.14013875681396995,3001
5.2325951744525945,-0.1320803610227377,0.4711012192409563,3.5738914236008594,-4.285273644115691,0.7530228037835275,0.011364727965838681,0.7829221482548179,0.32671288055855674,1.1339190758062607,3002
4.931916982210313,-0.07385143618454078,0.35253327411036844,2.5388756088370563,1.1839667486586212,0.80987067574859,0.8635995006188474,0.564987332551489,0.7712883047773151,-0.7663282800010965,3003
6.103929439699161,-0.37385129137799356,-0.20023578860690477,1.7007079799057119,-0.93227631991008,0.29046048386888906,-0.7730953962324874,2.249373652047299,-1.1679007056016582,0.32243429564419457,3004
-24.221424210803818,-1.8474239033914348,24.851545393238705,-1.6221721151604622,0.30318476670378264,1.803674243304593,-1.377430153512787,-1.0847135731006423,0.8435626636839167,0.4231123008584872,3005
-32.78982333622189,-13.780920881181123,-21.27654904770707,-0.7879335549047063,1.8964262435703598,3.640341867432598,5.29959889466925,-4.996540027501918,0.90759130315055625,-2.329294237188448,3006
7.515651241030142,-0.4452249485206182,-0.39018140763834724,1.7878865731175537,3.060097967639513,-0.18663644625862333,-0.060160921489720944,-1.9659046311535224,0.11839874358128719,-0.4410949752783361,3007
8.149320919639404,-1.4784378824309632,7.235715776434861e-5,-2.3712018370457706,15.065140888384853,-0.9946305604514992,1.3696295474483136,5.537249125206599,3.7099324224692594,0.765765645650074,3008
6.115201963808738,-0.43509846383386697,-0.2737717711188856,3.5966950457585987,-4.699812967850542,1.2447373303799605,-1.1614152322992042,1.1815813380061495,-0.5820018464199349,0.1042112372604192,3009
-19.97667144841902,29.62150509381556,-11.761429360188512,0.24455558740256772,1.7654019962038037,1.3496330412024413,-3.5159872549910536,-0.33543153629302597,0.5441318623207251,-0.46865541334544975,3010
-10.768050177043607,12.221917443834998,-1.921431234328033,1.4463545836120122,-6.2192678282054095,-3.9458450387966115,38.60024405775787,3.5314464232236946,-0.8067289296855246,-29.422987542431976,3011
6.291586394622282,-0.4060037403598948,-0.03262382939146049,2.754911226093603,-0.49224376154696237,1.255987957343338,-0.09036630892889741,0.8483568214442873,0.12293717846581281,-0.05097697836812353,3012
0.9333711148019322,-6.426180345447057,-1.4309582936652328,-15.849345132339755,-2.591714142769229,-0.7385294387615522,-2.1984783597264705,-10.009666738295348,-5.517316951431598,-0.283538624014297,3013
8.175831268382252,-1.2186491738611478,-0.3588348076424857,-0.28130572939286314,8.421533593131358,-1.1916890839686607,0.8858795303268954,-1.5462862446030838,1.434962465995482,-0.039429094035916566,3014
7.416830028260782,-0.6079843474810438,-0.7420707332365749,0.2945387108119417,7.606675623458542,0.8415223659832066,0.9709615511028843,1.8304992187185845,1.2597138000308379,0.06274250446394347,3015
-23.846586278109324,34.98197706662403,-14.719601763700705,-3.1876997978818085,2.2445450100214908,0.9713782006307791,-3.511667291537712,-0.6432107990569808,-0.4642784268138713,1.1652090258486707,3016
5.257047529006515,-0.3969984237609337,-8.825871379060068e-4,4.277906909189124,-5.3847477898469425,0.2942213738485322,-0.9828258914364361,-1.1398914103647737,-0.5783226598400587,0.4777374035634638,3017
7.72518749787143,-1.1558683241343735,-0.49533169711832786,-0.5085570552840367,8.882452523258072,-0.5761987019745515,0.4052953330695739,0.8597759891798661,-0.8384448763057919,0.4215844792866618,3018
4.088323553481784,-0.2645508799274473,-0.10461634930062665,3.697371757958162,-3.0692722456623014,2.2273617928475673,0.7642971604099742,2.179631351064273,0.5793227920210575,-0.09968832095248556,3019
7.6589910563761405,-1.0084942662685192,0.028385574757281304,2.4980061539396154,2.956121721854608,0.7636653574658934,-0.2625705701860399,1.3768726825024127,0.852170987639778,0.3275211919871374,3020
7.807683654171588,-1.230779821750568,-0.39098023824948974,-0.788561509892417,4.203889194953029,0.46754140492893165,-0.4384689370609979,1.9951075033218677,-0.6337604093378806,0.10272570474160136,3021
3.9877184836296373,-0.14258542015999007,0.11996143393352514,4.373928424115844,-5.827182989961202,0.9665733213832775,-0.10092897296561688,1.696733252156178,0.793318179960886,0.12404304014960622,3022
8.040064845656715,-0.9031619990327031,-0.36861781203374216,-0.46421278433659346,6.7134205215576985,0.686714818788445,0.0885743312966813,2.643778952489941,-1.8160320050665246,0.15770392578631084,3023
-25.595245330055853,-23.503414527327607,-17.49374411471158,1.741305622297182,0.9118969348803353,4.298601877039235,0.00953380629782522,-2.098527113150558,-0.35748223662512135,-1.2991937511819587,3024
5.986331669277959,-0.1330640775890719,-0.14835915252747292,3.118544563499949,0.6263536418521612,2.207708523198803,0.6425270770986421,1.9937215083729463,0.8984407123754906,-0.2011395985910593,3025
3.841650396748053,-0.20078303595601923,0.3441293716344549,5.685289283652156,-5.517854175249456,2.9350221948400668,-0.21294623674744048,2.8471437917361526,0.4708594907037918,-0.10135799502390193,3026
6.883854447373389,-0.7022193779334397,-0.06324721130923017,0.19529925952092766,5.722971592961456,-0.1264438921939791,0.1833256131648196,1.8338139579936201,-0.389156294608822,-0.5023456490567255,3027
4.632063009202769,-0.74560049012266,-0.1041811014203646,1.566317288692454,2.610238466018946,-0.18166780542288954,0.14748769664130926,-1.0275288802015987,-0.5193786587273018,-0.17958243951939962,3028
5.710846387321619,-1.0387411867485359,-0.12463899890275751,3.1139858879385183,-1.57304770256223,-3.388850395639033,-1.2241324017807735,-13.630352378905695,0.1434266332111408,-0.260574345278002,3029
6.458614247047967,-1.3093595915914347,-0.23540697913581843,1.4273292703804457,0.958040260802325,-2.2465348896937853,-0.35684467778182505,-10.60860124729502,-0.9915929327633981,-0.8381517064111607,3030
-26.27898539278249,-0.656967742241517,24.992357599466335,-0.6913802440269616,1.5197646517126038,1.237853239005083,-2.1030437545946317,1.4049160017304372,0.8541533002012756,0.5206663290781526,3031
2.3056048583069693,3.2598398679312695,-1.5463559062505823,-1.3545207588391204,6.304567787242551,-2.9290272991347317,17.26528301570207,-0.590389110873002,1.8753754721689915,15.08046124241921,3032
7.640152923648072,-1.405303999375054,-0.517774190192299,-2.2154371955533785,14.69569910041411,-0.10282091908761108,1.5501115143460116,3.3594016736246712,2.318859088399492,0.08882232081037318,3033
5.72373955789442,-0.7174807681980988,-0.20527426321030803,1.6130437832779774,4.178152762786083,0.21322944920138856,0.9197444110839205,2.0298017784983635,1.740281915235752,-0.23569126627567705,3034
5.474015210153538,-0.2640827965344451,0.20612610595379507,4.365961372504256,-5.780546201128489,1.3125546272270874,-0.9278146757014031,1.1768507987693466,-0.2925076618526514,0.09950392968487273,3035
6.044860757706923,-0.4088275600872152,-0.3412667146486604,1.2104318069341353,5.305594803245175,0.5104798185001583,0.949392330909876,1.6962540183523571,1.3763871345373067,-0.11699877746236274,3036
5.948253622376131,-1.096053319943607,-0.23451111848582754,0.7648491714006072,5.906538790828743,0.8570927353977166,1.220848926275023,2.505891895415273,-0.025395168472398335,-0.2064339822584918,3037
7.651993208893116,-0.8870835523157112,-0.23597673670584204,1.595135357215523,1.2916428001562548,1.634130938443749,-0.44543940674392457,1.9065226305175196,-1.5945710661551589,0.12083757407932122,3038
5.114435206497489,0.05682975752081582,-0.16811620745784245,5.83863766783122,-6.681373313937914,1.6986623806433532,-0.9785517236414676,0.789728058136053,0.15803401720580346,-0.007936746865025225,3039
-37.10208361065584,-33.332269901191964,-22.494457157308183,-0.4280545464694695,0.32345175902949036,3.356195771507303,-0.6673649376244604,0.16624200689557553,1.289034575960495,1.3830688147759724,3040
8.922003480423758,-1.4209639182507388,-0.8725651153849814,-37.465649478079165,-10.736098181765797,4.898833285327921,-1.9249107200914597,-0.3864059390553814,19.38546413271115,-1.1780275231332538,3041
4.560029725154853,0.16784058773893443,0.518476959063393,3.2440767858551913,-4.989756965897676,1.6857211532595617,-0.3306659026478397,1.0695882367505072,-0.5621500319101177,-0.1244915703852026,3042
-23.863351968056392,-1.1477043278132855,21.969510999987676,-1.2049300976989838,0.9297869027141797,1.6160805858005554,-0.8609686228235967,1.7603627040588201,0.017973232422419244,-1.125807844790191,3043
4.192451711224661,0.38255274560659275,0.2263978334216906,4.463226252430242,-3.99015475123276,1.568277619430346,-0.11605868749480931,0.09521031914743452,0.399814175312737,0.05672680492588248,3044
8.371763239347331,-1.355605252268366,-0.5346722065712192,-0.08678878223717322,4.905354681309403,1.269070126359096,-0.19931743120364218,0.981163482188913,-0.13127214830060735,-0.14871184177958047,3045
7.804706545412594,-1.0341318656890777,-0.10142828292471004,-0.09270331607058571,8.960934740333762,0.6753155831940529,0.6588232893066028,3.0507712976711696,0.1051409737982151,-0.024015556084860924,3046
5.66837696929199,-0.3796396899238322,0.3052739511500313,3.6095223596183503,-2.5713541777729607,0.8294078127805118,-0.4148482763369286,0.5938862790646952,0.10957255222202739,0.4065741544728837,3047
-27.50990005223089,-3.1719571680334906,19.262582149251667,-2.057076679136464,0.6130637207308094,-9.781190827413141,-1.5442062448335183,-1.8301635052744052,3.0509477199416506,-3.9580639632665076,3048
5.78606287583621,-0.5231236876198652,0.45739598976639284,2.532395351718922,0.8854408575268596,0.1810547471190953,7.501975914139398e-4,1.4478770203850682,0.31917400103156546,-0.18416625508073814,3049
8.467919437321433,-1.2810618914541327,-0.42819231550442705,-0.47768325625282954,6.592155191137136,-4.801881885498106,-0.527893051422103,-13.45654785360827,0.008610395798017437,-0.39584765591728915,3050
5.65808908373482,-0.13950289505863728,0.4234013422300593,3.508038056408238,-2.4788006530638396,1.1294493571842414,0.049975543371259895,0.6871675575147425,0.1909469289803008,0.10067400717023056,3051
8.342871358241277,-1.4606660093748083,-0.21777084425516838,-0.7285088851295635,9.108005241113204,-0.5813620211161413,0.19228599718370548,2.1870842337278718,0.11982758842707814,0.01186726472154607,3052
-28.114820348889676,-0.7673645258598625,25.84098465290481,-3.0562365387187773,1.3299778548130268,1.3122324319760192,-2.6719133674320226,2.727515631473833,-0.4977053671779979,-0.6470695468478425,3053
4.889226444779865,0.40314259246279344,-0.03848440441258412,4.98664125572786,-6.991109109103129,1.222294401102081,-1.2063192636292295,-0.10718607528025682,0.09418239087657405,0.10135654701156781,3054
-28.717247797201598,-26.000629272799312,-20.771628882933825,1.3312955202492482,0.10493081120441264,3.257854383418775,-0.9461103199001065,0.7651474340547457,1.1317239146691882,-1.1318696821763283,3055
-13.070333833348963,-7.42807704581107,-1.7254350039526885,-1.4730542428881717,-1.6075589983896301,-30.65100236042466,-0.1249165914823362,-3.6282252477107,3.0194025892219756,-6.31755791619273,3056
6.423691292820099,-0.701191444665389,0.24205618376492988,1.625075648907381,3.5271576718192343,0.6814970019802018,0.37844510288171845,1.1233488653380657,-0.8369250367701236,-0.003945814279520775,3057
4.839718384761244,-0.4874585474525086,0.11595719440069674,3.2269444780062506,0.2819440978410403,1.12302593659272,1.0432524915097752,0.09908974742941762,0.8599531033620023,-0.15690175999432657,3058
2.9282086500232443,0.4532390465568304,0.5314602477627427,4.887096241200317,-5.304491319405051,0.8426681740218431,0.5894856048904067,-2.0530309953646637,1.0566907893371902,-0.22765434345012614,3059
7.67875496239165,-1.1912051569808044,-0.5674505848012221,0.966157682225583,4.205694666702225,0.9592105716627225,-0.2328086348693881,1.828383963834863,-0.21932605420743212,-0.06179503001216037,3060
6.945362139888049,-1.0637725617275895,-0.26406776102901375,-0.5091332837790438,3.509916744741736,0.25653113588624105,0.3917189204917928,0.019762680354246442,-2.1720926717107343,-0.2510236102631486,3061
-23.92000281045743,-22.20061476604588,-17.5828904164886,2.322430166727437,-0.9039285569588601,1.7798753369995075,-0.6379217341140686,1.5176688378001344,0.5836654597699814,-0.07852497969422322,3062
4.965432262814134,0.026144226379845745,-0.03047867432223397,4.029370963026513,-6.175684673334404,0.040748027166111166,-1.3224578751106089,-1.4584327301764035,-1.01537164686179,-0.49063109524293397,3063
4.835249862869126,-0.3598568775479777,-0.019581547293072286,3.750714992041395,-5.109370391549619,1.198133170004933,-0.9538815688000513,0.0533526501483988,-1.1894853545731137,0.17207368424802322,3064
5.93920279619062,-0.539291422117543,-0.15849600399760433,2.4209206570817767,0.31672730275556576,1.411698715073466,0.03121400406225282,2.038018102111722,0.06330417456746136,-0.035746988839350874,3065
3.9817764315516335,-0.06888017814852429,0.5746798956473386,2.8461119930230416,-1.0778612192746797,2.0343323996908365,0.2719632600540754,2.270224971580392,0.7773002846426054,-0.11549100736191047,3066
-24.299417978113453,-22.975017931005837,-17.11439124119221,1.7001305482979234,0.7507868107396699,4.888906822182445,-0.21871729464254563,-0.6904500202783568,0.46719260154527237,-0.24175442381569162,3067
4.6265746558065395,0.12324765299412144,0.49697298856652233,5.411844153245731,-6.819417299629472,2.2866421690499634,-0.11947467798052296,1.0097430526263458,-0.5401346913810368,0.040164069247072734,3068
7.7763138255999795,-0.8999682430334014,-0.2664950022278131,0.5814940670030231,4.286787774060302,0.8950905962566448,0.1281592507142418,1.9447302610584825,0.7881906358197139,-0.08354521129518377,3069
-23.6342148029967,-0.42725664832250665,24.136558278904673,-0.7872735128175461,1.1910951135991463,2.1353045371761374,-0.12495650714336655,2.523858885202323,-0.7593022444254172,0.6912294288986068,3070
6.185130048823786,-1.1722048451527938,-0.5226552766250431,1.8215066001792446,5.175980197393634,0.8252240298785929,1.0489714161252532,0.16125419320522888,1.6127769591107872,-0.294936056835183,3071
-22.11976031102864,-1.062441666042383,20.540436059525103,-0.235440272014159,0.4015103364876157,1.5370281264885157,-0.4390834946323479,1.2873212435124968,-0.2730331874739688,-0.06132593447858887,3072
5.358766617807778,0.0417764142116626,-0.12118653590044913,4.668731603564853,-7.10148733359402,1.8051214438711811,-0.9131214372660268,-0.3460933631408545,-0.5525926376159184,-0.02066456916643004,3073
7.60121577740609,-1.5631519373006961,-0.40783036700097586,-2.163685089100587,12.007598068689886,0.37914631404272464,1.3564346006050232,2.7776486842232764,1.6242692229041522,0.3009839928097971,3074
4.8562442622015265,-0.40330697955945144,-0.1188120312051332,4.9329234021829835,-7.149474987803801,1.6432458132539873,-1.3347301830656209,0.8132467523530383,0.11529983440114006,0.12887164337974438,3075
4.800434679083799,-0.48349559890567645,-0.39423287304387833,4.374998322728802,-6.206105003197045,0.62244559291791135,-0.6778759934651186,1.3461217379747688,-0.5731932404517505,-0.6783396148005557,3076
5.395300665974809,-0.2044533278599871,0.06937445099847668,3.007124226739676,-2.338214523486494,1.0801135200399428,-0.6212101625491877,0.9752978873380519,-0.5430192511290485,-0.1515214665177727,3077
8.332159357577863,-1.0774021994926342,-0.5777391784847276,-0.8733968448610677,4.49820572376864,-2.149759899034077,-0.6255463745445379,-4.2972954223637965,-1.2549173412278287,-0.5518163992833223,3078
5.272525584516235,-0.4877137955198585,-0.549516679626166,4.349796040815813,-7.642771407281795,-1.0198344483358708,-2.164477377603712,1.1031970102449795,-1.2708195204924486,0.524514540876637,3079
-24.439815791348938,-1.3894036621526495,25.742644734094547,-2.373460856700139,1.1162321851082833,1.9650664655472587,-1.1634937550212892,2.5130103378310356,-0.0795026713526802,-0.2560742646193197,3080
-27.590678071727936,-2.4902339108783247,27.861134552338843,-2.1606016567870756,3.145972938039092,-0.48172150778007017,-2.1849989190112598,-7.332458552657051,-0.9367909355718366,-0.09686431121497144,3081
-17.65759741807097,24.942086457908687,-10.361972871473403,-0.17996855160951103,0.7207811493119599,1.3539267068326062,-2.987901960711439,1.125266655660211,0.2447792228468809,-0.07910867065918528,3082
3.7286328498496144,-0.0508355730368896,5.510869768700839e-5,5.877083192482108,-6.7528430553396,1.7776638065356485,0.33669961461291903,1.0265670047238031,0.11552788806383057,0.17818423385746943,3083
6.1908859258018865,-0.6971633615065269,0.13114293134967572,1.3971884730863888,3.857637308252148,0.16342920670842837,1.2853244312778973,-0.25297935236815255,0.8446674111224115,1.0695074403237947,3084
5.9618046041658,-0.36542321979772646,0.07473380551040745,0.01166023344071373,8.640916306254596,1.5095947554247795,1.883553076735834,3.768466701061695,3.144757509497689,-0.36301410109168336,3085
4.864424065675246,-0.5972858574000189,0.530850939316278,2.1598422043494705,-4.787344914403564,0.508938714597552,-1.1515977016049066,1.0181340122208828,-1.143816979441355,-0.1578737556825915,3086
5.031875167405397,-0.28762121421648335,0.1616814468478252,5.053912001061083,-6.38859510627478,1.4981126490101635,-0.6747700364409385,-1.9358238059381123,-0.2535466228539402,0.023191706874901574,3087
5.99946331350034,-0.5361927528526498,-0.45208195644861654,4.734345182421801,-7.487311601221693,0.6481263282061249,-1.600079683603589,0.3267346364750422,-0.919499795419738,0.45126795029730093,3088
6.59169364618581,-0.6081597067783457,0.3602904701108867,1.798235382978786,1.0979413727995935,1.2952001852594692,-0.4172991622473455,1.5278698045664205,-0.2527939665940544,0.3002109282310565,3089
5.557387875793476,-0.12443545007768966,-0.06885342949253409,4.8776309712983865,-7.065931511500727,0.24912133985761528,-1.0808895309441084,-0.5202478153390941,-0.260345659963137,0.1671626940179681,3090
8.327530938847662,-1.579493522174742,-0.3961931394284019,0.3383967499386895,7.410830051504471,-0.3911159432594508,0.2794568752551384,-0.2677833369128321,0.755383843031861,-0.05732386850998394,3091
8.00782952233665,-1.403616497248183,-0.15286986193391972,-1.1166816097035295,10.758993821905833,-2.637514518746729,0.47103983478540584,-5.6574420478895195,0.4913058835362765,0.2665157183429435,3092
4.451720394960089,0.30972014533447045,0.21653077343999472,4.859839608685439,-6.776160322503217,1.8540707771990423,-0.36527722569749227,1.2992814693094699,0.4090593595056823,-0.022048957133918252,3093
7.7896141045717595,-0.7745246276264086,-0.6077129787486443,0.3589197117246178,8.121821157805488,0.29802813778069237,0.7070575456303305,1.8211692134698168,1.9800511658899065,0.10700509564525226,3094
7.275819849740867,-0.2925045694281035,-0.04067644083846581,2.4939185124003047,-0.795068785103713,0.03940652096082871,-0.6830972236074455,0.6986841431865147,-0.7347463658057545,0.14543213214502557,3095
7.928134131179646,-1.416500984922203,-0.2326376305288547,2.4061513166722923,-5.682440329971917,-6.856139415841957,-3.0940014802271896,-20.43171377183241,-1.5105226976067019,-0.19999138953362613,3096
5.43874322259192,-0.3633729438200741,-0.2800723900035957,3.963374115723093,-5.439859716552149,1.7859458247714488,-1.016996639710648,1.3929993788757438,-1.2282510351627103,0.2199384281851355,3097
6.859941284776115,-1.3467656541741009,-0.028039672776059125,0.2812765026592602,10.333285743283954,-0.19254776105858507,1.18001317648173,0.1421107448635184,2.1764918985885875,0.027209249392571796,3098
3.7667971781607137,0.34589286813066494,0.5270108588229201,4.711038421082397,-5.595191252326146,1.61127691178605,-0.3719460880679747,1.2124255669653472,-0.47514769719452005,-0.012663665257558084,3099
6.240094844334269,-0.5793866668294395,-0.1060560288495641,1.6608005431623,3.2199468034093908,1.0466692156794941,0.8149535742110808,1.200496965239385,0.6589528854371951,-0.02631323337531149,3100
0.7460388737365249,6.251432448481874,-3.4234360815741205,0.36163441205211383,3.303618549114103,0.5657698614978074,-0.1581644532870848,1.3639421400726712,1.1381835423489057,0.5824334827304802,3101
5.431287818298683,-0.17579615647533897,-0.19313747844535345,3.1738002706696675,-3.7268384733493414,0.10208066214679662,-1.0459130508921857,0.04082572821229415,0.16116889637900936,-0.22967182700962865,3102
5.632078842971219,-4.1975935395108016e-4,-0.5083009801110738,4.280653423032062,-6.662877909748232,-0.15707860472547905,-1.5916968927825563,1.944455022602374,-1.4971837991757746,0.34864753428015055,3103
7.108388479911777,-0.5610791826667629,-0.46612352040384997,1.24042815878472,5.131421081278841,0.3805394828428791,0.2816424776441091,1.7695715871143762,0.7318864177751558,-0.006974644000135736,3104
6.615806547592685,-0.3566147937878271,0.020374874306415186,1.9153537865719334,1.414884370224064,0.7073984261243801,0.15316007199469525,-0.9011906902487301,0.49587998500097813,-0.3653762812930286,3105
7.285083939463559,-1.0150274798609666,0.5657766010872677,1.5077995607483123,5.0122445558052124,0.9605726004588074,0.8302637207588291,1.8122305102262335,0.7053629602405848,0.4135480917980423,3106
7.012799808257216,-0.7774632874144277,-0.3379125590957603,2.7444405257375375,-3.2763705963453256,-2.418899355805234,-1.8190352929147982,-8.98878502261031,-0.28977306249891943,-0.09042440783500182,3107
-18.46363064798577,26.973086998292327,-12.461937442548612,-0.11533551033831797,1.5620975675594013,2.440694099182408,-6.022524549133274,0.4923767200504645,0.2012293647447066,-0.5774426772638959,3108
6.216913019412056,-0.7725793176866257,0.2254210376954801,3.030942935159396,-0.5472980160244597,1.1371463852026238,0.1959896114668803,2.016807036442777,-0.2734061014942061,0.20324588236164037,3109
7.219816322181246,-0.6245662627526857,-0.16550572207552783,1.088580746027402,6.422382305817514,0.5133686699738137,0.8443330182359825,1.2604119878979618,1.1703313932369601,-0.14591015270079427,3110
-6.6106401465905025,-5.010618899651609,-1.8001380035053631,-0.06839076355636417,-5.253109507617304,-31.16516022240952,-5.214834963178142,13.146160608702939,1.2167405932075037,-0.8842324203363098,3111
-20.476483390678965,29.280182676893098,-12.292128750184027,0.0744978952456009,1.1532653988435841,1.4063107947195943,-2.0799708131810584,0.25243587431431636,0.36746684421928366,1.2175449706274486,3112
7.894035728872027,-0.8369204992804894,-0.21087324285354378,1.278208902818234,6.161766572024045,0.2895160768486722,0.9474073841670205,0.7245838730448757,1.6034738419290562,-4.6006614325189886e-4,3113
4.719486522600337,-0.2704097327593363,0.36903815043550336,-5.220628508874325,-3.290538813960985,-0.1765840172594513,-0.041473120930861404,0.2069726288035243,2.1256906734464773,-1.2195855438398204,3114
8.14402282603904,-1.2200755985746046,-0.5795738847624105,-0.08831925532865592,6.842832615035354,0.4187292069738798,0.34739351425898507,2.160541249906689,-0.05760160729733095,-0.20076837076119075,3115
4.411409485631998,0.06253515492209326,0.15998953870980342,4.673993477872964,-6.656226668515831,0.7973193815884787,-0.4772694605907401,-0.37898171499127964,0.15643922778374564,0.2693689794688496,3116
7.977662208260411,-1.4182741444483435,-0.4335290294698952,0.0032394298615005994,8.078844437364221,0.35372679478287417,0.6896149532064676,1.4648140225377215,1.4448329536459201,0.16282580289099896,3117
3.625254111078473,0.2501657733487521,0.7046331472365561,4.021903928306909,-0.9348723674243473,1.7284157320875504,0.34935467273492676,1.215222637929855,1.938682294820936,-0.385694708073006,3118
-16.187772043210277,24.417384735963697,-9.152227821565903,-0.10879855108964169,1.3843854410580398,2.38710647083501,-3.1302855876712465,0.7384229424461223,0.13271482620130406,-2.4177477911099605,3119
9.089948699406984,-1.33302136560116,-0.392917563153925,-1.7117522730601877,10.314081741317766,-0.40097650416289005,0.3434389626308997,2.2582445746809108,1.465344104146282,-0.02771052501099883,3120
7.513227100785313,-1.5242616876557709,-0.20570743132564684,0.17905267995948043,8.562240282664268,0.09501937412222686,1.220816739792426,0.9536113881248041,1.8273061456264785,0.04411738126631167,3121
-21.257877135095068,-2.3545989470417923,21.94790533392984,-0.7332898293929854,1.8544067019114083,2.3412593622573796,-1.0990319497444243,2.86113118962241,-0.3835685330470218,-0.12707451264361078,3122
4.2551223184048625,-0.1557051177559294,-0.06418563999125633,4.353188174790209,-4.544047135769449,0.22367232182196795,0.03892032578862587,-1.4178455638593468,0.15076484804578927,-1.060726510999694,3123
4.745521295565295,0.15136320003014558,-0.048596118687468166,5.089973295905473,-7.049449826895598,1.3047917207097102,-1.257070619808653,-0.8385884436156043,-0.1945559308614631,-0.037531369970169655,3124
5.431890674364677,-0.6688439452638091,0.10270303725789535,4.019361081087962,-3.791124153257093,2.274824861776319,-0.598451348071885,1.023917497956045,-0.7122384545513822,0.10988181167702545,3125
5.6689315651556305,-0.11047344726063263,0.06345828345083122,3.177380193876307,-2.7245794279297724,1.388292545667583,-0.8142678554801568,1.5004353858845694,-0.5039914245764907,-0.02006339478749569,3126
7.855720934081322,-0.610258293013558,-0.1801748789652797,-4.2086318921160375,13.661506285205787,-0.15114794016043673,0.8220469244550213,3.514523179166074,0.3134626984980284,0.47936216967590783,3127
7.839861444529582,-0.699687544533351,-0.5357492873012855,-0.47097480437462996,3.429757347216305,0.39345913368459884,-0.5403106009912393,0.9768115573753747,-0.9326833799932032,-0.0587237060386716,3128
5.292978785327228,-0.12149457312220813,-0.056016652866948076,4.964643205650012,-7.141936705070989,1.7080711325811844,-1.0865283015276095,1.2601016986580702,-0.14596272014527523,0.1511140604265086,3129
-26.52304934021212,38.00708612515007,-16.696118187310923,-1.9353380462878604,3.4811483286382425,-1.2246206529428039,-3.601296847342946,-3.0598681895753725,0.5014082243984517,-1.9056652873719553,3130
7.265071872508488,-0.6685347964302942,-0.42061810727292964,1.0263353554686627,2.099932407616081,0.8820845711764991,-0.21185803485190896,0.7745592249819586,-0.7410198129699351,0.29014433374765,3131
-24.245896768632964,0.3508850912259069,22.666791707500376,-1.5998450573886716,0.7286133349276609,0.2256085385274578,-1.2143866286503102,1.6307871016948192,-0.928365133299192,2.0043547569514892,3132
5.6087382885596595,-0.04076115952077095,-0.09337830655058772,4.783479101568883,-7.241486122013693,1.2413325258741768,-0.8721807192434892,-1.6617571875085315,-0.09035276823202756,0.18343743529751863,3133
6.385659016445975,-0.34699058737220556,0.1487294253536145,4.331724344681732,-4.037051227150622,0.7778930534381948,-1.1119358764862173,0.07791697291534233,0.1389457724098593,0.16328967711234532,3134
7.484953022465254,-1.1961766259856137,0.44555141912087787,1.0542975540161648,5.960496038520465,-0.7073981423491374,0.3533357840329011,-0.6408958258882413,1.0302708202887882,0.1926629573008283,3135
7.624777173412568,-0.8429009659217197,-0.40664176875278557,-0.9969804996262739,10.658273085156756,0.114105050448311,1.301481149195636,2.44331094740962,1.029016987057171,0.13247924770435157,3136
6.710541691242081,-0.6229679204257627,-0.7662893027707929,2.6897675949456583,-1.1299376651761368,1.0049214943465987,-0.500416991612851,1.1308545868539455,0.39292076000435283,0.43183107006364374,3137
5.386133024857931,0.0731173323185272,-0.1413843761247932,4.978873745202507,-7.473069676528003,1.407859042010608,-0.9174663105323265,-0.06251678653512188,-0.5957041977803388,-0.008743491938550094,3138
9.176285752158154,-1.5954820644477752,-1.1700460983739451,-22.855605477950608,-7.936877786310719,-1.1937523348020707,-2.23000214554409,-8.677564646939729,2.3342122197435224,-0.5276272348487615,3139
8.48483133225708,-1.561734987110454,-0.4174325411478532,-2.3110154289178007,13.104908862189054,-4.534183672747676,0.22147320070942772,-12.94090375233391,2.1538243942563677,-0.08754045483149162,3140
6.793002513364506,-0.47938518424654103,0.13015596879297991,2.6495882565378936,1.3820837525819871,0.016216287978185195,-0.33664435624130007,-1.315162937372631,0.7638625437661605,-0.014666149081654069,3141
-22.3991642420987,31.43128053641737,-13.762951303013873,-2.157459649452306,1.6527309822168719,0.7533616336264188,-2.3390130152069886,0.7161048124737242,-0.23966800345292902,-1.0819177244820868,3142
5.35789621245438,-0.139722368076,0.5570014389860362,3.914305367995554,-6.755980742421864,0.07205046381083373,-1.5251183215172988,0.43971041059955013,0.43577862110024573,0.08117218385954189,3143
8.266581548385556,-1.3631954485370525,-0.4082728813027104,-4.233372744094152,7.059362467112297,-4.513773356140054,-0.18380240495594796,-10.749944614524608,-2.164663608509979,0.2736776702671982,3144
6.466114078463264,-0.4320959989498231,-0.17534355797418358,4.408146126474854,-5.097540520169256,0.2885873100288221,-1.2110898088301154,0.319489274736488,-0.5457732844066348,-0.02475940823910868,3145
7.085323588643242,-1.1967021231187205,0.11655010753158321,0.13622948917404334,5.091433661143773,0.946020535202211,-0.21764171711786492,2.0247194268804773,0.5279212947487055,0.1310899437607126,3146
-26.86173645878585,-1.2303104077362204,27.107226554960242,-1.5912150306984223,2.0995374276179173,1.6327860547025501,-1.4620931427278476,0.35186075031526753,-0.5488497283092579,0.6465932763491976,3147
-20.706634438754783,29.293999914336258,-13.696399816586606,-0.7089908483680827,1.5863268772114685,0.9959714903558915,-4.279737632199045,0.4001731210796495,0.4069967274524373,-1.3168073718961326,3148
5.100470571155499,-0.016442335625901184,-0.10860717172827719,5.098446395082978,-7.225647756610538,1.094172746843742,-1.3192073594989622,1.1268818955727162,0.3335048050407177,0.19950614484391463,3149
-21.68590624038938,-2.1123653334797416,21.035183452794172,-1.1104586922622097,1.1865545976543095,3.4819007369068493,-0.5494400162430287,0.5804865339188939,-0.8820607096351988,0.29195332059325146,3150
3.512855995670567,0.3770728579119194,0.6209299954205257,4.933601157867741,-4.759983029232664,2.6394787220623637,0.458595333198303,2.5468745456760242,0.6913918406906606,-0.004086919753479151,3151
6.747246455804343,-1.3255286729928102,-0.3549812312991054,2.1213950387462965,1.3590909746761792,0.23933652106557768,0.34137370155724484,1.5067206142133633,0.1565229680944482,-0.1020314125951858,3152
6.285805691448538,-0.8031353333006318,-0.3579536814367973,2.8525374971601254,-0.6250596344102836,0.07399617720255552,-0.4730905343938156,1.0687079179435657,0.0254694214357415,-0.1752882399685883,3153
-11.387441811467168,-6.947251018755443,-4.035020288893221,-0.6065990456198183,-7.265899511587836,-52.72594059383615,-6.219760590660573,20.617656752031664,2.734189679391179,1.4323094756737889,3154
-1.3471647214057487,4.457425295935494,-0.728720776291296,3.0503166689457526,-5.890955906354358,-1.9992229483000017,15.505167680163053,-1.2440025449758265,0.14214108100397782,12.087507714195027,3155
5.458303156923798,-0.29019508486920453,0.2407738788004002,3.587761500528996,-4.5697492044550305,0.28030943197076535,-0.9683602528225485,0.9365509531452003,-0.5317843676884287,0.34501437774463645,3156
5.28875877356418,-0.2557571052342857,0.05453463723314184,4.723830840944775,-6.373341595216663,0.7892057586089456,-1.1225163368445417,0.30987917601282405,-0.02796276355131954,0.70552519840683,3157
7.530530877468496,-1.3534137993815507,-0.33610121765526757,-0.4390666535890267,7.869885024080329,-0.08275559357132861,1.141169551842475,0.9067442805218127,0.7948921371859675,0.17460146795608605,3158
7.165947902852593,-1.2561686829083596,-0.5505621318279069,0.3807651156131527,5.324964851174914,0.46405317861557455,0.2525963149176277,1.2108019193637374,0.7633602462508186,-0.5103784394239396,3159
4.862512275874219,-0.7151753423766631,-0.18304344181501433,1.7131319053947407,-3.8353579830629365,-0.18185844709536222,-0.6525645778858288,3.0679176840683997,-2.4826404746967747,0.011204806952019794,3160
6.789148954732302,-0.7374156750683893,-0.2817182114543334,3.027637468874187,-0.027277136651784963,-0.48829501582085555,0.09626661415819525,-0.23357514646181762,-0.9506769093425583,-0.04943445694991161,3161
8.627536574697736,-1.680908632101431,-0.5769804791230638,-2.6685959348826813,16.871114593217538,-0.9192345099245073,1.2018512935322312,3.332616021666032,1.7013182029605942,0.510021105609729,3162
-35.850274720568876,-33.8968301060644,-25.36575737663016,0.4303738857879317,1.9369010788265337,4.230603996095549,0.4136812746310285,-0.46224476270498677,0.46758597109888606,-0.18885378550749374,3163
-21.334626967877345,0.16261752769822918,22.30106984985475,-1.4107546079885784,-0.13961223777167708,4.072114601171349,-0.19196436863464955,3.200444793796541,-1.5592601561596227,-1.4436619323207336,3164
-17.789002655064596,26.23546587553276,-11.47844546815519,0.8453151735340176,1.6891033971641587,1.6573784844226813,-4.477657631209014,-1.2176399030859744,1.032428657971697,-0.33952856333524123,3165
-17.85396974421816,26.303457998933577,-10.487895237440219,0.6146115337114958,0.8827939620571891,0.5150764947857993,-0.25935498594982115,0.7559824298415274,1.3585458482473776,0.7165848293705669,3166
8.915787717147765,-1.4746500030321092,-0.28001359062275233,-1.0379485890619793,12.278943989719702,-1.0706877864184,0.958391239741765,2.4305001900322214,1.9675023957760878,0.2876354121384909,3167
-23.11231242744388,34.16310164775939,-14.669369369826235,-1.959919628409438,3.5395785109649713,0.574477731788089,-6.556734205408594,-1.508007146833116,-0.36846695753858616,1.0764468700578502,3168
8.046787027716404,-1.3884774904830366,-0.09484481757197977,-0.2602733765013479,5.910301159517004,1.1750049243332368,0.4792930516989836,2.239775652469886,0.6969493166680678,0.2057889829395673,3169
5.952516064216754,-0.9241604159036498,0.4479910549004168,-0.15732181481504118,9.83503446854339,0.40381291890060833,1.4851216492989623,1.2062411501559378,1.5094012361897517,-0.19812569848097136,3170
9.133432586696207,-1.4744207540476655,-0.2746711060238623,-1.4653631625773813,11.763650353715507,-0.7169962166031978,0.5634044833047172,1.6149398410003468,1.4832312911877725,0.3572384853245979,3171
-13.401571697306885,13.50972658933111,-4.173796333507927,1.292565998382531,-3.3551505042664966,-3.6422946697681065,21.991912108046233,-1.0149452886102968,-0.6045369022816763,-8.991552049038885,3172
4.810722477410627,-0.44629435246521,-0.30086186843323576,5.198640670857427,-5.719235834729805,1.2761684424948598,-0.5990557366384995,0.10391055097390767,0.19693107894827605,0.6573228881598395,3173
4.362106807328969,0.32761859906536106,0.325788076296248,4.815817733593596,-7.045561456564009,1.2011681329025088,-0.8271893351500256,1.065254931058204,-0.7035498035810419,0.16276845580856375,3174
8.39896312906666,-0.822163173413205,-0.9467132173765053,-2.5531780851173864,8.02584173238531,-0.7412945559271528,0.5427564514849254,1.7548040495505817,0.3790402979861568,-0.4837160795837774,3175
2.766241899088494,0.01178886087605521,0.09026527948025155,4.652541851259814,-5.4036934742759355,0.9219010248581223,-0.23230178797285933,2.9154107560849205,1.0753839151372364,0.1994244872790163,3176
6.271947293562178,-0.8628361155647545,-0.03439823438110027,0.6556342114659316,2.908380832431403,0.09836958323993908,-0.04391169100523538,1.8024458266504058,-0.3067159806646349,-0.058742981169788516,3177
-26.336374446333387,-1.9654357659256838,24.846530010281082,-1.5469483765509842,2.9152765136591,2.3460942231000117,-1.5180225396475802,0.1682927796679693,-0.7052285125759704,2.2955690996190903,3178
4.921647269094323,-0.4932656626561797,-0.012535313892127928,4.706015596552419,-6.867077395430013,0.3448597975239529,-1.1975490427876343,-2.1594834156181086,-0.6170864515203539,0.6744627788187286,3179
-26.020045984915576,-24.109898361881424,-18.056119640020082,1.344506453343551,0.04486417097867996,3.1377640133814877,-0.64437515538541,2.1264446740630567,1.0845431282384927,0.002723649544763008,3180
4.785160970639401,-0.006111078162368152,0.5175672711269994,5.24184281670518,-5.3598133523574285,-0.7931599420522584,-0.9014284933718406,-6.451631372917339,0.378803981677626,-0.08471232123817793,3181
5.514144198215792,-0.17366261247232403,0.23278944687966396,6.035590831199146,-7.46734876380913,0.43497687468543855,-0.9334155299668353,0.2853823874718769,0.021179170743288202,0.02313139098378679,3182
-21.82968964058066,-0.8794047259618076,21.771058746148498,0.7283524549414451,0.02191010243411711,2.5123652423253384,-0.8607281721133172,1.2803572796777072,-0.09192321762419325,0.39084386679972916,3183
7.80984667747833,-1.4036661416343519,-0.4104598077393773,0.8038909637166068,6.156561793174409,0.9415159882869982,0.44808115025412354,1.927273256553097,0.4580702443688472,0.12626944502934279,3184
9.080711701450952,-1.6195438583044173,-0.581315646702441,-0.4657791158896905,8.47879883380097,0.25450860876003933,0.06435287167588859,1.7169176359178595,0.7463619069429731,0.23881391511609978,3185
2.999379651992691,0.20211557534923863,0.18985309138871412,4.998580102408921,-6.503646670086199,1.9767342750498922,0.2567882848142428,2.3379230844766257,0.4146493360601196,-0.35647742261337034,3186
3.9411267252980546,0.09859672540093638,0.3118063285623397,3.7639511050636023,-6.394041611969746,1.5879698565285443,-0.31706028386295027,0.17238631175173239,-0.5891220171770063,0.021658143301224148,3187
5.803596311470449,-0.2474078717992552,0.16677713452266454,4.948312213084118,-6.711800271439862,0.5800054595557492,-1.637549942044026,1.6172576929095208,0.0011638105508339177,0.5075793879737136,3188
6.069362076215532,-0.6526894693549158,0.25277002817197025,4.981421985904623,-3.8415793591865106,1.2822645662593601,-0.6634350465088564,0.03174965165194516,0.5733784481237643,0.2502946873513881,3189
8.360839880489126,-0.9262662096431252,-0.2077550593603272,-0.669329091800616,9.981799957063128,0.38766345821108017,0.6527515324408196,2.1351713069447893,0.9459040265853242,0.04646048358268005,3190
7.417514405059617,-1.3373234331160648,-0.44808267282967423,1.814542669461367,3.6261895363826824,0.6757135607647285,0.1309957294711214,0.9836120859316232,0.44018430464596586,0.09341215217678045,3191
-29.717403411218523,-26.878600925133654,-19.282199295993433,1.287506182553446,1.4904204829365786,4.540719394349966,0.47184545571145065,1.5950177489656996,-0.33650855054724893,-0.5273404613337525,3192
5.00130970184804,-0.008334560550843076,0.6680008751905055,4.847806196350282,-6.813412301681747,0.980571429445755,-1.5020047931757505,0.8587016416100247,-0.6180938874558088,0.18278315621114738,3193
7.436466827679995,-1.1641713024689917,0.04955425542600678,0.49116567653483634,5.57326367406753,0.8264012835497471,0.5481254272353203,1.6244558945843866,-0.2726948370278748,0.08144061615542561,3194
5.9367812446681665,-0.5651695907783205,0.2712932605033214,4.891726298911986,-6.047983821497819,1.1334253126154576,-1.211635533775729,-0.9172235181204429,-0.983503404554909,-0.1423776652328903,3195
3.7758015881230356,-0.07942067435723758,0.6956811364079616,4.237837789853844,-5.149264475705876,1.436673388079148,-0.3149951957931144,1.3340204247131624,0.6432339872938104,-0.11591236339447165,3196
5.139398803679861,-0.46703382752829314,0.30098968533739173,4.907171650568561,-7.450417018576814,0.9712853570831168,-1.7936953588963973,1.7227478646131127,-0.9903922787104963,-0.06715026236136254,3197
3.9592310612036417,0.23337961563734538,0.31724549902432,4.41838681282293,-6.389239133158899,0.29588343089721275,-0.6647249715407352,1.7984082178285552,0.3752373652051574,-0.5117228733147172,3198
6.1191775064715594,-0.3171355784221278,0.4019135185156062,0.32430011015871146,3.4735130842671276,0.9252862541906167,0.3513173096821426,1.5862444745853657,-1.9675062784914683,0.26172141231503915,3199
6.829896202979619,-0.5872285661170611,-0.1563321928657563,3.0692492268757317,-0.9985884520637324,1.0664286290326024,-0.503954562984293,0.24246109689166573,0.2310471589204821,-0.18443211723621386,3200
4.0308206619367,0.5780854785544136,-0.10835215380698308,4.258411003186483,-5.988258111648361,1.0982789833931248,-0.24814234744198518,2.4763707429230166,0.5714961141085051,-0.2734918987387997,3201
3.4400230224487864,-0.014636669903253366,0.2629212479307447,5.44229689499125,-6.443842949161323,2.778220969478397,-0.48942037927025245,2.364651873226585,0.5306504575883187,-0.06725992202547396,3202
5.526115688847929,-0.6448501704593776,-0.37277965979127553,4.389622044060859,-4.227766790156522,1.3415115808256899,-0.837977595102387,0.5650395968753453,0.13635557017459027,0.117786114021267,3203
7.210908471153676,-0.9796372581830739,-0.4680150809395023,0.43138779466750293,7.844015341931692,0.7901067559355841,0.8583491031018383,1.7290615546570414,1.2090071861816138,0.4253422971783716,3204
6.000219224310248,-0.10458118637421619,0.008377846335423003,4.545819156322047,-4.845757117378297,0.7828013182406623,-0.41331911936644317,-1.5250958866197937,0.05422932298139299,0.04354809341046755,3205
-23.545639781030747,34.33331751857069,-16.31772624759451,-2.6452386497505187,3.0670304181713384,1.3416346502512864,-4.960622650410714,-1.1764706947742916,-0.8746489612694153,0.3511534101647008,3206
-21.932398295991334,-0.3049414414538292,23.022362169566858,-0.5339676532923123,1.5498585166350332,1.8157362446867673,-0.8049648792803913,1.3632386757980068,0.0850176794861488,-0.4903235846858541,3207
5.362600970929426,-0.16207744009423466,0.08386446298519122,5.631961091717197,-5.62394387186321,0.8599500560040425,-0.8641472578576802,0.7083878434708912,0.20112092907989418,0.09506870525439408,3208
5.920210561933842,-0.3470851486767542,0.024571521766274404,3.990181534972958,-4.6176692454268595,-0.18598043834275693,-0.8845476920248171,0.9376877044359231,-0.16901270053555068,0.544959468839539,3209
8.32953187309781,-1.533951922567624,-0.21245271246302896,-0.07084288455729511,6.6863723485522835,0.054978585175059366,0.47619060822060755,1.7493086370420539,-0.38468145705661067,0.4738186413294305,3210
5.380030862402155,-0.274019530339739,-0.22506086006764633,3.505137473025524,-0.8558898063629985,1.4425018060505739,0.6483227687792513,1.8618703541577968,0.601101359185487,0.13177036642664486,3211
6.0413841731781135,-0.41267125298527896,-0.11839199241847179,1.8203202690459015,1.579451730671648,0.4027177176378502,0.21067408472408755,1.0585016175291453,-1.3098577607323953,-0.07243740933106678,3212
-22.819512277036814,-2.15100112672434,24.333311101521595,-0.9864253757379755,0.09600280348100595,1.682226553189691,-0.42008719892096147,0.5510801889504178,0.6167772386264715,0.13126979117088802,3213
5.051909988691111,-0.1428000856733228,0.18339570633058017,4.183445195422642,-5.687094529438536,0.8092228441656591,-0.29097039720269313,0.22149428338840244,-0.18899828722462889,0.4218193054026179,3214
4.365805819523352,-0.7964419712868303,1.4305526939272524,3.001452894358822,-4.433129843142484,-4.772803863745957,-2.1709714357285006,-19.421852966334406,-0.8589010028515253,-0.471367509419582,3215
-35.521831051614384,-31.962266532480115,-22.97055581317148,0.41094232288534155,1.7896545737880198,1.9815360475800001,-2.441208709508545,1.3354666306080392,-0.6980463588880019,-0.49348881918718784,3216
-10.796346749617893,12.114948417916063,-3.1245937188077266,1.5101587489276964,-4.36915873964306,-5.210640521865694,33.44349700827093,0.5313867140241317,-0.2234072011085633,-22.684629431524172,3217
7.781075051125288,-0.9989346358011825,-0.10756262367366554,1.4421606338013833,4.073728706119118,-0.39025099085947507,0.18901519197568162,0.11544783201808807,-0.7015867950384969,-0.39171258535188447,3218
7.937273905461135,-1.3492330683348877,-0.4947761855774737,-0.9485911456956205,9.654150953477961,-0.10878693939353663,1.0102749215140985,2.5640354718964224,1.12324206650175,0.5136851998240405,3219
7.933616192961104,-0.9008955880922643,-0.5176447775345325,-7.177531980378338,4.878152689307196,-1.1323944682286606,0.19967072098467806,-4.899665594375401,-9.118781479978653,0.23825579168567954,3220
4.079966546490128,-0.005596112162256013,0.29169020393953765,3.8231243484117257,-2.3246847638494104,1.7415269648247276,-0.2561888161606679,0.2687434993693425,0.8255644423924322,-0.08225299659152781,3221
10.07945768837739,-2.2793282726078457,-1.2455533608377611,-34.590567096523735,-1.6346158897095326,-1.4046212177953084,-1.1735023166018188,-8.361094310204994,-8.42550271273153,-0.41703199925261636,3222
5.78344016419069,0.0010086421191099276,0.2036347390998069,2.552890439710002,-3.6567427136747295,0.6349122319170437,-1.124641008342651,0.15748886278228857,-1.064586956048781,0.09681844555899838,3223
-20.817525753011672,-3.009388026248554,14.453710536979887,-0.11756253737139159,-0.40945572718513373,-9.23660045704737,-1.668097341217966,-0.6694000371705616,3.593861912741999,-4.368634478263016,3224
6.600232701755173,-1.4542760630795826,-0.09998735930234706,1.2023567198676512,3.9644171865219042,-0.08492833431373753,0.46770400819019137,0.8675046909415338,0.6054542806235352,-0.09438329986131229,3225
5.801573465089348,-0.14714450345053534,-0.3767462911223067,3.0862675076673516,0.2038780469258727,-0.03856880977913053,0.24475494910058254,-0.6117797277818361,-0.47289128834904337,-0.13254656486425484,3226
6.897150618053441,-0.3376403971571805,0.08056775591078917,-0.2549187491743426,6.668889151602751,0.48326717372199907,0.7737779064459378,2.490226844084361,-1.3819173067145107,0.11089611190067522,3227
7.86734810931317,-1.1576317298327317,-0.1227533632908272,-1.0284086906245675,12.616322353502126,0.20004059247510467,1.743034109508035,2.9056238174350146,2.514267510275054,-0.1466979008616001,3228
7.891637239731933,-1.9275058342822475,-1.7324802826311403,-30.13680800992593,0.035665729409751164,2.7170093282674217,-0.46064594009455667,5.147693207108126,-9.594312791478899,-0.15938456528819345,3229
6.204058518405339,-0.7897694027559743,0.3726839817905219,1.3658656105166511,3.7707412370946995,-0.07984739907865444,0.5319742687428486,1.9514295025727846,-0.3749276646546238,0.39670876370034625,3230
4.346689646828318,0.09580265932525596,0.4639752302608365,4.9304976218130685,-6.148417025199879,1.6377152381285662,-0.7585719357797224,-0.4773197701295632,0.44409369590345316,-0.005335002623288178,3231
2.845965273243003,0.29153738527908657,0.5221216668262858,5.330517637988885,-5.95306852837201,1.9500110861217803,-0.25313415078034546,1.8907337255972243,0.47025655341085776,-0.14156288894485355,3232
5.353914556137471,-0.08608599222986257,-0.4280461035965152,4.595199399960591,-6.461330984505092,1.795924379180071,-0.6892426441312709,1.773009374443706,-0.28370312054714253,0.49204885803662685,3233
5.493368519782972,-0.7288835850141908,0.3694593689163465,3.434441039797035,-0.5567477212040198,0.5212832690200552,0.03033492657034739,0.6970048479814459,0.5812914861493025,-0.10069982522226524,3234
-22.473352468483302,-2.556119018669531,26.00607001063107,-1.411881125030679,1.4336061981071588,-2.595261922115622,-1.5561814668630067,-11.925956880568132,-1.2554159965489688,0.07625029355042023,3235
7.253220601557781,-1.3103347533220653,-0.3569318029056859,-4.462655936160076,4.295630508258299,0.044856419518080205,0.7213674818560852,0.8542350124102365,-7.951273683382231,-0.29558807494282285,3236
-38.10644103823288,-34.84227313050819,-24.435553696025746,1.0332441206051297,0.8673828253333556,4.16499560677793,-1.5115503806895418,1.04626086335421,0.4926402150927929,0.24906504817262967,3237
7.920461685818534,-0.9829876089657287,-0.42027053186108987,-0.5241589767173911,6.6280421257756394,-0.12131092675031997,-0.12467695435307143,2.0857063391480275,0.30466706480212014,-0.14594480241867927,3238
8.002625748201716,-1.3439293157127385,-0.1250709800678711,-0.3605328993117568,8.795033206501346,-1.2786410568817896,0.2760545076571148,-0.3811451646118143,1.0215638383211976,-0.020589924781060306,3239
5.014030871002936,-0.09700395303348819,0.20621421301313309,3.459898847410296,-3.8772010091080453,1.480300190956873,-0.15753294485268432,2.4984846075379554,-0.3826593271349803,0.07617061634078312,3240
6.713220500829741,-0.6428894709146984,-0.14043017447416967,2.6797256318093776,-2.482466032044875,0.26322239162771305,-0.7395509633183437,1.124596421210871,-0.81012196641069,0.1492730303495063,3241
7.0390372136500785,-1.0068977662247054,0.09853204518617978,-0.7931472228614955,4.880742294548433,-0.39284239475019056,0.3981466408564154,-0.42405204122560497,-4.267060718838106,-0.2599783054804852,3242
5.748499724667555,-0.7457918479156906,0.152100166767555,5.9190445730810275,-7.861930609349023,0.9835117595869115,-1.4900647245236673,-0.8530275129090487,-0.8049167008736265,0.16406005697794257,3243
5.466174982252065,-0.7140541221414807,0.5955193595816749,4.043146512100652,-5.579182961455622,-2.947909122929663,-1.3900859987572691,-13.725172477507781,-0.746408353882376,-0.07694961393532512,3244
6.284521681726622,-0.6361118940316379,0.1299850662478673,2.3214143547579855,-4.566055754992729,-0.7884480955951175,-1.0223638084894067,0.45782106542733025,0.5589259652456439,-0.16380006392846022,3245
4.751577644336186,-0.3738608915082158,0.07868040210017109,4.688077092988081,-6.096779685759428,0.7405349634671835,-1.2836415740597016,0.059762673648981995,-1.3015428090037189,0.050668239165700776,3246
5.614818249384908,-0.32915501508049366,0.1904720563887011,3.4429736960497,-2.1059416944522775,-0.07832840200644119,-0.4377678972367423,1.6690143458041324,0.22590288443232912,0.060766324584854,3247
-21.97889296357953,0.262883763821061,23.862940766855925,-1.9644080764500542,1.2009843545788133,2.296382978337602,-2.662077245968414,1.5043277765291134,0.12153922241745656,-0.5446539985841852,3248
5.549751696356993,-0.4534198238415171,-0.24918910002709727,2.4185347391200707,-0.13103784009360267,1.7287294294990625,-0.4191298264120027,1.305787114552593,-0.5673533869853433,0.2396673067775419,3249
5.31906324886147,-0.07093632658022912,0.37204207642977555,4.867273703417079,-7.382840669415086,1.0109573316748572,-1.5968735652144965,0.07563087382720968,-0.22207974256441823,0.15888901308185913,3250
-23.762576881874626,33.31116275949545,-13.535271181089309,-0.6185690720674066,3.398950226892865,2.766901386241985,-3.2876839186245554,0.747780899941647,0.4694422610605026,2.752307588812023,3251
6.641759678580682,-1.0698037820812822,-0.31887061132589395,1.7063115665231172,-1.6212510562699474,-4.130087432415227,-1.3482912074076348,-13.286766703687357,-0.09131772869438975,-0.3245454304135725,3252
5.505098668717771,0.16476576229055073,-0.43212711522149977,1.8702525972838433,0.12081054081415094,1.1036282865535603,0.3872088831790314,0.7171181596371247,-1.1757460648082767,-0.14066311607204673,3253
-19.611525652988753,27.55915659592561,-13.073325470332332,0.1992966256783619,1.8090567575053649,2.5815814263300902,-5.155072821975831,0.5985369880864732,0.7020887521560546,-1.591533984127351,3254
6.209255822710333,-0.6497880914707224,-0.3611085659496485,3.202934360080174,-1.3310304816765153,0.289042814723404,-0.4393754061384466,0.16664803179814122,-0.001479188036014265,0.12441126366740221,3255
7.111370315841646,-0.8112424379807762,-0.2259652189595013,2.3919455800681746,-0.9348686020527485,0.989918442474017,-0.49070355769877355,1.8335445680584423,-1.4060496643429035,0.3739824667888472,3256
5.55716058432513,-0.47225361060746396,0.16148047332892967,1.604735000548795,-0.07717902430498862,1.576766364011664,-0.11086033990073217,1.9493948931298375,0.23689524972089931,0.1576316380299826,3257
5.1754448515583595,-0.37372201930815663,-0.17974989944015765,4.94814408440068,-6.820908799952348,1.4465336284641637,-0.7732477070434224,0.8018888540439914,-0.24669408893322903,0.5988051039016093,3258
4.8133882678015745,-0.13657864974076153,0.15744399134951267,4.485081723663296,-7.446006805720781,1.5862935050407845,-1.1929317212676016,0.7524517386570073,0.10732755163126104,-0.04284840002414096,3259
-34.39633116459933,-32.09682194943838,-24.923906785192752,1.3468947981998352,0.49710207292017117,4.883635154205029,-0.06682195004329343,0.3342567477179693,-0.5230967305536609,0.7019785195458554,3260
5.2204539670324905,-0.33468144468131267,0.04109116874893023,4.689050135887352,-4.887856056156025,0.29309127496855186,-0.5617302629888549,1.049445292679122,-0.07077009846123153,-0.049561965381794484,3261
6.389131970092203,-0.4987207006621871,0.11115460596027771,4.048620727494602,-4.666946152460875,-3.2586549851672366,-1.793129069960357,-13.546485166523707,-0.9059983679889785,-0.16686001215459162,3262
7.605034091601688,-0.9552720598127539,-0.33293716066142814,1.7406795806663942,0.2745318601142827,0.2126198474684139,-1.0305265231039438,0.2512559196703608,-0.512729758708803,0.08887589193061776,3263
-15.31866211856761,11.878255300199028,-2.309339868913382,-0.3958839380572314,-5.276415644399323,-5.985126293779776,42.426539497753126,-0.18427769231775906,1.0646424447403204,31.982384371679974,3264
8.91361983169627,-1.5509311975777127,-0.46684297846034006,-1.9119289299717661,10.451918110993475,-3.007235195342511,0.21283901042111011,-6.126949520051307,0.0687413191161957,-0.4911468849674071,3265
5.221895809728949,-0.7740596485087277,-0.2327494609733573,0.4799858795566152,8.076127473857888,0.19124642413134424,1.0419077183936147,3.3000987963331005,1.4940628519962225,0.43583576017325615,3266
-33.41142741572898,-30.69469388641712,-23.881377984936208,1.4009747325701785,0.6658733356886385,2.989939670090337,0.0841025665598169,1.7838830041681157,-0.6302606640834411,0.36894755165342946,3267
7.14143899387607,-0.9420852441669162,-0.25979929181831396,1.2686526901051751,3.742724493717515,1.7230077536498358,0.13675149122437139,1.827861301894333,1.4461649230953346,-0.10213933729110794,3268
-25.132024945248308,35.255720974946954,-15.812369680133491,-0.8915445625946098,3.8519797758172096,-0.4045512994118823,-5.969005065754264,-1.1078441104201353,-0.13315757011929344,0.13577063442001716,3269
-22.906665247822048,-19.458365480716832,-14.672336501787266,1.604924715318828,-0.3398142687120589,2.9110777543784248,0.27289043462625107,2.172832354945674,0.5694483179634868,0.004250548779819149,3270
6.16788737700165,-1.0068279267723454,-0.1075517642426485,3.1231131604038187,0.20571335647164735,0.4974466907973262,0.03563732881956077,2.7715720191308377,0.5557633414984832,-0.2125641534153263,3271
-24.293436795425293,35.428863563686406,-15.630181263352112,-0.8379750175795061,2.5879219168486074,-0.08282310736698702,-4.293078067546566,-0.9729742030969688,0.8033418521236053,1.2517036763686054,3272
-38.783842878836715,-35.69359213909795,-26.075680715582447,0.5803731653116405,1.3238489129586528,3.3480346967298895,-1.8235486629636601,1.2388400247166542,-0.8740219401812319,-0.46851861767886477,3273
3.7495005536442934,0.044608058257800454,0.09020062826673972,4.286885342129675,-6.16058930180628,0.6750403276088003,-0.47932504534841397,1.2324173266776048,0.2835213154874964,-0.4788177739537765,3274
-28.754093118185295,-2.2695310365477064,27.624167845723857,-1.4559357223935017,1.4515069033978039,1.211564427256792,0.00977851576122328,1.0551255692323194,-0.3179327275071891,0.24037780399535028,3275
4.894030385102219,-0.15615947441222586,-0.21328069743620756,5.016625856263489,-6.748173006553923,1.6665274109300603,-1.412010895948221,0.8324083796491161,-1.0746182215044957,0.23614126838874727,3276
-12.262193846253616,10.638775781378024,-3.259073641406646,0.5995322691121573,-5.533069552277298,-4.803212810499957,33.209899841347166,0.5424834194937591,1.3747743431524089,23.71368286867124,3277
10.526204911042408,-2.175481494392311,-1.6471528953410757,-43.40780075072259,-5.6743083337611075,3.1182487942595345,-1.4973828875752226,3.7337725223673965,0.2582207442373346,-1.2990278426114965,3278
4.971513246984695,-0.08726790278858931,0.4892834249327217,5.105850558578725,-7.086078465539354,1.370364658290766,-0.6269384913085588,-1.932612765277629,-0.7397053481970892,-0.19764352759161713,3279
4.708992550229662,-0.7172499790851687,-0.0017212832833083834,-8.987084751118102,-5.9911243748943255,2.053860913007745,0.15094992938284965,2.7330295360484422,-11.90886249153579,1.1492969765498453,3280
8.998209512489485,-2.078182834808978,-0.6405085145187587,-8.120434675398213,16.95942119103119,-0.8703074706765942,1.2908979686516124,4.449320000688468,-5.353555793942204,0.8462969802703847,3281
8.935659727405998,-1.277923880406429,-0.500669009164627,-1.7288202261189916,7.489782782600052,-0.8198563400631609,-0.35311423188500085,1.7923767379688986,-0.6505128205228224,-0.07782685258408116,3282
7.396997603713276,-1.4082793494525236,0.1132474995557028,0.32802045255363843,4.336251948051788,-0.2776481082892565,0.004554859825329255,1.7832970213811217,-0.2724987698288136,0.330474610491731,3283
6.4933044923230545,-1.217827245980718,0.20088644117110968,1.9450147312895771,1.4463418917847857,1.0131753230868383,0.3805860641524687,2.1293999387161286,0.11651724754558615,0.0923173007697255,3284
5.004056070483845,0.13956205103681799,-0.01831421305245249,4.385284936050599,-2.860062565781357,0.5400797507708417,0.19199912454218096,-1.163920890739641,0.654191097309809,-0.8488608495716861,3285
4.839373084704558,-0.15179220546047967,0.07259968083331902,1.7701031234128488,-2.859003864368165,1.36710522393276,-0.13271465379297237,0.5064000025167863,-0.3020859358031035,0.2407820611880712,3286
4.193008063275441,0.20807660593737257,0.5331213832381856,4.978305073403934,-7.158373005573537,0.7681444150680647,-0.8018025013829976,0.3861034099251399,0.008215602893565183,-0.016426433913864304,3287
5.898819221068623,-0.9596335493780185,-0.2545610429937228,3.385404252832441,-4.768420562350834,-3.4917543951745387,-1.5787182528676076,-15.571832331641348,-0.6286551465962216,0.161328866702709,3288
-22.701253997039696,-1.3030823272978822,21.52052553970851,0.21220185940660563,1.5591463228077864,0.7891230722578403,1.0639255678448043,1.8280338303057309,0.5720897277137581,0.844095996136882,3289
8.649854079394984,-1.4319031393440111,-0.6840006907995354,-5.4084639468827485,6.451161732306585,-0.3123951258729746,0.04334323040145336,1.0789633734465458,-5.184210371476822,-0.06343359429311402,3290
6.015017818745521,-0.4578223745206013,-0.20660105356966374,3.6489739631343037,-4.917400368603752,-0.6017727362511196,-1.2476151817558196,-6.2528474579449735,-0.6637854962507905,-0.2553679755428902,3291
7.562256434117035,-1.323757462734543,0.05741367944373168,-1.1760204120440227,1.2005448230602396,0.5384855001374239,-0.3235258618261991,1.4466840964731762,-4.3042457646439445,-0.09257369545942978,3292
-19.863336508420378,-0.25173762776049713,21.522035113579886,-0.36647349366415377,1.2624317946187023,1.0088752954501754,-2.667915433686079,-1.4201272158812177,-1.156841136252719,-0.6521172638892984,3293
6.2385604153445495,-0.6458923758627915,1.136341395173673,4.240706706727827,-5.430639377490594,-4.572053869954969,-2.3893251593094664,-19.975151934667625,-0.6993660097920965,0.01785837669463375,3294
7.7491302566502345,-1.1740231217098445,0.07158505246765909,-0.04438834972871472,8.605501284635393,-0.18450235697746636,0.9602319810706189,1.3215363091529182,0.9779455907461262,0.08460936337988159,3295
8.691693687060312,-1.4134460026918068,0.08955227442898751,-2.9143862410582524,12.384906153893256,-0.981778411745969,0.9120367897219787,3.81946583032078,-0.03580871032428432,0.06923841733935382,3296
6.019080301340026,-0.39246153274680984,-0.009012909553045295,4.415758976158143,-6.768001300049753,0.6388816386443349,-0.9050035111648802,1.1207518239972372,-0.3081196234820905,0.18164194315501353,3297
5.459214130168256,-0.702303084126326,-0.4255497982312858,3.9796651285645397,-5.247265662355193,1.5978453190008994,-1.3392890602897662,1.3888163997538767,-0.8645899938603715,0.0754241077703591,3298
3.586857941188175,-0.20761853278482856,-0.12073943120122393,3.6359529337219394,-2.4633561794021652,0.3886886925562166,0.050346240268840735,0.7365588827061609,0.6028784869560732,0.06620833456576315,3299
3.7579775234400565,-0.2913078121617331,0.3658626456474538,3.941137159512541,-3.7411140380093357,1.369389240464047,-0.18883919382120465,1.7236930771088477,0.6565491299342151,-0.31219851757556566,3300
5.640600073364079,-0.20293705772043563,0.005263381352287565,4.590173411735878,-3.504104203921618,1.4875539478728244,-0.6839667761638379,0.6504963035886138,0.2714274561016324,0.07984400755104278,3301
3.973529187675721,0.5459235313668351,0.002819028799683784,4.649032723324428,-7.3498924419151805,2.142408419909872,-0.5204834200391865,0.14136167053973633,0.8362240343202949,-0.14010844096484312,3302
-37.7826580370465,-33.32949316303391,-24.821015381236606,0.6040101889508045,2.47299949168262,1.2026518198791876,-0.4848362002597511,0.9391346474271687,0.8290441322357207,-0.4366112041990537,3303
8.042891377785322,-1.2114644085763175,-0.1570692140468456,-0.4885273643970041,8.82629515271776,1.5118906809785801,0.7675349916324379,3.4474140050856152,0.6183289071271174,-0.1043995989547687,3304
4.652467352898852,0.10969726646948892,0.19993213254750533,4.12702484708218,-6.850653971440394,0.6500578455131032,-1.253032276825549,2.5519980581829462,-0.3033089452873764,0.21715447376823158,3305
7.661917883176106,-1.1877692056270501,-0.42961371075470295,0.1806535036267554,7.456363499446176,0.621965806274621,0.6778404744747444,1.5747420614877017,0.35804724266639393,0.0709397470299175,3306
9.782158900453734,-1.8537571712901602,-1.270347366138204,-39.381189830707676,-7.308903970129701,3.280572863048011,-1.693312720988004,4.257157455722407,-14.104672854032787,-0.006217269547015797,3307
-24.749325615729504,-1.3810475812415883,23.621726201001106,-2.523675492860178,2.132299359700296,3.7598746520158195,-2.8555255349854374,1.547723884848957,-0.6404857057486826,0.6144766859548062,3308
3.992463583551425,0.5074509061081512,0.2442627740348581,5.05295216593854,-7.8952671011296935,0.9295445109992908,-1.0100872306912616,0.7014215567154128,0.8538564632471236,0.5895827608986921,3309
6.930836129513995,-1.529421468348863,-0.4979393986482229,1.1961649409988042,2.6238736108479297,0.2903831228739619,-0.274235073805355,1.0505448295914244,-0.2449141238239883,0.1665033156264453,3310
7.807906604331121,-1.3695310826217686,-0.08910098879023638,0.5438647167772123,6.611709578371353,-0.2931494664023409,0.3579953824848981,0.7204241788494258,0.6086646802213846,-0.2595613977764924,3311
-32.19884556349547,-29.334919242417573,-21.90834470962061,2.076557581960671,0.3329279750215304,2.1480870724759473,-0.35271961116253664,1.857448914788086,-0.02024143691645434,0.9096594747209719,3312
5.1118251703783155,-0.39216688178363546,-0.11526619101218416,4.684284349875266,-7.143484313820446,0.784755944162464,-1.324918141445528,1.8346075988667319,-0.6035565866486065,0.11669492039349567,3313
6.5163716714344755,-0.8341900179126297,-0.35590066133502646,0.6031959479885745,-0.38347970417518973,0.5499098817824193,0.14256506711321482,0.5272791953087267,1.0327720052775253,-0.695428684436746,3314
9.10092793298568,-1.776715414977647,-1.3613463385548306,-26.636533187717422,-2.3418540837733337,1.936131000363585,-1.538235739852266,4.237796878449523,-12.522955756197334,-0.04193591889458313,3315
6.912625422218021,-0.9326036905955132,-0.3057876319710183,1.4214045427752928,4.367635532822285,0.8133839906433713,0.5265900003550518,-0.3324382699228598,1.0079863811541665,-0.16066222674545402,3316
5.599121764375664,-0.5520135817624559,0.1470271896960622,4.63940869655214,-7.240072933259085,1.3694095715589447,-1.175695888727745,0.865835869933987,-1.3077317842446223,0.4966526624844556,3317
-23.055902616677084,-0.48344362747328773,23.922238415397285,-0.6311257877932459,1.5761971280425364,1.946184222893941,-0.8553220092559322,1.8840265131281286,0.2996492090951608,-0.5215099559726113,3318
-29.198740055626306,41.15110373227291,-17.773768247588123,-2.6916859101448964,3.27821496644252,-1.8186766615358427,-4.923315542025491,-0.7190858256683036,-0.566531715812873,-0.8015183489781721,3319
-23.842509540446216,-1.2353384590984298,24.40663310164951,-1.133184869697748,1.3591906203192101,1.862428626400027,-1.1292973798038708,0.6410646199830362,-0.003417386089745425,-0.9876754519871024,3320
6.304608281516581,-0.6918666786639833,-0.1347385579418083,2.1115497847643856,1.8530817852973598,1.1105655325007395,0.4696885973121291,1.869023535001762,0.38914631440846736,-0.10144262792154898,3321
7.328779237221713,-1.079077532814335,-0.11252062626784225,2.3443150873620895,1.6297722338404383,0.3222645895449794,0.14886953202323613,1.2973899178808024,0.17929228313587137,0.017729702511233226,3322
-14.019868554584583,14.400044487183012,-4.531377126368512,0.06829423278803612,-6.4472904382646465,-8.216505116979029,45.00973139827461,-1.1307638476271493,0.7656077582913341,25.79490660820011,3323
8.075150289636404,-0.8631238355681501,-0.15404168095298687,-0.2386233562510583,9.207040799716898,0.27915823137026785,0.738160295985539,3.6606668742185295,1.2631209127939265,0.07805626065727733,3324
9.34396683960258,-1.7964270450726185,-0.6991289299442507,-10.441099959119315,3.586721679794549,-0.1653015511534354,-0.7338498401001718,-0.6698071922243739,-11.496620896131477,-0.2606356449674157,3325
-25.082016780781217,-1.643240335717394,24.716300680731543,-1.8859325725103,0.3633783082677767,1.8215651067168885,0.1007261341639048,2.4363901711022895,-0.15476249124991343,1.8110430709501486,3326
8.318557683793836,-1.4951905772768417,-0.3575275594457781,-0.007965018993729584,6.702928545274102,-0.15870418655214552,-0.18924060738767537,2.150720984144635,0.5217704294162623,-0.16616046254620756,3327
5.863522471427686,-0.18196923381523153,0.4426809795280088,3.152181600776594,-4.024248892649998,1.070479010524903,-0.8889997320410974,2.4307848211645804,-0.7529009978038125,-0.08983091575722325,3328
7.087959803419758,-1.0448292631165457,0.05212197142357786,1.8722320070597704,1.9861347450316387,0.32566001414173257,-0.1771736733808826,0.7743780474136738,0.1220311967702427,0.07736724993053726,3329
6.544914628059414,-0.7422875455345833,0.21272371365203974,1.126219469410529,0.522035697983264,-4.355653036096859,-1.1553243367596289,-11.259322649836742,-2.470850930276023,-0.2735664589339283,3330
-22.23373059241266,0.21560251089438257,23.854206664452402,-0.43467164585670437,0.9538765112427573,1.439858023913013,-0.6577267835532389,0.9361629304310918,0.3416998042033261,-2.102311482565688,3331
-24.070222563384903,33.77636478219067,-15.098183171422694,-0.6594888851925061,3.180353702096696,0.8653240310347715,-4.870781776555474,0.10736396301602032,0.26476355562435533,-0.2857140714126696,3332
5.748441059200799,-0.12388100756546241,0.2713521995579062,5.587083534489588,-7.466136270413949,1.2542965119145895,-1.3467507052179306,-0.4075115359528067,-0.5124702947276495,0.25760214147207117,3333
6.787139940264646,-0.7009572373858092,-0.11894631932302362,2.5999930864707763,-0.42486521502851243,0.3717084619172737,-0.4338752090026047,-0.3866159280763442,-0.28202106400405497,0.15270042230518607,3334
5.12729856953603,-0.035095675749170344,-0.1410386713141527,4.900460062529187,-7.000798301234672,1.611334351304919,-0.6588078634945943,0.4744650472771455,-0.6291772159365514,0.45376642545969204,3335
-13.434572773982556,17.510127906981058,-6.506718039722541,0.11062546977122611,-2.7494738529681655,-3.5364555865227842,19.099128936289425,-1.0616702675955958,-0.838375584513035,-9.803466192711031,3336
8.062561133257693,-0.8707385265571768,-0.560956702838408,1.2649742833242263,4.431518919907843,0.17841785057674403,0.25481733994257694,0.6391405193732408,0.6143470497846283,0.19899910166266116,3337
3.3017954771852986,-1.9907534745282742,-1.4753171637251323,4.3335131643189495,-5.196403724052965,0.28006410286342925,-1.207085843054987,-1.5046030171297673,-0.05160402045004928,0.3326345022788615,3338
4.872993063772224,-0.38133667396443416,-0.09468281289528352,4.1289434208847435,-4.319597806107066,0.9556551318134815,-0.6213485290450343,1.6113197082618111,0.23248600262542798,0.8962764810811414,3339
7.2732574707897095,-1.2788106029970647,0.1772756811429618,0.5320523704384759,4.082977396220436,-0.10347645406062572,0.1979561680985975,2.874160284327664,0.2844320057412991,0.04983255338126636,3340
5.483309002118892,-0.12382314128660203,0.13191177447672317,4.422377348247777,-7.149354957493793,0.776703203150729,-1.3729628332882413,0.3450784116004799,-0.6388128751493752,-0.11675787432068895,3341
5.368313483523935,-0.056781194645831895,0.407913645641094,2.9848893291321916,-7.222995134964785,1.9328319200177217,-0.9689355986710937,-0.2533656768304029,-0.741648956453607,0.011298384967818159,3342
-22.15974667254935,-1.220733766370881,23.073772272788926,-6.487300310780222,0.12227754614038443,0.1498501195167035,-2.5450887776173494,0.8427372312651763,-10.329485520185322,-0.48835581011916607,3343
-24.87696206796888,-0.9892514731345163,23.8805654893942,-2.380819054287664,0.6737984623334393,2.7534320474319824,-1.0569581620878923,3.674544052774719,0.40447316967737856,0.5594290749646725,3344
7.204549161088365,-1.199246073812596,0.37139143845678985,0.8864957902678624,6.818203368373768,-0.11049613447231262,0.47629144876907253,1.2538184760980602,0.28577533421446877,-0.018442801591654307,3345
7.131268076334488,-0.4837429941014798,-0.6236156572172898,-5.798897861066458,6.260757532308627,0.4696919971976709,0.3017870336362224,2.861945115423802,-5.170468643792774,0.0010157769590798064,3346
-21.456963196580737,31.989187367508528,-14.75524375161642,0.384708375897737,2.9287427530044106,1.6148111349079957,-4.530315418868471,0.17228603358567549,1.0873710495431992,3.558821647604616,3347
4.267320963761703,0.15914980117537836,0.6941838644398479,4.35258829039381,-5.577243114000229,1.4314407094172106,-0.32663717301051104,-0.5311498915686783,-0.4003164623418559,0.00738198997761174,3348
5.242994068133127,-0.3344215895613747,-0.5223540752260422,3.623453273889162,-5.266994175616188,1.2123341829423573,-1.5685718287613448,-0.5866227810185718,-1.3223042806036884,0.07476703746764497,3349
5.045719748221274,-0.49936773625651387,0.3124449832047007,5.011348008687721,-6.741912732676,1.2871462170774048,-1.053030454367345,0.25110240431961933,0.6373129756449343,0.022957276785717753,3350
4.5463640689247145,-0.5677012093119366,-0.1701810141466685,4.256048537238086,-7.433446762726246,0.26058372613151853,-1.4561432429640584,-0.5583803388675411,-0.12543348093732887,0.2547431121112512,3351
-23.499716492530116,-4.48499815018551,20.174081734045618,-0.9426663354263798,0.435297477770111,-1.2003099645389415,-1.4911508255218768,0.8407538840311543,0.5447004069311806,-1.8267349276600169,3352
7.064477996661588,-0.5502590348498819,0.03616896560566023,0.3246836934884992,5.984088194270616,1.4735658808820449,1.1120405481883957,0.7972350119441313,0.1841985388078458,-0.19399641008675522,3353
5.074098623850757,-0.7313421070515739,0.6410962873357898,4.835753925910268,-8.589727534062696,-2.8582334554277873,-1.3935673771785828,0.10029420392133975,0.8937972364044487,0.8655170137848853,3354
-11.76922851130554,11.393472589996207,-2.6842098008059927,0.7180219495695382,-4.92480873129104,-5.598275446615903,38.434256707043204,0.716828369341297,1.924649179101393,23.76323026909239,3355
7.37811517072045,-1.3917990876428203,-0.39035847186642036,0.9220709588186365,4.064352159559085,-0.05515442918724555,-0.1506675276926684,2.0557004116539725,-0.25717787367182054,-0.17079109861213196,3356
5.278345804614178,-0.0851909711063254,0.07890324776024292,4.632318571085392,-6.063201051056911,1.318826501213791,-1.1999788416781278,-0.35378277351098836,0.18478898708388164,-0.01799822973705751,3357
-22.365446225401207,-0.7019960032461983,22.70067396979659,-1.324165208413513,1.344282043009898,2.7262999861995474,-0.21565710503258037,2.953205662876573,-0.6911117576829043,0.12996781733594612,3358
6.483442644036395,-1.284490649927793,0.577002676280787,-0.0022745913972592163,7.427204909891011,-1.0536764279513726,0.12886846083577966,-2.219113481888649,0.45145245005945356,-0.40394063061097285,3359
6.4782960621825385,-0.5357963755982628,-0.29950576350224917,2.3776266477718577,-3.794404130846082,0.38306699672931893,-1.4176132756167976,0.7730721829466032,-1.0713308202375393,0.4353568590723207,3360
5.258558602044111,-0.04470995465840405,0.20992956341698066,5.534933864666239,-7.935107566920004,1.3085412362071367,-1.4227874452198708,0.5770634045706597,-0.43426087546087017,0.1899313268506255,3361
-27.673527814719815,-25.53324033127026,-18.54694224904771,1.7259356880056764,-0.22930529343061404,3.5347759775171093,-0.34160513259624004,4.066801556960716,-1.8583982955346008,-1.0198042073876892,3362
7.7339454477427205,-1.0423311034177984,-0.45675232921795816,2.3921820705298784,0.5837928263663195,0.06158603898956857,-0.5983667530835148,1.1720605592712805,0.1664500383600628,0.5052781644239741,3363
6.346436164137561,-0.8061517705315941,0.2509301898988543,3.0826834252531343,-2.184901997224635,0.9491840015903846,-0.4342439142987476,-0.46726340159339347,-0.6922412935867368,0.17781825480542293,3364
5.15692596165534,-0.7228916745770103,0.18796011524065953,2.402572452740817,-7.033722368083166,-0.07554895368154843,-1.8545610178344714,-1.6312305275789618,-0.14409514314468833,-0.09712710179674194,3365
4.660280260916111,-0.4203961753157764,-0.08323121688734625,2.932038578214468,0.3156495033902666,1.1620709992870624,2.0571635560776635,0.19309320985034673,1.2495437171896175,0.2889874890675586,3366
5.901373625106526,-0.5473865131198071,-0.1204867876126145,3.8891239878598993,-6.197285561182304,-1.0219848235285067,-1.702080996354459,-7.803427507801699,-1.0087267768128174,-0.033408175027262836,3367
4.8055817298627295,-0.19424198572750456,-0.23752083058062484,4.072911176394559,-6.0686669056376905,1.658792803941375,-0.6945139861101888,0.29789914080723184,0.12953973264311225,-0.0890940649706953,3368
6.637663392919574,-0.5365177797551058,-0.2503858139629425,2.555399821866807,0.9941417716889495,0.7386872184406984,0.3034571130307595,0.8690397968937136,0.7831828878681952,-0.5880752904488324,3369
-28.769299465344066,-3.422348375809896,26.700236806014395,-1.6831043637155154,1.9074611680432507,1.1725867373900116,-0.9800780034865002,2.2501128521777822,-0.1935673492463603,1.339030735347465,3370
-32.40521314051467,-30.086812878556298,-23.965304885011456,1.162163002619881,0.5809611098850205,4.672126845405279,0.04387653685141405,1.369968126899035,0.22611107920932136,-0.3330143080593619,3371
7.246494468434209,-0.6733528287390291,-0.3531632509336304,2.376478901914334,-0.7554832359729511,-2.7782464823384028,-1.360281861641548,-11.551759555417219,-0.9138918038943452,-0.2986821362746972,3372
-24.470521603843203,34.40344280433398,-15.357280664946476,-2.058172821166399,3.0394124933959845,0.08064987543724765,-6.102008096961018,-1.167007225598915,-0.8614411550848154,0.47750655836037176,3373
4.407057088825014,0.14677245173187084,0.20428341013534604,4.695402190429351,-6.204912547610112,0.5828499417157312,-0.7363584189346357,-0.8719403340989889,-0.16236120515102676,-0.0659914973561048,3374
5.610728719601227,-0.09817053505542596,-0.04826111066219761,4.792271882587216,-8.341879409825848,0.38626220597529876,-1.7582820266279933,-0.40043154747698695,-0.2327461200688256,0.1768231260327078,3375
-29.20132832730098,-28.873326162659872,-21.256824985903716,-39.28032487963623,-13.3099747511599,6.750897202272781,-1.301153654388104,1.8629889529791868,15.033905788023821,0.09646519320731396,3376
-18.238404770108588,-0.4738320186455494,19.823892808261785,-0.4523274358864831,1.4299715483369193,-1.3300716801593508,-1.7487142582029946,-11.39852050845885,-0.48455469567547177,0.6177825723668514,3377
7.501710151088792,-1.017700915227228,-0.15234273981282695,0.5494984728343765,5.902213048157328,0.4420601381188725,1.0368135552117608,-1.0737892270261655,1.3265413522684013,0.4937094391096579,3378
-28.031511306228488,10.739929980240358,10.833843109318558,-3.8342461039956675,4.894332906704819,-1.999915349942668,-5.691411611076516,-14.983441026429029,-2.139338878222623,-0.1877053760458694,3379
5.226808476834487,-0.2833840087932561,0.300500662107524,5.090592615581741,-5.117449289385978,1.811517288002813,-0.7474152416699821,0.7388800793141096,-0.3657915762766616,-0.0024062366933515714,3380
-24.03839969871284,-0.4239312220656271,23.84962182982198,-2.2288025949962393,-0.021665627034555112,2.667631070489702,-1.481401407602191,3.099525621039889,-0.7982090859400474,-0.8435188719036948,3381
5.771017599029063,-0.009352649651192195,-0.607302604372529,5.0765866202482055,-6.627376305804517,1.4069969749276008,-0.31928520313951664,-0.04427019734367061,-0.23144051938549304,0.582885831939769,3382
7.696171531813842,-0.79414602108686,-0.49679839333324877,1.4618279684233835,6.245237156122795,1.1470717150582082,0.20323439855625183,1.2032547337671204,0.7081845042961552,0.02022541791061448,3383
4.615414545148922,0.3779649042009427,0.1824089901370178,5.350713080736255,-6.16525543273328,1.9556265861918147,-0.6728761963612461,0.23676717625666222,0.5209537963886642,0.07470298512883027,3384
7.429258327578959,-0.8731235419463255,-0.48981949987724877,-0.9291118111721212,-0.6118376256177297,0.5337194289617055,-1.1108883329592647,3.4592832700122274,-3.292250591245935,-0.2551888942343203,3385
-20.35660867853814,30.247643472337312,-14.538848938140317,-1.561878244976572,2.0678414116717314,1.9262303091899482,-6.072499123823416,-0.8364548793463844,-1.774921058814517,2.2901695189882836,3386
4.8958459104384735,0.05959334566781312,0.0703984062509058,5.6799621645113065,-6.404140859873235,2.8759052075896023,-0.5867989055721736,0.6598338770739521,0.0784066517581471,0.0802754567205879,3387
7.588234543682001,-1.05363733745101,-0.01724663177977081,-0.4820262127913186,6.954444186275455,-0.1829418248290781,0.42202006123246366,2.7250060112553838,1.0423148623929384,-0.09105767911517063,3388
8.903679936987174,-1.955824477389118,-0.5960789396129182,-6.586454445657626,14.77033634494446,-1.4211236228001898,0.9854832919709337,3.0220768808552108,-3.35649010074447,0.5659868351464162,3389
5.787225018924437,-0.5122182094093763,-0.3589291823031632,3.437406328231574,-0.13002877371388458,1.0686699154703792,0.11406719297525071,1.1865926729372047,0.860071935845087,-0.32427510256625375,3390
4.8181990101708445,-1.6186982298206998,-0.591690214369977,4.513520060851311,-7.520094546859481,-0.774971567201576,-2.2268489145206654,0.4639413856081309,-1.0723414500939408,0.1237476733201956,3391
7.344323364770914,-1.347267244556855,-0.13746396539886307,-1.3856101302317463,11.41914621615558,-4.945754065170062,0.34905419175515273,-11.768783924345357,1.2989983476774785,-0.6223887485857594,3392
-17.787490050874297,25.522556429352807,-9.85167167345609,0.34523470004716156,1.3901422547724458,2.0981496871137364,-3.9425843639599853,2.6429675051227077,1.0578849832035262,-0.4782704445634212,3393
7.550197402164444,-0.8126247037401743,0.34404265921316235,1.278595132100121,4.229390815422378,1.273718888169578,0.16637395583421935,1.9134756361127703,0.27154925054455914,0.28788254182586265,3394
6.859471644586377,-1.17519923490565,-1.047955503705233,-27.59960983440718,-10.97863531285837,3.8645608822064443,-1.0166624358620795,2.5294965536677387,0.5988675035012195,-1.0735140672535382,3395
-20.57752425519567,27.64855192376053,-12.272873516920738,-0.29397227489601296,1.1432185426969204,0.8907810002074761,-4.648179060498412,0.822970124147855,0.7994120975909687,0.030086536382131778,3396
5.968689015125403,-0.7421738375528592,0.19511643356930217,5.221088802937212,-5.028400762546609,0.3660167537378094,-0.8207133193734184,0.5451269983555503,-0.08689447624660822,0.1234326388265161,3397
6.8479511443850445,-0.7813481214802865,-0.2824500594750257,2.664101905874032,-2.968876832796915,0.24065254851444093,-1.0495158095546229,-1.254900878719156,-0.3571238318915061,0.15177640772270423,3398
4.635961658253379,-0.5399964950082022,0.03490675885975739,5.12195451184299,-6.446423316582318,1.0647031323712637,-0.5118202536816671,0.4334063755755199,0.530275118126309,0.14560269146968413,3399
3.545460869750267,-0.19558621960695366,0.18076343124233935,4.874487050990145,-5.273721253559142,2.4709284528848916,-0.24139081096839204,1.4625562169729482,1.1204920874006956,0.12473550198258955,3400
4.593043921466594,0.34131663105845494,-0.016955530762339906,4.020276130583282,-3.459793083978961,1.8728307499212014,-0.4490581094914426,0.32817067700905367,0.2037239500518544,-0.20188970312800011,3401
4.5471953499158735,0.24276172014588362,-0.09597129013958884,5.414426963260968,-5.327460397248914,1.5466813294840458,-0.24838813071634477,0.674212537141083,0.22819264254732244,-0.27762599248766,3402
5.119967690232835,-0.013932837004145384,0.13977892667927605,3.3071549336687767,-5.927108492284933,2.0168997003499216,-1.1016335579631489,0.8616021201275437,0.09010088484348842,-0.27594390079953957,3403
5.634329251810502,-0.4205594323647716,0.07861744499147579,3.028373252806828,0.40266886711948136,1.1641777799655126,-0.18107613736324757,0.6713356261709905,0.5757349004193889,-0.31037236149000114,3404
5.853387979915757,-0.6610230782614949,0.2140960632701875,3.540959373079742,-2.4823799071681503,1.6334683518159483,-0.6233730511083567,1.1906538646892788,-0.20076213280668068,-0.18570761293339935,3405
7.176163763876507,-1.246278122511506,0.0861581350458013,1.426597439889335,3.5230049242615316,-2.950353237363561,-0.8254605782454189,-7.249405435058278,0.13878347131599084,-0.2870271852385465,3406
6.521302114374579,-0.7168185752402446,-0.3754503073187318,3.6961847149919898,-1.7694468561593282,0.8283509431270667,-0.37473250707390326,1.4865186189615702,0.8465653442625475,-0.1454213074503371,3407
7.177559434300712,-0.841222286374262,-0.30793344007507706,-1.3532718884805435,4.853287204752189,-0.17130405384058942,0.560800454821595,2.6482317314604242,-1.0346157764130106,0.4159456891871694,3408
4.975063615258356,-0.8119990713402638,-0.10427953603461466,2.1793592255839807,-0.5035604991117282,0.6768784953026515,-0.2582691758174722,0.996135636831293,1.4381512288315146,0.30554191713751594,3409
5.772099145428202,-0.140008211004649,-0.5957904776309205,2.0248804422557356,0.36057930039229324,1.6261164996164172,-0.3402014655745739,-0.9657157716608158,0.09963037685067262,-0.4189228418138469,3410
6.914524960729341,-0.8181654330741474,-0.2781503478902396,2.0539159813155226,3.127946893369278,1.2366908407692374,0.3602511510857572,1.0573016941206932,0.4230765750297402,-0.3086305472122328,3411
5.274529185071131,-0.5177728158217894,0.30330453063907475,4.8419564716144645,-6.920932877979922,0.6687694445272083,-1.1221514850142535,0.5410286560078033,-0.556138909906066,0.487441481850153,3412
-22.995707600021852,-0.46532244648826904,23.69052829038669,-2.0693148662405503,1.7139183024214693,3.303330768507777,-0.4035262525229228,1.1894356741990555,-1.021943249324846,0.8602309785560991,3413
7.129686959765509,-0.99933306760642,-0.13832984856285496,2.9868897514605397,0.13231723164499867,1.2299843721817583,-0.1227131114330515,0.564079268487275,0.1846841585775697,-0.10349605265483093,3414
7.369694788360276,-0.6502908573411407,0.025749083868890143,0.08113116009743616,5.603962354753766,1.4858773425390108,0.1832025420060593,2.2188205365550258,-1.1366775578271027,0.2497539585431473,3415
6.805062982689135,-1.0741156183593625,-0.290278121383652,0.8987410638362519,7.692172422801382,0.5442190650408579,0.7293897051751163,1.2679157511662609,1.4962089534334693,-0.15682765943082963,3416
7.745391546369948,-1.4087192304080016,-0.6476678302943351,1.1489309316395029,3.214165584379582,0.03182059177148032,0.304672491618495,1.2897641139481755,-0.051480235003315805,-0.0185337662035554,3417
6.433826391509089,-1.2811145464707447,-0.2390634702440337,0.6268608234134189,6.992156793349315,0.3974938730841788,0.9410544964388305,2.4309868181062244,0.695570607924992,0.28277138106005795,3418
-22.293803088070856,-3.955132991409815,11.03494808060491,-1.5457096752177513,0.47857668153092975,-14.193243686805719,-0.3458622119057499,-1.6372256692358922,2.4176014793806,-9.203888660565346,3419
6.11346204214042,-0.3979988784832851,0.03220111180157949,3.6127254993222047,-5.718728234359091,1.036920540760198,-1.5484751981388958,0.1991862071670868,-0.5134984111618581,0.07597453261909277,3420
6.564571562900201,-0.9630545942191008,-0.15339726214193006,2.4045805622638547,-0.7626101049221633,1.2456893860194802,-0.41320259713979113,1.0401066845255085,0.8622794742778798,0.08326554008541448,3421
8.137232442580926,-1.3220845094290747,0.13030465464497754,0.6293603058157582,4.917313013690843,-2.806327260479938,-0.5802789213051783,-7.871155387151795,0.07294521368799842,-0.12475770728367978,3422
9.229977193795266,-0.9952327830063251,-0.07178939881830829,-2.999573406352097,14.097166523799702,-1.02412415471222,1.1373679843941105,1.6381247266698482,1.39305273888326,0.01935674840441024,3423
3.9220111270113063,-0.34081755762726684,0.24220550159888343,4.011530921500799,-4.778174371193991,1.3834879015495292,0.6445765577954993,0.9280984533756205,1.5301478410081093,-1.5269837599724687,3424
-26.248398131816607,37.16634377607157,-17.14968059644432,-1.808772038521455,3.840822320841562,-0.5306671274555353,-2.283698798174777,0.1041246325610974,-0.30454530613935543,0.09638694980390312,3425
-27.96942945831812,-25.225046288583382,-19.486131188246066,1.91099550909305,0.5584103051081367,4.947980689778308,-1.0043905336912249,2.3795828145306346,0.47757659462253527,-0.24809867482286427,3426
4.065374227256603,-0.14624290858109998,0.10545298858241259,4.602511944281717,-2.8217784580700593,0.5725434879052755,0.5129171726794478,-0.21459972860257293,1.4845953371637903,0.1707275254212249,3427
5.236410052864643,0.019607375535599506,0.18061611224904034,4.777067968851956,-5.6473813792824235,1.4634317349324983,-1.0182380566765006,0.013135839560530663,-0.36767949182615156,0.1887236626468443,3428
-23.44764039956933,-1.9872819480911499,22.680505116808384,-2.8442322567735974,1.9775675628299754,-1.5904003294666844,-2.565856711644512,-12.21948660884203,-1.0254145118812916,1.8803971598858764,3429
5.960881197252813,-0.6749545139054516,-0.40286048609792835,4.8663293424604115,-7.7330918906586845,0.17213820302044705,-2.245972374626811,0.24646196162926287,-1.294247879431097,0.394032283231083,3430
8.818757772400273,-1.1478689485311053,-0.24777609408635848,0.17778724172937788,6.028109865176773,0.6764583044553423,-0.2740960833985393,2.275395929115484,0.16859917865542032,0.16243362962230212,3431
-26.453430228767168,-2.6336027313337507,27.343596105635356,-0.688946742471725,1.8996121453217398,2.5435204546260293,-1.4972347839504514,0.2690196647777388,-1.172404793025538,0.36997449773560037,3432
3.405793580312692,0.26281527399635185,0.05944786069515452,4.132639102592045,-5.729712353812974,1.9013637997377903,0.20339292528420413,-0.4848647306474631,0.11876649928890666,-0.3637000161823954,3433
-20.932682978395466,30.386576840832767,-13.718887238698173,0.04807217923174463,2.0053135951936967,1.869289773452061,-5.700061511765198,0.38917472443566486,0.051037171476464596,-1.7940316350040852,3434
6.20994477747694,-0.5731143611140989,0.09758327863436277,2.6703501137724754,0.6072505916435416,-0.057857245449446953,-0.05156692383290311,-3.071713298447742,-0.41658010602213885,-0.2995147785409777,3435
7.144906119194595,-0.2152526863176375,-0.39442317545651007,0.5481300255064663,2.115580713746289,0.5467283442752611,0.1490791126525535,3.002260113510663,-0.9600826985625046,-0.24174501642381588,3436
6.352700952351576,-0.5482251679627999,0.2946541248264477,3.351737786704834,-4.146296464220651,0.23792868953673899,-0.5615046841987718,-0.08970878584509118,-1.3481679432211309,-0.015310913945602985,3437
8.257216779465509,-0.726105791722708,-0.21149043950377092,-0.2287531332137203,9.304678021058969,0.11694400468537577,0.572729718119417,1.8912100811642116,1.5035923734506453,0.14690828693304342,3438
7.17919811369001,-0.9182853133422715,-0.2959705838628759,1.5276689352733142,2.559698059604905,1.1154898020790067,0.5919805546276559,0.37703110205253176,0.4448639255885155,0.03303762103244184,3439
7.602800635404371,-1.2737024803952202,-0.37917169309075144,-1.8919762139812695,11.381531092673704,-2.814068526174855,0.6515006399325505,-4.986351277664705,2.055962775103041,0.18488004831706864,3440
3.7230252605371468,0.7340820135229771,0.07516295519339874,5.467309936042975,-7.127470356533913,2.1597906687760986,-0.4119048364944903,3.1627471929933964,0.4763698426265663,-0.4059590827322363,3441
9.023807497598163,-1.435981860146189,-0.5941739572604277,-0.2235129628555826,6.989782832875819,-0.029466903582143898,0.43592535257416903,1.8927190863556584,0.5568070875273384,0.3220462222183928,3442
6.94786855533416,-0.42223499414796084,-0.40675499036936824,2.2031543044609054,2.303448678425557,0.7929821465339387,0.8465195600733064,2.0000061106936466,0.3261573415613643,1.3025407144737242,3443
-8.501919129989707,-3.2304825036462668,-1.6020967375862227,0.45520786472869773,-6.180038625236229,-37.36195742303277,-3.766886265436856,17.33252588600491,2.1624106316890668,1.5049788493059688,3444
4.478408783413815,0.018272808654973365,-0.1800867049029211,4.113951577048001,-6.20396594465567,1.3219288473386406,-0.11228031718685463,2.0978691257923248,-0.08646052674225552,0.6846539650625729,3445
6.487794160970325,-0.615893762694143,-0.11623349845530342,4.190623130369281,-3.7574086726871614,1.1583378092977084,-1.013498351287025,-1.4444245515907235,0.10433755734915803,-0.15962541807002525,3446
4.036466130369022,-0.49174716112837263,0.011622349092619166,5.017654183847364,-6.375238935287636,1.2478543182455455,-0.08789142852292008,1.2607734033243791,0.2726630338256313,0.08373471643791876,3447
5.198448029956197,-0.3695691773570235,0.4603538304135404,5.325747986138331,-6.437928781867465,1.1841257980228337,-1.06645463900535,-1.8536500914701266,-0.1345717580929398,-0.020840784880119433,3448
6.105555694967538,-0.3692620227559776,0.2322112640309893,4.196270555454984,-2.674965361528836,0.734612445572558,-0.32757028525067944,-0.7452358893439014,0.6866430852072829,-0.06925472942431389,3449
8.334665064667892,-1.26856501709353,0.07810990338040827,0.6822608609432403,5.2411543222587005,0.2208985647747236,-0.10809857621227184,0.9439662761092434,-0.3009167223028333,0.3039748206708219,3450
6.591581782674537,-0.629802454836051,-0.07584138081559426,3.1571137838984424,-1.6005962977776504,0.42551108887439026,-0.6969343546022109,0.5364245645773033,-0.6187157429594417,-0.06587538953513404,3451
6.648838433234272,-0.4212289373995502,0.10573407254339087,2.587473495847067,-0.4711273844297514,-2.6030991581400347,-0.7770955902425096,-9.72039254197244,-0.11206351877695687,-0.38357216234518016,3452
-35.609272566276424,-33.82676224853983,-24.559462428873637,1.675623519538609,1.0003683447980436,4.453557866429651,-0.4238116560387077,2.643103887754129,0.05385156587056082,0.03349404704426039,3453
7.305311293890812,-0.8840153669468044,0.3345105839266934,-0.03202601529600786,7.954308862238207,0.5224832972706827,0.9252787925178562,2.8814039941151885,0.9418633088558368,-0.47947088584847847,3454
2.065861827538765,-0.03570274252710827,0.53109374725731,4.339012064359278,-5.710083821430844,1.7415056000130928,0.5200498776407811,2.170069500631875,1.2144842659007244,-0.3253852244381697,3455
-23.692549476721386,-2.458687506627157,21.13995342278,-0.23029961241209637,0.2660739320026779,1.1187851559945348,-0.9985971660813745,2.165653721267548,1.9209737780830367,-0.5321239388404995,3456
8.307974951899554,-0.9394545355104211,-0.3038007835734694,-1.171726009430847,9.632985580766357,0.029690793117453856,0.431153538427753,1.5585176284239495,-0.13916953240693822,0.604408221046355,3457
8.05966928309721,-0.8882101644584385,0.048678023357630024,-1.0723699068315051,9.549507629154443,0.3291541368130869,1.15259708017328,1.884625423021287,1.121501169710482,0.2616468755251792,3458
-12.71307259649562,14.191086546788926,-2.2797327016185767,0.5605978346034928,-5.452946898451626,-5.939790869786255,41.60431781275189,0.7349276117425553,-1.9695904258636154,-28.516019236382633,3459
10.041868426126351,-2.3626806574733243,-1.726337710451068,-47.63007715586748,-11.794887046677639,0.8170533140934384,-2.5464158639615913,-7.524948784739728,20.252609074426683,-1.4833048057154175,3460
7.237526623518975,-1.1135381196232137,-0.3057962425862362,-3.46755154601211,3.280412950399555,0.6435352575698869,0.43566905874293166,2.714251488081993,-5.16318839864431,0.05006398746601672,3461
7.081327802035697,-0.7958623607470634,-0.3112605981155877,1.9076290157780726,3.014075899958092,0.5680530722829741,0.4737929798298881,1.611176703844906,0.6201850663085673,0.033486209449778995,3462
-32.84559918319811,-30.182016532278094,-21.234064595264268,0.6409144163129004,0.41188153056046534,2.8698218305086454,-1.6861365308696317,0.3627010309801896,0.39413004760589665,-0.012748377674020003,3463
3.0975497894212767,0.9754785372070308,0.4712996319862085,5.091811583251658,-5.032616107490282,1.5599160042379925,-0.36624940072092843,0.4970868863608509,1.2243383672133006,-0.08620039879196335,3464
5.455417968199874,-0.0033691512834764783,-0.23191420467814583,5.958836370257617,-8.455406337012375,1.0151828277381085,-1.5070025134534324,0.14972120132537828,-0.2483126453970754,-0.02119048507456805,3465
-20.26786284019585,28.306100745235305,-11.630407580773882,-0.9435645744688828,1.3585127267169448,2.8999304852853993,-3.1379205798660283,1.2226870008014852,0.49158461178498425,1.4168970967345864,3466
3.884004972811615,-0.5018748687069867,-0.03905154980632464,4.448132943475336,-5.0849010172542295,1.6337699661839473,-0.3694128615884639,2.908656958055955,-0.5514834190851979,-0.20486843083762782,3467
3.5248156481949398,-2.065783446717845,4.098285815545116,-0.6080247434236004,8.156942291268788,-4.372017600294715,-0.2645015238358326,-11.859608539045098,0.8528238423752246,0.48168859319241286,3468
6.68614767213615,-0.5466579482412518,0.023475805738082726,1.3445953016288708,2.7906647642903666,0.45313526896932976,0.2359974471117761,-0.6461755073354931,0.5752272784414846,-0.25827722774170053,3469
7.16861826034173,-0.995885854828334,-0.2433639273927593,2.825019226794048,0.0784663992055563,0.9961380507305483,-0.14358799133940386,0.5810991075704767,0.13387696132915602,-0.024003339082873387,3470
9.160804719385,-1.6247396995857175,-0.43348225518985817,-1.3538908450236307,10.072124094723414,0.10622420620451911,0.5398279114146263,2.3379401978128427,0.6291126445861186,0.06489771567178186,3471
4.017998452139994,-0.27806389151293137,0.08141018486975386,3.3855923126356933,-6.925185134781725,2.2931973408714237,-0.21676531042010988,2.0475135465724246,0.11572283016355364,0.7705817742104591,3472
6.453711473748954,-1.2014971523364577,-0.26483037404926085,-0.9543511956623206,10.77530098895575,0.41909237226322327,1.1245037212668971,3.349495079487475,2.720889371210372,0.02020697143288349,3473
-19.36585230640514,26.271467081441248,-13.649972513288011,-1.9559096680867474,4.486456588661215,-3.214633197889327,-4.330130435702416,-16.758081283389235,-0.6953159079106811,0.15855085712285727,3474
9.366195253295635,-2.079637354185369,-1.4152472149428377,-30.851681123203583,-0.02143872834567513,1.5097373058889132,0.2877153936451941,0.41858873673080216,18.674838376156384,-0.38145346693710624,3475
3.8091874402415495,0.4561075243634892,0.07794742836959283,5.8157204608566655,-9.700596609780655,2.4818905717213613,-1.0171321208353823,2.8370661581437973,-0.22130542706066678,0.49166847332877944,3476
4.749565366121337,0.12631715194158305,0.32631642613222206,5.433427646535118,-6.938433467017736,2.175617545068649,-1.0530767231999627,1.6261776706881828,-0.32801835755288355,0.1289364510518153,3477
7.7014241726730335,-0.8663565234673576,-0.24931171034471764,1.3932598798446392,1.337611166431335,0.936927600956144,-0.3948242025343738,1.1992407447434057,-0.8850981597683211,-0.038309696367994486,3478
7.976476000552665,-1.1874551999535892,-0.2799861587922347,0.8195587697424278,5.602849124506368,0.17087149822388656,0.3030443035329579,0.8137826218990112,-0.0979624947368509,0.26566832078152675,3479
6.287093951234531,-0.4175065749893756,0.32993445111301795,1.4456126722377827,2.7821429898154455,-0.08710464721017576,-0.06488632217203014,0.2943875049341914,0.1366998999116746,-0.28859743011043026,3480
-24.304277223300936,36.77206323863893,-16.4988465404352,-1.0042769344563625,3.116826294146744,1.248140512838437,-3.848937905528572,-2.2602754990580385,0.8979805018851411,-0.45491722634032394,3481
-23.763191632742164,-0.5267100119582377,25.353217695231752,-0.5051234929758862,2.064639456772193,1.7941923377289462,-1.290695978762959,1.7073459851094008,1.0783087181539437,0.834394313176053,3482
4.882135777481612,-0.13259707884388722,0.3795360168997561,4.480086415366347,-5.920082063249564,1.6684003538966632,-0.5566501277110552,1.6134019680334095,0.8842456858593889,0.032272221587370836,3483
4.34699097439307,-0.13425581070180503,0.1073156294075597,4.957136402627004,-7.623288434347904,1.364512324688887,-1.4862858327626374,0.3976492226018938,-0.05066059201467607,0.16541592641466962,3484
9.183294046860217,-1.6203935959733073,-1.031716569512176,-34.87270959466193,-5.452379375017671,3.1382149946833056,-1.3602191663124634,3.8797236686054326,3.5392927047446063,-0.2601272212256451,3485
3.7908575021600748,0.38960874331384526,0.5055025786824197,6.1417481022372025,-7.549833950968754,1.325382954483157,-0.8801203669048427,1.8780581587005942,0.6715493127133413,0.06906089028665253,3486
5.7729472870607665,-0.3756365145615702,-0.061402811666719875,3.7232431993487016,-2.623807104168079,1.2590349671474832,-0.6383538008667772,0.6438829204581838,0.06168925981604859,0.24954837021247334,3487
4.257397696784606,-0.319885491681727,-0.2511524037208544,-4.950049565801759,-2.6716196708677438,1.20378853751973,-0.4039179842724304,-1.8810625387884203,2.191703803823142,-0.6962414845534028,3488
-20.375852180577525,-3.3299344458157973,13.217345160132767,-0.9480177458848259,-1.244064093228998,-8.717870582398442,-1.5813825568597653,-3.261888364467814,1.0189087518638729,-3.8239687274789413,3489
8.568073957487952,-0.8945131012885541,-0.31776975216194336,1.5277093942046367,2.9827432976419312,0.7126002668226775,-0.12549170078269153,1.947291481621186,-0.3495193020185487,0.2282547918460694,3490
-16.854333356253168,-1.5942252877517353,14.54178303415581,-0.2485105761010923,0.17439546461746788,0.9039149051935388,-0.995741478056299,-4.860900246296456,-1.1547070326215492,-0.16892239473674603,3491
-29.78782616260776,-24.64816796614972,-17.45433644638433,1.071828234793149,0.6790372913545076,1.9743347324685088,0.6105430241806683,0.8766874372284464,-0.17371786161735436,-1.6402241291844708,3492
10.480596795556474,-2.0621495576577464,-1.340808122535549,-25.139055852819844,-2.918267872301212,0.2349084735949181,-1.7584666096393136,-2.4023007374306484,-8.164608828559254,0.07454328677322782,3493
6.588574406675144,-0.825529003321109,0.18346986802586673,2.054641494656295,2.4812612129756504,0.5199993418368087,0.05540515323066733,0.1704517563304131,1.1514908637743877,-0.01094342168871179,3494
3.250568608294195,-0.07090798378970099,0.925016893634341,4.69034975672571,-6.768891746160657,0.37675633696644256,-0.7922345058153913,0.7002626259930985,-0.491846946428576,-0.14510486375802048,3495
5.620947608037235,-0.28458001718082754,-0.5562907572159475,3.7696243224535726,-0.9217257330866451,0.7149278175709356,-0.3806032769529668,-0.055519543259572965,0.28467760534789593,-0.06898082364668044,3496
8.870890705748296,-0.9868138879713647,-0.6727925479401348,-2.566841804421058,12.603759204941513,-0.3185236224234058,0.6211568231041911,2.394672621896381,0.8403237687411336,-0.14269268556525289,3497
4.589116760990745,0.29912215213861904,0.33976142831400785,4.933120705593598,-6.461060585555013,0.7102062307408763,-1.0259079242556317,0.5542089833103819,0.5909720863469365,0.2712339933922204,3498
-24.148660286041714,32.649395357744254,-13.036043358552618,-0.6271934469818853,2.820670189993652,1.0644833808060066,-4.0730260781315195,0.4744102080684969,-0.09177433886603203,0.2984614966179408,3499
5.666438967356204,-0.061739573603662085,-0.028909777859986788,4.97520079305359,-7.181075732768052,1.1053586498946277,-0.8257106912141883,-0.5793201016662084,-0.37933525895318027,0.31124623624315473,3500
4.444967765490362,-0.12203031763459786,0.06455299305309631,5.4128687031023865,-8.229115196368355,1.0532432679577632,-0.42840227378318335,0.6958069444452545,-0.651723580428717,1.2192614594604825,3501
6.5116548641183,-1.3451114264978281,-0.43627243405048277,2.283604141573276,2.814108469966802,0.9061344895035637,0.3154704371537428,1.0511694181077944,0.6728025840687153,0.3181151012490362,3502
5.6505545049928685,-0.04127215378724959,0.39972264268098706,2.781645159396629,2.542109761772124,1.6343531033415117,0.5673217625485416,0.050372105722406225,0.3416445943419371,0.17746647314357886,3503
5.332331069492659,-1.0289256895652181,-0.39875369992366017,2.5597455971771628,-2.3678074286782413,-3.5303067317671215,-1.378709897445943,-14.569620409680168,-0.1697959008453232,-0.49687425559996273,3504
9.177594669088688,-1.618512730382536,-0.589766856376736,-3.352708579391925,13.713485472086848,-1.177990390899255,0.9275755947533327,2.3592015410381886,1.2194817220944845,0.25971098425202277,3505
8.250216120768767,-1.5269475354924629,-0.608214662522592,-0.6834975268306747,8.77750507183303,-0.13770028457404176,0.18557084310162814,2.808817628235928,-0.32450016544560695,0.031717171962823164,3506
8.108351971352358,-1.7860398038600507,0.5319099732600915,0.9031956713950029,3.194279389127822,-1.7062077319638036,-1.1854628081266712,-5.362030407023651,-0.002745900663064113,0.24594697164142484,3507
-21.988676935350068,-1.6138150170236678,24.29434915870929,0.4504050127734948,0.452393997548473,3.458777687245259,-1.4160320345527102,0.973416402559037,-0.21563187088027963,1.280348737025091,3508
6.857818879703897,-0.8443381940648851,-0.11519547823563353,-3.820721545929635,1.1270251266151814,-1.1659634114412718,-0.23232638999964972,-6.604006904144242,-6.314850239910357,-0.7578565107916531,3509
6.050917934585649,-0.7851778188073861,-0.02538002607182159,1.4553005724795751,5.591283102686941,0.6148410784857725,0.7817727213911495,3.6209917115533483,1.3412783418087328,-0.5202622228688315,3510
8.021377029694447,-0.9442138073735935,-0.09925875089711873,0.6161546129561859,7.418872231857188,-0.11644835191030294,0.5628311424655162,1.1831147676633766,0.941074563376746,0.32802826054140494,3511
4.867171217769168,-0.44299606537541036,0.40818655610469107,4.471304664586532,-7.3878727933456,-0.008007380851707505,-1.6379769495303993,-0.24557605626484325,-0.5678269997727918,0.07528115552881538,3512
-24.561513770143126,34.149897377415044,-14.536721824006701,-2.058351134618307,2.6474673086241114,0.74209591077773,-4.85932550221539,0.5544465496424592,-0.7037475610449033,1.9240058688697992,3513
-28.60173279709568,-24.08386958382646,-16.500673156972343,1.6781805548305495,0.3300467477638688,3.8857174356901187,0.3485279950040011,1.7353367868568519,8.032224503696841e-4,-0.34910907870793023,3514
5.104386089640039,-0.5931828997635696,0.39839907269091546,3.5061772068138386,-2.773465926064876,0.7159812013463568,-0.6642673448528333,1.0480453234919762,-0.23632378385180425,-0.23750595574104374,3515
-29.923677260832477,-27.125725600632542,-20.576706564326884,1.025663527098057,-0.28042804665048526,3.4942751071824425,1.940331920190878,-1.134403684603695,-1.1856612494249854,0.48329411101147957,3516
7.5722600531146895,-1.1383789788491405,-0.117100286483917,0.8561871122864514,6.185077895016756,1.9746915465765131,0.5709082880746856,2.624200206572641,1.2449675546924028,0.05576075276170412,3517
7.825302163522424,-1.3889355680167284,-0.48209653325723134,0.7779885095063834,5.162201532447999,0.6733233535468629,0.12011496887338546,1.6828138711205145,0.13114023616394557,0.4278822094804544,3518
5.153932133780677,-0.49950969940814793,-0.04577186673753346,3.9932280441743457,-6.143251237886605,1.4017666684608723,-1.2069304259820184,-1.0280202440419752,0.1644561940154079,0.029777327735007877,3519
7.1308789713885155,-1.4909765197642995,-0.26454580634402536,-0.5544969327837549,5.131023938946554,-0.33273398903447526,4.903763431257319e-4,2.0686087222606897,0.22470759811413832,0.07970612674755331,3520
8.48386633465246,-1.6487006126500563,-1.1659730847817196,-30.125505675392315,-6.229705127305279,3.2627702389736677,-1.1077479373911348,0.554139153062689,4.888581415229461,-0.9136155288545831,3521
6.56777661503249,-0.6343451449234857,0.12150862649339894,2.6539296641916903,1.0224979160885488,1.2503302204597226,0.3406196575838076,2.03036278337034,0.41035355354933534,0.17654836126074921,3522
-21.969444200534493,30.830243095913573,-11.773747031062744,-0.8322545137331684,2.2315984450040647,1.2709463706404205,-6.045912203472374,1.5965654414258559,-0.2594547817293012,-0.16793917351327287,3523
-28.74803743137299,-25.67688309641677,-15.030357804034143,2.2459620708574364,-0.30462908036583486,4.6031649764875295,0.25105615032117146,1.6199071755410515,0.5783642667520417,-0.848711892060489,3524
5.558593249341065,-0.33411918073732455,-0.033370350132608195,4.453002700742077,-2.913954131142264,2.241957877037635,0.20471670923482774,1.266922378766122,0.3587357609393778,-0.16316940959164758,3525
9.774888656055545,-1.9860179729449037,-1.4272958198396322,-33.197133951744256,-1.464207753181589,1.7349955785969502,-1.2343253523008453,2.012435596902105,-15.648738857826924,0.3434499007667484,3526
6.035114988428563,-0.41395935001490813,0.07717867209202596,1.61227977284785,1.9908407504966796,0.33405209782584383,-0.16526464377390376,2.363468380858915,1.10821627996704,0.00998977463118961,3527
7.988962233700479,-1.255603172828249,-0.4467662260844936,0.9913042195432679,5.875744673897985,0.7360351467892297,0.30371974751556996,2.54193689920983,0.9057205389513391,-0.11569621796704951,3528
5.651810314699,0.07044773086902614,-0.5041645111901785,4.224017789422675,-7.638047268195234,-0.3536167116023648,-1.6826657922887858,-1.3739588352835599,0.005499701635291248,-0.18187603195379537,3529
3.5964246664961,0.43020512977819564,0.13485938579843784,4.404154774737176,-4.829701525877476,1.0541197622846756,0.33166760177973625,0.8898752621294709,-0.4095206464095407,0.8956101094789591,3530
-19.434621722204678,1.303518634461474,17.894552568311042,-0.012814756051994523,0.9288323674330823,3.426869582352379,-0.26370337827900997,1.1005247457126488,0.4926829681306719,0.14417456901922496,3531
6.328080525582102,-0.6608775144831012,-0.30185932349354944,3.722878712823053,-3.2044700136698574,-2.2888594220745646,-1.1280797070351143,-11.273451944619906,-0.19249980402259828,-0.08364137422375628,3532
-20.764407869978044,-3.9444472848794865,20.96088966773965,-3.750593225168284,2.7911718301113257,-2.698420154794115,-1.8848338964092721,-16.270652806867677,-1.7449852931590026,0.6721999107410022,3533
10.093408698284025,-2.052898369130569,-0.8712351729201636,-38.60217543138599,-4.198842809378683,0.09291614156916264,-1.9826707568027682,-9.162617939079798,18.563161269913998,-1.599928000276879,3534
7.141330554001756,-0.9012258319846556,-0.39474079910847076,-0.8118409772082891,4.707741230523015,-0.08956530826521289,-0.2459916357046577,2.0821795525790776,-0.24155330653577042,-0.058103966100090235,3535
-28.45796903216798,-26.45709842913898,-17.862978590394412,1.8888941017825274,0.9668052009850547,4.26730641658536,0.6500091657392633,3.824312221558063,0.069570878225687,0.1988964693762026,3536
7.93970584074833,-0.2658815988429498,-0.5431736322851762,2.912748708997332,-0.8250410159350113,1.249258788854057,-1.1041124083752787,2.1856083476113857,-0.5728455554572321,0.3723856969872808,3537
4.662042399277349,0.10946683906242499,-0.3532866238558188,4.999068453390924,-6.894007137410847,0.47891456291194806,-0.9409836924169125,-0.6251659265284557,0.3694278138844247,0.19948906291404384,3538
5.0916309730780265,-0.2812161733090855,0.06874594489328141,4.765283231201587,-6.148534042470301,1.1758535041626603,-0.8532355028332217,-0.6377332648866306,0.5195529566624546,0.12604625022278654,3539
5.396388826613419,-0.10282693398437814,0.15436910460526956,0.7537073449640787,2.4417029180004026,1.7845903504827103,0.3299329220780226,3.375255730055267,-0.08248615867392423,-0.031239867165770218,3540
4.751356423812884,-0.04579262793035753,-0.12337331070348367,5.078014056607245,-5.888707351146452,2.302889602360255,-0.30847070833789053,2.2238867761842074,0.7869636534742555,-0.5772012743820399,3541
4.320466910476646,0.09061971549123057,0.37017783272749677,4.742294043328413,-7.049626678335515,1.2932665984999856,-1.3482338971037158,0.7127038636014564,0.29193603443652727,-0.2992016066568848,3542
8.490057351726932,-1.0111456549818356,-0.39309593711457436,-0.0657766691100469,-2.9980764167876193,-0.25075903120649246,-2.050309390622158,-0.32977066409850075,-4.4078004322752005,0.2922567901034618,3543
4.3760642979292035,0.09870191690212574,0.4199311775675116,4.460177057112939,-8.033597501031139,1.0660723427959877,-1.366533306491465,1.3803503981828202,-1.103748810675817,0.4404432393482422,3544
7.153135728870859,-1.2601477451168863,-0.26488974174757257,-1.413154707542311,11.01965065897571,0.2849422722841609,0.991637947171658,3.713781273656256,1.1536570515458062,0.24612020930361453,3545
7.306666772155691,-0.5767088684523041,-0.037504978996496643,-0.15097363259628727,1.1508557583049046,1.453638821556393,-0.3168523018917704,2.5403448181664925,-3.624329497283149,0.06783901228961188,3546
5.195562836410101,-0.33088324234897454,0.25223803850763055,3.61326537261592,-1.6233820713380145,0.8572271538587515,-0.43001406046881363,1.2737474705308418,0.3692028101309294,0.06598856548280757,3547
6.306569879854384,-1.140390816648507,-0.4870639808242121,-0.3799278721073552,8.307701300632313,-2.6196679446309687,0.6276223827883113,-1.8031737169359936,0.18315877812900824,4.77791215576718e-4,3548
7.726948812556912,-0.49146394587428094,-0.15414724030899485,0.3742706465095243,5.412406354376543,1.04296109585568,0.1780961165938622,2.2259567627110317,0.31004359518185165,-0.17122192155058355,3549
6.935224569517964,-1.0700691826031041,0.2540636455368282,3.566285168494642,-5.519926990619041,-2.3810911634155474,-1.9483177098065063,-11.663057432104742,-0.9094994937419272,-0.04230747803468421,3550
-23.020343591681293,-0.1159314048549339,24.70977292513374,-1.6176789437038663,0.33691098128368335,2.816813074553677,0.41337255441068876,2.6197945272320875,1.0444524084219906,0.6942638468144069,3551
-32.67254592768389,-29.62310019363213,-20.927899272567398,1.9881591495584416,1.1681431867494134,4.762503440352618,-0.49133691899362436,1.037063081502489,0.4026272052264332,-0.9792203911563298,3552
5.035931087608403,0.0944925374145378,0.03624360880901411,3.5551985163370556,-2.778632563933974,1.2386534988645357,-0.3358898093324588,-1.5389375449378104,0.304444057069406,-0.417168121216259,3553
-22.70738252905242,-1.8562951117846962,22.21110133452592,-1.1561124998362038,1.0811250779040107,3.0724733742871493,-2.337305148286507,3.357189948543836,-0.400850678441499,-0.28323231271184995,3554
11.859656560795623,-2.9123534685462213,-2.0180141169322625,-54.44118190790817,-8.20732261698662,3.6401769470591034,-2.0341631344513647,3.699095447788499,-2.8998574096641216,-0.7996377746191148,3555
5.991570372358331,-0.7396088778903478,0.1726439024296021,2.505953925823216,2.8951444925545977,1.3255993428275117,0.16819834305189907,2.0820676808409253,1.1689518880046865,0.02471978443878747,3556
6.072400731202046,-0.8450110759310905,-0.18063505163897808,2.366785849857877,1.6673281292536357,1.1295541330106822,0.11554660604292215,2.5560082993120146,0.5410097082375127,0.095537949842787,3557
7.592677483636982,-1.0679403725101355,0.029910636601747757,1.396407970266917,1.7971351678881098,-3.1781926202735686,-0.9906845651593572,-12.081858641377938,-0.8204064980854061,-0.34358146521234706,3558
7.80881480968247,-1.1867613158345387,-0.27537015043119834,0.9172368862096141,5.062506839294207,1.295200714027704,0.4505682039842581,2.7918074035696803,0.16427549292142693,-0.48866045219366916,3559
4.45841427094783,0.024017485327709625,-0.0821530178408056,5.57938652598003,-7.721689335088379,0.9820419128658968,-0.7508108791187461,0.5057227886468797,0.14765668442271113,0.7434690555826706,3560
5.123478082825784,-0.1534869258738103,-0.26535652414463273,5.400666671549661,-5.717474637252971,1.4693038903983697,-0.5908025124843466,-0.8117621905396691,0.28431914396398283,-0.3045943581670941,3561
8.87833322704554,-1.889267387455547,-1.777192886956513,-39.90482918798408,-11.813627090261823,3.7859029170603256,-1.3104429659904646,4.644037812833627,-1.263847729658295,-1.0511077802397177,3562
5.194041094770657,-0.598927310115417,0.010627050302016544,3.0414565976816927,-1.2888012505764068,-2.919353429186767,0.5304349126750563,-4.894410357577304,0.4512577112661968,0.5977309947541563,3563
-25.397467297754293,35.56426905848456,-15.505254888083128,-1.8245216911064497,3.451457031963486,0.7223911736728229,-6.676051776424295,0.42541794768966507,-1.0698101610806603,0.8231216375698923,3564
-22.135835770182325,-0.12952014170791853,24.21708592514526,0.363430089559682,1.0764274580552842,2.6834450976848663,-1.4925748393146823,1.536403384307237,0.19293101631401485,-0.15942747605035518,3565
3.5712779835160657,0.15905745819065215,-0.24425940236885052,5.912143679674859,-6.962836858911107,1.4330262701046794,-0.666239347975993,0.6748691098609205,0.3294764276346611,0.2677925280022626,3566
7.721752289519749,-1.1481654879919632,0.09128819178064695,-0.6609840038461396,5.612958150306239,-0.06578947741997758,0.3076576468155757,0.8039919959184517,-0.0822296106313748,-0.1227263529326154,3567
8.283548509418756,-1.5351010780930634,-0.2921603961726603,0.5758749944281746,6.315008245800812,0.3285795608073598,-0.04250352747876943,1.566129091123423,-0.04518587624704882,0.12073119624681596,3568
3.89213379602607,0.5243409456728245,0.27406046724274735,6.156263935078641,-6.9183414574967745,2.009655983272197,0.7725952585161056,2.138811646161407,0.845858440170581,0.5106433742565057,3569
5.60823289229285,-0.3603313110163893,0.5145735284072034,1.087820564281148,5.0236194929821725,0.5414481494965755,0.45820401460926086,1.4570095294294838,1.7055371273697248,-0.043870416365931565,3570
4.079422104458406,-1.0714826496841745,-0.23251452278197188,2.6416424327075374,1.127943059672472,2.047668620449036,1.0843032719386565,3.961118808957718,0.7299593470989483,-0.21037890997587594,3571
8.65959499494635,-1.9261874080934078,-0.5463343625907836,-0.4245515387642664,8.293562395495895,-2.1658086453641343,0.23804722900277342,-7.779225090920528,0.4041546550076992,-0.23529506434171188,3572
6.9088827644313024,-1.0303779389515875,-0.360840677899063,1.4252869600647324,2.8333527833687233,-3.018840885638792,-0.7667981865473985,-8.750431566893505,0.023328246948851952,-0.36504226287945885,3573
-22.752319886215734,33.6575581183277,-15.355365910865782,-1.5191942242405203,2.4426334614051357,1.616422101437215,-5.916664432600546,0.008759134798832661,0.14886591602772048,-0.7538828897905979,3574
3.6168642192031486,-0.1676804671608673,0.9567793497192969,3.424341615232122,-1.7466724320482216,0.599815093750211,0.29893404058849243,-0.8909984199394052,1.6968489884575557,-0.3025350680696191,3575
-8.95551457425995,-6.706579390895949,-4.495780423106711,-3.079700435987723,-8.712619654841873,-78.5026085582117,-12.551323578287173,12.757688507616841,1.5107957112140493,0.8839093660125574,3576
5.422014393935946,-0.4337048302843759,0.08434527882069404,2.226380849935733,-1.3130793327300818,0.19751485083212475,-0.5172779983982184,0.5950084303898513,-0.13148591194439632,-0.15267591762707286,3577
-24.53389980431317,-24.089402380957274,-16.846921507635656,-0.010436538234094218,-0.0032960995801454966,3.258596575650654,-1.2449159313154037,-4.104593063582707,1.7882662858991656,-0.45544154681257,3578
7.082229563251701,-1.2792745416690197,-0.14269346401124344,-1.3718561032196954,9.444418116823874,-2.3902036070384867,1.1164765749693126,2.200979112910758,0.8705221286122339,0.6640234885909154,3579
4.74970144972804,-0.013766494177923874,0.4937987103368815,1.8063493968151427,1.8385551109332425,0.6051174570144383,0.7061068904232737,-0.4328303471319732,0.6581438891458006,-0.056098701841476264,3580
-4.2230184347972255,-0.5062697111746176,8.756498661322018,0.37244399835707614,3.206432366604565,-1.7912039174107528,-0.5172714934495065,-8.035860231370412,-0.23357093853117167,-0.3726848739424823,3581
7.7767835309104045,-0.9483012275319527,-0.09146560619861041,-0.07624345641012636,4.511388827463827,0.06602983252528447,-0.381745000525386,0.9510856737355796,0.5356823048583864,0.1932073401720228,3582
-23.830940420428547,37.12295387689663,-16.44225566003106,-1.010900843842942,3.2176045696507036,0.6130111725361335,-3.732790872366567,0.0623534324971066,0.6576841624579354,-1.0155219362471608,3583
5.799563331432796,-0.598742831786439,-0.18206702550211767,3.938837406115317,-5.132710368510198,1.8893130162908183,-0.8310332831537136,2.147841807060265,-0.8354072305690452,-0.07600655941047996,3584
7.242869029971264,-1.8966642396977915,-0.3024491100791983,5.743296354022658e-4,3.8658512104979246,-3.0168754171608305,-0.4071211439558391,-10.845061226393465,-0.2690494400425207,-0.3709084919374052,3585
-25.712652599236396,-0.7236543841947587,24.134467268954257,-0.9011564421833947,1.2763420953371212,2.837470713213274,-0.630023020654107,2.188657530679477,0.39724258973542226,0.10207955240040076,3586
10.091716083836417,-1.8437117839362622,-1.5219788924273099,-32.58858016395035,-3.7563596590181882,2.1969662493871778,-1.4902062742703317,3.7952814571759115,-12.131818515885737,-0.16607848746589451,3587
6.268583524202549,-0.6332842625711368,-0.5112545619481645,4.910535591202347,-4.778934604017079,1.867359272788508,-1.3162438969764851,0.46670186563460414,0.1491138066190778,0.2211988715531892,3588
4.539761747610337,-0.4682947990943282,-0.16121490916989212,4.390753440190435,-6.013897006498296,-0.3259024181167465,-1.3137241745293653,-4.022746399962684,0.6958304271811467,0.025753264576265363,3589
5.670050042482135,-0.4045721651516556,0.4358017175715809,2.5230408392548527,0.5778222748517393,1.2575130034620674,0.5254993396746553,1.1317757647021758,-0.029397893601730965,-0.3057138156252356,3590
4.2507349267754355,0.43500456579930863,0.005167111820008423,4.106673359575802,-6.129103811922084,1.5805908198462089,-0.8084840262196556,0.2454674624665962,1.4840742920303507,-0.1923325725093697,3591
7.2573788568176605,-0.5989958817803502,0.03531237048364774,2.042041567900393,3.276642270504034,-0.1945728782249471,-0.09534966683628579,-3.2121714358751436,1.6063572122853758,-0.03210481978377429,3592
7.016413147524308,-1.0219302086160034,-0.5306436546058094,2.561837457486547,2.1805902270938544,1.1702738237353032,-0.2369900368761817,2.135415362108284,0.34274616868560875,0.04968340033153276,3593
8.303673320511535,-1.354438898351479,-0.5711810436623527,-1.3012935355853164,5.65940676004662,-0.5204306701291689,-0.37911964671790876,1.6294247986635455,-1.0158359291324848,-0.06626561453945791,3594
6.12578097717938,-0.7203905493796828,-0.02486491354388491,1.745843266414018,1.8510144938359265,0.13567874576532166,-0.26969327692722556,0.4295839473459804,0.4357125840017606,-0.11341857726375797,3595
5.920526005118959,-0.6284525840103341,0.03275776121314142,1.9198482052515577,0.5489316838605902,-0.033559368118152196,-0.2966650107645649,1.9076997548201866,0.047075946930224565,0.11693538191068482,3596
9.048178256400668,-0.9744636861798149,-0.41101803134605724,-1.7955466756530383,3.9996591084817466,0.45579462027978423,-0.9665071292298206,2.3948716761569306,-2.7738317241159614,0.37888848304099326,3597
-16.23231211200311,23.010123284431934,-9.425186626882574,0.604587752147519,1.4224569262897788,0.2437408137333014,-3.802550474074968,1.5283722822677575,-0.050324397226373975,0.3081239234651781,3598
5.0356578789235416,-0.44292105076733573,-0.770145419257681,5.152409535656705,-7.045317938253715,2.1480306888563345,-0.9716034629046832,0.8741587108615753,0.009221588594547464,0.2590627395480868,3599
8.192566683234253,-1.6656091719161197,-0.31467246924572523,-1.7548739656614445,13.201330777055672,-1.705256864780818,1.6302921771241063,3.0018923425408834,2.8288366162790597,0.7533812116483428,3600
5.381605113373484,0.23967475553108583,0.4133185551758622,5.457909276221943,-8.038744186667614,1.9560644495960173,-1.1124723566685712,0.37485692761977213,-0.7269175707828899,-0.06624066219222711,3601
-9.81851542815637,-4.96330705158286,-5.247147189627857,-1.2343325552472344,-6.2405404255184145,-42.786377636739076,-2.400186297751131,18.555077157595516,0.8721083029210835,0.42596786386068475,3602
7.6391682978050905,-1.14293538731905,-0.18906671383044243,0.8218280369297115,3.847872642009542,1.1434601680346972,-0.02779169294446577,1.145547537932744,0.6316295615614226,-0.37647570690756443,3603
4.141695361100304,0.044594648157478864,0.20634686215311857,5.177292651429983,-6.426588266879179,0.861412095461987,-1.0576491977739715,0.76598052851022,0.11123073053873726,0.05859075845638923,3604
5.715915250705989,-0.739722926919226,-0.09027767656855377,3.0912144492650753,-2.405594443774412,0.30549821408207967,0.47507004666689684,1.0335273158264742,-0.340849695855402,1.0102692497351005,3605
7.975699330761481,-1.3118834572930664,-1.4776963150143065,-30.504972296670278,-2.6714464501475335,1.1620043342774622,0.04239984573794521,4.163039804089611,-12.451265458211848,1.0001454594199473,3606
7.63305919491079,-1.2121725932026708,0.028175696916329523,0.7737307384693592,6.60806618239228,1.0897736291724736,0.4791131481581439,2.2075038519957753,0.2509394905375872,0.09460414765195595,3607
9.711870207738048,-1.9254639889122942,-1.5324129270599167,-50.472581101038195,-15.389445531360188,4.771988214370145,-2.280370374084203,2.188418495403728,26.923937007719402,-1.3077963806963064,3608
4.347763402730865,0.10778068867279189,0.3945979544332022,4.112459697213095,-7.1096272448933,1.8093929177400607,-0.5480099436236513,2.3809083379074103,-1.6074605624569955,-0.3975077700885648,3609
6.314113422877524,-0.5331095562005438,0.1631784241394517,2.30912263409123,-1.1563966651257005,2.2202258268771518,-0.06841202926854376,2.3393312538372157,-0.2380722939212926,-0.30345668471819454,3610
7.122777410928669,-1.0253935162658734,0.12105832760294716,0.7534375427163029,3.9567598848350616,1.3571223441108144,0.42664151697055314,2.823924929912781,0.6356298375767951,-0.044678080823153436,3611
6.236223729462865,-0.9459213032416943,-0.4398574446198352,4.206696885519888,-2.540414122425031,1.1669719270939136,-0.7171033598670535,0.6511933086623277,0.320512083009387,-0.2811837669726696,3612
6.676363805186133,-0.7568980692904038,-0.3130205812973813,2.841089274701812,-5.716187934487249,-6.421358942715164,-3.192797039025408,-12.233929002399659,-1.9658647878052944,-0.12715786537596105,3613
3.6604403880764216,0.03022041789989751,0.4321660157830397,4.961495607786957,-5.005647061279567,2.0892589975077205,-0.04612269089101084,0.27987340794146415,0.22561025197905527,0.033319973487425825,3614
7.141014809845021,-0.7075702656922096,-0.22444855742362524,0.9710748368439638,3.1492180275401855,0.3753093206037357,-0.008966601689437552,0.39443423419256485,0.8251621411308312,-0.03574946594788053,3615
4.090532674604064,0.5064161633472394,-0.5841322409987315,4.866541828869653,-5.087158268321694,2.3812322687949465,-0.24949704843554577,0.7541689309036892,0.18860250070116386,-0.16955173810901003,3616
7.917850347088203,-1.3744877459950258,0.006949171448026332,-0.1606021510389111,7.729917114807078,1.005688756382551,0.25473272587179496,2.5614882946209634,1.0882149036490993,-0.09425016606643705,3617
-12.027291263514357,11.998755593744248,-1.3097609163332773,0.9052081586934124,-5.7615887548559375,-4.090946152467572,38.45097990391958,4.054424014296566,1.0290594547651584,-26.084214198962282,3618
6.427165147083628,-0.5717531008143406,0.16045678862616375,3.17313392250496,0.9856742617062823,0.8391993754030129,0.023434846988688748,-0.4941651109424253,1.438293469158171,0.08947517448515438,3619
6.973293518352697,-1.0648035086812744,0.03775430146044995,2.53162492093775,-0.32802676128567,-2.853066077510232,-1.1790557311698133,-13.77993281559001,0.05570808372980783,-0.35113616404738884,3620
7.355780679551328,-0.9592064577917936,-0.6169187625362814,1.6152869236439358,1.9832052792738524,-0.23256198442871634,-0.6860321358185444,0.33569026844946986,-0.7638653941792369,-0.030737205987772867,3621
4.2324944048389,-2.8670820925198,-1.3527688371779751,2.2647391141217663,-6.383508760011529,-20.10866482113492,-4.701946498735243,-11.020982163375004,-0.5750339556251342,0.5461949330418222,3622
-19.995605431542952,29.396825467650824,-13.021421771553282,-0.4669720162664304,1.234214665220179,0.7914421970348254,-3.87599778298179,-1.5310415779833533,0.18708915376257945,1.5073529739792246,3623
-27.0363157338996,-25.730034416496046,-19.190651216973787,1.3568340220797217,0.07642645652267523,5.315993899203811,-0.4856061923940545,-3.6455807798155835,-0.5430108881975495,-1.1547353113707417,3624
5.815851820865641,-0.33334099629752223,0.22256734010808038,4.783763420917376,-6.3379209111845825,2.2028624272646278,-1.0575082346903797,1.2206964159957006,-0.2060818856669379,0.14922028278122587,3625
-23.815295093815152,-3.711963873245373,18.15391788252293,-2.237023630676837,0.4741514558760749,-7.578748793366022,-1.0286475828858828,2.097130737929407,0.547914178435306,-2.947747512113676,3626
8.292654963485537,-0.9274705195803197,-0.6943612845778465,0.19524803579061795,3.965094772179241,1.0735726471234164,-0.2288572334597141,1.454930246625247,-0.7915753549805516,0.16973176161843595,3627
2.695895405804602,0.03742331765467382,0.6525702136022259,4.423482827675081,-5.8141282915956385,2.4166445850756486,0.2905935558401907,0.7531156698156108,1.2284380766181244,-0.02391672356602203,3628
4.279901014720207,-1.1880182261967662,0.049963780905584426,3.448730188454447,-5.0439865975059295,-1.024067517237643,-1.7385690600291606,-9.06632921828606,-0.09378559226516878,0.11422558479264996,3629
8.275808745742994,-1.2706154314547302,-0.7445783957428977,-0.015458391347163323,4.540779894723457,-2.5802982556681444,-0.43282160121890717,-11.079137154186029,-0.8301990027457701,-0.05101719835123764,3630
6.221307305086114,-0.6944400564149307,-0.3181832692952027,3.463491540935246,-0.747692750014762,1.420566940495707,-0.47529704141861456,-1.2724160376558555,0.520238776450361,0.060013536440940644,3631
7.836438362336236,-0.9967947954346223,8.32913841456354e-4,-1.2116979590330426,4.076023256955638,0.12333249997030601,-0.41300433441563333,1.8230971310285786,-0.5789965705605261,-0.21677301895984474,3632
4.688666321817706,-0.0744676324139779,0.5438343247593463,5.242479041560668,-5.224947646184095,1.5455765094667542,-0.28330690081704224,1.2561985953337507,0.6343846448634602,0.30703856112893874,3633
7.909592629077455,-0.9563043675231035,-0.24456965264002944,-0.10152029438103753,5.952087945721992,0.46664762821631045,-0.09958350806878098,1.7864819912896464,-0.7203751916831306,-0.37861525924649947,3634
8.858159597496018,-1.8402499924747775,-0.9799150080902195,-2.2806070491878883,10.380452005967548,-2.6533525747621156,0.17256271103426243,-5.660164552220956,0.2938598877642001,0.13376990840381184,3635
6.315006194389987,-1.0363455396487908,0.0030608846170417196,2.57781200601587,-0.6032298452262909,-0.09874971607539763,-0.47816876374970185,0.5727151556518671,-0.44265755263831646,0.16161046381682115,3636
4.8562107815203435,-0.03535256591049923,0.17320154049736508,4.01869336983586,-0.9250119411051696,0.2860195712966605,1.401746267985416,1.4392482261328956,1.2148437422345855,-2.539481150245975,3637
8.13082813802186,-1.3685174530840867,-0.6222449344985364,-0.1170825337723548,4.3062297226660915,0.8218535150238581,0.4244693233800474,2.1605098369824716,0.20334196094427934,-0.02434759065839583,3638
-23.27515327513198,-0.8128589948517535,21.19699227704911,-0.5625464133076398,-0.22135454314300076,1.7995813719178455,0.27991844361398344,1.09010323593245,-0.32366604209934446,1.2906457705624395,3639
5.182808351725108,-0.5364844646423058,0.04220700726649554,5.288206543304991,-6.042352288729248,0.09078904799003495,-1.448076947887585,1.6585392689484422,0.06869829237712605,0.28016662830516165,3640
7.5805690213032015,-1.160560940748913,-0.49919995822750834,-0.6140401579792546,7.4513716351472,-1.56512991297678,0.2602794555282516,-4.208420076027061,0.6642679672185005,-0.11235530467542212,3641
-22.394655631782797,33.44659281963083,-14.378752882779802,-0.6584345061017554,2.1316602532433224,1.6652200853649752,-4.2763061966427705,0.2546465133668971,-2.035195135086453,0.28780832656007493,3642
5.077418942455483,-0.485687314781442,0.2537373843068842,3.9672988070404713,-3.780286545349866,1.1364029052261133,-0.4940128070256489,0.9617045718324411,-0.5810560340552134,0.3090101245803997,3643
7.013079468118628,-0.5723773934380358,0.2816836149644336,3.1492912259118775,-1.9995572189231983,0.2841749143303641,-0.7489303886075116,-3.859817112454766,-0.06506039334361721,0.045463934832431635,3644
4.851225811711874,-0.10847741245664619,0.3262210434662279,2.8618875901437764,-1.150023068092894,0.6268140547861888,0.29792441219135996,1.3613669535822384,1.1719733051439594,0.2969812727740147,3645
7.541195596403274,-0.6612825781527202,-0.6207214039305293,-0.3740972504192896,5.924227404850897,0.37739091376719414,0.16690110515830056,1.481905736207845,-1.3533291003355856,-0.018721378284408636,3646
4.018264255786231,0.15951202046623247,0.12654468772720318,5.162785039669259,-7.943055917372315,-0.25603843106484814,-1.257826802934507,0.31289352043791535,-0.5050650026302349,0.9242755905183816,3647
-21.43851426960771,32.04400665889635,-13.033593269606888,-0.7793594940860696,2.6380676311605975,2.5657214648809705,-2.8729833935714675,1.6095153005045333,-0.7597968649172161,0.9583642689215242,3648
4.9763254378202095,-0.5051293569454334,0.7660916910223164,-0.5494286105133799,7.576490684340795,1.3687953457601398,1.1221285776255865,4.198345050343845,2.184326487030534,-0.15060824394827096,3649
6.3395048238121525,-0.2044003210277754,-0.11796504655862404,2.375686686357543,-0.3492225047953074,0.8336349016724081,-0.5164336483575557,0.0730279032953148,-0.026357754574134206,-0.15499077615332185,3650
-25.208665036743994,-0.4692953811969157,25.182584886852236,-3.142956589053437,0.4176832409172072,3.317157371375991,-1.9333545786727786,0.3896907104842995,0.4304276684157833,0.12088504004297261,3651
7.1864708446294365,-1.146391638448488,-0.2376514383192724,1.7447131907920916,0.12170017795891776,-3.7645646068594774,-1.0430381097196293,-14.104576532581282,-0.6484946833479404,-0.5814833259711031,3652
4.823540495785051,-0.15653351702544804,-0.03129841544104622,4.6413564575536475,-5.503548151173385,1.2319275796611466,-1.1208724813433508,0.43468565182569846,-0.02394370514436748,0.3936530565356595,3653
4.533792898317574,-0.36111308973649797,-0.1759986353117373,4.5584871774326805,-6.919939616562866,0.4782592382918932,-0.8284927176309882,-2.867980847812019,-0.27211296501446836,0.06455501742941733,3654
-18.075890517684552,25.830958037604653,-9.655421737663028,0.5981780196517037,1.5512803315360923,1.7671693632014325,-1.7958106335326636,0.9025110922959994,0.1353129410164446,-0.21059821367032391,3655
5.209508505972022,-0.0734853399910981,0.3033277228632453,5.756787521366408,-8.041853004139616,1.52656293277552,-1.0008962761419535,-0.3603692402709541,0.028244296991493924,0.14849732016887496,3656
8.22868756865509,-1.38681697152879,-0.17917320085030466,-2.122151961795946,14.224076719908567,-0.8701139116509965,1.948794977385937,1.8361494990592797,3.2010519888436977,-0.3150275369737651,3657
6.49722231315936,-0.5563852452495547,-0.12995871393945085,3.0496117986208424,-1.880767514540905,0.9718987864585177,-0.7678012460983974,0.7429291047558798,0.16339280235793008,-0.0117386332887771,3658
8.10956386194615,-1.2132489728275098,-0.40412699231731997,-0.3804591731707584,7.993652293072753,-0.2983876313361395,0.7639610584461837,1.4727626596663974,0.6935526561580471,0.19714754773997298,3659
8.1157359451717,-1.0989192393500973,-0.8627335158488351,-0.3663575449284095,6.46819077212465,-0.864430822201252,-0.19048502978236745,1.4706736439662578,0.5845674509700505,-0.19374184101401482,3660
-39.36076877105789,-34.27474938237863,-26.83913367649428,0.7607059469063225,1.1835856717732285,2.1792596700515547,-0.43415492572405134,1.3847437043303017,-0.45654674206728096,0.31227260026362946,3661
7.174664208419817,-0.9419456287122868,-0.2987765257334744,1.4375686532310439,1.9349631094980964,-0.27369358196287413,-0.4660181400778456,1.6474087283752314,-0.3175830017786926,0.09752073181906196,3662
-18.144416482177224,27.953526468680934,-12.080975493299805,0.36542608103906093,1.8296751519985373,1.9067101181042356,-5.189557650245574,-2.0684830745198726,0.36581566341742733,-1.10456681985022,3663
7.26558893258792,-0.8859990011383683,0.36689421839060277,-0.21983761436868907,6.895690533355385,0.3295367404875515,0.540856183003706,1.3250888845630064,1.3741394738555521,-0.42993863111754155,3664
-35.080458507731336,-29.74972418022884,-23.117109622509886,0.6795496941367707,1.4568965434861774,1.7909038241426614,-0.05291323904707034,0.7579544605392138,-0.10074582597323606,0.7313561878171426,3665
-36.066837703704905,-33.65576605815727,-24.933285958775745,1.213553307342467,0.7877189963547278,3.311225625633192,-0.43673387236440386,0.72948215107957,0.8237731119884686,0.6772612766206162,3666
8.723656911713212,-1.5201507278412671,-0.5852979924216428,-2.5306769000964464,8.608501379898787,-3.2809523483767693,-0.33851663674820826,-8.367743566962114,-1.17936566387259,-0.22360710884282325,3667
7.460174421680033,-0.6550246167309988,0.29854787749597766,0.9596316755015324,4.431766621262408,0.8410039206636808,1.433056214064502,3.188899160336598,0.941919172861608,-0.16639418996285246,3668
4.6500262723980095,-0.005383149927911978,0.6423548085489519,4.750652950121755,-6.327894098580705,0.7708077798459364,-0.7930346080044743,-0.8091537169865297,0.2515614777432438,-0.1998843755510311,3669
-22.99525838132864,32.51027624350129,-15.900131705357289,-1.3350543162137867,2.4391235881535183,0.8087502695180433,-5.59493219089136,0.2311681522869958,-1.0295316573432844,0.4658739838272051,3670
6.862459968849876,-0.7003930206330596,-0.6392347057968526,-22.020899557811617,-6.938928524918163,3.9643676807438406,-0.4351815309344965,3.6560178273928874,-0.06908885512622473,-0.8315017540768225,3671
6.436144469686163,-0.7391913744855092,0.061246792903600876,3.937860178450007,-3.6511407138379544,1.684736783958809,-0.5931936248398924,0.5449389323093766,0.1844886210042237,0.4829695071366187,3672
7.6162808471534085,-0.9577052599663379,-0.4073435435137636,2.250500209766264,0.5637670486199265,0.03931087968849696,-0.1888786213045395,0.33846255917390894,-0.2024986272988478,-0.22933846447527778,3673
7.378201559171716,-0.9024662190944464,-0.5002039460295499,0.3705118197315054,5.291330058445609,0.36931718583328066,0.004743054311024529,1.2540501194584501,-0.14430327712936328,0.347448436497257,3674
5.94324753218255,-0.5206075783789653,0.4655968623930742,4.864300821912576,-5.3375825659713305,0.710945075041085,-1.1345850735516272,-0.12736623594443044,1.9680902310786483,-0.05025205418538213,3675
6.1627932000610075,-0.5829163739698374,-0.06234395737603118,5.235589407769014,-6.278260637013575,1.182006277440884,-1.383416388264866,0.44890420986086543,-0.049558290828105374,0.09643058780349992,3676
3.7721976902950467,-0.41667901177217237,0.21466626589045787,4.914260110834632,-7.722655540404633,0.3325204908946242,-0.9852989346548942,1.906288415126049,-0.9128800602087798,-0.28471518916507677,3677
6.033603287309044,0.02093834303709769,0.39582663480238217,5.03664086036739,-7.206601602930516,1.5756727496278595,-1.4833085953457918,-0.20018936021610087,-0.06014910664008159,0.1854938385946017,3678
5.1682049923709625,-0.15990072961837337,-0.017975911000421195,4.4214826938078184,-5.039230511868148,1.142134695002744,-0.7966188057987211,0.1748876085913784,0.38609827203313735,0.4085080372310056,3679
-25.5150792844984,34.049013161109855,-13.238170227117003,-1.3101390894516858,2.3648983223404456,0.9467894737276691,-5.603356397117974,-0.18168683644217612,-1.0000169162296364,0.26369818118205324,3680
5.396573926932165,-0.1328910916470166,0.5098162865824725,4.846444140552809,-7.727782769780113,0.9350633236790911,-1.005892926682662,-0.9617078376142152,-0.06209931807456233,-0.18336378002961934,3681
-22.794993203914643,-0.38197417835153885,23.420300389527938,-0.6835969286564668,2.1330337847392973,1.8876542450818619,0.2078407668742032,0.0016746145313007435,0.08657902003284072,-0.007155571563400229,3682
-20.36814742578774,29.509016855314442,-12.610810323091775,-0.5951653482262869,2.273786920452314,0.7836514790535738,-5.218658690039873,-3.783570281409132,-0.7301922195430209,0.97005206840023706,3683
9.306405908658162,-0.9639232868287079,-1.4999986093039037,-24.997937880485015,-1.8323613250478807,1.9300823540750693,-0.27086807234354937,4.283208989657525,-14.845776468251586,-1.1507109837157237,3684
7.064655829745867,-0.7078188703039587,0.0359017171916791,-2.430177490112733,9.868048315586504,-0.7581137193124081,0.45299518469694716,1.9887805887596466,0.6690961442494132,-0.09354448061541167,3685
3.720231654426805,0.2861930909530505,0.40944784643394677,4.83674163137139,-7.944695087123179,1.1585885048920714,-0.5479118581970788,0.12464116212250342,-0.003406815056126183,0.08060781504697193,3686
5.892892247088729,-0.9685878647199934,0.449806658891076,2.85002049200221,-0.311563557394417,0.8869908145071158,-0.30706388311753086,-3.031187739133547,0.2842941331965152,0.06019355728564576,3687
6.856571242350342,-0.3194411411886179,0.1519045456735404,1.7682441617046711,3.8611090164772937,1.0323989960582844,0.45020685488898426,2.8585953446661647,0.714144879724644,-0.1560301529063743,3688
6.611693194341446,-0.834406281207849,-0.06895801558780623,1.317276214547274,5.873191506567133,0.20730610835165905,0.8769356589430057,0.4746539247085208,1.6670321766339422,-0.1610016353316487,3689
-27.074842119969354,39.431577969920056,-16.856666684713904,-2.34352928922089,3.318136142182712,-0.06028589994358967,-5.853634750869763,-1.3976909803183988,-1.2631216957794198,-2.213645120424033,3690
-21.453455540800764,32.02228391677621,-13.976424179335202,-2.9679407114845437,1.35342608156318,2.634056942460517,-3.3287078021950522,0.1372270499773597,2.0347117254547813,0.8291057635998443,3691
6.286802414598069,-0.27829365772580983,-0.05828613601663283,2.6973897173848136,-1.4067478695747988,0.778085708330478,-0.19667520252548362,1.3682616386462811,-0.6738786814825682,-0.23798637544924267,3692
6.957845816034542,-0.7724539688908089,-0.4327082118517271,0.6889313610283019,3.2321762113390133,0.1786157844503726,0.15112811138215437,2.257535753867851,-1.9237099344492483,-0.39760310038141305,3693
7.852748336605646,-0.517185663544798,-0.0563047435285489,0.6195835976997585,5.031809189859567,-0.305192357792604,-0.07073627125870276,0.27586999465415807,0.4849806991064969,0.053198944339789875,3694
-23.92366222413454,-0.2861374422715551,23.60386437671471,-1.780304579172989,1.0248009454473357,1.871216599994258,0.350309494115958,2.3820819481633735,-0.5839468000884598,0.38769670087935176,3695
5.437001858475194,-0.24146760164356898,-0.17932987708187223,4.749626558987849,-5.289533243363097,1.7574266425958447,-0.46593038040905227,0.7019122052535925,0.9192607269972283,0.016091960655852108,3696
6.582746412106811,-0.5670908461236087,-0.05618066868524507,2.8211697462431875,-3.0950660759664896,1.3618678676973404,-0.5487822125625049,0.8383430227062503,-0.3874742128114025,0.6781754983485861,3697
-26.169551543676985,-2.389565402836186,26.080853120223424,-0.4337607174484288,0.6576517555937281,2.766607911198116,0.7817646730598447,2.1381532092999955,0.69190884563144,-0.011369510027141498,3698
6.610019782053447,-1.134950262718966,-0.47792337063433854,-10.3298315803274,4.096430229876933,0.49676777267501615,1.4596279104872227,2.8127341114156135,-11.048789609165372,-1.1556139406607933,3699
-35.90164854140132,-31.779087278326088,-24.525574866136836,1.1167906317020244,0.9714167388553037,3.0964483311772106,-1.5219055222434208,0.8471043898776018,0.7236055412901743,-0.17491625773159508,3700
7.643099056060274,-1.3455590349026558,-0.18454760918256802,-0.1958337382548643,8.215386087960846,0.07932179969157219,0.8201642758337934,2.529112953589262,1.3231761019905788,0.2097819531724936,3701
4.654665209166316,-0.41311256610061875,0.11897996619022198,4.864655508043319,-5.883594223518509,0.5615609347643382,-1.2533841006353175,1.1460258492375586,-0.3226948028586812,0.2612844984459742,3702
5.05135271365788,0.008045880479161415,-0.21968994305616693,4.325153051700282,-5.7821365196840295,0.9804364373497746,-0.9329318955000019,1.2220247118207994,-0.48219165706813355,-0.05430978423629205,3703
-2.7857693935077497,10.926890071490169,-5.507793999943551,-4.763355402128757,1.806453631697132,-1.4038591036510464,-2.4668306544603804,-6.993667134670685,0.41812554949687997,-0.35217708191187796,3704
6.8762649718170135,-0.49933573076999127,0.2760752863493424,3.335337468789112,-3.71139145939008,-2.607241985105437,-1.574931076706494,-12.135016256315215,-0.8428112842517977,-0.1707476974464334,3705
5.023891662353328,-0.13891434115172466,-0.45115946111660565,4.729230710399022,-4.692492821271171,2.430118458765116,-0.2849970980523988,-0.10789056091271848,0.7817923251130953,-0.1138626992399022,3706
7.476604643231563,-1.1550152529024909,0.016513744858172048,0.319220804112408,4.1155587877458375,-2.818972455029837,-0.19079132639603885,-10.620265382944892,-0.14377641304193278,-0.5346944374451763,3707
8.928764497775015,-1.3995176717985611,-0.5939587426108566,-2.759438072310723,15.252767724861696,-0.6992579758163034,1.7661956156451426,3.310542635707774,2.090918344809458,-0.8492012222727465,3708
8.322551156255813,-1.3835901965581971,-0.1676808064275401,-0.73883372954011,11.078651727401288,-0.06410053704362384,0.8416707366667301,1.4268652673755655,1.444011371663675,0.13974608995798238,3709
4.920993228200466,0.17347269429689918,0.2547892289353677,5.314187006267146,-8.042223655245738,1.6868347887108937,-0.7292974645600497,1.5860810255305315,-0.34210494615737597,-0.01094624045661542,3710
6.440385590847575,-0.35905982692095,0.07754562932536714,2.5962471398718443,-2.3959742688159076,1.8087950823459196,-0.638261793641264,-0.058772779450193796,-0.9612748885028097,0.13134408345976076,3711
5.261747245806403,-0.6688998775786263,-0.1903390968969655,3.336559495361742,1.1689167138430758,1.47531622284189,0.7332180851422514,1.975944277436969,1.4366584975648635,0.24641077634448755,3712
4.632401150292008,-0.38131513579695475,0.10852670543654748,3.8105094540940683,-4.1715489328471005,1.8106790988003512,-0.21966846411088853,2.0589497055579247,-0.4937751478148502,0.09416785706340515,3713
7.088679924174321,-0.6665814522999087,0.07452491585461081,3.799233527251418,-2.2447928352569466,1.5363965848962573,-0.8426515240808146,0.9955139563602767,0.03384944866402364,-0.03656749526335269,3714
6.276282036974534,-0.3275776169950072,0.19188050415325517,2.110566743466285,4.257371028379373,0.3884139173169927,0.5200316059848105,3.594387557464971,1.5919478922211772,0.12252649535825287,3715
6.195555124644009,-0.9227387376210845,0.10255325206859982,3.4615009798695082,-4.140568813155786,-1.1002252830627393,-1.3264107530010911,-4.595685841429636,-0.14790841431942559,-0.37249175664853684,3716
5.284208305055365,-0.19484507614050892,-0.13226409254594895,4.694575211105413,-6.319834346301551,0.07342204128174121,-1.1713812239396175,1.1849048626384975,-0.4536554447990728,0.16968474891602048,3717
-21.66905687820053,-0.5730358608811779,18.7941134389145,-1.399310532577141,2.1213713603378994,-0.3802353604090602,0.2896244471197088,-10.979299349307764,-1.502680624137997,-1.9158426334846905,3718
7.469885816573057,-1.1429690728472528,0.30535986320898384,0.2656978154866217,9.205242100981526,0.04193101805212439,1.2252148927120836,-0.45745166150502703,1.7598504826312942,0.005433011704776414,3719
8.694209379653131,-1.2697859413899248,-0.4265215171204623,-1.3095951906041596,8.432454053039917,-0.26767521594778115,0.37420644626679017,1.5607298878403288,0.2936752796096104,0.10063505483891383,3720
-28.14761619864492,-0.567617301859425,28.97084258381059,-2.518477585769131,2.4817861355178255,1.6866626599253884,-0.4840774206089598,1.5349940943100957,0.5569209729199173,1.1769252661254699,3721
4.267848193404062,-0.05109865899965386,-0.4810709877920341,4.882002680043046,-5.8603223636035295,2.054707268798101,-0.11206505238643358,0.4015342059200939,0.11591880727240736,0.25598840908911624,3722
4.934433558773002,0.1445761065800925,-0.05783088495311862,4.875356816236913,-5.468130804879166,1.683140917547755,-0.3418722660246314,-1.0129005958434618,0.6079141208669336,-0.2838635296254384,3723
7.508872406972818,-1.6123224659697315,-0.27377792990040956,0.3264219482229723,5.5551122217648015,-1.9777799087535033,0.08852608760854075,-2.4693824228789603,-0.0895578469160278,-0.27874417935210455,3724
7.663834142758825,-0.3523783005880382,-0.32374454040076445,2.7408023678275604,-1.9848139070213815,-2.821980445549029,-1.9735837647227437,-11.905239820623652,-0.646841277757771,-0.18094076257705125,3725
5.188446464590544,-1.9706605318688184,2.639420892449117,-1.4200592034023396,6.053077339369441,-3.9161189853575804,-0.829217142858744,-12.65247493035026,-1.3321674571667448,-0.27103905670549394,3726
7.045335412522086,-1.6481760681410647,-0.3675477783436262,1.4113644769600366,-2.28187883949129,-3.619813405380281,-1.4400952128860114,-13.741154165068453,-2.9122176131709323,-0.508670854355077,3727
-38.06292057576406,-32.97631943604451,-23.48449810010413,-0.4449701542938554,1.125945511705301,3.5152374468067364,-0.6397962138268355,0.47367209190901244,-0.6445613738307073,0.35285704998919154,3728
5.6011894446379795,-0.06650990819588286,0.3298491837413103,4.050936303126202,-5.450072439451195,0.4858896352536201,-1.2179544748526536,1.1270717464429,-0.38948149805161125,0.1431707281828988,3729
7.962116875413138,-0.7797923680381931,-0.5695060999894742,-1.7533801692498456,9.925157092345117,0.1821853226049571,1.124928908406244,1.1285806450007059,0.3686278792043372,-0.10373706513070058,3730
6.222940879981221,-0.43957751690535746,0.15982165414976285,3.785521108957344,-2.0715420023689686,-0.388000840200929,-0.5484084922305769,0.12556980964451292,0.23576813896058796,-0.13910166036024427,3731
-34.0845094693126,-28.99442433786824,-22.106083064312305,0.5609244494040609,0.19688931677044624,3.734385737163654,-0.7236173537928638,2.1179697089672493,0.16864859794046178,-1.3358180464506075,3732
8.441482818903264,-1.3172596901614297,-0.5274673250324748,-1.737932590972119,13.244612029052954,-1.0968489486769004,1.1714772286267978,2.326459119380959,2.1745547397201346,0.8719068823571007,3733
4.389477348078127,-0.5590671675057319,0.010017138681270434,5.3534262200426195,-7.240968636310639,1.1900230551175532,-1.4952693305729223,1.6135014794693714,-0.5286389641474567,0.10358464859320869,3734
9.062176399015389,-1.183472483367846,-0.2869188534591829,-0.9473762936833432,7.275322131797709,0.6794096784253469,-0.043588828377244516,2.434857974473125,-0.1312359143461374,0.1661712031043628,3735
7.3848832377799996,-0.9411689246587223,0.28329519281467896,2.7804707745079114,1.0219067312794403,1.0855359932410773,-0.4236013095547692,1.396459900941334,0.0991722304938197,0.05761784416832265,3736
8.797706842564422,-1.3273924833874529,-0.7959230956198449,-1.0567668459988915,11.445729474416174,-0.23479610149153818,0.7191887344905238,1.8946330681460175,0.7981972932875883,0.10297001413913585,3737
6.467996865502488,-0.8355527543677925,-0.025358192366811735,1.7716457524983173,3.189248107883797,0.7996229907368031,0.6422805888288636,0.8212467535436166,0.4600613716505665,-0.22718126721296944,3738
6.31639053650991,-0.6007725825611516,0.1859899461847254,3.4620207176365247,-4.2785359801714975,2.206320618401702,-0.4732533068364613,1.1079249549114567,0.4486605946634787,0.222581749649667,3739
6.025691936277655,-0.5998589242185128,-0.4378191607261401,4.137368094794207,-6.613360977049393,0.6389966591980109,-1.9594032364800995,1.717335774295708,-0.8450419539414066,0.2610940035086505,3740
-15.120094322555595,20.778062155374926,-11.633778565065423,-50.51655696504208,-18.966174419220234,0.5091996404815446,15.908179307023234,-4.781822610206994,17.863765805434312,-2.7810065894534026,3741
3.661287706199028,0.13499598274273775,-0.03428588696913349,5.627466768363206,-7.397064278649041,1.6266140815368753,-1.0400705166336879,-0.632084763465982,0.8936804379716362,0.0945197996614875,3742
6.724544295992646,1.0798188901902313,-1.3132154360201613,0.9837258942614304,2.979292129078566,-0.4962153833125593,-0.983368947434321,-1.071087106886368,-0.3407583014366388,0.1347998481908844,3743
8.779975568261447,-1.6953032777238695,-0.6170618177856907,-4.999394027756446,16.660674401683544,-1.4724450535936948,1.5265581647338786,3.113031486394308,2.7959027610345597,1.0819261963337545,3744
-17.856786678266456,-6.759226871166098,5.363529554697094,-3.69445685166156,-3.7326122578395675,-48.85368732159987,-8.114463212586521,0.36885808978572115,-0.37291251133578546,0.8994783134326316,3745
6.256399558260772,-0.4306742831106026,-0.30795993762491897,3.1822151050123133,-0.4470490371341302,1.0147919254774402,0.5256503763356062,0.9875545440044575,0.09274124154018866,0.4302179206807285,3746
8.32452107864132,-1.1645891894600957,-0.49621897938884885,-0.33202291410437645,7.6717167059151885,0.2872486789410054,0.028965921108773895,1.8639183882454502,0.27988778470984854,0.21058073168708943,3747
6.3601112966823585,-0.7658407728996239,-0.4399339454419476,2.178888979907161,0.34228800675731813,-0.2040440422924238,-0.17649287128245508,-2.0965789644590194,0.4828871145052468,-0.09666509365418166,3748
8.611349465042768,-1.1992167823984712,-0.12294927524579416,-1.4005682754978546,7.067788792349801,-0.25964635348239923,-0.1352539973801837,0.8519170597645529,-0.8328831891409986,-0.223131099836339,3749
4.950089457033775,-0.11677047836540962,0.20174165446763487,4.565507849631959,-5.229123835871276,0.3029882027407212,-0.834960115306906,-0.6459649559949173,0.31579483583103374,0.2812926914584805,3750
5.787480236626265,-0.3340412992769255,-0.07176069712954032,4.653046477751991,-7.30197420827678,1.073860098151129,-1.6224281621039505,0.14793138007335982,-0.8109428221958982,0.06273107866512923,3751
8.827949870903616,-1.53989986038945,-0.652021159883127,-0.015345916222676614,5.219086876684003,-2.861401462732454,-0.8995311469451701,-10.166202867373169,-0.20424487914917377,-0.5886956684051046,3752
-24.06716945050604,-1.3805717278667915,24.376706788119083,-1.320949919134222,1.9308334278514006,1.2498019184888203,-0.9546410438160107,0.6454311478262059,-0.8110730605187626,-1.4370776031642585,3753
6.2553125251546335,-0.7892612461743085,-0.13404972304346108,3.506304475993113,-0.4186999788259575,0.3567107547394841,-0.5969930671333272,1.5102555530679431,1.0306768349211524,-0.5811433263647162,3754
8.651191259337224,-1.316944746959321,-0.1292018784057152,0.7535611173962478,3.7317179793878617,0.48825656272216245,-0.04431694292694779,1.236544196071541,-0.6187102703904945,0.17374136549769822,3755
-24.286156318877214,-2.755388593852361,25.422751727185478,-1.4316667488301291,0.9568036291352556,2.9972037763494197,-1.2368835749627591,2.4604078572256203,0.7804502496093302,-0.481714430741035,3756
-21.65046065852758,-1.2426911484348608,22.397115065056035,0.033028385632874566,1.5222439397081156,2.8436725973640145,-1.020561225774174,3.0814650627188893,0.7728369002774285,0.42419960591815903,3757
8.103293742099975,-1.2930624670016169,-0.44577637848961804,-0.3296533095710171,9.79725070790865,0.10876855756382156,0.8372810776652452,0.22500227209474105,0.9069029590113206,-0.22318400400794972,3758
8.300831550842576,-1.416936717996208,-0.39109646369494117,-0.750909462136366,7.845219985617298,-0.044115074233283896,-0.1301546622458178,1.496296140307393,0.1304526650296923,-0.12491385002200078,3759
5.35968752736171,0.004403570651425294,0.0943866762603203,5.680033294260081,-7.601612309367879,1.3354043700586362,-1.1188445998858865,0.5800409929455941,0.046275129617253496,0.6905268744988818,3760
6.228352960673821,-0.3484782350683766,-0.1120320828771577,3.5207592168400397,0.018638068532452978,2.0984966494760156,-0.13614324031612993,1.8470411837663518,0.17157442812434623,0.22782145151447658,3761
6.8443202580537905,-0.5562151166324455,-0.21466786561409656,-0.8199020973460815,10.073038451388667,0.7283124773385026,1.8658278415255136,2.4777812084376736,3.179891755923028,0.28394086166423044,3762
3.001519445042556,-0.031132566609342396,0.5690406286357345,4.706103807608136,-5.681797341210717,0.19485888972693238,0.025401322490397494,1.4739058391788489,1.395333951726676,-0.3666224324802247,3763
9.02156947176002,-1.3656387348486956,-0.687809891247104,-3.01909026853327,6.067942492246296,-3.895939393434626,-0.7087225901649092,-9.96386509799084,-1.5215400070628429,-0.32830049366912994,3764
5.848683651547395,-0.16156393446872314,-0.04230384749605775,3.0584515731254065,-5.422575494470631,0.9680372135532301,-1.2551735429221527,0.31339221389404287,-0.6724480093670256,0.19798895920042217,3765
5.246823234867474,-0.0990428321298548,-0.016134571201715624,4.018213790021494,-7.794892148384964,0.36877534175029536,-1.6066828390183943,-1.4933992968220493,-1.3167647056895955,0.1470080378501285,3766
-24.868777817094973,-22.101521862819514,-15.999239424994162,1.3236758742123018,1.677728564690793,1.2411990999347091,-1.1865339034447147,-10.517572461190657,-0.47350535864033877,-0.3458466975246468,3767
9.19036025738629,-1.1641614721306859,-0.3652250362428278,-1.5536733285859317,14.294956870483807,-0.30447317262107193,1.0694546476372684,2.2684678996508167,2.2755765408615565,0.5286060761803729,3768
6.144275692795791,-0.9684668639734634,-0.4796392819449026,1.8827845190450616,3.7696681797671814,1.3656894220407823,0.5763812719222262,2.0035486095030803,1.7134138372817018,-0.0049951395472279765,3769
6.134803299816106,-0.501452662245008,0.02134238985458067,2.421197595100002,0.1584022950697707,1.205838613751656,0.17996210612960492,1.508323858175507,0.9929991712081679,0.16401452691813515,3770
5.4939115186037455,-0.011897872257469732,-0.28886546777513383,4.868988297055823,-7.450599175891908,1.3169164630141958,-1.1768810190727759,0.8434584610850387,0.28875064881976065,0.23009242878354047,3771
9.413613105682492,-2.3571868071630426,-0.9971296963640338,-41.83798792813518,-5.566001791925427,2.1715568922859165,-1.659129165331813,4.458258583976368,-16.418020477329083,-0.22674139912911223,3772
-23.69012476172119,33.33199360336256,-15.357728539102029,-0.9201579939229206,3.0809177566818,-1.4291684879317408,-0.8934027242710874,-0.4158171970975287,0.23000270246178792,-1.2479136498939871,3773
-17.4029687912895,25.99818602061356,-10.184462273795189,0.0012670998886846366,1.169511481725943,1.7364625715906072,-3.1790288431392226,0.1132668876369716,0.1147077542945927,-2.6909982505038177,3774
5.292425376786943,-1.2452399941974377,-0.46276901117616254,3.0290392562341495,1.3387861565170358,0.9474729886013288,0.9546899784615706,0.7549664129140552,1.3650844239024809,-0.2039475496990557,3775
7.026676285209224,-0.7273172618872066,-0.33869219787089283,1.898448252512911,0.4042546201426838,1.1933211422771177,0.6636958300924474,0.9803553147365535,-0.16391053380063061,0.10953356783736347,3776
-23.04363102995114,-0.4443942726998193,23.702445194887183,-1.8274765374953295,0.2208901035365444,2.4617723814621377,-1.4403335952244842,2.0444104351530017,1.0974412362454047,0.6542567210641627,3777
4.954492991460533,-0.12685840497282969,0.4647124794914328,1.6562017386108343,5.510027732079019,2.4517961755669253,1.4560287150034252,3.6726682093209906,2.2502828540082453,-0.0972253338674304,3778
6.144783014949279,-0.7491707764402391,-0.035062773484401226,-14.282421673280385,-3.7083444241321426,1.9774100918249684,-0.8489868095850245,2.5810980019140572,-6.8968341157452695,-0.08445646641986122,3779
7.110110864140081,-0.6520854305454756,-1.013467810639751,0.39837691205047315,6.775487947344271,-0.0011174596577908028,0.3380178557316417,3.1043148818342097,0.5793183351023289,-0.14883457171106523,3780
8.01536575324875,-1.8603877432990419,-1.4152054534150313,-33.88046977624016,-4.121561052457376,2.5920720015323218,-0.8556417533143398,4.258480413090191,6.866919606206904,-0.5229666879342302,3781
5.536960849590404,-0.5818285770000139,-0.04829498977673102,5.139354972463719,-6.423031756097694,0.9159129266019982,-0.8992037833815154,0.46682608935644454,-0.414285366960609,0.6193719324868194,3782
8.213941802226751,-1.777501461714223,-1.628330813795088,-30.269275935917552,-2.444564151164856,2.1520558053626058,-0.6263780938471394,2.9753868860980925,18.817976944571335,-0.2969513347657625,3783
8.377812733367582,-1.2544218297661913,-1.0873695785541133,-2.028114625456511,7.726408359519401,-0.584685477722403,0.11892470622582994,-1.2179909935804623,0.4456271982616138,-0.31344991674604566,3784
6.545920141932544,-0.36978146503583104,-0.566052986159656,1.823749960481298,1.2271673964153644,0.6016656763311429,-0.20993712846972812,1.8287101010920617,0.057161805101000177,-0.22301214844100622,3785
4.833663039373141,0.2651627688955473,0.02390024876618305,5.520466495217614,-5.94788845466462,0.4537458836024157,-0.8208700259188757,1.3437920254066855,-0.5178501911601991,0.6968589428848041,3786
-20.35122740064935,30.10100863400355,-14.043047964621781,-0.6333589877588734,1.7139252917438035,1.1047323062958807,-0.8485431280620388,1.0107235862346018,0.37171683954054485,-2.0956780335131038,3787
4.028640923761937,0.05381143676131735,0.8571691090352369,3.577781709536696,-6.755815382403921,1.241747116800748,-0.7254671393235117,-0.028533576677366085,-0.15712586024942457,-0.3090474809704993,3788
8.604103020983208,-1.606471305267641,-1.6367550685186634,-34.21598714898847,-6.665758085663768,3.4987131710590456,-1.0736226736760948,4.377815189488305,-15.330145496956526,0.04961656443994795,3789
5.672831069107874,-0.281492903271387,-0.09608674269167412,4.41152811003666,-4.9299468258075905,1.2523794462922622,-0.7801442814629959,0.6882460241078068,0.12464344992059591,0.16541291618482803,3790
6.375305519222608,-0.6241615415214589,0.2029533478686568,3.1397376195909006,-1.6690704932002516,-1.5391483199458436,-0.6361077910238623,-9.629874005911681,-0.5145173186628272,-0.26167565318225877,3791
8.908392601149139,-1.4414799574268036,-0.7035427958287314,-1.7650152292541719,11.15466051430695,0.4398695596347373,1.2670453377241577,2.9022610645403693,1.4711681585928298,0.2809140847008714,3792
6.462417976372639,-0.4372288727239297,0.08189508654164072,2.5380303373117967,1.0541686622567772,0.22272079216240884,-0.2612643626396776,-1.3995930087530533,1.6079062866746443,0.05213447009701573,3793
3.988857304158166,-0.07144953197776562,0.4913170928594148,4.990676024874755,-7.6752693829951015,0.32835593993833545,-0.6980805165233315,1.178560405205936,-0.8534004404589353,0.5946182670219219,3794
5.586826165234068,0.177519130494762,-0.4343174618376404,2.945114163585971,-1.7228629638016535,1.6894778379211932,-0.04436168121530264,-0.631359741875839,-1.7128713696125002,-0.33817964075254087,3795
6.638541097707738,-0.8083360355684173,0.44331886601376497,3.077471555490307,1.2134995759859064,0.578895778854896,-0.21983287786739322,-0.9615693710810878,0.821374701145439,-0.18326925664646299,3796
7.905151286798209,-1.282755350951711,-0.11090143916947373,-0.2675887957719373,6.932845118761292,0.4138607975439796,0.43500022922004905,0.6491652881602653,0.13414398447370124,0.16927936649185474,3797
7.770869888508995,-1.6418386568654115,-0.6848670017378804,0.3933935350056825,4.756529557388789,0.23684938154071447,0.0974562444318718,1.7640704976445585,-0.4426219226792528,0.3722949474698706,3798
-25.658987338167226,36.781863073515346,-16.59812684613875,-2.092006275065463,3.0262019809216354,0.13097688390634823,-4.922112747159077,-2.540781979330778,-1.579015029098822,-0.30665134007275424,3799
10.764745507306818,-1.8914994531127265,-1.753207507704834,-39.20127243639395,-8.069626476181083,-0.42455450723275684,-2.301534590662547,-13.095284529971508,5.498795465241362,-1.1105902541032782,3800
5.594346055347896,-0.31149009833403996,-0.5273787871426833,5.077043769870916,-6.439313200766486,1.0467659609942324,-1.5409328902104065,-0.38451073713576833,-0.20294977964239652,0.23866836891477372,3801
-26.98744813832312,-0.5477988320213315,29.251956150646325,-3.221824024964878,2.2534519133215376,1.0728062404540453,-0.5816353595378523,-0.709638781329759,-0.0925814607834867,1.537831472543529,3802
6.596104604122749,-1.1354130783857201,0.15074389125402943,0.6222665847662657,4.998283418689372,1.1614201366606092,-0.048919595520686567,2.6629934930884827,0.4506646630544215,-0.07780603288611967,3803
8.17018785243855,-0.8842146813930789,-0.3310121784931703,-0.7832753894415182,3.9422314386439767,0.9957752958680656,-0.04256732802909271,1.7158967197583705,-2.5845189749545674,0.2429346814297533,3804
7.784739538403934,-1.1673719042219413,-0.09170329476558389,0.5806915403982851,4.400815255251746,0.7075065489612068,0.14125383206472222,2.4743412590555702,0.4543119487608835,-0.1983139719491991,3805
-31.643132220642244,-29.205837553743393,-21.548124656735766,0.9785254401388809,1.9777418641023572,3.257865159934397,0.09070919290568863,-0.15153248484084786,0.36781155256028597,-1.0409805567796275,3806
6.144655634587258,-0.2730729697216912,-0.11943100351479025,4.001451691957537,-2.8011288817557465,0.5541721541068345,-0.39790388671299126,-0.44084271823302,-0.09994946940950275,0.09921732387738101,3807
8.646715793783978,-1.304995876739999,-0.45515797902638155,-3.193140903174903,10.400805026776238,-1.1737330539638442,0.11510592915382142,1.247492673069879,-1.2581868457042462,0.25352089707350767,3808
-23.982507027031907,34.10618631316077,-14.468892906448918,-1.4792715701716288,1.9111923932051997,0.7334641858693187,-3.0276634790084795,-0.15444304427295258,-1.1598512468195423,-1.496852805899317,3809
-9.86763046251974,-7.30125511161839,-4.66437268926967,-2.737542739919438,-8.97377201473825,-78.78736761875862,-11.094721006389932,14.529531836358418,2.4036845383662206,1.0174471642116452,3810
6.458920235030546,-1.0334910044227574,-0.26641733249582444,1.3597394217170335,3.679447233623378,0.8551815777254183,0.7351241022588318,2.2452239221312453,1.1947067688622381,0.01787421700372143,3811
3.6498572464762047,0.4743318809954823,0.26920780707308006,4.850396640406817,-6.297841233263889,1.2201070678403594,-0.04281615436625571,0.839666157371246,0.2752934123143587,0.05083461511032203,3812
5.345769675494746,-0.19533820606512506,-0.0575834387084887,3.9814338338232655,-5.390779074660969,-2.134752654272492,-1.391166912872217,-11.552697333263028,-0.8470811629295821,-0.15382876087150954,3813
8.970319708247931,-2.1207804143878053,-1.1231954115255902,-18.83593473607674,2.424925355822638,-3.154028227350694,-0.9604423902565911,-10.224788470879497,-14.890575892051563,0.0445381140112836,3814
8.978488808483485,-1.4407348736324546,-0.6337990488746934,-5.338233625669661,16.09030554283781,-3.106299645713058,1.3416673299377624,-3.3105854028499624,3.2629440198241566,-0.4933455378981768,3815
7.866523631743808,-1.268078804836252,-0.4109316388773986,0.0525216980571181,5.608628770429513,-3.4745286965592563,0.03534350686490561,-8.596293561042263,0.04817689174368676,-0.0832412686401797,3816
-19.049560531418162,25.305558441133304,-11.686455441667734,-0.5299611327512969,1.5544997087267471,1.2624174852353964,-4.695106896980785,1.7699589575395913,-0.27430255844585966,0.4290576752505805,3817
8.3185131409986,-1.9350859054138694,-0.8084686329742147,-24.104250362822704,5.376340783735058,0.7918193284599272,0.8430320275002255,4.123322424748744,-19.0494085344846,-0.12090840807514355,3818
5.037650470825339,-0.2757521068669478,0.3223683513335355,4.273674401173227,-6.718778680418485,0.7597009725852935,-1.5160016314260518,1.2411682217622813,-1.0604971275572512,0.06612948574893335,3819
-25.278836417155922,-0.22943039955475628,-5.617427428630699,0.28089042943090287,2.373750240779764,-0.23572511353078238,-3.3367565365983736,-3.7679390183729686,0.6840491432200433,1.9695951075526603,3820
5.266650546735849,-0.6068938957149667,-0.09983559561894287,2.9256532334029846,-0.7178000088510489,1.516796959549897,0.14760766042563758,1.6753763887260325,0.7680714197652077,0.0760652652412074,3821
4.3074501649831385,-0.2416522710305623,0.19463397139536512,4.835226547779692,-7.046022734507188,0.9952683703899415,-1.0872336982241848,2.631505198596983,-0.6024756726856334,0.2909861759823547,3822
-26.480002263119818,-3.0002922505065825,26.40245392257781,-1.6206240337427809,0.5036500726924474,-1.0610930663137343,-1.0925991691262438,1.6260822931563133,-0.8142121626734009,-1.252643510057374,3823
5.428443136534662,-0.3899029471585464,-0.12066802925961803,3.989387610308191,-7.54273151712148,0.652001458004149,-1.744263292176765,0.16317345714035236,-0.7418117652775758,-0.10321268949318788,3824
6.577820084115388,-0.5961485573865754,0.19413710133658277,3.686552211350613,-5.165250812632603,0.26599729864043836,-1.3661578834484045,0.30461263887929535,-0.5034809581327618,0.333109336867442,3825
9.58624210718806,-2.177102335726154,-1.5766159592409459,-45.89590005006533,-10.95968858534188,5.114010657162168,-1.8597987091326875,1.4089873997138829,27.77347011226591,-1.2051218410907136,3826
4.555774394481085,0.05270417651298517,0.3644855063903499,4.611378240326868,-6.568800921967433,0.15060001548792643,-1.5151527200357775,1.3210357097954242,-0.671166341710617,0.35945468989229024,3827
6.667707956572265,-1.1793740244420476,-0.16308408188913343,1.119973815389304,3.40652617624727,0.24246233167123507,-0.2381988814204996,-0.6605393086558328,-0.5764346472338496,-0.07154275020738708,3828
7.064197841032645,-0.32796382596821266,-0.1949630964261937,1.6183602075772725,4.477577373459707,0.13309135473520453,0.845083569812604,0.33287085740169425,0.359207991916529,0.603243410800557,3829
4.933118258780812,-0.3579646117118874,-0.08676896864346402,5.018000628042239,-6.624163881348658,-0.15024055352664525,-1.027593525430363,0.1396300427643301,-0.10391349869015268,0.3646508595791907,3830
6.887150168868717,-1.5485878433777613,-0.7020457894972868,-8.89637495713596e-4,7.094174949280636,0.8746161078924994,0.6090292290430275,1.7682691316297627,1.316236110159559,0.3846243228940455,3831
7.351475530078167,-0.8178557859148534,-0.5271326532606341,1.6712680686512817,2.0999363897002357,0.44214494305831475,-0.04959643726080625,1.0866098439545042,0.2649051825931897,-0.13387290901724685,3832
-30.70232731953453,4.146278267203435,20.679168559985264,-3.2763293803708726,-0.305131842752835,-4.811755851909763,27.73335543238715,-9.07702938430063,-1.681828758648308,-24.21576590639543,3833
-29.70636858707318,-27.123629865143883,-22.09474107972996,2.0116140024319864,-0.4328267571388595,2.7795341228821755,-0.6768787279454469,1.9142664002361365,-0.5820732445851406,-0.38574735064672083,3834
5.954448068344542,0.04873079185351727,-0.09789971554702591,4.936222831156182,-7.411083745131425,0.7372210157365621,-1.2835886563209344,0.7416895071515915,0.0060456184455155975,0.16022514442387575,3835
8.598154460071806,-1.509468268107242,-0.667121616735865,0.21558661533086473,3.4208584594052436,0.3064293313456047,-0.4459224476923993,2.8172052004798567,-0.35018605521705803,0.15778892129688057,3836
-21.683357436623794,-0.930034500277101,21.210220509206202,0.06723067048339929,0.6924333405062799,0.6646622474316821,-1.2685869939610295,-0.21207829349125096,0.789614921769562,-0.7435463861032361,3837
-20.720199550123443,-1.9803555626298328,21.672709254696493,-2.2385348727429717,-0.015525341083573755,-1.281336251191716,-1.6722185305936035,-2.045926344731217,2.828021949882433,-1.449888480080626,3838
6.310588238139524,-0.4244952837614131,-0.38837708830255024,4.395530212859505,-5.0609631370204315,0.9464408332124542,-1.178705676300639,-0.055637668004868704,0.1855371798483342,0.19276370147418798,3839
6.747391571792936,-0.8169347978666769,-0.5756407889188351,0.01644766861539267,7.693637864236401,0.6600954850040879,1.3359025735919512,1.363043182746364,1.6169763148548775,1.3192075515020618,3840
8.882844063733609,-1.6639495965222206,-0.6322511426862469,-3.5964482730921854,11.833412243713413,-0.32913874596592024,1.0752068442135352,1.4286101032812464,-1.1692820182521395,0.5982737371192633,3841
-30.051999490120533,-28.680914220960045,-20.205883526787108,1.5622827875932195,-0.09198264549021104,5.244641779727995,-0.7800528484835126,-0.21490883721255186,0.02009934262127851,0.2521139260298769,3842
5.641316830684895,-1.1957154741136533,-0.49211609500558556,1.900653212344289,3.289754596397395,0.594507348163269,0.6353804219498324,2.001757495619151,0.9882811910224102,0.14639253714267786,3843
5.555515961594579,0.08336182387928132,-0.18734828539677706,3.081461966790115,-1.39703397835577,2.0338247467054607,-0.444049034061035,0.35489447189869405,-0.3696192706845547,-0.06215625199041496,3844
3.7810229149163153,0.010569052978009905,-0.7593715095286215,4.93761053879133,-6.179561993591883,0.9137017112096669,-0.9278885113621524,-0.350201218498008,-0.24880761843931373,0.2698984802648344,3845
-31.18437431589308,-28.603198761805704,-20.07290081227724,0.23108943979215318,1.2353045885619356,3.166826163698974,-0.6720570465004971,0.7402631995729309,0.07502834280702429,0.757588749907649,3846
7.4785158105789575,-1.1470023734315193,-0.4090792086454163,0.833172171566077,7.360518736031787,0.9804934372105363,0.7865443409478909,2.8328461524246284,1.5253539550077952,-0.2488148662637569,3847
6.853483261654667,-0.9427120699204832,0.2437577235633192,1.2892479779020052,4.6188264202341625,0.5899765741209178,0.47564578203007746,1.1232597222355007,1.1483954845682647,0.20990130144885982,3848
5.669834974566439,0.167660792219162,-0.5195545879899411,6.067772326777837,-8.090725791191161,1.5894904716367475,-1.2641724859276624,0.29201368013609985,0.031662898883730126,0.20396402182268653,3849
5.647914882296578,-0.34558883171467436,0.30852968476588594,3.5748027516080763,-4.292654651145571,0.8540594615645186,-1.25419368462515,0.9787806513880893,-2.1537592685623084,0.11764766602422239,3850
9.387380954969663,-1.6286365890712762,-0.41345519815837173,-1.5952811141929468,10.976110397719776,-3.229473768531768,0.1119665741752067,-8.197821827692175,0.8438400652686333,-0.41208270705304895,3851
7.660586152745352,-1.2107866974667194,-0.6229321236590556,0.07410338189526974,6.294875612805006,0.47719286558491364,0.9215230167842161,1.3342230482570832,-0.4623894014357377,0.396502203929724,3852
7.257654404018246,-0.7849464471168591,0.006504732551119519,1.0349111061521417,2.66697114309771,0.5269726347965762,0.49886935927210113,2.60987485204325,-0.5088118637189706,-0.32280463516819047,3853
-24.46154114214368,-1.1699879763586558,23.33786999963197,-1.3552123735267803,1.6741450501539914,2.3410698035354214,-2.29500828439355,0.8237422389485186,-0.6416589662446173,-0.1720276343827604,3854
8.558420557655644,-1.2051391017685749,-0.43491257924196836,-0.8596539169279042,7.52907927578404,0.3225117561969314,0.38098217256499406,1.7054370011924092,-0.03523515388995188,0.06291358212860315,3855
-22.725401122838335,-4.193139085952015,19.91026646451666,-0.3878342589225312,-0.048107357258263095,-2.470950555050811,0.46246612022010547,2.2790977504038614,-0.21031741669807472,-1.3456245181919342,3856
7.289601271945012,-1.060121466590716,-0.23736668717770987,-1.9206914424700727,2.4674901768733872,0.6197546669402867,0.3636782429884601,1.6418228437987739,-6.75853422978006,-0.45323546332005743,3857
7.285010803535767,-1.034670307339726,-0.03156944808800699,-1.5358106819299189,12.39986424390051,0.37660125306207665,0.9173516073647369,3.1303744666228712,3.2200484238903817,0.4343227645732153,3858
2.7340726671484203,0.19947522688656613,-0.15201462964367066,4.6701133416248295,-6.724938028949903,0.8593292677224356,-0.9566030753453915,-0.1972024724305436,0.5078752301053137,-0.09894710703330235,3859
-8.691863001823844,-3.5866365072250175,-3.0768251139584253,0.7137461049474346,-7.654144170922762,-46.89620743386907,-7.128377564933165,17.59888956408166,1.7575809326907552,1.9816808448534158,3860
3.9891863159178227,0.5273810288239313,0.356003293833589,4.9662523283870605,-7.505864049341934,2.1764536499417555,-0.6707808009104234,0.3350243578735484,-0.40747367867655276,-0.15727570191564788,3861
5.6222911687149795,-0.32571388487102476,0.3178391425414249,3.5942957397123343,-4.185588979017432,1.645997411259738,-0.722912244637126,2.1351725255237795,-0.6402545634503316,-0.03276043397871043,3862
4.861074567735362,-0.40695803843367784,0.15146078032395535,4.244677144033588,-7.045129108797005,0.451212431114436,-1.4839075585233972,0.36515141310283467,0.2884881428206152,0.19393459040131,3863
6.903343676406317,-0.6383810010956148,-0.2816918973697226,3.3758348927984994,-1.4747635321117263,0.5441552505193551,-0.8473334105770832,-1.871646374272199,-0.6434460927822148,0.05798005934943565,3864
3.474012634973676,0.4472635171848843,0.1843559891186446,5.441695275977275,-7.66493985006965,2.318382354037961,-0.09654428840734579,1.3395100592884952,-0.12085986547486122,0.03798352730639296,3865
5.994354707650128,-0.8395471455085194,-0.15856065593613752,3.950884801270609,-1.4973915921414072,0.29828920536194703,-0.3051062201532421,-1.5179094427383961,0.6712854826475586,-0.028234258469856582,3866
-19.518866852024185,27.57769694196981,-11.312120597039687,-0.004581128589649726,1.485224142435076,1.5709945690909537,-5.666285865897242,0.7923864822693151,-0.7945484680568123,-0.8465155658510507,3867
5.526131615021424,-0.5349907451042683,-0.22178714125140692,2.096366282323652,1.1437281044716052,1.6872909624671255,0.48826743322356875,1.7981908660829122,-0.10271102526957869,-0.24293640946516346,3868
5.0190744591768714,-0.7113359525782359,0.018804535008064883,4.020012085219055,-4.906325330744712,1.3814147992161718,-0.1321472766072147,-0.08260068617749435,0.38862773768810605,0.5490685390383437,3869
-23.338830472606837,-2.8291170674323323,23.376446401688415,-2.707409689814884,2.1525368015150352,-0.5532565972797177,-2.7685538668380567,-9.037620811187292,-2.4337597849453734,0.1716587557500514,3870
6.358804594897398,-0.5679643460720415,-0.1957895894565374,2.9664966565615227,1.9821012727571805,1.1271569873032832,0.5555369631270006,-0.05856319951607743,0.7785161644594647,0.08843126166890153,3871
3.233890102862164,0.3656374281353009,-0.05242794273782639,4.581887699424308,-6.067888613269029,2.564283673303857,-0.8296479837424726,2.151853881418786,-0.19296565176624872,-0.05274991566377863,3872
5.421520473150379,-0.28258843935092637,-0.05646873590878451,4.3679866736585335,-6.474155213044366,0.9389562379765867,-1.469217817035755,0.09734122082262944,-1.2938855962645142,0.19020057929082687,3873
4.773311639707907,-0.20296638463786618,-0.1537518660788527,4.2493163801244656,-6.372154404346747,1.113713270288819,-0.7934993785746536,0.18135383556212653,-0.37025812101723454,0.0738581163817142,3874
5.2214132964629565,-0.293322020953988,0.3313915665299749,4.807680852911474,-7.833555668846284,-0.7006190752393479,-0.20234993057127443,0.38419086246495476,-1.3366718024764463,0.02061783296047199,3875
6.619342605165903,-0.6743768174158692,-0.03505389099876882,2.2727677232500714,2.121378383591157,-2.2210012715274257,-0.5357541931062104,-9.815791918538801,0.17637253678894974,0.20563018893883311,3876
5.113691711641711,-0.2902500074930053,0.2586227835354212,4.69624607959373,-5.04820663969917,1.2908314335806108,0.01480190338022017,0.3233737364741419,1.8178879870027025,0.002675428328294913,3877
-21.820624386637686,30.39347885545407,-12.514937181133906,-0.1263219016517035,2.548863260407688,1.425005988278133,-2.5655296949032,-0.3555113714569825,-0.09194740643233268,1.7945448051708384,3878
7.108560037794234,-0.7930682299320785,-0.4842582416521131,2.0341440945500335,0.8842234666126237,0.44214996936127443,-0.8479932593574548,-0.1552783169069288,0.148975926483489,0.04186284402654324,3879
8.24744533940577,-1.2088609335600258,-0.3553544763756559,-14.051509199852696,0.7902163612423215,1.2171173782869849,-0.742452109531528,2.13416168383236,-8.706489995423773,-0.475618459956662,3880
7.9863032051052985,-1.5622483416348742,-0.6292023684642336,-3.2671252417225523,5.332674346598123,0.05660229799585036,0.13092120190512135,3.723829196369785,-4.68137605816832,0.1570721870886303,3881
9.251934708020737,-2.059153501926105,-0.254373382786546,-2.3599605730880207,9.64772142329932,-4.312702268005065,0.21129288730291937,-9.472641786341795,-0.9886643641975972,0.032611546720984534,3882
5.780951335482774,-0.853999978041576,-0.14781327862870078,3.094303554276149,-3.864028192791103,-2.603676295957128,-1.5349466484153398,-12.570275369953835,-0.7001410511171325,-0.3116642467815425,3883
4.40726106187373,-0.3896169164007135,-0.03263745535278862,4.854457553021092,-7.692003208831463,1.730019691039237,-0.7591655677572591,1.4556830960077156,0.09662861433490302,0.2670340773779206,3884
6.650769510707304,-0.3908351010355885,-0.3290115869388695,4.1403207393532435,-4.372645805538915,0.4898544607096067,-1.431881012902565,1.129535202285265,-1.3835767782822572,0.45415558838181097,3885
7.826684651510283,-1.1514940204329134,-0.8427050018477243,-1.1345359018290837,3.3133473236340634,0.1070994067842231,-0.5629202918618134,2.3781537945738886,-0.92850022351898,0.2792635312438908,3886
5.746088906910422,-0.7454674786355565,0.28830808451208073,3.59316554678942,-3.5767013060062176,0.5004332920345337,-1.0712380939720965,2.2155814032099874,-0.4150722125238052,0.35581944203685834,3887
7.043742942396051,-1.6487676507686644,0.042282095933162754,-0.7941584041153691,6.6014557990709894,-0.11194579844194531,1.3733673221127654,3.7445470544175254,-0.7477131233282112,1.0398944214381023,3888
3.874981757446861,0.16880689457469844,0.009879380198104904,5.024683277327406,-4.550191914490781,2.8066342709992376,-0.23792388383416413,1.7474397352445938,0.4721774647273145,-0.15489254117476015,3889
-35.041718860311406,-31.463552384367166,-21.052248083659627,0.46815663638248073,1.0412672991588017,4.625079411099704,-0.16103777019195642,0.7036120052742421,0.11710995455205322,-1.6862120759685528,3890
4.062179447487771,-0.13834429357847872,0.5232960309603915,4.84814959645572,-6.233150440413074,0.2563433701130292,-0.37172305549418355,-0.9253959781878368,-0.7308617263935536,0.42069615620162476,3891
5.919238225599032,-0.796093618256958,0.04327576979019314,4.0363111480485,-3.917472413405303,-0.2985771982915178,-0.7572874602884019,-5.067368748891989,0.08406599897982445,-0.14681134717348024,3892
5.478853301799725,-0.43878928636242903,0.21557649355991781,5.253867901653642,-6.506018603140297,0.8188739766745473,-1.2007044052865794,0.3322163463630968,-0.40057458529413653,0.18649799945616774,3893
3.9641042035318974,0.10877434210862759,0.2655974886544256,4.9509945370539405,-6.544733997227626,1.3687988683139398,-0.9183636724244714,0.870876110029283,-0.2556330421171926,0.2299664585129404,3894
4.574673326276968,-0.2349923928844125,0.2637571914819209,5.64684154230207,-8.68736849176109,2.4038746522110372,-1.4176273570812061,1.092144730727031,-0.25861717786403593,0.40101743212236524,3895
2.2719446580307054,5.606837198444589,-3.6696884706793624,-2.3236367158361935,10.770016454559741,0.5109518567997812,-0.40672114191225534,2.0702392080611487,2.11356369463708,0.38959217558905235,3896
3.6545956382490985,0.17349344982631607,0.2770420712289716,3.5836051393074544,-4.597775586056497,2.024465141664093,-0.1295678040503629,0.7370666479217807,-0.3564369370888399,-0.24284460108705463,3897
8.140498529542109,-1.2978932742144182,-0.6111077743992424,-27.4659035602322,-3.354169624024494,2.7890805893853416,-0.7092119952312601,5.844326505274691,-15.42619238634555,-5.122491432715642e-4,3898
-25.868508783314997,-23.830709985405836,-19.21315443877989,1.293369869652111,0.5475318498652444,3.9148668041973003,0.2644510148952299,1.5850843481530446,-0.07551758288660249,-1.1757033263252175,3899
8.236134262947534,-1.5881941586746828,-0.5116745409560026,0.9353281080645135,5.591549158540533,-0.7010097218066653,0.1593732152357657,1.9832105417258838,1.174593375016887,0.4453253330484896,3900
5.390599514782832,0.40990831827368585,0.3344294774281284,6.004246584148045,-8.819201194957065,0.7517780902030913,-1.8010870275224602,0.0952878074825862,-0.020272524093901907,0.21531652276212013,3901
5.249662524975535,-0.3450830783294702,-0.14460817679225044,4.581799780161206,-7.095267816834448,1.067436681852381,-0.8185641277627488,1.5250958120282745,-0.840938831046379,0.13048509251070484,3902
-25.02744552687567,0.6923580717239789,24.87581721414229,-1.2606096585703868,2.16883852086141,2.2872368280031155,-1.2072049313839788,1.2889284202990916,0.4896226332819743,1.247077788051401,3903
7.148895976240665,-0.84962301235317494,-0.21257563359659337,1.496923072499307,4.901584033645211,0.28368118278700083,0.4421956138129014,3.0253068631691717,0.24344720329378908,0.4088801392097691,3904
7.09625311619049,-0.6795383553381651,0.03190859810597129,1.8290954378780806,4.3590543955633345,1.6317402411969286,0.4395541910796201,1.2365731426976792,1.4780848334554588,-0.08439774073868654,3905
7.078795497209504,-1.1228934158435224,-0.44300913787292096,-0.4093522224125271,4.78563491008929,-0.1917998548837107,0.4983300059891136,-0.07907837606917643,1.4332002021732384,0.35116819763825124,3906
8.319997392566142,-1.5071945378187321,-0.8238329453025731,-0.0889095110436121,7.510552410986936,0.5864479741811137,0.7266315364062849,1.0666530013005662,1.254566805247024,0.0067237648808479095,3907
5.537244144121477,-0.6915267445024632,0.12490446249353258,0.9037417767615715,3.2477416259788603,1.3273801558920566,0.7168600818221937,1.6838560299496403,1.776780707246809,-0.24241271208550202,3908
5.164813439897593,-0.033705402664274346,0.4472114911554072,5.073249169430953,-6.324265033382581,1.1809777987368086,-0.9383368453079642,2.5134049166824224,-0.6951585576507553,-0.07344252618170238,3909
4.796964744542017,-0.02774173466767004,-0.20143426702025488,4.643199563728286,-7.7991912026530805,0.48395168867246996,-0.5588974758052146,1.3411549160520575,-0.5242340176213418,-0.6280735711967372,3910
-24.970935414132015,-1.055640369836771,23.5376323800362,-0.16997613370743156,0.9871218434039938,1.102295507224838,-1.0901532419247044,2.009021195544605,0.01956817913744725,-0.7625650598298985,3911
9.236311635551653,-1.687728119812915,-1.1259322200123036,-27.06174626872268,-2.165730298930685,1.3587868598630206,-0.6493620431965409,4.237027643198083,-20.486371565354375,0.9383635479432344,3912
-15.574053832911247,10.497479578897028,-4.659584423400721,-0.7214087445421993,-2.6305708978304025,-6.333139046122394,17.776254732613957,2.6192735373121914,-1.9269014016970145,-1.830954997834284,3913
-26.254504033208843,-22.779455667050865,-18.60191119129842,0.6085296889635627,-1.0548852976691911,4.603520223304298,3.052609577222876,1.0631993443524959,-0.5573087191595393,1.112033174278811,3914
5.337999406790899,-0.20250895494854157,0.6447953776925484,3.93403350107036,-6.640150954425372,1.7663862914451174,-1.0475335719195502,0.8921041051697975,-0.447952327426805,-0.2763194089927609,3915
4.864554938742439,0.1172716249048646,0.05544277731107115,4.213868768037984,-3.529792080914976,0.8702880901555635,-0.4598589981294134,-1.3894017843048654,-0.12399961107158254,-0.35352314795365053,3916
4.040549402937399,-0.6058351478236522,0.39822689603781875,4.989438277454941,-2.4079824183906133,2.133337655052701,0.14888110689023398,1.6610321029772641,1.5687313832619851,-0.012710915581684353,3917
7.902438210396894,-1.3992083463505027,-0.33963153432741927,0.05455372277239978,5.4690492276010145,0.22336537688516822,-0.11310147006361067,0.7442356955626138,-0.48241723314601004,-0.13267768597848342,3918
7.326371509040338,-0.932070825958217,0.10790275700225858,0.8706817144966928,2.371250532330219,0.5228181442535101,-0.22577493207921612,-0.06271294629262869,-1.2759670474223619,-0.3731343839177373,3919
-2.703832318195015,-11.416681046838637,-7.513276825500881,-2.209068364658865,10.501495794399943,-7.558810903950874,-0.7468827141501497,-8.443637122215485,0.8822011402257585,-1.2079155628326161,3920
2.666349240059673,0.611382623825054,0.2185966735627943,5.395047801191532,-6.778229558811958,2.180425728179003,-0.28906207428910075,1.740836178195723,0.5440863493544501,-0.2358524387945247,3921
6.968012762385016,-0.6292484766039432,0.04880187785804451,0.1333781769578581,4.945545838085678,-1.2061551504304353,-0.11194474260737929,1.4364000075241863,-0.6034420374780934,0.12220837351441274,3922
6.459873831436746,-0.20266757816867,-0.4332346849104901,3.198509092782172,-2.053588187363949,1.8649489205922172,-0.4460098221084086,1.5911736145402005,-0.6025741449667532,0.23106177101120276,3923
5.618632019782563,-0.5831420385419701,-0.1291867377442218,2.4287774066554877,0.28025297964062656,1.1222859270635561,0.3286529091929391,0.26304548902919084,0.3054141388609307,-0.2704029554554566,3924
5.193261277030973,-0.0016979670739610138,0.36334762156959294,4.455146123913961,-5.099022453106175,1.700160908759895,-0.4925448366628323,-0.24219765915789712,-0.4850437225072543,-0.07284703807756467,3925
4.0593870099223315,0.07425079588333311,0.27415364429209477,5.80273209156247,-7.400760402850369,1.5746430852802615,-0.8720876554028324,1.62143581459141,-0.12781009976318994,0.23242162648001974,3926
6.607022855306503,-0.9846107575668012,-0.48251736789431826,1.8820337435908066,2.693401040935194,0.5922550304037936,0.5547143777814626,-0.13731797337396792,0.8870089553670047,0.3388275699848802,3927
5.085585941157103,-0.4797607048345838,-0.14886107567424323,4.38094621844161,-5.81171684431294,0.8324308102906001,-1.0994616840824145,0.5172140835524348,0.15285498545712717,-0.05657406488767382,3928
7.48116969101925,-1.206970890726709,-0.4075569505049451,0.637220097927199,2.5493748135701906,0.12600759709701387,-0.28520037888222505,1.3468519033877802,-0.7656665374303819,-0.130668793256622,3929
-23.012708962850695,-2.875142461705726,19.149542875789358,-1.3732536158652995,2.3729642689159327,-2.511876227263479,-2.313979333121011,-12.471230986795094,-0.4832481844939404,-0.5037425513616653,3930
5.010200345862271,-0.08419150281387106,0.06228809873303382,3.735211259784432,-5.695648630856213,0.8071524303663397,-0.861614149812537,1.8775412192277792,-1.3876631811069133,-0.022595491207808512,3931
-21.642925513962126,32.25813476379968,-13.759362329911454,-0.05676626925112749,2.3239670060679503,0.14881450491801945,-4.045643310918981,0.13782635761046183,-0.07344080670291468,0.2058439601724969,3932
4.326986906839251,-0.10929429893361618,0.15733716852055354,5.133882163314373,-7.8608224589285065,0.9202872632164243,-1.310260212112863,1.2218318963317392,0.30884315304759524,0.32351476111854827,3933
6.351527497047934,-0.14191632155453446,0.022074078324089794,3.857940532206596,-6.657604350663827,-3.1640611212709415,-2.069022238723826,-15.1388796220265,-1.5178385195707913,0.2159829370364516,3934
6.584061073305509,-0.885460827040007,-0.307662713876692,0.0030986416414381995,7.7887268527980265,0.2330496577289914,1.428567366037499,2.7996062199729765,0.280194729109769,0.21688284719169995,3935
2.476384927592888,-1.1739830240311764,3.9468993430871837,0.2400026516696189,4.919509494920455,-2.507527478494372,-0.6376515550580639,-12.261291193386132,0.7804692376425018,-0.2191521653324435,3936
7.047492638033894,-0.29324724852314976,-0.7880005981006318,0.15641660041013294,6.424387645860526,-0.0805513979775493,0.2137279677131168,3.0446067472460667,1.3444497428314175,-0.4182546484894961,3937
-27.882022269133735,-2.5667709285851097,26.01140957228587,-1.58353338260265,2.476574919667296,0.9786718035633798,-0.9171412631546114,1.487359551143535,0.8097133866725296,0.8450340482875118,3938
5.37133326700725,-0.9588730131109813,0.3054593354091069,2.826634787387102,-0.24369173745204478,0.927998556244559,0.37351803506321146,0.4090048968341684,1.1754371393898284,-0.1843737737173992,3939
8.460145467821837,-1.219539967705946,-0.21520945436171016,-0.2557028144538446,5.563229579667889,-1.5673787243760609,-0.24617375511849132,-2.3549282244125753,-0.4948631259715891,-0.13395869222722512,3940
-21.345159602335404,-0.2767519120216595,21.90280144331517,0.09118442401991882,0.5259566486706722,1.8484396447859976,-1.5588112032731505,0.6739487217585539,-0.07511589669856253,0.6147832931853885,3941
6.5642320815994335,-0.9925245042751176,-0.6801582986204469,2.6530967932317955,1.3227662313279944,0.9308719148541844,-0.4423804135835814,-0.6345144943782296,-0.28392231278395874,-0.14851428985325887,3942
5.437973924008519,-0.9793269399537762,0.0812986469712013,4.75794635056779,-4.817529263397376,0.29118540304765567,-0.7079748455288867,-0.7539499580982755,0.7734406139516251,0.07873330325307053,3943
7.352415959371199,-0.9661493588858991,0.1756710403827597,0.9184754214075332,4.299513280856969,0.4662966053188429,-0.2673647814491537,0.20499195121784206,-0.4955719381146584,0.2150854055244657,3944
-40.32561111608621,-36.647865984952446,-26.130607228654316,-0.3823245531663839,2.2189427959091295,2.9357755655290254,-0.6729143088307223,-0.690819518868763,-0.5489844023925399,0.22310459406335453,3945
6.388057178366129,-0.27276113445894945,0.21528437215487475,4.17410310119107,-6.137874546646941,-0.8736085666334068,-1.5804594450470562,-5.474494679431438,-1.085742980345073,-0.04111003341627732,3946
8.469431061277977,-0.8076876583674196,0.18013809419018176,-1.7515776783837567,11.735815823513967,-2.0800112044529953,0.8614290508290858,1.6897014446249967,1.8106467618533655,-0.20350262065850874,3947
-17.107719544775335,25.58998357027713,-9.471443183659206,-0.7076355654016722,1.0139208622893354,2.3221266743025186,-3.9972126297649098,0.12300885268292538,1.4353817740008148,3.0312551319037295,3948
4.093999023769136,0.3582435264664131,0.15330998031104753,3.9138350585445227,-3.726441589053216,0.9279472263651909,-0.3673748156972894,1.9478983562630432,-0.09881856373099956,-0.17134612170949112,3949
-20.168121272989513,28.520076212745824,-11.502865760836029,0.6808471410475583,1.6832560585720735,2.969678226679458,-3.428278102070479,-0.24614475064063743,0.3086756523398509,1.2551856841211928,3950
-17.063217087472456,22.987100651889218,-9.22358717095268,0.5818021145667597,0.8872669828058617,1.6402954505160297,-3.194535691778968,0.8556466729113951,-0.01186581580282008,0.25783409042877986,3951
6.128528458379952,-0.6542130802029978,0.31848370150715505,2.5524267366482056,0.8082896166482691,1.2519818340240847,0.17148380158355828,1.8371913250975316,0.9621603583301601,0.016863910269826636,3952
7.136307690916678,-0.8070825918897414,-0.054909885120704174,2.477992997638474,-0.6016763017658674,-2.7005493295378624,-0.864383577112609,-10.101369298864528,-0.07828757025336604,-0.2737131144098691,3953
5.484888006348679,-0.39451469058473926,-0.14866185909096713,0.7015437512699186,3.6998881849682377,0.6123905238473542,1.2284026245118524,-0.11331688549391529,0.3703045113177943,-0.38030456459234757,3954
6.340853453288971,-0.2501856286392999,0.16437928358420786,3.2222700792431693,-2.4501833025221798,2.0844823446033423,-0.9245367524739826,1.6149673554307697,0.15708993382314854,0.05445941931615684,3955
-19.336765602255326,30.844342975445226,-13.285007775569412,-1.4765673238297443,2.1941131506631124,1.033002404495208,-2.2639678403823784,-0.5303924899181834,-0.19100650730374027,-0.19827514957714837,3956
-34.31985845220448,-29.782987971338876,-22.99169755799802,0.653524221783928,1.0359198984768903,0.7876758018600796,-1.0706108088066397,1.4795942810475868,-0.40509812275238083,-1.1872897944983576,3957
7.421370236030219,-1.3458365636421823,-0.6053703667899037,-2.0512457934437567,11.267419419090842,-0.31926028618726043,1.6154435169169103,1.4370275611504741,2.1270312261827704,-0.10697653535489209,3958
5.3688361763802614,-0.7098899888554615,0.3994935661613057,3.016333949637919,-0.1921121175040513,1.1372310135622137,0.027328828521240668,0.5091571405052439,0.7672197091897663,0.43483209213081647,3959
-20.577434700801636,29.149553022577482,-12.034509238249363,0.929542129722989,1.729983278675626,1.643488370408047,-6.22013946546693,0.47121090971885204,0.700466872555635,0.22015254215646313,3960
4.684319414248818,0.3962408704186552,0.0928932122414299,5.8349315353248725,-7.395041938190329,1.0704713394219865,-0.5919175439518389,-0.47808158487776053,0.41178035399418356,0.44114667709645755,3961
6.284482201723101,-1.0539842239597434,-0.01318197440659228,0.6104465169187816,3.7554412054771404,0.7286836489294034,0.3438064464477489,2.4542379413526882,-0.3874210240303032,-0.06027332008726427,3962
7.942004514702905,-0.8220114901537103,-0.39953972635617496,0.655713653193646,7.849671954196738,0.24472682976443788,0.42889463037533015,1.8983152952244933,1.6716755350224135,0.04874048308100975,3963
6.87954651560017,-0.5565626244727642,-0.37117300362627054,0.08544000515674637,7.257759830646149,0.5710054175040958,0.3545881728907789,3.295868480911767,-0.08336010521199888,0.152627497428744,3964
3.9620856572379113,-0.550883134068171,-0.21247593155167377,2.881276317229902,-0.4997948507489532,1.419342008802838,0.6047190081430498,0.10125675258079735,0.9417813629947237,-0.27043632161130143,3965
6.363436141106144,-0.6567315915603003,-0.4035644767943523,0.5570610091959629,3.4899678516808534,1.1284214008839966,-0.08377336285161777,1.6616263703487635,0.5718771118704726,-0.08602655824446075,3966
5.357121595297939,-0.3104560049659247,-0.15431347611659796,5.251607322695778,-7.081080013916518,1.8803650923870319,-1.3415033737585698,0.5127154605774,-0.08532688398342667,0.024058991468493707,3967
4.27156259733356,-0.04092913384147721,0.19803819942730552,5.234552279848478,-6.834010050729976,1.8517760090215396,-0.5565134632043014,1.519211954240216,-0.17776577737060606,0.26014221203812266,3968
5.424503078597171,-2.5190602168175387,4.067068534351006,-26.482941366549184,-0.8153512329861444,-1.087164430440013,-1.9195042603781571,-9.822645927538877,13.601631324246291,-0.35735341415716543,3969
-8.859624999345565,11.029564290252463,-6.448916663389475,-47.46711149799689,-21.174760964249966,-2.8635049613531316,37.751239099954226,-1.1713310213497192,8.039656172718612,22.253167675966292,3970
7.327361857578034,-0.8865322699671749,-0.15503547370683857,-0.6479685785590764,8.380186504465291,0.42395974366358957,0.6516646644432073,3.6777551334361296,0.4513505129157822,-0.09678923054202057,3971
-16.57380684902158,23.74581374699602,-9.203125156288989,1.1797229501504063,0.15204839894331668,1.8238938606964104,-1.5183618611077252,1.8241437413380304,0.924409455634936,-0.6585668272966642,3972
4.770528900704101,0.5902076145919238,-0.09882525882450528,4.294984453420468,-5.917377992507577,0.2739436506920839,-1.1438572648523813,-4.732599161959381,-0.15364102327165804,-0.6084235360171022,3973
7.366023458879633,-0.8492954609403274,-0.5498949496180501,-0.05707372253197868,6.921693194371322,0.5490971879347895,0.7649301806752926,2.1355096938293467,-0.04270861685815979,-0.09656065816577579,3974
8.434299728218496,-1.580283811857113,-0.6315899545439111,-2.048233279216539,11.745131292148072,-0.19505225308689136,1.114349714631944,3.374774721582639,1.0656334431218615,0.18684323811345735,3975
7.8080309179088605,-1.3916751172182262,-0.5176400706793107,-0.43639118931747867,6.124011060034086,0.10492700261047114,-0.13906303683261256,2.118512827635719,-0.2464063332594344,-0.39802377160751784,3976
6.326345670483986,-0.3165646011677206,-0.2146279319610567,3.670076247597762,-3.44692967132379,1.200378206477508,0.37124427468546023,1.1265514611046896,-0.6779363792891588,0.47501616772894795,3977
9.145295652923533,-1.6548700782335655,-0.1731807306396119,-2.3195725382848362,12.357713930077699,-0.1100632390896552,0.24896246058494395,1.4813873126985908,1.7490689730656523,0.04861759812042431,3978
10.775532316825553,-1.734164552059545,-1.6815318091882971,-47.63524382331615,-10.933504061556174,5.464915820907511,-2.3744103786556092,3.8519007400581406,6.826570797494403,-1.1057472995624171,3979
8.257224667083385,-1.6332762507386496,-0.49057833438784443,-10.487681993300951,3.2123057885269932,-3.916965077882816,-0.40771824155145603,-11.364376117829963,-12.257369307115397,-0.11718389226973239,3980
10.53768449362363,-2.2246134881800126,-1.6254492471739912,-31.98073697048364,-0.6816030307163944,0.32497679578858446,-1.4314598763486173,-0.5513167324135362,-13.593943756146004,-0.35673246780876905,3981
6.983691928882978,-1.3412278329052434,-0.5542125532217832,1.2205915220356531,6.553968632447557,0.20908851192968386,0.8579237245913284,0.4902263265710731,0.9298379243117084,-0.24118883495153817,3982
5.268048439218706,-0.06862966830956717,0.14732689468223917,3.838491746803416,-4.262533864704215,1.6478538474056765,-0.49595538720214405,0.09513277290593333,-0.5754096139201375,0.5451840591098194,3983
6.499277574900097,-0.6297369290726027,0.149832976253073,3.7425023912204503,-3.6889700372193897,0.7817970247813087,-0.7053553250128759,-0.5618248178177783,0.24113824085364588,-0.14084920835688977,3984
-20.03623362812225,28.102768110464886,-10.526159058442902,0.7772210673394346,1.4054560159999803,1.9604353124100626,-4.046085676784241,0.4291781594557032,0.544185740547556,-0.625774408242696,3985
4.146354862675179,0.38895928819333936,0.45106333521277353,3.8371190410823632,-4.1523693112357165,1.7634068273795795,0.37153911014595065,0.7949618334535727,-0.9518476026680801,0.10040602019131112,3986
7.436209144539827,-1.1866845296155042,-0.2738227996219124,0.7068074659108833,7.334258060275474,0.973711043809041,0.5034735848411404,1.897187938319326,0.9491564202007244,0.14797480933294635,3987
4.849219875593067,0.06376429054602925,0.5642605146282299,4.791717341593683,-4.830081592609446,1.8760526446770023,-0.2196455081156909,2.6124351200887004,0.49586946617556354,-0.05776958239917048,3988
6.770362581621908,-1.3286362920398438,0.18034852528145992,0.3800518545774945,4.705271770648094,1.0318678205178367,0.42095249604175417,2.2701619022604436,1.4579840351015614,-0.16684517737521987,3989
7.878997694173384,-0.988579671607516,-0.33448057150944877,0.09229747921281144,9.272184932573369,-0.3479064635235753,0.8080192821132295,1.0083889044410586,1.786947685405929,0.7804423366371164,3990
5.2051824142999115,-0.92571999522781,-0.04100818254577474,2.7353943950439894,-1.621319510346727,1.3479020053792885,-0.13652837571814025,2.609456338252747,0.6465289319690587,-0.039792040444082494,3991
-32.6025008439707,-19.659875287336426,-22.006995713440258,0.40509969193438516,1.3952114142443433,5.265072432899942,-1.0427366787482262,1.8474249822342559,-0.7148137923022823,0.35677837980310706,3992
7.626090386990397,-0.7122236715134511,-0.8511842625801606,-24.214557082741955,-2.3075546728952334,1.1449011678826635,-0.30741722320735554,4.386214630980929,-18.810469736166844,0.18611093584554086,3993
4.771868493721658,-0.24045441219098773,-0.07742817825305164,4.534965337439406,-6.724763365420898,1.4903272516758357,-0.6908505548526994,0.7610091055507097,-0.7126719670053819,-0.17259249879166816,3994
6.8929106460416305,-0.674075177675739,0.051939919019914293,2.292908781082048,2.37566500273999,1.338831765931854,-0.19408415162859483,1.4850828262273479,-0.04910133666040983,-0.08761382951922211,3995
6.4391594785226705,-0.479055094487154,0.30043128093297994,1.9135419438299712,1.9104188963253805,0.006358490073110338,0.3876711700789689,1.0804588797847599,2.0584758974569093,-0.34487783540704947,3996
5.5128320527336685,-0.22648708241342605,-0.36222742287804455,4.543259806215018,-7.332597183807141,0.6240183709966578,-1.5594409551486295,-0.5064007635187032,-0.41529481413747804,0.201853067612304,3997
7.3573753059651885,-1.410003911208765,-0.14594438903753168,-3.1867914921800096,13.899603291965244,0.12596618966764447,1.5260741526623915,2.658588205410211,1.117829881126892,0.24040318138133218,3998
-24.73040169885571,-0.7688427499109524,24.156127587630746,-0.3611174305584131,0.2609686457892066,2.567676460113142,-0.7823045091504792,1.9162408476045667,-0.7851380857780914,-0.21195350321235112,3999
5.9316631248148255,-0.5597432917436215,-0.013623733485073798,2.3528557783871795,-0.17449077450198403,-0.37718575410651434,-0.3071975055250911,1.2235882921845649,0.2325223038718647,0.24390986556989092,4000
7.120627021305472,-0.951465190729394,0.1730875616705934,0.6471840705283584,2.5114681461824335,-0.3027975738819261,-0.6663590633134787,-2.878082745015067,-1.527864254796133,0.0662902824503672,4001
6.600387822219618,-0.6580829352670959,0.15980967942531293,3.09202211784058,-1.0101049005528857,0.011959472472290124,-0.7758433275951404,-1.3814597532780348,0.05383682969470845,-0.02615577649741717,4002
-16.75990730784494,24.84646186022575,-10.285922966088503,0.25376718779125423,1.6051087292379058,1.8962525491367106,-4.1285086928207555,-0.009721696942972681,-0.1021663134288401,0.23646424524173174,4003
7.6517244929215815,-1.2923417207568089,-0.7100214211376017,-1.6659860760131473,5.38651650837253,0.2107151052536589,-0.05568474806981483,1.7782520252892187,-2.475366057044486,0.2985520131950405,4004
-19.883127060727823,26.925529318734334,-11.081749737064662,0.9393868474690853,2.3433251865321965,2.0111706803027443,-2.3091363464168992,0.24218198418831846,1.0635539096397637,1.6038914409956917,4005
-24.408067150666085,-1.8688082519271745,25.18151196816118,-0.8575345435665801,1.1539253538993415,2.33949303349936,-1.3006349701125466,2.3634210017358033,0.19912414448175444,0.09755010191994617,4006
5.086637838786044,-0.3673265785036006,-0.23004210591408622,4.6491392199268455,-7.825516322956425,0.463904592912567,-1.2757526961027985,0.31396075350222646,-0.5986137485627062,0.0979691317795044,4007
-25.800114417974616,-2.2313140828848743,27.095288479620066,-1.6430691727786282,1.5972711619315656,2.4998655611467804,-0.8130495127606567,0.22463907487638818,-1.6954090804148303,1.3728476266012533,4008
7.261561984965131,-0.9128812064331965,-0.20755609678393483,1.2102500605542492,4.0858194394885174,1.6299263354913147,0.9650427212587854,2.3292750761278898,1.7978720005347146,0.7421979014612848,4009
4.912488344313234,-0.07053633946539647,0.14128953917979725,3.651302364045435,-5.186805186309744,1.2581735003477568,0.5169068096359191,1.454390403825804,0.5346599005918553,0.810678959236899,4010
5.582842660819203,-1.0319134732121105,0.3843263037022333,2.115290432889406,2.905903129380379,-0.052891365945043164,-0.19461687175295647,2.241597859044394,0.5025711912415746,-0.11924980847290151,4011
-24.871442328493014,-21.323419985253118,-15.751951770445949,0.9865145397598301,-0.78774328023938,3.2057461789287633,0.4416276514736311,-0.2240494077100721,0.9862629646508444,-1.4576839391075493,4012
6.675911353971515,-0.6404524411010809,-0.10718340335627428,3.589192774273081,-3.266551660975351,0.3743477548633605,-0.6431239210605104,0.679463772985423,0.019074945110698373,-0.07078604662842759,4013
7.44660870107011,-1.5887829146923111,1.2320040810518895,0.2920544538795213,3.5619080044424836,-3.3586415217991137,-1.5637497771445592,-10.518662157876767,-0.4823469933057204,-0.11193578313143357,4014
7.576161606168626,-1.1031109223534907,-0.26115487546409133,1.5582070034518014,0.8938381694502405,-2.819719340779394,-0.8319633855192878,-11.267636951943597,-0.4987329368876502,-0.15273335792976636,4015
-19.84496740877694,28.868010264597142,-12.608126773608276,-0.2997283425850237,0.9718756919708926,1.243986013849459,-6.687130969498817,0.3551379499597887,2.2356159531205546,-0.9945206806274124,4016
7.085763510795705,-0.33696770600835135,-0.07048382753865202,2.208967991539914,3.458190126683419,1.093277771246281,0.4604573056928284,-0.08382815085558037,0.4270009678164088,-0.371736629651442,4017
8.340915620235744,-1.5842370725285542,-0.5150573925796698,-0.30454242057439596,10.279718508635352,0.4922210511573622,0.7227492337120572,2.1266623370920077,1.552697643438995,-0.1786782564143259,4018
6.980762096044789,-0.9400374587378206,-0.7263679274541013,-0.6538972708029367,0.12221619994925302,0.3280757615208708,-0.7729550898211076,0.6030683833549076,0.8173472206432563,0.2712793087660766,4019
9.143530552539648,-1.7300108636202987,-0.5138169761324246,-2.9301783770734002,14.885948366500267,-0.9739760963320531,1.0226371772092324,1.8075313428218402,2.29504415907818,0.19080630205373633,4020
3.6578258703507123,-0.16237554502213639,-0.6672871422298231,5.044224697973064,-6.848530111034596,1.8116756041925546,-0.6782854716514354,-0.48683510783114375,0.7130853951163221,-0.2678926869987397,4021
-23.169697715488127,-0.988306951474411,23.64605996120199,-0.5801052090238412,1.3462207125556278,1.4897194779033986,-1.7540091517857126,2.106952734620045,0.740040874754309,-0.2844082831754418,4022
5.710932336665496,-0.5335677570109327,-0.05442087865730238,1.6272042803381002,-0.13689074300570375,0.9818928770253373,0.08088463506634518,0.9121335102637319,0.6781313880874809,-0.1719660322174918,4023
-29.76801284128534,-27.715695786786018,-20.29729367547733,2.2886629890482166,0.9253341895690825,3.491457958222438,-0.6270320898789472,0.636320854759538,0.6739390349993422,-0.26740891943382444,4024
-36.215865255042594,-33.787995584432174,-24.73056983833258,0.45295583430827013,1.278571017825623,5.265237486360902,-0.26407767321600006,-0.039511308379185164,-0.3857243069789239,0.02788874153562145,4025
7.526935699069122,-0.8429589412789037,-0.15681275783607906,2.556339304053704,0.28066619089687217,1.2490834948155443,-0.11955097971028561,1.1798136456295638,-0.37172208596498735,0.11282896684709859,4026
1.0610979984354383,-1.5334822558324595,5.908110810763695,-1.2398974143958907,6.468450084553753,-2.198307615811497,-0.1615482247040926,-7.464827356294318,0.4810254378200432,-0.5783745749444192,4027
3.176671744780499,0.6081952386129308,0.46790701629014425,4.952498550476005,-5.7327894993342055,2.617908831513698,0.8755799389740351,2.3491546102709515,0.4546016012897887,-1.1016034255063574,4028
6.5331565185740965,-1.0331586692604018,0.02742293174964514,0.5772114548569809,3.103402588992442,0.2741325746779599,-0.01929360691366627,2.172192409639494,0.631507854513826,-0.13113692206631777,4029
7.390872850976556,-1.5580984366512562,-0.41096871751975367,-0.18470073596884018,6.6047386385283495,-1.9133197067809957,-0.0065231860478401,-5.8751432767943905,-0.46397255975196006,-0.3819921705290967,4030
6.2648657029976444,-0.7256064142247862,-0.36586679440333836,2.139382691523248,-0.1866053054166226,1.722204453118913,-0.15663266172847737,2.8190133860427933,0.2561042559809103,-0.10498499637612374,4031
-21.265570843794283,-2.1605639959348677,24.17690389631763,-1.6732238241508062,3.0358615836868865,-1.6269088324097432,-1.3496369785582847,-7.685497479504166,0.653033382846972,2.2541401212731222,4032
7.1248984235415,-1.0060833891545309,-0.7776588382743019,-0.7923672596700683,7.778288575434676,-2.9800396165359655,0.04087813059271728,-11.068687742914351,0.41520203174592735,-0.2988728725787733,4033
7.456419542145191,-1.7889373842750038,-0.7953412530718125,-32.74409704996457,-5.3855586900536485,2.8280808731345366,-0.21150376238249086,-0.21978470897473915,21.57445738778443,-0.5422155504077872,4034
5.716827235299713,-0.6908258873257224,-0.41304174584275466,3.6200624094184763,-2.219287520853772,-0.10689955736858041,-0.49821758443819525,-2.6700774753034926,-0.40235297773971096,-0.4505672791538299,4035
6.093283831052558,-0.9364511235621128,6.124890946300917e-4,2.928910047681706,-1.957660051925593,1.3913918487366745,-0.5248889750758122,0.6250404851058244,-0.7488084199695051,0.2853364289605692,4036
7.5443477123145595,-1.2363593168284295,0.22142166976286604,-0.48267079476179225,10.045454973551243,-0.22286937252135416,1.0204310693820784,0.7486749679080645,0.9723940696305213,0.5129764826487545,4037
7.230433230294546,-1.1461052416538784,-0.07220332216884498,-0.504101440523228,8.478069573393878,1.593897452740664,0.8215900540454399,3.160806828624915,1.950021067785994,0.015206402806882797,4038
6.976850726057856,-0.9276265775933443,-0.07589697959631465,0.10417769368961219,3.7256339773554186,1.0039393716903091,0.5864735680093646,0.5215017301045741,-1.2565073672484297,-0.22797316034119294,4039
5.433995374364501,-0.16029410888228124,-0.03979428679635735,4.2076172779683665,-5.322331472580238,1.2817158337289394,-0.6643808713540068,-1.050692369384482,0.7808289153244917,-0.10628286688152305,4040
5.639200413358177,-0.5283633371962486,0.10308252581572064,3.9546944509543853,-7.024890610797595,0.664775845626477,-1.3977205814741773,-2.24949708720382,-0.17264966658203665,0.19996638338100947,4041
7.789726265882143,-0.6800673519219951,-0.05242577538114951,1.3031776296612423,3.833658653459859,-0.0783132384812543,0.19940908811553557,1.719197259905665,0.48163360145056033,0.25468498851659555,4042
6.200065702064593,-0.2533164223576464,0.3575942569642503,2.4834712377511816,-0.2622878913401409,0.5549537686703704,0.13135676424815312,1.3718306562000298,0.2965184257266906,-0.015863664460690336,4043
-19.858972581197573,29.372243113919662,-12.536903571090155,-1.1057405856356084,3.03242914243747,1.6231539012910554,-3.2139654952749104,0.7214177995756924,-0.14800195322798096,0.8780358754271593,4044
5.863451645839822,-0.45944843206675967,0.3973906486568824,3.378189016391115,-2.706975704154698,1.729359459199132,-0.10748116145013861,1.2778418262648414,0.2678632183512551,0.22270517020139352,4045
4.893637202607665,-0.1333282561919779,0.07546065475891936,3.736524778952099,-6.859834791792907,0.9251942348132606,-0.879740313652867,0.529181603340123,-1.3163602327485808,-0.028507374779321484,4046
-28.875672904774177,-27.483718449563572,-19.91312257368038,2.146860245213003,0.16385270592371515,2.2064038764803544,-0.3010285772661978,0.37967401332100054,0.6106730432917757,0.3767344769687403,4047
-22.87997425897455,30.6198947787225,-13.608838970818207,-0.9678038979448341,2.6144392931014706,0.33547061778579707,-3.8643193083411784,-0.6257780320809979,-0.2961289700692686,-1.761082539569371,4048
-18.94441385568026,29.519915576422832,-12.270946190922489,-0.2967002500573375,2.0672580473381874,0.9488902063771469,-4.131549282773689,1.2372222356240328,-1.0159226677736084,0.28112001921693636,4049
5.479498252883335,-0.27522838599781313,0.12168999100319389,4.90480168185079,-6.934546218418213,1.3872657051685537,-0.2987352652867755,0.3181381429620034,-0.19278376517988544,-0.664038513514949,4050
3.462862484099405,0.3386001521616178,0.17466616574910324,4.3966052784728396,-4.5421956209532786,0.8356229300084695,-0.17648658536504375,-1.1085761507983982,0.9551839770728701,-0.25262975372773366,4051
6.849164108176842,-0.6698458346260041,0.04075613250402387,1.1249489244382473,2.278795301438651,0.4572490861238589,0.7050855780919412,1.3729804347264065,0.5596933708966558,0.44880432922227625,4052
-24.066455102912716,-3.9315512904311247,9.462816340821274,-0.7490489569785898,-1.460296377718395,-15.145582338334817,0.13324194675635523,-0.42128514492399904,2.1147998738194413,-7.274266626011125,4053
8.546669526154169,-1.1927225039576164,-0.4108485542370624,-0.1956978539348702,7.686181565455134,0.06275957051708851,0.34146402758732675,0.05003156808465413,0.7005238415860223,0.0620394158214611,4054
4.490341730107263,-0.41162941264310204,0.49701692933294445,4.761258491038327,-4.2631517877879315,0.1335561318228646,-0.20746188857627829,-7.664039899184738,0.921685775418767,-0.17061418205184162,4055
10.736300962474749,-2.9209810736478574,-2.0586078471422398,-32.863685676484195,3.9323238048704545,-3.131822012178419,-0.8943227696373206,-7.2156099793376764,-11.474613216200314,0.3575777514404881,4056
7.13873043287683,-0.7641794343220649,-0.2414034771333508,0.2452069382460247,5.158269824221312,1.3222745573527335,0.32302504921784814,1.8923961051819198,-0.30501087490523526,-0.012424487368949622,4057
-36.742948750937984,-34.88745828005275,-24.501817095034163,0.1813490856769398,0.8811130586645197,5.276689858762498,-0.890510481544692,1.947592518212095,-0.5590436888293138,0.6108506334253822,4058
7.58583198223591,-1.3124046039801895,-0.322957487660504,1.104702233428862,4.888654907718726,-0.2718833810258525,0.34755170335343644,0.04320679854961348,0.25404996520799655,0.0029993160425843576,4059
8.866987025255495,-1.6506832599145296,-1.1347041599818593,-35.348350127238994,-11.19781557546688,0.5802841200453962,-2.0811964608113085,-7.769216020464936,18.084034151889796,-1.0524774510064507,4060
5.3499806362851885,-0.31007194225626145,0.4031923948719389,4.679077038007233,-6.600857655683704,0.7515619822514878,-1.6211188170909165,-1.6788912399727185,0.3443336011730831,0.23663885213891786,4061
6.757090870977031,-0.8071720819855916,0.17414378094180183,1.4814502360328288,2.5266604799269934,0.7936420980888503,-0.5146053625573297,2.7528279667840216,-0.04102149944290034,-0.2703349441183175,4062
-23.847067338060395,-0.8275120950951488,22.36959192648584,-0.955394383624468,0.843233158764103,2.792221867379828,-0.49618869492979695,1.3163427513235584,0.0611479300808349,0.42370780919905343,4063
2.872057163767862,-0.12659414454792114,0.4204933959476502,5.459029399361197,-6.274486773338708,2.604539860203683,-0.3367877210305483,2.047948558713086,0.7522237148465895,-0.40022328022211795,4064
-19.30947484373045,28.88698250892775,-12.594647214202702,0.3015023576119854,1.0537137700086365,0.12389650947819777,-2.604699760344498,-0.8087320683411506,0.302119524672826,-2.056874547617019,4065
4.8273192338022275,-0.08691569098034543,-0.07516563062816117,5.652548214947138,-7.362633682408594,0.5951647235607402,-1.0382026788539782,0.12782044536804216,0.3796480411545153,0.17796497079372162,4066
-27.319711950602617,-2.3335607709523587,26.51899461365324,-1.7218102364940429,2.488409145366755,0.8105258477311347,-1.735960004789747,-2.5453255096560343,-0.9213468010705179,0.9802668662281044,4067
-21.66193240035011,31.886392643013604,-13.822685648893858,-1.056338937557872,1.4504750753154907,1.5399260980135658,-5.542589509407425,1.494152210337718,0.09291730080674099,0.026578514300588958,4068
5.7318284942890125,-0.42403526981427386,0.5941692020342099,5.442258954940561,-5.917297806688849,2.331625966411813,-0.8601435276031482,0.9907159688576112,1.1690946230030723,0.09848435663205556,4069
6.6318625281536026,-0.5002610308783578,0.2271638689294923,2.960703212770035,-1.3927189042728727,0.7584034293684069,-0.6519529979519363,0.46345320830565656,-0.2084889110986484,0.15301141278396435,4070
-17.25243390132966,24.59616644930188,-9.665296782046044,-1.5563217783496663,0.7804573523058023,0.7459800286620542,-2.386735996308734,1.9381450341795927,-0.5697319833481745,3.015507271282496,4071
-23.456960165929768,-1.0192731302912896,25.371676673301845,-1.44892154953092,0.34571382882996715,1.988436322964598,-0.9272986485383958,0.5010386557193743,-0.821954924597128,1.7080039531321183,4072
5.882422448030856,-0.3272230221549289,0.2966295463978229,3.0738133192777184,1.3385697576809332,1.0998531871614745,0.217679003240419,-0.6996623224446628,0.912753209433711,-0.08478574297029987,4073
6.6134998191727785,-0.8219206512496087,-0.3492548782627192,1.6304923811520713,4.1288389877351905,2.19017134799778,0.48703200081314146,2.342813061525682,0.6757887517392216,-0.12302721142355069,4074
7.887220193211334,-1.2660351382015738,-0.6167560756000746,-0.488744166703476,6.779246612889077,0.10506539186315275,0.20545337655095297,2.994537170712015,-0.40683828563432517,0.37484972230897573,4075
6.198543193206165,-0.3015822766121983,-0.35744444769840483,-0.30160801319018027,10.856788469208656,-0.7166106615117724,1.1257867662097605,3.6355687475088962,2.3166045335911476,0.11376110386727618,4076
7.354413419355954,-1.314250529720183,0.15505263418261467,0.2644370952083372,4.474750436949273,0.35471792412688674,0.16811649817556226,1.4450582301773056,-0.6710651100776441,-0.15449744574596344,4077
4.197205994852417,-0.6572104166794414,-0.386617261001339,3.895740354723756,-2.8021825558805347,-0.03167427221400468,-0.09393761867298374,-0.12273425231837469,0.30398936047458347,0.10049232940697302,4078
5.087080679014455,-0.1501334102755647,0.2191050466238445,4.761648168396903,-6.643657498435796,1.8873856696260132,-0.8116897219057476,1.1225889762845918,0.007662431061192211,0.2741544556364064,4079
7.651987003462447,-0.9970101939498641,-0.13744595434293208,0.5894059939442191,3.8208586440761456,0.7504600657360813,0.23808707136660118,0.6829434830997988,-0.7361012870864923,-0.0681156871705627,4080
-22.49807863820014,-19.87043566676036,-13.265107658074049,0.5959846523848444,-0.3368450579628247,-1.0472895455799893,0.46560564828019213,3.1670475399301115,0.48300924231711434,-2.5196163507997764,4081
5.71882047308043,-2.26335848989367,-0.9999080276991161,2.60970959358135,-6.460167379209923,-17.16951987094397,-4.941897873625645,-14.863904973953016,-0.09065532649922216,-0.2704719634959494,4082
5.562710501325491,-0.10611872174281574,-0.4894583985146571,-0.9742306042417759,7.80892907221579,1.1900352085144195,1.020163206711824,2.1338343313001946,0.6959041120953396,0.08492903982199015,4083
7.371878658894179,-1.3056293803561756,-0.29985995818316874,1.9478688094773673,2.5711642667753916,1.2475640850247443,0.2629070965878684,1.188074167940855,0.2267230319699599,-0.26942606125892404,4084
-19.54174308699694,-2.7269093920608465,17.117619720889117,-1.287465125318268,-0.0026312366711577434,1.843339172107024,-1.1540482785631694,0.7629426281702681,0.7128907437905226,0.5387786759070031,4085
7.649928893325199,-1.0082922155917085,-0.18213334569127296,0.8604758911801266,4.226251867199314,0.7689873744883504,0.28742689668043886,1.465019158465895,0.6369422490534702,0.20862518031793453,4086
6.110290682571832,-0.6197491085120452,-0.3231837926147912,2.8823879333332374,1.7713995871714727,1.1748590173287574,0.146599881359692,2.106273646158123,0.6264889194225058,0.011982859011537816,4087
4.91863591287757,-0.28000549361111715,-0.019798263750314373,4.704390370620181,-4.881392066443697,1.957651675673325,-0.04260760109972983,1.8499144736134767,0.36014584735512695,-0.767495040084281,4088
-22.615998258998683,-22.069202040599635,-18.12756515931056,2.512508103339329,-1.9343006439446366,3.403624060000115,0.09542225924017847,2.682421472229594,0.7667529178193149,-0.6808042731685049,4089
-15.678212655274965,14.259255187265898,-10.32541016831112,1.3974890114152905,1.2851552957393433,0.603841682698925,-4.3933911449190015,-7.506680823363226,0.840139252600523,0.6567243996375702,4090
-20.7614945558689,28.12802218907519,-12.498495613034283,-1.9607544733853581,1.0648193368014358,1.8900623630399718,-4.021747566544734,1.8392015247058018,-0.11549230198066951,0.45179043098885907,4091
5.5861216573811765,-0.24784434850191847,0.2682174810564539,4.171368640111187,-8.779370795693714,-0.30896445859112287,-2.5960861902023793,-1.2050181070361514,-1.8915504069055915,0.16378307847969428,4092
-15.484852054541069,-8.06245371452592,-2.0611219796916576,-0.6271090398343555,-2.453592185110444,-26.178392868587128,-1.5526948900098927,-6.352397484186086,2.3820759697544225,-4.399251131667393,4093
9.55406323550673,-2.3563744345037563,-1.230980842352046,-29.279223433063525,3.9883152702174396,-1.541723579567766,0.17284610573931974,-0.8401317519363811,-20.457169746648216,0.19798549864433226,4094
8.183534030102543,-1.5927757351176253,-0.46871257423019513,-1.7859032991977646,10.521307786074683,0.17071934376932504,1.186963018042333,2.794792477545791,-0.44347897058888214,0.3021260257517371,4095
8.05665025447111,-1.3246624658051434,-0.5044791036353913,-1.6636773581356639,7.067971153948999,-0.9713831005475351,0.04299567408185867,2.8646210569216928,-0.8104564148962313,-0.6315354809486617,4096
-20.634302932941548,29.525103169457388,-11.00214870527513,0.31892098019141996,2.0680082056212665,2.656900719782286,-4.866437623021106,1.9528396274250612,0.8756907917521023,-2.7639360066062473,4097
4.942471046327052,0.07724980082877755,0.03626547070344632,5.490000446755076,-7.104342600575888,1.6720049189173578,-0.9318911522313644,0.03984044028286815,-0.13236266919020112,0.11784311456126717,4098
2.701013806910086,5.773448153913053,-3.2779399790982944,-0.8839609889941986,6.760986202300538,-2.3828929938520114,-1.1737401317327967,-9.240036814783076,-0.22002804852113797,-1.2269691719309102,4099
6.468658569036042,-0.7146182839220925,-0.3712328686578602,1.3249979860862184,1.9124852618101926,-1.7720851363436032,-0.4602787796216404,-5.1794148388365615,-1.5042767778529698,0.07040099410646461,4100
4.689849260549283,-0.06946240521392952,0.4392591852868992,5.3754310501813265,-7.3178595060013825,2.037514985830948,-0.991686341005088,1.1470238340008552,0.4854392075158425,0.24694021543505598,4101
5.662172986868488,-0.7940547999656581,0.12393051346418398,3.7030250499803263,-2.608010390448039,0.4816630410048018,-0.8309515063723419,1.3045099890692708,0.688789189754486,0.12416633019115485,4102
-28.213319075625417,-26.448121514760984,-18.158592767337716,1.6299442826010608,-0.13575470154026786,3.521868608035949,0.29095236919026807,2.2416080011976245,0.8094738085440651,0.9495700330848732,4103
-13.048919140918775,11.601401504928536,-3.162216952644375,-0.7821508482096052,-5.085103463348134,-8.571429242762738,40.48743149786004,1.64409846856501,-1.1133757545351914,21.365608296685814,4104
6.262296122929964,0.15677178962231658,0.17897832288013152,3.7037815552288147,-4.358284700063209,1.0512204640518124,-1.0796806010011442,0.6524451001750613,0.3869407932292331,0.2342811357826433,4105
8.723572962581024,-1.158566629864187,-0.7123639900625465,-0.942871432279408,8.334073434486736,-3.1468581203910166,-0.15600145863771825,-10.35086968314482,-0.053589487499985516,-0.3730228386982592,4106
-18.295082015114847,24.296089876764576,-9.325660794064532,0.24023636972843374,0.9993996316088115,2.0337931840938026,-4.347902982780113,-0.5423296655346005,0.32456550674418905,0.49606018130894475,4107
3.1254738450216366,0.5843563734097724,0.0039693167555854,5.504428121339534,-7.0051168846242255,2.4558300857365327,-0.9278226856702966,3.0885874990967914,0.34529968942477013,0.2949691647406525,4108
7.002627287566639,-1.1023657977148107,-0.3800928382909685,1.659475171718062,3.5835266364223934,0.39833947436222006,0.09639452883963497,1.1741135780972818,-0.16524961246653916,0.18373990373982604,4109
-13.94975950859896,11.9923367940317,-5.371950430445151,-0.048616835019254456,-5.609980016329453,-5.894208557841873,44.05119792348437,-0.15223609432413285,1.158351890177945,31.09494669235386,4110
-20.37288336581505,29.28867593145488,-12.47672346669618,-0.6622236720082986,1.876542209275297,1.1506872123099503,-1.8512138906227822,1.676941146368754,1.2767295314457028,1.147023230897296,4111
6.0810077713667665,-0.5443678135063752,0.20007553001783904,3.5009038881126857,-5.2220312479993245,-3.3845192926299736,-1.8823900480276907,-14.938562495878603,-1.3557876966487576,-0.5035958784768634,4112
7.455879142054543,-1.65224441118526,-0.33468153499925574,-1.4491913461470844,11.362487883591903,0.2456710505195326,0.8981119084031113,1.8842080403435446,0.6764205165271416,0.038887336988307535,4113
5.372524559242766,-0.38077902608094055,0.01917155148950545,5.023938611927252,-7.020572409717938,1.8786024611842793,-0.8451917507434811,-0.331290784731395,-0.4064366425114597,-0.050863788997611535,4114
7.824520266656703,-1.1167980070651053,-0.48552099476741434,-0.11714429377114545,6.047170241500275,-1.739776483055869,0.33626705536871626,-6.091225111738281,-0.14046062926011477,-0.07799415657035431,4115
-18.56396053557152,26.649528851060968,-9.890033396665396,0.41300048490681024,0.9374854408308394,2.2267285698874333,-3.2417065071529634,2.810533210216874,-0.7053008533062255,0.8870990426311071,4116
4.774515684526728,0.06680685291782644,0.032581916693343725,4.745124663066327,-6.8461978619745745,1.7860621180063863,-0.8041001047210805,1.4181467981565572,-0.08837350870659927,0.3997400316658389,4117
7.4206829936219485,-0.8148863359747406,-0.7085785574042419,0.7061676577460912,5.809281689375186,0.4498054290583653,0.7084842269023508,2.736958786847762,1.0599938386566554,-0.6481116949107051,4118
6.413989959454739,-1.069978259567141,-0.5192044359583069,2.387237557487998,1.472175478288371,-0.8308339542202722,-0.24232401906406495,1.7813307407420367,0.8339551277193045,-0.36941795746866485,4119
6.7574995209677065,-0.4547575062521316,-0.327283870132992,2.5959929203765113,-1.3887523978699288,1.7476727557478666,-0.2233506202647199,1.4267430489916995,-1.5773526360262713,-0.5959326695589331,4120
7.523964296124888,-1.34992573577872,-0.5851026163466483,1.9183804194957454,2.4883340169306445,0.4677875839703369,-0.5616541400933183,1.0315306404943108,-0.021180771799003913,0.21727263037018152,4121
7.033122617015125,-0.7022660855513112,-0.3527139783439634,1.882578743932657,2.708671358932993,1.3089170811956579,0.15079625190582954,1.1514019385889325,-0.5781447764892924,0.17138899049801665,4122
10.234495466803974,-2.375805320227836,-1.599973527697778,-42.45068831032964,-6.329447657071607,1.2482135579597204,-1.6496427946252397,-2.300393152536961,-14.21815496039531,0.27148561876763344,4123
7.126055785398444,-0.6018197574310855,-0.33087907544810297,3.3045485520143942,-0.6584594152392947,0.9961673599532935,-0.4820419947914402,0.8893122908507943,-0.03653553448048816,3.5484121611759816e-4,4124
