1_emb1,1_emb2,2_emb1,2_emb2,3_emb1,3_emb2,4_emb1,4_emb2,5_emb1,5_emb2,ID
15.361904242049171,-8.751229470649026,-1.7471139502312432,0.4640622413319326,-0.0036274995601427353,-0.015026016490331294,-10.250524520874023,-0.9577878713607788,-1.6852229833602905,1.4812839031219482,1
17.671885478668123,-16.119329704642492,-7.122794754483868,-4.879732879384163,-0.021377897937865875,-0.0027027462597057493,-24.982946395874023,-18.064239501953125,-7.654524803161621,-9.668496131896973,2
-19.139966583158753,-1.9663883508502324,1.537393443605732,7.088035312907097,-0.011678115650810575,8.081359514914614e-4,8.1497955322265625,-19.777437210083008,-11.107719421386719,-1.2724432945251465,3
-19.216031985293274,-2.298179590977891,1.4544216323111763,7.122413841502068,-0.011674860449107583,8.099145307546361e-4,8.766101837158203,-18.94529151916504,-11.140652656555176,-1.1370872259140015,4
-18.98509169493662,-2.0578843167172254,1.5335453677390327,7.067327228800652,-0.011649271325572176,7.12380681141062e-4,8.852069854736328,-18.910438537597656,-11.050675392150879,-1.117931842803955,5
-18.956473543591198,-1.8431615649927402,1.6010667014334907,7.011367527262566,-0.011763563830421122,3.72014611227417e-4,8.28467845916748,-19.362009048461914,-11.0770845413208,-1.2578179836273193,6
-18.8279796378841,-2.2662961915647286,1.5179976153586616,7.051088062540886,-0.011507782366810652,2.764247683703806e-4,8.978608131408691,-18.550981521606445,-10.916252136230469,-1.0389214754104614,7
-18.39071526121666,-2.8106228141905976,1.4840873408530464,7.093490806834099,-0.010683480938820896,-0.002518931091870024,8.984646797180176,-18.140295028686523,-10.720105171203613,-0.9239948391914368,8
-17.703925692517636,-2.2940606299883335,1.6618286299918403,7.00927802683532,-0.010356000617904669,-0.004131730038294622,8.94629955291748,-17.681535720825195,-10.635964393615723,-0.8857548832893372,9
-17.450601624730957,-2.3060032015717176,1.7562378573630562,6.945274082438347,-0.010260405518214466,-0.004534341930349141,8.829976081848145,-17.10407829284668,-10.443657875061035,-0.9048202633857727,10
-12.560738560152954,-4.522167795034015,-2.6846672367836724,0.5859977877300955,-0.006057508897041283,-0.010620882588159802,9.834126472473145,-12.044451713562012,-8.220053672790527,-0.7541308403015137,11
6.849132050814806,-1.5500085475777605,-2.6263266873146782,0.7000651037853933,0.002586923843186082,-0.01615616825168525,2.125002145767212,6.772466659545898,-2.4593663215637207,1.932898759841919,12
6.941767952851407,-1.4309541768483283,-2.672899491765667,0.83176657320678,0.0026827084170319908,-0.016519559873699387,1.4753754138946533,7.84234094619751,-2.675274133682251,1.8763219118118286,13
6.989373477456915,-1.3720398132618377,-2.6391354870583306,0.7536253607434011,0.0013099778074925899,-0.01649498026503086,1.1889452934265137,6.917359828948975,-2.714552879333496,2.091007709503174,14
13.137566703628238,-4.274538389476379,-7.591040260770489,-4.4748089635211254,-0.002658190506156414,-0.015678025764602095,-3.817572593688965,6.4544358253479,-2.8389551639556885,2.3312902450561523,15
-10.110771892997336,-3.3197050587668486,-2.889631636121441,0.09941586615264181,-0.005814014031728615,-0.013662206483080832,5.272412300109863,-8.067769050598145,-7.605459690093994,-0.9981080889701843,16
16.02005171824284,-10.529536205507886,-7.638327724912335,-4.400087150319221,-0.017287331728745563,-0.0058390876093419326,-24.01754379272461,-3.527233123779297,-10.581539154052734,-8.148604393005371,17
16.787711431455335,-12.231939587063565,-7.439617760160138,-4.585420879109504,-0.019722001787200485,-0.003239014028609399,-26.8830509185791,-5.234993934631348,-10.309717178344727,-8.621125221252441,18
16.163960490284076,-11.37148900434897,-7.663100845792462,-4.401740344746711,-0.017204141322492948,-0.0058884013999426785,-25.670204162597656,-4.277243137359619,-10.531028747558594,-8.29965877532959,19
15.81494860852525,-10.969864038337265,-7.579911835172345,-4.4254458272296215,-0.017389509192679953,-0.005786193487111748,-24.51000213623047,-3.6139144897460938,-10.497164726257324,-8.125341415405273,20
16.298863554308,-12.266320567403056,-7.486625797727276,-4.471042426808479,-0.019065917015558514,-0.00356064680758721,-26.70951271057129,-4.863122463226318,-10.254842758178711,-8.527868270874023,21
16.742006873157358,-12.943340458137822,-7.383727676847149,-4.593312057240608,-0.02000808226316407,-0.0027405437948609846,-27.894119262695312,-6.907722473144531,-10.049454689025879,-8.814998626708984,22
16.668385214296425,-12.745032804225582,-7.432478077390362,-4.560397418721321,-0.019798093261933648,-0.0028549656257448163,-28.069175720214844,-6.066304683685303,-10.16734790802002,-8.6644439697265625,23
11.983886233036834,-13.878581290781597,-6.617783195951153,-2.7875018441516186,-0.01689615525462749,-0.008501067124902577,-15.048469543457031,-7.803959369659424,-8.544380187988281,-5.3662495613098145,24
11.578958580539444,-15.223719953090988,-6.625946171262433,-2.954065831883552,-0.01875824172384324,-0.007106726358732705,-18.127880096435547,-7.392125606536865,-8.3278045654296875,-6.27894401550293,25
12.224757660349947,-12.020008797362857,-6.741255886533429,-2.849617751820686,-0.012641657896490731,-0.010874159835911848,-13.503210067749023,-5.5855817794799805,-8.79534912109375,-5.3725128173828125,26
15.307958283505716,-11.362434399551077,-7.567103989103009,-4.353537114842537,-0.017304624923521392,-0.006081720526819585,-24.359933853149414,-4.421276092529297,-10.294173240661621,-7.769776344299316,27
15.513911378293363,-11.285474919227987,-7.583661682584454,-4.362775119526985,-0.017333749131861375,-0.005958148223563341,-24.36864471435547,-3.8859336376190186,-10.561176300048828,-8.122164726257324,28
16.295420542638023,-12.572345298800725,-7.408248074033429,-4.488598140462043,-0.019317818740549685,-0.0033653489972752765,-26.72577667236328,-5.485352993011475,-10.164741516113281,-8.486978530883789,29
16.444307327347452,-12.935141552066218,-7.358540184476544,-4.543481620534065,-0.02003587571979701,-0.0026807733647300647,-27.467126846313477,-5.864247798919678,-10.09322738647461,-8.635233879089355,30
15.042500806837335,-11.684716823707713,-7.45863354919212,-4.207777055485847,-0.016758170751061903,-0.006783329943141346,-23.390817642211914,-4.368940353393555,-10.19494342803955,-7.610878944396973,31
15.80478052940574,-12.119960587620328,-7.513645298459698,-4.408999475224617,-0.017836653703762466,-0.00522728486067882,-25.90093421936035,-4.658137798309326,-10.283557891845703,-8.219982147216797,32
12.161527073976046,-16.923603560626404,-6.587682850339581,-3.723789485676887,-0.02243511096414242,-0.002927817575584819,-22.033044815063477,-8.624780654907227,-8.69648265838623,-7.280343055725098,33
13.364284751341701,-18.673453068487444,-6.381524212339093,-4.404141458256843,-0.025206108081568906,9.70424045136077e-4,-25.922096252441406,-11.016075134277344,-8.824036598205566,-8.449451446533203,34
13.242028170123092,-18.004743055694398,-6.476826317289044,-4.307601484044197,-0.02500283753234666,4.5142856383509084e-4,-25.71880340576172,-11.06103515625,-8.748096466064453,-8.171478271484375,35
12.446539921128888,-17.6351055064318,-6.502558357694317,-4.2285945737201,-0.023919797942231594,-9.943986651324453e-4,-25.34566307067871,-9.980154037475586,-8.808101654052734,-8.105233192443848,36
12.066345707550441,-12.397111656446354,-6.69397986648338,-2.7763810479480053,-0.012231599309477339,-0.01109286937877501,-13.660563468933105,-6.655580520629883,-8.669178009033203,-5.456066608428955,37
12.565222098887473,-12.419049305240495,-6.7442814183022275,-3.0748758637744213,-0.012347055004017497,-0.010936074903752962,-17.31386375427246,-5.426365852355957,-9.015317916870117,-6.022311210632324,38
13.563745223013232,-12.554830331860725,-6.910131103971173,-3.502518209202888,-0.015418014515401177,-0.008518623798511104,-21.473613739013672,-6.270390510559082,-9.666242599487305,-7.188495635986328,39
14.751859267144305,-13.092129987405023,-6.891871101834942,-4.187614473088386,-0.016777843426794566,-0.007608624758552586,-24.57324981689453,-6.948763370513916,-9.529579162597656,-7.692513942718506,40
15.228445829480618,-13.29063661962083,-7.050267822721173,-4.405658038838508,-0.01791160184798895,-0.006581597544123028,-25.226375579833984,-7.015628337860107,-9.510444641113281,-7.928868770599365,41
16.467357820966647,-14.131643153522017,-7.065985329129864,-4.773302825673225,-0.020687470036078966,-0.003415315550170258,-28.252004623413086,-8.3670806884765625,-9.560121536254883,-8.809998512268066,42
13.062075699022817,-18.813172991827507,-6.448828823545147,-4.411679776890876,-0.02544767129645111,0.001322010440314378,-26.464670181274414,-11.407370567321777,-8.847004890441895,-8.564367294311523,43
11.528274069157252,-17.768074966732094,-6.490152962186505,-4.494733127339485,-0.02373331220751196,-0.0011333710877466778,-23.954612731933594,-10.073805809020996,-8.922140121459961,-8.038846015930176,44
15.213636488447053,-21.077855449266988,-6.457048065641095,-5.2311685407000805,-0.028163443102785655,0.0053083223018958615,-29.091663360595703,-17.038541793823242,-8.415358543395996,-9.751142501831055,45
13.183500982650914,-20.047258425410206,-6.4399224591042294,-5.078805717213752,-0.025985834335777572,0.0027902297061056795,-26.964208602905273,-11.636805534362793,-8.826764106750488,-8.966548919677734,46
13.55687770958387,-20.411149723950107,-6.442332870938946,-5.14360454915345,-0.026705100722097905,0.0037349386309618706,-28.59897804260254,-14.05257797241211,-8.622292518615723,-9.322928428649902,47
3.685312390287949,-13.830959530326437,-5.751880772092511,-0.8158772015410685,-0.011844112561053301,-0.013377147438449019,-9.08143138885498,-12.388092041015625,-5.910156726837158,-5.064059734344482,48
3.4253407000431633,-12.217332004722454,-5.359161026456524,-0.3866737285095477,-0.007903321642513264,-0.01524593632622938,-5.883831024169922,-6.89885139465332,-6.312306880950928,-3.9559571743011475,49
3.3952706549267107,-12.540687608830831,-5.485265858152081,-0.5119690769749903,-0.008366931661751427,-0.015202293658132226,-7.126123905181885,-7.628323078155518,-6.03277063369751,-4.392208576202393,50
-4.501181294105503,-20.433073835997906,-5.1366554569985166,-2.748167785390022,-0.005867164468701573,-0.009433408223049146,-8.80967903137207,-24.263154983520508,-0.5095916390419006,-7.467189788818359,51
-4.9628724262192945,-21.163781071189867,-5.131775028684308,-2.802045854313972,-0.00764616060189385,-0.0064974072202166645,-9.713144302368164,-26.241390228271484,-0.5299515724182129,-7.69407320022583,52
-4.709492139963133,-19.776235793484283,-5.123191006162335,-2.7510285699206616,-0.004923333353898378,-0.011440872752761065,-5.6133623123168945,-16.753232955932617,-0.8596868515014648,-6.9137420654296875,53
-5.711292472628956,-22.01490337842552,0.94837021114571,8.345640865580437,-0.004694594493166905,-0.004447423315742417,-5.948169708251953,-30.539167404174805,0.02657334692776203,-8.019768714904785,54
-4.546749972527741,-23.247392509130332,1.0744211602423897,8.188312259928582,-0.00566729162780168,-6.080117948843791e-4,-6.3547444343566895,-36.75690460205078,0.34634023904800415,-9.037827491760254,55
-6.352393245682834,-21.310588931897396,1.1551810431693306,7.876266208903191,-6.664997078909369e-4,-0.012940562768333847,-2.6126532554626465,-31.320972442626953,0.2664050757884979,-7.797653675079346,56
-6.835106850701986,-22.69828241624856,0.9124270606253853,8.42088576914489,-0.006091068680947721,3.259695037704433e-4,-6.960213661193848,-33.89900588989258,0.0037151894066482782,-7.965839862823486,57
-7.1290130575889545,-21.739302903005544,0.9133266139243355,8.368732181803582,-0.004321035015067941,-0.00273095304643163,-4.165136814117432,-31.7585391998291,0.039863090962171555,-7.4526047706604,58
-7.193776670913995,-22.58603324633542,0.8482671904776802,8.405659405009148,-0.005590269923445636,-4.006793751440276e-5,-7.101621150970459,-33.841819763183594,-0.0298997201025486,-7.766875267028809,59
-8.231806844661856,-21.716244099558725,0.668684833071064,8.485110012308953,-0.00437685234000511,-0.001158050676709458,-3.1876020431518555,-31.39142608642578,0.03321808949112892,-7.033419132232666,60
3.4168562776652576,-13.792896884858663,-5.785063393094708,-0.8353822851020121,-0.011777217804526088,-0.013539413488712904,-8.732624053955078,-11.217042922973633,-5.8742265701293945,-4.97990083694458,61
2.728966074501656,-12.954995853727338,-5.66628850219505,-0.6383576714831614,-0.006306749101812614,-0.016248572070503255,-5.701358318328857,-6.737234115600586,-5.769326210021973,-4.349914073944092,62
-0.8246079891248267,4.380690765966495,1.9345530200217476,8.583491054789421,-0.0016865384680493827,-0.016675437225759808,-1.8641771078109741,-0.9651433229446411,-5.422552585601807,-3.9338107109069824,63
-0.026037990828598777,4.820006205070045,0.504011981508564,8.099292484537957,4.395592027510117e-5,-0.013518164309313189,-1.1892712116241455,2.0971739292144775,-0.7729265689849854,-6.476169109344482,64
-13.506743343200487,-16.95924007176799,0.4968722987387886,8.068853107706902,-0.0031391890296498244,-0.00426515754639714,5.809083461761475,-27.044126510620117,-0.056244026869535446,-6.509438991546631,65
-14.31171003481845,-17.31014619015564,0.37251614811165235,8.119914737955925,-0.004616593303485995,0.0032517169833654403,5.523718357086182,-31.942148208618164,0.2006675899028778,-6.872006893157959,66
-14.545634669120629,-17.263429847635763,0.3373261618827095,8.088842121378777,-0.0043462451965002,0.001963633086290695,6.660427570343018,-30.460491180419922,0.3045162558555603,-6.155757904052734,67
-15.347579379752922,-17.10219648442935,0.20570796015007398,7.965242115275261,-0.004577489995675845,0.003398771525747627,9.456254959106445,-30.67426872253418,0.5688875317573547,-5.636569023132324,68
-16.29464408907192,-17.365039495115237,0.1282293129180183,7.88861152292907,-0.005080932656797735,0.005793759416155021,9.338306427001953,-31.09847068786621,0.6913542747497559,-5.460542678833008,69
-16.78956671767457,-17.364120927549408,-0.026678688504863768,7.698047367350457,-0.005443908244254225,0.007605517383685498,9.375431060791016,-31.916929244995117,0.7791655659675598,-5.442781925201416,70
-16.48174042047243,-17.22643892290706,-0.04450107333915332,7.6557662165325855,-0.0053203277234707864,0.006250889309787475,9.732381820678711,-30.99472999572754,0.7105927467346191,-5.349025249481201,71
-16.64243732938649,-17.047101326124377,-0.05742252586143115,7.54741689325988,-0.005387449072531363,0.006188465857552299,10.237442016601562,-31.22905731201172,0.7659854888916016,-5.182952880859375,72
-1.1353302641227185,3.394579292664597,1.7525328326438179,7.065995899454949,-0.0019741644343671603,-0.014560317830365934,1.4606817960739136,-2.072913885116577,-2.380871057510376,1.4549405574798584,73
-15.629406797021812,-15.26555910549302,-0.10840458390967944,6.984790054575798,-0.005761174948661172,0.0018762984645444554,14.160146713256836,-22.91622543334961,0.5910469889640808,-3.49133038520813,74
-16.856014937864177,-14.71382788873937,-0.1419122886444817,6.756421772257683,-0.008168012347591461,0.0074561953823191135,16.012161254882812,-22.44054412841797,0.7936672568321228,-3.288238048553467,75
-17.685392766514326,-13.860659485216003,-0.20097158072249988,6.620858398692009,-0.00922954203182207,0.01035768078085285,18.6888484954834,-20.750158309936523,1.1057202816009521,-2.838493585586548,76
-18.26979564352938,-13.585016516313848,-0.24444097993629077,6.577365604655144,-0.010401987382430951,0.012169227328768066,19.72667121887207,-20.409549713134766,1.5309405326843262,-2.43021297454834,77
-18.912710127403134,-13.274427610267763,-0.275274283864666,6.5141927874249195,-0.01298640517431,0.015040733590498071,20.105575561523438,-19.551708221435547,1.7417340278625488,-2.0804381370544434,78
-18.90823576081643,-13.343094308697664,-0.27640215275542834,6.534530369059441,-0.013153955762408593,0.015274757623159368,20.11056137084961,-19.60410499572754,1.7129895687103271,-2.1203129291534424,79
-18.87413797025223,-13.475393801462623,-0.2642782997872124,6.5838668024700855,-0.013198865863632914,0.015363045560283445,20.450292587280273,-19.459455490112305,1.7321897745132446,-2.0869877338409424,80
-18.417914873577864,-13.420024954141944,-0.3184307288910637,6.5543281710308765,-0.011587982847438262,0.013580827485200267,19.683094024658203,-19.895050048828125,1.5924524068832397,-2.3739540576934814,81
-18.75416880447143,-8.744656746701935,-1.6783362698342095,2.4482702887219165,-0.009614451583231775,0.001813154914699931,19.01912498474121,-14.136201858520508,1.2878642082214355,-0.5399020910263062,82
-19.06398094754971,-9.511139909236082,-1.6598109674240837,2.713370052592156,-0.011408628104329268,0.006372531285544945,20.013721466064453,-14.758349418640137,1.2515246868133545,-0.729456901550293,83
-19.507428982614606,-10.059238059096922,-1.777418501355816,2.880797115580437,-0.012227953294024943,0.007704461656855432,20.780353546142578,-15.823046684265137,1.5536478757858276,-0.9723839163780212,84
-19.31528160150464,-9.843964280030294,-1.7381886315132866,2.8855590498608326,-0.011663173551033374,0.006847900967561092,20.427799224853516,-15.673568725585938,1.5258673429489136,-0.9305422306060791,85
-19.50769286421587,-10.09887131586795,-1.845657117345501,2.9707572138470386,-0.012109393636440167,0.007570982278654256,20.439544677734375,-16.280967712402344,1.575313925743103,-0.9857032895088196,86
-18.98212407447962,-10.100802480127756,-1.912470943906475,2.9865629351299976,-0.011417981274280628,0.006333469372952821,20.25023651123047,-14.60663890838623,1.227710247039795,-0.7984434962272644,87
15.476188876531529,-8.83632666294805,-1.690468318441082,0.5193767821949697,-0.006435649071775613,-0.013228673388460274,-15.946256637573242,-0.4835135340690613,-2.5410518646240234,1.7413511276245117,88
17.45964470474773,-13.610262640179169,-7.197506077268292,-4.8091361844378735,-0.02145752676102588,-0.002116010913424348,-28.114561080932617,-9.306692123413086,-9.428994178771973,-9.01043701171875,89
-18.705249853670423,-2.491922787703605,1.5110670256827583,7.082689014689324,-0.011291816501443855,-4.141030320203008e-4,8.937216758728027,-18.57504653930664,-10.929095268249512,-1.032179355621338,90
-18.582874355476854,-2.778220199713297,1.4868780303214302,7.104764667765496,-0.010821127098317822,-0.0019423568205762893,8.94581127166748,-18.32996940612793,-10.882487297058105,-0.9606850147247314,91
-17.727500067431453,-2.132483455011916,1.700517289659809,6.9671933329266285,-0.01062566142105073,-0.0035240365439424704,8.9801607131958,-17.71105194091797,-10.670995712280273,-0.9640609622001648,92
-17.769024040112004,-2.494154315302199,1.6148980784629097,6.9866635477703785,-0.010338295581364204,-0.003919520055670664,8.813124656677246,-17.516021728515625,-10.658445358276367,-0.9162613749504089,93
-17.541392417012418,-2.4039493958424742,1.6962841677878608,6.9769966280621265,-0.010268113548346058,-0.004428488027290513,8.917819023132324,-17.341880798339844,-10.505375862121582,-0.8740652799606323,94
-17.604101891992116,-2.89004070761841,1.5988720584128608,7.0058662569683765,-0.010187152477080423,-0.004189149074981763,8.990561485290527,-17.21135139465332,-10.310565948486328,-0.9143173694610596,95
-16.462809664556033,-2.0279881805706657,1.812265269777607,6.882189956919548,-0.009630942691832692,-0.006608027016087908,8.618681907653809,-16.479032516479492,-10.123804092407227,-0.9570164084434509,96
-16.134556311357418,-1.94100094362337,1.8378292250846138,6.832258430735466,-0.009251574237427344,-0.008021853078557281,8.239967346191406,-15.611740112304688,-9.912943840026855,-0.9467244148254395,97
-12.117005930038633,-4.253535589181546,-2.6436334919716606,0.485611525790093,-0.0053936648593954735,-0.012319517670070064,9.018969535827637,-9.556044578552246,-8.077003479003906,-0.6722546815872192,98
6.732897795821101,-1.6475403982044292,-2.640133984067608,0.6831931746166922,0.0013562569936201375,-0.016763978228665825,0.28191933035850525,6.657665252685547,-2.4117624759674072,2.224445104598999,99
6.537852360367391,-2.044220732292806,-2.542255885579754,0.17101916433989767,-3.218189272762679e-4,-0.0163563975193062,0.26538148522377014,4.6862287521362305,-2.524986982345581,2.140930414199829,100
13.211439941902988,-4.422495730305181,-7.625288135984112,-4.471109184010627,-0.0036196723390452793,-0.01569106383135318,-1.3629283905029297,7.272928714752197,-2.700016975402832,3.0607011318206787,101
7.299584957346613,-3.304865195259501,-2.618936665036846,0.08948161961257223,-0.00214221168473043,-0.015820458380544224,-0.16117270290851593,6.243371963500977,-2.5091488361358643,2.3563406467437744,102
7.150849818308145,-3.2550787121872515,-2.6370204758431206,0.09047361971556905,-0.0020344263022644507,-0.01589914876123926,-0.3496025800704956,5.164254665374756,-2.7065963745117188,1.9093117713928223,103
6.899306386369443,-3.239483785771961,-2.7336858582283745,0.0972290313404775,-0.0027662294476357425,-0.015740495160547357,-1.037900447845459,0.9443016052246094,-2.6300671100616455,1.6420032978057861,104
16.446045013972242,-10.997912093011704,-7.605913765409161,-4.448096545918586,-0.016423309706589687,-0.006509856388332718,-25.780344009399414,-4.511880397796631,-10.457884788513184,-8.334718704223633,105
17.000734481888518,-13.092646024632192,-7.354006416776349,-4.679240020497444,-0.02081456478948001,-0.0025177596269324444,-28.141048431396484,-6.50164794921875,-10.009016036987305,-8.942120552062988,106
16.139148643957125,-11.410775784513898,-7.584873325803448,-4.436867030842903,-0.016520098006158442,-0.006507915674337983,-25.43381690979004,-4.124914169311523,-10.487804412841797,-8.282031059265137,107
16.010267686629362,-11.078522199051308,-7.608784325101544,-4.410137447102668,-0.015231220209434515,-0.0074163409451053625,-24.333086013793945,-3.80948543548584,-10.49239730834961,-8.183245658874512,108
15.865763476252841,-12.057708835389679,-7.490880615689923,-4.468214782460334,-0.01712500479833904,-0.005893517987809485,-26.00383949279785,-4.635623931884766,-10.299616813659668,-8.241568565368652,109
16.45602009242893,-12.652525738332091,-7.4418617558266416,-4.528164180501106,-0.019016244430866018,-0.003876453776206785,-27.6389217376709,-5.904652118682861,-10.27440357208252,-8.554377555847168,110
15.742495384108231,-11.938568949073357,-7.483892567136456,-4.443089755757454,-0.016346560206859075,-0.006674303345598759,-25.22809410095215,-4.647167205810547,-10.289507865905762,-8.146921157836914,111
11.489618873088101,-15.152966706343024,-6.619176990964581,-2.940895827992561,-0.01848812425274628,-0.007471101550104481,-19.48540496826172,-7.3993048667907715,-8.4496612548828125,-6.1911187171936035,112
11.460621037896914,-15.001580229619533,-6.6354581188942685,-2.8874256932574536,-0.018249399541448583,-0.007653395559277471,-18.41168212890625,-7.511247158050537,-8.446125030517578,-5.991745948791504,113
16.96897103917428,-13.68094677824768,-7.234027988889386,-4.779825957997444,-0.021606125570262223,-0.002022071534967645,-28.70493507385254,-8.058280944824219,-9.735021591186523,-8.962371826171875,114
17.1360564518072,-13.837985637899225,-7.131703503110577,-4.834041866047981,-0.02169123188899295,-0.0018980665698779416,-29.081722259521484,-7.455015659332275,-9.645120620727539,-9.038105964660645,115
16.762274051000507,-13.704787797760636,-7.167142040708233,-4.746057780964973,-0.02134475147506243,-0.0022677293119249434,-28.31192970275879,-7.095969200134277,-9.886481285095215,-8.870624542236328,116
17.052490780237346,-14.334461050678465,-7.0897795033242,-4.855360778554084,-0.021809159105154564,-0.0018216511311955272,-29.206104278564453,-8.41637134552002,-9.550769805908203,-9.143054008483887,117
15.820876658365396,-12.236573685557536,-7.4864174198891416,-4.450773986561897,-0.01749268619677569,-0.005563533769705251,-25.775785446166992,-5.192124366760254,-10.069469451904297,-8.150856971740723,118
13.693014085688421,-18.141934017552714,-6.540195591428448,-4.235450061543586,-0.025118529809217565,6.025125869378023e-4,-26.08745765686035,-11.72085189819336,-8.6289825439453125,-8.523482322692871,119
12.24789493642036,-15.887228117752876,-6.618953831174542,-3.4497142159777905,-0.020562340674993546,-0.0049612466819179465,-21.136863708496094,-7.602005481719971,-8.866941452026367,-6.675614833831787,120
12.930953277380077,-17.654342671427607,-6.510421879270245,-4.14401844380677,-0.02402584493316473,-8.427712834182742e-4,-25.413911819458008,-10.652509689331055,-8.84064769744873,-8.030672073364258,121
13.053297714924163,-18.57783331457959,-6.431981213071515,-4.377110036595466,-0.024892192977634252,4.088396003357473e-4,-26.255962371826172,-11.032367706298828,-8.931349754333496,-8.45461654663086,122
13.55575378799696,-19.125375673543765,-6.311458713987042,-4.583045753224495,-0.02596080056401394,0.0020126239497875397,-26.592164993286133,-12.383868217468262,-8.702098846435547,-8.802374839782715,123
17.147642718680206,-15.840834191697622,-6.950870163419415,-4.98109701512635,-0.022061096502126135,-0.0017283677335331628,-29.464969635009766,-10.996696472167969,-9.05597972869873,-9.303162574768066,124
17.191161787524535,-15.98591983844846,-6.952849991300274,-5.048091682179573,-0.02232653412747137,-0.0014140864944140867,-29.108062744140625,-13.215161323547363,-8.688714981079102,-9.637428283691406,125
16.795743801916004,-14.572670803082291,-6.993101246335675,-4.906165393574836,-0.02166456902356581,-0.002206786764858193,-28.343791961669922,-8.902498245239258,-9.480643272399902,-9.100186347961426,126
17.115666643021143,-15.545388033198032,-6.99208081481712,-4.964918407185676,-0.022076403476497072,-0.0016905785977150973,-28.92510986328125,-10.94983196258545,-9.288530349731445,-9.2279510498046875,127
15.752725080139813,-13.770236630162843,-7.028645164945294,-4.653814109547737,-0.01913164691704582,-0.005705424142001977,-25.67674446105957,-7.328777313232422,-9.362528800964355,-8.088626861572266,128
15.9081219592303,-21.29826821294199,-6.632044441678692,-5.41131523488343,-0.02795279965142853,0.005239009482240671,-29.551143646240234,-17.681150436401367,-8.308104515075684,-9.952287673950195,129
15.730521686111844,-21.23578523045994,-6.607810146787335,-5.401109489186409,-0.028211028316148926,0.005499064250158038,-29.223100662231445,-16.69150161743164,-8.40266227722168,-9.783297538757324,130
14.216123841219444,-20.24769966329511,-6.392947323301007,-5.000375541432502,-0.02711013946354853,0.003883002885770827,-28.89522933959961,-14.173243522644043,-8.56522274017334,-9.341273307800293,131
13.164887582397295,-20.217840214374103,-6.41155160186546,-5.087209018452766,-0.02553875036309456,0.0021627317361320162,-26.218904495239258,-12.86076545715332,-8.601386070251465,-8.745288848876953,132
14.645517612694473,-21.130236393303058,-6.519050724485089,-5.333001407368782,-0.027761911180118864,0.004912714263529336,-29.209257125854492,-16.03302001953125,-8.449296951293945,-9.644349098205566,133
13.463507803398088,-20.56591562543874,-6.472215778806378,-5.22611072896302,-0.026444251239926733,0.003484189186806415,-28.78470230102539,-13.893301963806152,-8.585677146911621,-9.192940711975098,134
13.803125963808844,-20.949540862840905,-6.551850445249249,-5.378000529988411,-0.02664495859962685,0.0037479815854337822,-28.725055694580078,-15.497930526733398,-8.602210998535156,-9.237763404846191,135
3.617205668475194,-13.670877472634889,-5.77899373290794,-0.8246054076987528,-0.011584060365639437,-0.013587630992526958,-9.763826370239258,-10.446991920471191,-5.872511386871338,-4.8588104248046875,136
3.343662794154868,-12.433009155829929,-5.4399906468178525,-0.4609052488046908,-0.0079019458897854,-0.01540679222235201,-6.878033638000488,-7.204469680786133,-6.0947065353393555,-4.452383518218994,137
3.0163477570393877,-12.134798139680536,-5.28978646514671,-0.3201422118979716,-0.00686205689735415,-0.01587688164721146,-5.590683937072754,-5.383579730987549,-6.180694580078125,-4.187100410461426,138
-4.683049899124277,-20.55663203476515,-5.1316386532570615,-2.7878420674639965,-0.006562192425152643,-0.00889386355071301,-9.096138000488281,-23.664188385009766,-0.5612377524375916,-7.426024913787842,139
-4.676075118334404,-20.505857226085865,-5.133569366910626,-2.76076272366822,-0.006535091542597616,-0.009036406087645854,-9.067361831665039,-23.600494384765625,-0.625912606716156,-7.446728229522705,140
-4.406125836989964,-21.826066319201672,-5.154577381589581,-2.6404166543322827,-0.006726806232361689,-0.00500088303957056,-8.834272384643555,-26.724166870117188,-0.3893451392650604,-7.891880035400391,141
-6.484264797556257,-23.393960492826746,0.9277105260108223,8.48497554423034,-0.008294336338732224,0.001161415095566013,-10.001314163208008,-34.08793258666992,-0.23623798787593842,-8.019335746765137,142
-6.735134951051526,-23.318446350946562,0.946746938249897,8.47408172251403,-0.007658731010927124,0.0016148562590058736,-9.059761047363281,-33.545166015625,-0.1441899538040161,-8.13571548461914,143
-7.3323114690440505,-21.344795472459676,0.7926735806678047,8.366640774027703,-0.0038623714593573133,-0.0027790151579644424,-3.3326709270477295,-30.4345645904541,-0.01064926665276289,-7.239130020141602,144
-7.102905003840943,-23.808176543977865,0.9079879451010933,8.508886066691277,-0.008114217097053015,0.0023747001870830175,-10.013675689697266,-35.30373001098633,-0.08452406525611877,-8.218639373779297,145
-6.994852230638693,-23.6567263330015,0.9099705147956123,8.487931934611199,-0.007948572722205265,0.0022362699304919373,-9.045775413513184,-34.262664794921875,-0.08438782393932343,-8.088822364807129,146
-7.072234389842736,-24.262879214339897,0.9040092158530464,8.507421222941277,-0.008745362203871614,0.0030588414881378904,-11.044772148132324,-36.15468978881836,-0.1792113184928894,-8.480738639831543,147
-8.045143060388858,-22.38418689931556,0.6945949721549263,8.513373104349968,-0.0056293013673777885,9.393578338658257e-5,-5.489474773406982,-33.13420867919922,-0.05635439604520798,-7.708254814147949,148
-8.353500156355357,-21.097968455591943,0.679543249628376,8.525777546183464,-0.003976475175964093,-0.0015695352898932927,-2.4439022541046143,-30.04981231689453,-0.09157132357358932,-6.989471912384033,149
3.6546524319916185,-13.601731905902424,-5.72807992217796,-0.761361243708732,-0.012183402675096497,-0.013198671652409892,-9.265789985656738,-10.394388198852539,-6.214860439300537,-4.988719940185547,150
3.4079669527826715,-13.64566092095488,-5.7549110722328916,-0.7849817597705149,-0.01165407725341015,-0.013635473463028496,-8.509025573730469,-10.452836036682129,-5.940483570098877,-4.897157669067383,151
2.811593384020235,-12.155433135827089,-5.319248802640606,-0.37576476721346613,-0.005497940597474412,-0.016488799937533268,-5.428363800048828,-5.624244689941406,-5.999936103820801,-4.24041223526001,152
-0.792773790056759,4.380260077360448,-3.0278915238167534,9.449824062601921,-0.002905000848504613,-0.016657513145138237,-2.685979127883911,-0.6259077787399292,-5.594619274139404,-4.121915817260742,153
0.14518061369499335,4.793338855915212,1.9162768054221382,8.530264583842156,8.197130943408568e-4,-0.015821550597682258,-1.4830595254898071,2.7383358478546143,-1.5908969640731812,-5.8851165771484375,154
-7.336747985247276,-20.81358610594192,0.6295205283377876,8.222198215739128,-0.0026269527629211122,-0.005417890697506542,-1.5773731470108032,-28.54224395751953,-0.2238350808620453,-6.856876373291016,155
-14.67173063606348,-16.800708447287622,0.2985285449240913,8.004842487589714,-0.003925332419073785,4.741935202232821e-4,8.075047492980957,-27.974733352661133,0.34360599517822266,-5.699854373931885,156
-15.034370070363284,-16.8506663100379,0.23061662199242017,7.970919338480828,-0.004231955230056849,0.0019632170298917243,9.22476863861084,-29.295557022094727,0.4857524335384369,-5.553948879241943,157
-15.168516211264482,-17.11654155801149,0.24610220672829053,8.011354175822136,-0.004460388427166019,0.0027178929812870147,9.045915603637695,-30.1473388671875,0.5601933598518372,-5.683649063110352,158
-15.582879769438364,-17.057119659694376,0.14313536169273755,7.901901928202507,-0.004732182833709388,0.0036881590250655025,10.081119537353516,-29.767990112304688,0.6207867860794067,-5.407459735870361,159
-15.653355873901493,-17.174505184343815,0.04379158498985669,7.794841495768425,-0.0049157191561206605,0.004093679636236202,9.82776927947998,-30.060169219970703,0.6608982086181641,-5.376072883605957,160
-15.925919002558574,-17.07184852637702,-0.022120006063152342,7.663631168619988,-0.005208300079153159,0.0049601683635005465,11.171707153320312,-29.18845558166504,0.6778855323791504,-5.202386856079102,161
-16.011963636013608,-16.604801893521653,-0.05947495219962695,7.541730610148308,-0.005587422091886051,0.004152209184246798,11.878434181213379,-28.011951446533203,0.7002772688865662,-4.964423179626465,162
-15.838595243747132,-17.48652775102841,-0.01410204885261157,7.7182356989544605,-0.005196186311068798,0.004675299383817718,8.932504653930664,-30.452571868896484,0.7371100783348083,-5.593080043792725,163
-4.521292669741968,-19.819745841673257,-5.045145637967755,-3.175930770619514,-0.004680027741462336,-0.012741607368945534,-8.81548023223877,-18.83652114868164,-0.8588773608207703,-7.236034870147705,164
1.8479931411351254,0.9917712115743529,-3.0718272995735894,1.607898918406365,-2.106710456957e-4,-0.015009309432335527,-2.869593858718872,4.06394100189209,-1.4951248168945312,-6.210790634155273,165
-15.440268029500663,-14.860184785420302,-0.15821731803672412,6.744660106913445,-0.005280184634860831,-0.0012670198037379099,13.88731861114502,-19.317066192626953,0.23264899849891663,-2.904071569442749,166
-15.823195912145511,-14.672383003504482,-0.18740505693214038,6.720553604380486,-0.006128852441782217,0.0025359027117443826,15.495635032653809,-19.190231323242188,0.45806995034217834,-3.0954349040985107,167
-16.464393485497876,-14.44379728841491,-0.19529045341270068,6.6887252009075855,-0.007243004729493401,0.0053514613065302336,15.461179733276367,-22.394948959350586,0.7092827558517456,-3.329071521759033,168
-16.91430357915989,-14.260662503933633,-0.270034558751751,6.666224685923455,-0.008076076417274758,0.007021421790524108,16.9808349609375,-21.052959442138672,0.8596968054771423,-3.291890859603882,169
-18.009720399461877,-13.588984638855774,-0.26513127205627063,6.557945934550164,-0.009734581879890425,0.011232476736323731,19.343097686767578,-19.99197769165039,1.3701733350753784,-2.5489087104797363,170
-17.741921474554424,-13.630313464709173,-0.26433701036231616,6.555460182444451,-0.009303480265605625,0.010371469989137402,18.440080642700195,-20.610210418701172,1.3770350217819214,-2.673837423324585,171
-17.73397735504871,-13.668002011405646,-0.2711605500962029,6.567432132975457,-0.009310748181817067,0.01039190642236347,18.425914764404297,-20.493120193481445,1.2445605993270874,-2.6504955291748047,172
-17.66073478712796,-13.921658506708868,-0.2971699011112938,6.620329109446404,-0.00948463353205865,0.01038148269325585,18.876800537109375,-20.506376266479492,1.1990344524383545,-2.590463399887085,173
-17.092923531489355,-13.752579264765572,-0.2994440567280541,6.544265953318474,-0.008624343870763,0.008296116577104376,17.974315643310547,-20.520254135131836,1.0249618291854858,-2.6257991790771484,174
-10.714787352392237,-4.6587969053401395,-2.557464010694195,0.6829565441769339,-0.005899549126694895,-0.012614449759173366,9.767855644226074,-8.4538726806640625,-1.1175212860107422,0.672656238079071,175
-16.83261727468534,-8.20353532772431,-1.6787993979241143,2.5717281973522876,-0.007511541668041147,-0.004723131413961985,12.207942008972168,-9.585954666137695,-0.44895732402801514,0.1126118153333664,176
-17.504667188540182,-9.111682559290033,-1.6703199815537224,2.7719344771069263,-0.008301019161230813,-0.0013845243563745597,17.410268783569336,-12.344156265258789,0.4091687500476837,-0.6011143922805786,177
-17.94219735523446,-9.642803950346861,-1.8358770680214653,2.931331602351067,-0.009219181380489425,0.001739712819822811,20.052175521850586,-13.508893966674805,0.7096213698387146,-0.5763225555419922,178
-17.961228665781775,-9.952369885524536,-1.9212781262184868,2.9267606413525318,-0.009779116219570725,0.003456767421004107,20.085552215576172,-13.929736137390137,0.6839742064476013,-0.6603509783744812,179
-18.518139493541273,-10.00820743898748,-1.8467469286705742,2.9648039019268726,-0.010667043171213236,0.005148874346699106,20.260530471801758,-14.279657363891602,1.0492113828659058,-0.6140252351760864,180
-18.435308721427127,-10.161367212310331,-1.9045428108956108,2.9726917421978687,-0.010405452442486288,0.004650409020703702,20.072330474853516,-13.7342529296875,0.6963531970977783,-0.7337221503257751,181
-18.608828052271896,-10.203898783712912,-1.872777707555462,3.009454456583855,-0.010912626088177934,0.005434244474442131,20.136606216430664,-14.211528778076172,0.8810370564460754,-0.7832591533660889,182
12.126192199279421,-12.417924349469962,-6.641626961209942,-2.7320843064624096,-0.01435735559508056,-0.009862751373460689,-12.066704750061035,-7.608253479003906,-8.665846824645996,-4.621841907501221,183
13.656411074810087,-17.47255959376027,-6.531860954740216,-4.167115482075813,-0.024961139302611533,2.955799695941628e-4,-24.323593139648438,-10.399765968322754,-8.771050453186035,-7.788782119750977,184
-17.579248517552816,-1.1031370157041727,1.8956705260489692,6.769529548899529,-0.011573966356136778,-0.0023068719740892206,8.828352928161621,-19.018625259399414,-10.951915740966797,-0.97186279296875,185
-17.699202906319467,-1.110678455300774,1.8900941539023628,6.791834083811638,-0.011559846433185902,-0.002375705950025223,8.748686790466309,-18.935148239135742,-10.916401863098145,-0.9199510216712952,186
-17.574699353180478,-0.9193896750846318,1.904078834078144,6.738028732554314,-0.01156618134457897,-0.0024388477571063083,8.40890121459961,-18.866764068603516,-10.933753967285156,-1.003545880317688,187
-17.78246332626767,-1.4621531345162173,1.7916198897574653,6.8910023844403,-0.011419167392504748,-0.00238810325569334,8.908256530761719,-18.749202728271484,-10.857821464538574,-0.9397270083427429,188
-18.076350790507984,-3.8768352530822128,1.536588304064106,7.125570503489373,-0.0092294483189940945,-0.00578838631443294,9.26446533203125,-18.092870712280273,-10.463043212890625,-0.9405835866928101,189
-17.32742717064974,-1.0403044493989166,1.9389315772269478,6.740822044627068,-0.011484050066431476,-0.0024384163611610343,8.515643119812012,-17.84359359741211,-10.53325366973877,-0.9223839640617371,190
-17.297904615765496,-1.1567283264494512,1.943237655184101,6.728363243357537,-0.01151301262155754,-0.0023864679957294626,8.564708709716797,-18.009925842285156,-10.496434211730957,-0.8961524963378906,191
-5.229355260226015,-20.31959016705627,-5.108049042203595,-4.953947337849739,-0.009801178409790303,-0.009518347600815729,-11.12205982208252,-22.46771240234375,-0.7274972200393677,-7.594710826873779,192
-8.738062386069805,-2.9218646583459256,-2.9068352055336724,0.08673348786055807,-0.0039511746941473455,-0.01545008641604476,0.8172348737716675,1.61054527759552,-3.330725908279419,1.5211724042892456,193
8.652339120843168,-14.972900213917704,-6.437503464200665,-4.32344582913697,-0.016882647650006747,-0.008750313157620536,-19.109952926635742,-10.479724884033203,-8.542786598205566,-7.369722366333008,194
10.993976258604752,-14.879347913835522,-6.55112040756004,-2.8076718175250317,-0.016985698509670608,-0.008808434874581232,-15.979911804199219,-7.536891460418701,-7.7174153327941895,-5.283018112182617,195
-7.311757692874152,-2.9941512847070677,-4.812880642392804,0.3762927329701162,-0.00882573642431407,-0.012399553050012987,-5.069411754608154,-10.27912712097168,-8.732793807983398,-3.69433856010437,196
-7.329557039929383,-2.9883824790356477,-4.819824345090558,0.20346149565398458,-0.00894125861130451,-0.012475213331263996,-4.750405311584473,-11.59181022644043,-8.314213752746582,-3.6825387477874756,197
12.593494458585269,-12.478749702341622,-6.750359661557843,-3.0991561734515454,-0.01608037377474864,-0.00825462054942526,-18.93370819091797,-5.583189964294434,-8.959611892700195,-5.8529157638549805,198
13.695372684523944,-17.50246038189259,-6.626721031644513,-4.143819841130378,-0.024541120330440598,-3.347094123225008e-4,-25.418405532836914,-11.039117813110352,-8.712800979614258,-8.161986351013184,199
13.46226909991348,-15.991628032489729,-6.607784397580792,-3.3602624261218335,-0.022497001820906734,-0.0030309915303853587,-23.519432067871094,-10.719178199768066,-8.74461841583252,-6.956486701965332,200
13.787666081768442,-16.370143033298547,-6.589768059232403,-3.532474311574104,-0.023311522019345794,-0.0021040316962463975,-23.952341079711914,-10.804781913757324,-8.67441463470459,-7.5840277671813965,201
14.373862457090592,-17.03112778762477,-6.501433975675274,-4.150107892735603,-0.024496431281160174,-6.838659152646361e-4,-24.718738555908203,-11.067490577697754,-8.535004615783691,-7.830184459686279,202
14.176656752909587,-17.131782754407723,-6.46496785400169,-4.27313164113343,-0.025008987005701477,5.473014860955888e-5,-25.017242431640625,-10.943122863769531,-8.708520889282227,-7.8680877685546875,203
16.549258158524896,-20.00868724158417,-6.1252909970070615,-4.6615250432330395,-0.02689291278686428,0.002746113031676179,-28.906591415405273,-16.327909469604492,-8.168724060058594,-9.8279876708984375,204
12.64735164228864,-15.140017044004987,-6.664842731931378,-3.242479833348396,-0.018898998390539677,-0.006461123172275114,-19.280916213989258,-7.206429481506348,-8.738775253295898,-6.2546706199646,205
13.998516461159586,-16.953906321626455,-6.585208542325665,-4.051413568242195,-0.024035403560756632,-0.0012328697405059534,-24.49915313720703,-11.280879020690918,-8.710843086242676,-7.775721073150635,206
13.699868057285077,-16.420671310819365,-6.552814609983136,-3.5986070954638745,-0.02355468078742618,-0.0018203561913911269,-24.103778839111328,-11.089470863342285,-8.680611610412598,-7.443073272705078,207
16.651456794084922,-19.91340140897035,-6.1249224018837705,-4.568352016194465,-0.026850411889448894,0.0029527335786552708,-28.790008544921875,-16.597761154174805,-8.092698097229004,-9.642812728881836,208
13.24743068914754,-16.325249722800194,-6.545219070890118,-3.543563636525276,-0.022763725338790324,-0.0028057090747513427,-23.73154640197754,-10.110825538635254,-8.762423515319824,-7.312193393707275,209
15.46025947499851,-19.009389260923193,-6.310306675412823,-4.455768855794075,-0.026110876057702192,0.0017780907317448847,-27.559986114501953,-14.192370414733887,-8.383761405944824,-8.90545654296875,210
16.205449311236123,-20.06994843556766,-6.088824398496319,-4.695097240193489,-0.02723703176406547,0.0035312586242367233,-28.94206428527832,-16.31378173828125,-8.22398853302002,-9.747231483459473,211
13.746641255471246,-19.65796224406312,-6.275745995023419,-4.6960966908770825,-0.026363908707370345,0.0023483243240685348,-27.980302810668945,-12.996055603027344,-8.727137565612793,-8.809168815612793,212
16.813824601779583,-22.92539965048612,-6.5596453022743955,-5.353403838856819,-0.02950865494658792,0.006661295491411609,-30.869022369384766,-19.992538452148438,-7.747528553009033,-10.4347562789917,213
16.907155296333322,-23.28394064236227,-6.596648819425274,-5.419207843526008,-0.02977509432853528,0.006994112780354749,-31.287324905395508,-21.78348159790039,-7.2821149826049805,-10.914584159851074,214
16.84841208575678,-23.104114966866156,-6.571563370206524,-5.397807391865852,-0.029707679299369544,0.006931263472703267,-31.07335662841797,-21.868228912353516,-7.440232753753662,-10.763639450073242,215
17.014311657974794,-23.28817875947704,-6.5666385960366025,-5.43851831792176,-0.02982636538696111,0.0070373644951459615,-30.917741775512695,-22.218303680419922,-7.2973952293396,-10.862918853759766,216
14.556358507401425,-20.640876971449853,-6.414619095304181,-5.077708514912727,-0.02785830033130861,0.005107475978867314,-28.886516571044922,-15.243610382080078,-8.4819183349609375,-9.529718399047852,217
15.272994434184731,-21.373551709082193,-6.505097992398907,-5.316316875203254,-0.028301813702177315,0.005676589469176898,-29.405193328857422,-17.11934471130371,-8.319286346435547,-10.04706859588623,218
16.52537275315515,-22.638432866102054,-6.548687584378888,-5.4208586537677075,-0.02906658728049925,0.006181573076188445,-30.14044189453125,-21.215801239013672,-7.7028961181640625,-10.56447696685791,219
15.514845778823547,-21.516952739136,-6.567440159299542,-5.397730144246223,-0.028385186064870137,0.005709237230336118,-29.313688278198242,-17.48508644104004,-8.293564796447754,-9.930580139160156,220
-4.531113712933991,-22.012930161126604,-5.150985844113995,-2.7055948102313305,-0.009403220377998829,-0.004938597481398664,-10.310958862304688,-28.298564910888672,-0.4282717704772949,-7.885647773742676,221
-4.787917561700753,-22.187140863755673,-5.127487308957745,-2.7431478822070385,-0.009120657220732692,-0.0030896066188075572,-10.716655731201172,-28.84419059753418,-0.3783717155456543,-7.924191951751709,222
-5.808820191949012,-25.12210407611802,-5.121492512204815,-2.7357273423510815,-0.010466032230550355,0.0015803529111477503,-12.447661399841309,-32.844970703125,-0.22203794121742249,-8.656282424926758,223
-6.690724703697309,-24.299430737024995,0.9307048249457588,8.461600986735222,-0.008744242348435944,0.0030196855030270317,-10.153807640075684,-34.583984375,-0.13275815546512604,-8.290836334228516,224
-6.837385930241671,-23.627623033230588,0.8490773368094673,8.423869816080925,-0.00697187843127546,0.0016139430657011026,-9.059409141540527,-34.25878143310547,-0.10145585983991623,-8.10459041595459,225
-6.835740742570208,-25.197711906094344,0.7482111382697334,8.51757594706237,-0.00923400284048982,0.0044974513093248665,-12.947150230407715,-36.52314758300781,-0.24286974966526031,-8.590295791625977,226
-6.86681053354847,-24.924064717466276,0.8058781552527656,8.520310131327507,-0.0091718389351464185,0.004240256067760911,-11.592827796936035,-35.12431335449219,-0.1583407074213028,-8.379706382751465,227
-6.874178974897574,-25.208051599503786,0.8070086169455757,8.561567035929558,-0.009248376648729496,0.004434126377624793,-13.058710098266602,-36.2923583984375,-0.2037670910358429,-8.662330627441406,228
-7.122001527933414,-24.145616386992163,0.6891229081366768,8.55914374949157,-0.00822489410214869,0.0030246433604891104,-9.505145072937012,-35.01307678222656,-0.16216564178466797,-8.167496681213379,229
-6.931877195742441,-25.212236487064317,0.7138231921408882,8.520299640910027,-0.009205396385389263,0.00447670355654654,-12.868115425109863,-36.54650115966797,-0.3055557310581207,-8.797767639160156,230
-2.3359611462077874,-21.46413696449277,-5.262989647367169,-2.3740064227420117,-0.009506545339938222,-0.006399434662854781,-11.262635231018066,-23.735139846801758,-5.348991870880127,-6.386983394622803,231
-4.429873741186673,-21.397179236121215,-5.181207306363751,-2.6209125840503003,-0.007396522064609218,-0.006441468883289312,-9.032022476196289,-25.775325775146484,-0.5458347201347351,-7.673926830291748,232
-6.388056601969503,-23.117358174580538,0.68573593380196,8.308282581583855,-0.007571981366724689,0.0017442737182923893,-8.65042495727539,-32.002803802490234,-0.19535662233829498,-7.794712543487549,233
-6.753722592533531,-24.40811529491275,0.690402739069294,8.390315738932488,-0.008502778186061183,0.003408009683747335,-9.661469459533691,-34.46101760864258,-0.12034871429204941,-8.238077163696289,234
-16.579461404090164,-17.52236232028879,0.2393990683768501,8.004922596232293,-0.005088737281264363,0.0058838412108154214,8.730281829833984,-31.89558982849121,0.664942741394043,-5.710623741149902,235
-17.377974930969398,-17.64526529284062,0.1070251989577522,7.869557110087273,-0.005754481903291044,0.010413780327431668,8.688158988952637,-32.668853759765625,0.7870044708251953,-5.549714088439941,236
-17.472532983759322,-17.634118711212725,0.03561805965645215,7.763996807352898,-0.005903128142521162,0.011476661866497241,8.628636360168457,-32.76530456542969,0.7822660207748413,-5.49447774887085,237
-17.446987552233246,-17.678901266922928,0.02919619562370679,7.77630683542907,-0.005903257573567456,0.01149381368418312,8.495729446411133,-33.138458251953125,0.808726966381073,-5.444764614105225,238
-17.65076711518328,-17.56802231057134,-0.053932733514476805,7.539791790263054,-0.005924095576784022,0.011799456839226619,9.136125564575195,-32.534706115722656,0.817714273929596,-5.367765426635742,239
-17.667626895798428,-17.708610369670478,-0.04366493938224414,7.603859630839226,-0.00595764855568013,0.012023449243771366,8.46680736541748,-33.297096252441406,0.7799253463745117,-5.551116466522217,240
-17.75053559520397,-17.845838914766226,-0.053637511708904295,7.651818004862664,-0.005984706542300487,0.012110971251870148,6.982112407684326,-34.05331802368164,0.7540092468261719,-5.638059616088867,241
12.61708644816889,-14.645114640581095,-5.7172828984047666,-0.770295354111793,-0.015106581756408414,-0.010378233356190106,-12.886347770690918,-10.569149017333984,-7.836605548858643,-4.92991828918457,242
3.7934784094858642,-14.186087668027637,-5.790347225644757,-0.8740951144534372,-0.01186247673782464,-0.012835614271853387,-9.607057571411133,-12.649015426635742,-5.965700149536133,-5.335360527038574,243
2.833672282256862,-13.927309813116404,-5.747421867826153,-0.7063035094577097,-0.009189499372995175,-0.01528022897081412,-7.815310478210449,-11.733352661132812,-5.543257713317871,-5.218213081359863,244
-7.799022368459065,-19.585266824027563,0.28123854877693555,8.03167506815612,-1.314022963084376e-4,-0.012989643688873535,-3.0533883571624756,0.2425255924463272,-0.9564263224601746,-6.392702579498291,245
-16.968813546873893,-14.343638756297947,-0.21062872526900867,6.6151120340985035,-0.008145807061459865,0.006724311054406892,15.637920379638672,-21.406265258789062,0.7290812134742737,-3.144425630569458,246
-18.65292550595571,-13.402057456866292,-0.2904207479740868,6.488058773295281,-0.011947116393875037,0.013911576966730309,20.021224975585938,-19.94048309326172,1.7022919654846191,-2.1502537727355957,247
-19.633140429688233,-12.37271193702021,-0.6843923988352905,5.596349922434685,-0.013983488717636954,0.015306906296277862,20.493465423583984,-18.33359718322754,1.675672173500061,-1.3912667036056519,248
-19.252231708476618,-12.663909668319713,-0.5367976349379311,5.91213914515197,-0.013819073157077024,0.015434984917125055,19.98708724975586,-18.869110107421875,1.587129831314087,-1.7476873397827148,249
-19.36475801767673,-13.094896433304509,-0.31504220483558276,6.490758148447869,-0.013844706766856578,0.01563491174786324,20.391931533813477,-19.06830406188965,1.748294472694397,-1.9257880449295044,250
-19.738477846597323,-12.979269864304472,-0.3255815279270897,6.482786384837029,-0.013964953542414655,0.015373541587758058,20.247913360595703,-18.78778076171875,1.7430169582366943,-1.72099769115448,251
-19.891961221846593,-12.792377957466906,-0.34842679617660144,6.450607506052849,-0.014120210934538005,0.014942970722372599,19.878034591674805,-18.889450073242188,1.8473554849624634,-1.5710644721984863,252
12.953516603948962,-14.329914119811683,-6.589918262937237,-2.7719986760455395,-0.019340063472093487,-0.0062598090426324825,-10.514851570129395,-12.624521255493164,-8.986050605773926,-4.546050071716309,253
12.477408756410092,-14.003170291716659,-6.575762875058819,-2.7867033803302075,-0.016740078745995795,-0.008555898797603607,-13.858111381530762,-8.953929901123047,-8.676987648010254,-5.4353928565979,254
11.372191994426005,-11.703958794122434,-6.719288952329327,-2.7863090360003735,-0.00862191996787394,-0.01351312585996803,-12.819540977478027,-4.952413082122803,-8.441398620605469,-5.3101630210876465,255
-16.821495061723677,-7.911891971858509,-1.7621415924813042,2.6731192743939136,-0.006297578947134817,-0.006453783810992373,13.267016410827637,-8.550780296325684,-1.1845003366470337,0.6172756552696228,256
-16.115267295397295,-11.087504786851367,-1.9952756237770806,2.6304573691052173,-0.004610136802552657,-0.006554337979613328,15.104440689086914,-9.797557830810547,-1.0701258182525635,-0.8543745875358582,257
-19.34578667411542,-10.424642763300527,-1.8718849491860161,2.8718371069592212,-0.012405981202030012,0.0070308013757489915,20.24112892150879,-15.393447875976562,1.5616647005081177,-0.9020033478736877,258
-19.811832966401894,-10.89250367654267,-1.923566110112835,2.7872764742535328,-0.013314938384493465,0.007478444765166077,19.92328643798828,-16.671823501586914,1.6932364702224731,-1.2671501636505127,259
-20.061022369722167,-10.984105244850031,-1.9501266550804863,2.876878706232903,-0.01333383793084072,0.008729810071443935,19.95708656311035,-18.59111785888672,1.7894206047058105,-1.3183114528656006,260
-20.037184598313452,-10.909631527000519,-1.9268379282738457,2.929073063151238,-0.0133172504203895,0.00891515916748166,20.494369506835938,-17.188735961914062,1.764068841934204,-1.2508108615875244,261
-17.638543825252434,-3.9644786989363134,1.8162575888846626,6.8358480608624195,-0.008453402858357424,-0.00962365343527649,9.279513359069824,-15.644204139709473,-9.96998119354248,-0.7638009786605835,262
-14.505121857363392,-1.4887025846120685,1.9852121997092476,6.7450582659405445,-0.008177846266513704,-0.012043017085921317,9.054237365722656,-13.45218563079834,-9.331733703613281,-0.7798320055007935,263
-14.482167201841117,-1.6266928018767994,1.9268797564719429,6.7743904268902515,-0.007723588312919044,-0.012510233725864671,8.693950653076172,-14.594063758850098,-9.456738471984863,-0.7930646538734436,264
-14.499941562184924,-1.6203321273613815,1.9521521258567085,6.758835998789666,-0.007839218023106713,-0.01225156231951554,8.621191024780273,-14.35705852508545,-9.426678657531738,-0.9204702973365784,265
-14.694882991295913,-1.5805490432882738,1.9500645327780952,6.751874653117058,-0.00831371733572482,-0.01106999110253681,7.376644134521484,-13.922517776489258,-9.316556930541992,-1.1097370386123657,266
-13.664533040931813,-1.431913752221207,1.9624930548880806,6.7524201548260425,-0.006862543483945325,-0.013778773656921008,5.836770057678223,-10.983442306518555,-8.644573211669922,-1.0052896738052368,267
-9.253125259007994,-2.983374792609755,-3.072077400663067,0.06781258942305807,-0.0043648534873178884,-0.015171284232549766,1.6840569972991943,-3.7794346809387207,-7.016528606414795,-1.2393717765808105,268
-8.592785294873012,-2.727073539667011,-4.779410011747052,0.05172237517058614,-0.004838960851959595,-0.015317517450867896,-2.2726879119873047,-3.3099284172058105,-7.053426265716553,-2.3698158264160156,269
6.961566550296796,-4.23213282369061,-6.5457121205117,-2.5669744336444165,-0.0026352632257104053,-0.015780102077895555,-2.4967212677001953,1.8683750629425049,-2.892284393310547,1.6375341415405273,270
-8.077721266185378,-1.4498192492027075,-4.826174862363507,0.11060872437178854,-0.00888917761258104,-0.012931684457277695,-2.7627501487731934,-7.687830924987793,-7.260344982147217,-3.0520131587982178,271
10.97768873604434,-14.875211055226004,-6.56775105712669,-2.8531446778613354,-0.017224160300440862,-0.008601935794238786,-17.642223358154297,-7.405695915222168,-8.277544975280762,-6.008694171905518,272
11.201349374371635,-11.76383892037107,-6.727382309415509,-2.907847436650398,-0.009051292837673603,-0.013300147831088236,-12.540199279785156,-4.936778545379639,-8.52529525756836,-5.658398628234863,273
15.888931129375546,-14.286641623495765,-6.597999699094464,-4.38851741193116,-0.019509690027627695,-0.006041570351259762,-25.059892654418945,-8.9610443115234375,-8.877313613891602,-8.38209056854248,274
14.416413245327979,-13.174783281799012,-6.779236443021466,-4.114554198964241,-0.016323100998091776,-0.007930944111348847,-23.947586059570312,-7.199224948883057,-9.389364242553711,-7.743955135345459,275
11.822140683606335,-14.82955637502835,-6.596460468747784,-3.118690761311653,-0.018658845364337737,-0.007151833116404015,-18.857585906982422,-7.262679576873779,-8.49648666381836,-6.056446075439453,276
11.820089389663618,-13.686534753931648,-6.581624157407452,-2.783011945469978,-0.016494277623750317,-0.008642345094345008,-15.616544723510742,-7.566065788269043,-8.585768699645996,-5.540650367736816,277
11.569346705282012,-14.407308418627588,-6.578085548856427,-3.0086958730059887,-0.01823196844309479,-0.00752787456873099,-18.661853790283203,-7.275736331939697,-8.502638816833496,-6.033154010772705,278
11.988469199058231,-15.868281209123813,-6.573290474393536,-3.416721376164558,-0.020105046195049905,-0.00572584784589002,-21.49119758605957,-7.960994243621826,-8.698576927185059,-6.670019626617432,279
14.200189395039443,-13.364400844782137,-6.647702343442608,-4.128515752537849,-0.01638946225535449,-0.00817454061876656,-23.45850372314453,-8.229323387145996,-9.229491233825684,-7.663427352905273,280
14.444403412724988,-13.276768623983013,-6.714398510434796,-4.139622243626716,-0.016774776771114868,-0.0076644743060993205,-23.25457763671875,-6.941507816314697,-9.179068565368652,-7.679230690002441,281
10.70253225811685,-12.75461911633603,-6.63537276504295,-3.33300712941468,-0.014598780188992702,-0.009516102810069335,-19.464998245239258,-6.207918643951416,-9.055154800415039,-6.923696517944336,282
11.728068815661508,-14.62771298607653,-6.5836464237953916,-3.188337119801643,-0.018539666278192007,-0.007132137773470545,-18.54839324951172,-7.200266361236572,-8.695341110229492,-5.973392009735107,283
14.353460231625332,-19.25860717889768,-6.0602580380226865,-4.579405578358772,-0.025733042104792873,0.0013093697032744694,-27.360816955566406,-13.267122268676758,-8.550440788269043,-8.905512809753418,284
14.125858961207271,-15.444176610740461,-6.442428715207745,-4.139566692097786,-0.01967850479047842,-0.005760491686827423,-24.416851043701172,-9.109082221984863,-8.921342849731445,-7.949963092803955,285
12.543749479543704,-17.221938053772107,-6.5238858532692685,-4.056958945973518,-0.022802081825658203,-0.0025121366881806625,-23.82066535949707,-9.301342964172363,-8.848752975463867,-7.606995105743408,286
10.67121294635996,-15.580098627917641,-6.55337870834129,-3.552841457112434,-0.020801224471589337,-0.004967930825974259,-20.6588134765625,-8.410199165344238,-8.6023588180542,-6.708806037902832,287
10.345017126139693,-15.385555010150009,-6.566621429898907,-3.5045326077777172,-0.019831618226240237,-0.005856876875509175,-19.415834426879883,-8.55362606048584,-8.376849174499512,-6.841911315917969,288
8.745583208120651,-14.789039281623035,-6.451040871122052,-4.159247430546882,-0.017067932954614028,-0.008444760429850626,-19.600656509399414,-10.14233112335205,-8.583656311035156,-7.3604326248168945,289
8.820352953148927,-15.270070445277657,-6.11366809127586,-4.611646922810676,-0.017943459385505314,-0.007750862000219959,-20.38127899169922,-10.87890625,-8.635451316833496,-7.588483810424805,290
9.970517991553661,-16.299041588759216,-6.417243607022931,-4.578595432026985,-0.021218489926082683,-0.004375515650113316,-21.853679656982422,-10.117521286010742,-8.645467758178711,-7.732125759124756,291
9.539332522967259,-16.29354458420627,-6.372541077115704,-4.842691215260627,-0.021408049987644943,-0.004128447268550014,-21.88723373413086,-10.000515937805176,-8.613197326660156,-7.720861911773682,292
9.369640860158881,-16.245908665059304,-6.284795410611798,-4.850165160878303,-0.02162045259795726,-0.00390619155217109,-21.868595123291016,-11.173897743225098,-8.695847511291504,-7.825953006744385,293
9.246381038014736,-15.841351337953377,-6.366310722806622,-4.7319033467608715,-0.020677180975186685,-0.005005156069946695,-20.079505920410156,-9.826131820678711,-8.611869812011719,-7.433957099914551,294
8.983083389409133,-15.806348878199191,-6.3241716694618955,-4.943860801442268,-0.020887743669158815,-0.004814372044470599,-19.99285888671875,-10.323392868041992,-8.707700729370117,-7.895467281341553,295
8.746447115377721,-15.931575806606448,-6.333783276059796,-4.996978553517463,-0.020757315770004076,-0.004997267948293896,-20.45412826538086,-10.258350372314453,-8.57894515991211,-7.664083003997803,296
8.484346950147737,-15.787548881042454,-6.346608288266827,-5.051926406605842,-0.019592251704246614,-0.006217503225743258,-19.53546142578125,-10.76526927947998,-8.526864051818848,-7.6733808517456055,297
-8.533907924338546,-0.5158586563024159,-4.6657222580696835,0.48162272335707906,-0.006777753161338347,-0.013324920103329264,2.1216962337493896,-5.924622058868408,-6.735422611236572,-1.9942470788955688,298
-8.805501730313651,-0.5744971351688043,-4.5458654236580625,0.4186288392704702,-0.005625689109170054,-0.01471224586893103,2.4086644649505615,-5.8938517570495605,-7.086180686950684,-1.8915766477584839,299
-8.944395149264476,0.19919669260804268,-4.648469097592999,0.6136719858807302,-0.0051491924723381,-0.01529142459658616,3.6767051219940186,-5.814440727233887,-6.478475570678711,-1.9024444818496704,300
-2.7474918167326594,-22.97771383988791,10.900550715944599,-9.248784335835579,-2.772078987068889e-4,-0.010520679231885419,-2.2278857231140137,-30.476558685302734,1.261052131652832,-10.722198486328125,301
-7.86096673967031,-20.667487040976,0.7159218716834297,8.495857921854851,-0.0038188772086778576,-0.0031587430413802303,-3.1671056747436523,-28.93789291381836,-0.13469623029232025,-7.064720630645752,302
-7.986358962454524,-20.83017100032855,0.7733422446463813,8.483710018412468,-0.0037934824039673573,-0.002307973588666042,-2.9336905479431152,-29.782333374023438,-0.041138436645269394,-6.818968772888184,303
-8.172050795067936,-20.525153802805473,0.6473174023841133,8.490074840800164,-0.00324083412991644,-0.003645628361471184,-2.2930612564086914,-28.286779403686523,-0.1887703537940979,-6.771172523498535,304
-8.516888798065159,-20.83559191598805,0.6556380915854683,8.508942333475945,-0.0037626775568156794,-0.0018880722681877183,-2.7949562072753906,-30.269241333007812,-0.17101505398750305,-6.883585453033447,305
-8.432150023558803,-21.048596153003782,0.6569467711661567,8.561259952799675,-0.004038769440138588,-0.0014484041020352955,-2.6901378631591797,-30.202112197875977,-0.15037861466407776,-6.901039123535156,306
-8.789306848572686,-20.857051713503186,0.6589934754584541,8.506713596598503,-0.0038991986593505845,-0.0014084497350188643,-1.7891498804092407,-29.892902374267578,-0.050003230571746826,-6.833618640899658,307
-8.997319677397154,-1.2827158395529894,-4.594119436719586,0.3950416124027944,-0.008220582861584535,-0.012777230904340572,1.0236729383468628,-8.71580982208252,-7.515467166900635,-2.327749490737915,308
-9.605622145949518,-1.3221704273530805,-4.464400656202008,0.37823697687804464,-0.0074207884252047015,-0.013104013762575422,2.2299625873565674,-7.992043972015381,-7.492018222808838,-1.924059510231018,309
-10.028493755423016,-1.2720666366267184,-4.489892609098126,0.435456541792748,-0.007341673303941431,-0.013147212517198737,3.49069881439209,-9.32819652557373,-7.9866743087768555,-1.8114794492721558,310
-13.29040543266094,-1.7999037514708456,1.8755668330405464,6.8117696917217945,-0.007186491001208317,-0.013267173469177437,7.184000015258789,-11.01400375366211,-8.401189804077148,-1.172064185142517,311
-12.208578241404297,-10.646700170334393,1.5639480281089058,7.008116928355095,-0.0037450217621788026,-0.010726846945524891,10.945199012756348,-10.713875770568848,-0.5337386131286621,-1.508547306060791,312
-12.39856922048081,-10.881541540303514,1.2828572917197456,7.01841994883239,-0.005006955064472134,-0.005222110835878998,14.04989242553711,-19.48360252380371,0.1688314527273178,-3.295006275177002,313
-15.72230787742027,-16.18500583886064,-0.03006196735160449,7.516835895792839,-0.005693479782495567,0.002317670957755183,12.256545066833496,-26.472047805786133,0.6080617308616638,-4.575575351715088,314
-16.13552057532692,-15.742659210031768,-0.01817548988120654,7.352395263926384,-0.005885564305631456,0.0025507975459490104,14.356287956237793,-23.977588653564453,0.6357500553131104,-3.8643040657043457,315
-16.19367399506853,-15.721593070707115,-0.09714496848838428,7.345787731425164,-0.00594278127925152,0.0035714051951336984,14.478410720825195,-24.011598587036133,0.7057617902755737,-3.7218549251556396,316
-17.66903559503442,-14.628695003982783,-0.0670628022934685,6.848641601817009,-0.009055262649754637,0.009929892008917968,17.812236785888672,-21.479290008544922,1.003062129020691,-3.495492696762085,317
-16.09420202041046,-15.818619764751512,-0.05993504045264819,7.421321598307488,-0.005922740216049402,0.0034249695815916346,14.088517189025879,-25.07624053955078,0.6888105869293213,-3.854017972946167,318
-7.839032266172196,-1.2929907388114965,-4.872416145780255,0.09908792139708761,-0.009427287873838354,-0.012758344298110916,-2.7651937007904053,-7.640237808227539,-7.203431606292725,-3.1035451889038086,319
-8.644764299066782,-1.3865271860032693,-4.710046417691876,0.34021594883620504,-0.008860195486787004,-0.0126755769287771,0.44941022992134094,-8.703381538391113,-7.633224964141846,-2.4410932064056396,320
-10.235425675469976,-2.079783172124963,-3.359452135541607,0.042571214453575645,-0.00678142502327645,-0.013128877374148612,3.6680073738098145,-9.43115520477295,-7.682258129119873,-1.630210280418396,321
-11.856579051994608,-3.6454620938835824,-2.976752645948101,0.3179164803189016,-0.0059525075107460775,-0.01235482153912339,7.009769439697266,-9.424095153808594,-7.982317924499512,-0.9485390186309814,322
-12.45278537951586,-4.185830942552917,-2.712857611158062,0.5540413534802175,-0.005878832899646133,-0.011613551536200983,9.1627960205078125,-10.496601104736328,-8.174538612365723,-0.6743107438087463,323
-16.270484389483688,-8.669286834294297,-0.7688252550150643,5.226462570444939,-0.006407194932918403,-0.008357735984015393,13.75743579864502,-12.604516983032227,0.23404721915721893,-0.7606803178787231,324
-17.644962062447775,-10.322206516747436,-0.7541073632027397,5.342332092539666,-0.007268281547194509,-0.004283174638239892,17.13329315185547,-14.075603485107422,0.6885610818862915,-1.2199949026107788,325
-17.105954527361053,-10.628291527087436,-0.7036462441618929,5.521175113932488,-0.006907342783364688,-0.004729650442479083,17.15981101989746,-14.444576263427734,0.280014306306839,-1.3936501741409302,326
-18.417532930065402,-13.160027870798489,-0.34254462239997485,6.445799556986687,-0.010639448353562593,0.011531481913405094,19.3393611907959,-19.586835861206055,1.5307036638259888,-2.1186683177948,327
-17.493835373806167,-13.459838616078352,-0.3177582394863854,6.496300903574822,-0.00906300443108698,0.00949514178230402,18.635530471801758,-19.62636375427246,0.9369460940361023,-2.5735113620758057,328
12.589098910829335,-14.491690461753397,-6.569325096585919,-2.7720835530596997,-0.0165920804200321,-0.008984971565168394,-14.131927490234375,-10.058985710144043,-8.42335319519043,-5.588153839111328,329
11.467215198995268,-14.446574836840247,-6.556226856687237,-2.7786755883532788,-0.017861116879168734,-0.007954528153736928,-17.348718643188477,-7.379925727844238,-8.338406562805176,-5.700795650482178,330
10.776701342472444,-11.599212184201125,-6.590345509030987,-2.6281271302539135,-0.006313901998152328,-0.014798064832184044,-11.220078468322754,-5.545024871826172,-7.985896587371826,-5.022109031677246,331
-10.466876332717657,-4.499509560067042,-2.5921986174370537,0.5065639293354727,-0.005586299522812095,-0.013394461075012196,4.7086262702941895,-7.145554542541504,-1.3529630899429321,0.70420241355896,332
-10.991905333230589,-4.543668483570022,-2.546146757581402,0.7004100954693533,-0.005953823687577931,-0.01247117179342241,8.818412780761719,-8.923172950744629,-0.9165431261062622,0.4992746114730835,333
-17.355160767827574,-8.431389001121698,-1.6788425516869316,2.4999363100689624,-0.00790354135053797,-0.003288779625966321,16.026182174682617,-12.156547546386719,0.30945807695388794,-0.4071750044822693,334
-17.349928114449657,-8.866835592182175,-1.644795424916912,2.7128321802777027,-0.008220241419461259,-0.0020215882336382233,17.455087661743164,-12.810839653015137,0.41845402121543884,-0.4702688753604889,335
-18.43921059712509,-9.95251365018381,-1.909206397512127,2.960191694514153,-0.010382777482366476,0.0045711400107910725,20.535215377807617,-13.749712944030762,0.9858537316322327,-0.6359323859214783,336
-17.908134397410826,-9.805170803414288,-1.863780028798748,2.965771642939446,-0.009377556756760268,0.002285909437970614,19.103939056396484,-13.663959503173828,0.7439916729927063,-0.7815902829170227,337
-19.29962136878748,0.06316593605761388,1.4163042235587349,6.128753868357537,-0.014776946926524795,-0.0038151216554328793,6.760087013244629,-20.41558837890625,-11.203034400939941,-1.7968693971633911,338
-19.378641870881832,-0.10230830655477928,1.43227016212685,6.1597664034527515,-0.014637668884816508,-0.003893365907895022,6.929080963134766,-20.29787826538086,-11.162249565124512,-1.755611777305603,339
-18.95027018185079,-0.273648650055286,1.4671240973685493,6.252483097330925,-0.015868916022231103,-0.001991380877553941,6.951277256011963,-20.117996215820312,-11.289409637451172,-1.715852975845337,340
-18.88398737857485,-0.2763962996482667,1.4698363471244087,6.222200123087761,-0.01574289787267269,-0.001997660664722864,7.077147960662842,-20.166732788085938,-11.175662994384766,-1.6455838680267334,341
-18.807037867317607,-0.23851002617084333,1.4489787745688667,6.191579548136589,-0.016069180218335734,-0.0017850482801606525,7.331333637237549,-19.95292091369629,-11.227258682250977,-1.724085807800293,342
-14.00048936087617,-2.841831925041059,-3.60134685752647,0.1711215651196218,-0.008737870976686738,-0.010505044760562009,8.035107612609863,-15.486579895019531,-9.542574882507324,-1.1402548551559448,343
-13.563389951239206,-3.038584878459961,-3.6323434185768853,0.12127521397292379,-0.008425149298305996,-0.011169249602045812,6.633490085601807,-13.003668785095215,-9.358694076538086,-1.226511836051941,344
-13.611725946976529,-2.8324806042814004,-3.5972212624336968,0.10642781616866354,-0.008670847462682832,-0.010778331507416226,6.089982509613037,-13.576964378356934,-9.335375785827637,-1.1763694286346436,345
-13.53810176850987,-2.7895878424103446,-3.576371557691265,0.13502356173217062,-0.008629228971994836,-0.010835509073179895,6.17173957824707,-13.390978813171387,-9.378167152404785,-1.1887511014938354,346
-12.647976557560579,-2.6124686864333895,-3.6499806713845024,0.011611638085243736,-0.00835133122222194,-0.011352586879805567,5.668465614318848,-13.144576072692871,-8.805281639099121,-1.2499949932098389,347
6.83917033278677,-5.679379603245915,-5.725010044553448,-1.731595309956672,-0.0069552603630710945,-0.014645765986821473,-7.459814548492432,-0.6067380309104919,-5.450656890869141,-6.000296592712402,348
6.9308133092059085,-5.7622464625006895,-5.566805965879132,-1.69984165070832,-0.006864768119084778,-0.01482837503619523,-6.976572036743164,-0.3578924834728241,-6.13047981262207,-6.055875778198242,349
8.284133210879531,-7.220651747287757,-5.936950809934308,-1.7631612145739817,-0.0086266896863575,-0.014179331584892936,-9.858428001403809,-2.0484061241149902,-5.7251811027526855,-6.477179527282715,350
8.051005991076346,-6.858522882602597,-5.814312584378888,-1.8024494969683909,-0.00806657260969736,-0.014362310031624356,-8.924103736877441,-1.2076829671859741,-6.047489166259766,-6.349908828735352,351
8.06775283282046,-6.809296491302171,-5.793617851712872,-1.7906530225116037,-0.00800842665049974,-0.014391904869713042,-8.590836524963379,-1.4768699407577515,-6.065426349639893,-6.32965612411499,352
8.346098878508853,-7.329927527316533,-5.989087707975079,-1.7622871720629953,-0.008797598459626238,-0.014090863599958432,-10.819748878479004,-3.9036080837249756,-6.016495227813721,-6.852352619171143,353
7.154344741100167,-6.4865369883618635,-5.6490641903664365,-1.7309556329089426,-0.006838894718707875,-0.014897924685972726,-7.421006679534912,-2.872337818145752,-6.5891571044921875,-5.704313278198242,354
18.853190817992104,-14.493689195024983,-4.878110058286358,-3.7184281670886303,-0.020291478238881663,-0.006710252213957255,-22.215662002563477,-15.642467498779297,-6.697910308837891,-9.039729118347168,355
18.76631639336201,-14.431286009949456,-4.907878048398663,-3.7157614552813794,-0.02012525276875926,-0.0068469298783581265,-21.90688705444336,-15.843381881713867,-6.571934223175049,-9.084430694580078,356
18.929029484605813,-14.988942000453378,-4.904820568540265,-3.753754647954109,-0.020621430319575286,-0.006284685372181777,-22.108928680419922,-16.216318130493164,-6.701757431030273,-9.080523490905762,357
18.728664361936318,-13.759797897657284,-4.863070137479474,-3.560749801381233,-0.019980690364594034,-0.006967720110128572,-21.486188888549805,-14.751599311828613,-6.474567890167236,-8.653146743774414,358
18.725828141206634,-14.192835504396497,-4.862632877805401,-3.68889788029969,-0.0198608167929362,-0.007151047249069516,-20.94884490966797,-15.481097221374512,-6.5649566650390625,-9.020041465759277,359
18.922420664371565,-14.827367752971313,-4.869836933591534,-3.767445834859016,-0.0202780687078505,-0.006704528678551347,-21.860044479370117,-15.766294479370117,-6.682861804962158,-9.109953880310059,360
18.758971539042665,-13.711797881723918,-4.8411542248513,-3.6346674287158276,-0.019256107547170682,-0.007628355750312798,-19.745407104492188,-13.346174240112305,-6.509766578674316,-8.512860298156738,361
10.793181159033875,-17.31393501243095,4.81751858474953,-6.696640762074592,-0.019593456456533768,-0.005881337512643763,-21.686630249023438,-11.29647159576416,-9.513299942016602,-6.777402877807617,362
10.671266456229063,-17.23925930688962,-6.272408134915997,-3.2631366574603344,-0.018989299823483765,-0.006445312846719054,-22.127859115600586,-11.760214805603027,-9.432007789611816,-6.600218296051025,363
18.83182457149335,-15.924984059198616,-4.952198631742169,-3.9817746007281567,-0.021228424845542136,-0.0054699229984565105,-23.320566177368164,-16.924283981323242,-6.767367362976074,-9.437383651733398,364
18.96420433967228,-17.005617055673333,-4.945613987424542,-3.9422235810595776,-0.02128212390174344,-0.00520655711204296,-24.22734832763672,-19.165203094482422,-6.693576812744141,-9.677576065063477,365
18.85149397956092,-15.377973367229684,-4.916905052640606,-3.8880482041674878,-0.020862597398655,-0.005916494182985296,-22.436538696289062,-16.43450355529785,-6.7527031898498535,-9.275147438049316,366
18.879112536993404,-15.869798556749771,-4.951411850431134,-3.9463296258288647,-0.021270682509157427,-0.005423322631514195,-23.020360946655273,-16.637353897094727,-6.793741703033447,-9.432580947875977,367
18.760176727007998,-15.405769334803928,-4.930709011533429,-3.933083327992561,-0.02076115370240897,-0.006025055061218367,-22.73121452331543,-16.27499771118164,-6.846309185028076,-9.24692153930664,368
15.863799067845664,-19.731331407890742,-5.703769810178448,-4.583506377919319,-0.026130146157060854,0.0015829217631103283,-28.39606285095215,-15.814481735229492,-8.123379707336426,-9.36380672454834,369
12.512270414808706,-16.621870198236678,-6.4914223027016416,-3.642734321339729,-0.022430909921194495,-0.002984944669642418,-23.799705505371094,-9.795635223388672,-8.9117584228515625,-7.327525615692139,370
13.06747600676224,-17.972267426648674,-6.343971378781964,-4.128764661534431,-0.0240035738003096,-0.0010739906332204088,-25.474010467529297,-10.791361808776855,-8.929238319396973,-8.086447715759277,371
12.893074722264462,-18.679957875636635,-6.263747818448712,-4.334882053120735,-0.02308380826035408,-0.0020812056504356906,-25.72820472717285,-11.877975463867188,-8.868094444274902,-8.26215648651123,372
14.032329559989693,-19.613033685623737,-5.802542335965802,-4.581888469441536,-0.02399597981268818,-0.001131555331973341,-26.847919464111328,-13.255199432373047,-8.458261489868164,-8.894411087036133,373
18.83238167709273,-18.265288958972185,-5.0642935108925595,-4.092887195332649,-0.022444648897048156,-0.0037838461131292044,-25.63413429260254,-19.689329147338867,-6.587357521057129,-10.302221298217773,374
18.883978189502454,-18.625568680050655,-5.03468335387962,-3.9752645814257885,-0.023130715485283924,-0.0029716530525973725,-26.688610076904297,-20.244916915893555,-6.593980312347412,-10.21877384185791,375
18.734566253651057,-16.720629572262787,-5.0191155743386044,-4.0240207040149,-0.021449214246755183,-0.005155213421207053,-23.446943283081055,-17.060989379882812,-6.985350131988525,-9.552583694458008,376
18.839319607448644,-17.51097280935302,-5.020149834134747,-3.9901078069049145,-0.021949058795843558,-0.004603972781469588,-24.563785552978516,-18.788040161132812,-6.432917594909668,-9.963829040527344,377
18.14974323910848,-15.247945777866445,-4.983847744443585,-4.040014060719612,-0.018660533798108773,-0.007546800671300743,-21.92996597290039,-14.542762756347656,-6.842773914337158,-9.09688663482666,378
16.801783218493387,-22.000663021317887,-5.13940633056419,-4.95194080708802,-0.026595832777253647,0.0024475231156241943,-28.730222702026367,-20.707853317260742,-7.122788906097412,-10.478413581848145,379
16.615279100959373,-21.863064216606123,-5.1584330868508115,-4.980257781727913,-0.027163890362983497,0.0036299620077607144,-29.19911003112793,-20.11126708984375,-7.502939224243164,-10.357400894165039,380
15.22401373359996,-20.96715973578108,-5.2516104054238095,-4.994772704823616,-0.025823397234428707,0.0016200192690206871,-29.720670700073242,-16.71444320678711,-8.153582572937012,-9.763526916503906,381
13.821011106871328,-21.64638146804313,-5.306874878385235,-5.5654533231097485,-0.024291636504080682,8.893999550184203e-4,-29.42901611328125,-16.00150489807129,-8.549107551574707,-9.3046875,382
15.597161903805386,-22.14956643763789,-5.1449843716408505,-5.088553699238899,-0.02635430245410309,0.002903272721718012,-29.71700668334961,-18.117395401000977,-7.979219436645508,-10.188668251037598,383
14.015389411645671,-21.75894932232463,-5.245823986509015,-5.237211974843147,-0.02458058011914944,9.519317904097685e-4,-29.987916946411133,-16.41803741455078,-8.40471076965332,-9.498604774475098,384
14.294114308779646,-22.03560580635642,-5.158636219480206,-5.121487888081672,-0.025342365887796488,0.0018716969161537284,-29.041650772094727,-16.413860321044922,-8.368733406066895,-9.62108325958252,385
3.6577350386103933,-13.391625714644892,-5.70739949462669,-0.7419495308238291,-0.010755779262278534,-0.013997884622706042,-8.391072273254395,-9.618666648864746,-6.006770133972168,-4.76459264755249,386
3.602131616814537,-12.260444130239865,-5.363686211087872,-0.40173159776509043,-0.008846108958125773,-0.01471311930821077,-7.652501583099365,-7.304479122161865,-6.560838222503662,-4.210276126861572,387
2.8837042537959046,-12.043617384925119,-5.313895828702618,-0.35805987803519007,-0.006254391330561325,-0.016279172253582594,-5.670925617218018,-5.295485973358154,-6.0949811935424805,-4.159507751464844,388
-4.938774733181538,-21.15276383825728,-5.148421413877179,-3.1735229813891674,-0.008176258424387918,-0.006312818306545848,-10.494141578674316,-25.726181030273438,-0.5275729894638062,-7.668791770935059,389
-4.933184875263287,-20.737307445762383,-5.138892776944806,-3.2389223897296215,-0.00845736791730801,-0.008152426045064984,-9.771745681762695,-24.14139747619629,-0.5701318383216858,-7.4751877784729,390
-4.969189138440307,-22.70836761132006,11.784088962099384,-3.932055267079475,-0.00848708694015618,0.0011654559301392782,-9.184810638427734,-30.968090057373047,-0.03697553649544716,-8.587846755981445,391
-8.141842951807224,-24.76185899581113,-9.86754525420921,-2.3216741406756665,-0.014949867580731442,0.005016014538756923,-11.050484657287598,-36.684391021728516,-0.2501762807369232,-8.990653991699219,392
-8.60728830316481,-23.842147874396115,-10.08300984618919,-2.57655599950135,-0.014911118265091549,0.006272190353065547,-10.61184024810791,-38.348388671875,0.06002042442560196,-9.370292663574219,393
-9.08264999594019,-23.175061282412308,-10.253380901792218,-2.844903501256111,-0.014613504415020689,0.005380849394351704,-9.402397155761719,-37.05712890625,0.06980791687965393,-9.418031692504883,394
-8.869063992727046,-24.77772111276171,-9.89027131316917,-2.1189136826831128,-0.015987999839432464,0.005952121880946746,-11.655316352844238,-37.93113708496094,-0.13959144055843353,-9.205450057983398,395
-9.258152063201795,-25.54315836082537,-9.930081493833233,-2.073309453709724,-0.016175985150889045,0.005181812878673801,-13.006389617919922,-40.43272018432617,-0.1462259739637375,-9.487544059753418,396
-9.477960058523113,-25.09660525674825,-9.878625042417218,-1.9651394212085032,-0.016599370343277964,0.0054963611061580745,-13.547250747680664,-38.14459228515625,-0.32943210005760193,-9.243115425109863,397
-9.830352412505038,-23.484610803083537,-10.068500645139386,-1.6471051299411081,-0.015185494750697123,0.005073478206104697,-8.992021560668945,-36.47140121459961,0.00382138486020267,-9.270537376403809,398
-9.835532875839592,-23.214128189181114,-10.108885891416241,-1.6214853846865915,-0.014981572447029592,0.004343257018945172,-9.705756187438965,-36.882755279541016,-0.03808104991912842,-9.208133697509766,399
4.5760990379196835,-10.935143242511067,-5.195443279721905,-0.30514028905213114,-0.010364348846568519,-0.013399250651988893,-6.234824180603027,-10.0632905960083,-7.185641765594482,-3.8741180896759033,400
3.707356903806897,-11.64728312625321,-5.223976261594464,-0.34509285031140086,-0.00890445935832146,-0.014507326129406466,-6.255007266998291,-8.155045509338379,-6.611203670501709,-3.9707179069519043,401
-9.13993794653197,-0.8147984664208299,-3.7933031391884575,-0.4755653352874541,-0.006415167396954827,-0.014786819445534938,-0.48632103204727173,-7.067721843719482,-7.2513556480407715,-2.5943164825439453,402
-3.308916245326116,1.681370775056872,-3.634608156659771,-0.6323617720443033,-0.005336373689431675,-0.01685477466088595,-1.5643526315689087,-4.536037921905518,-6.134420871734619,-3.753262758255005,403
0.6475091927969405,5.132365373522185,1.9165614772055855,8.462555614725945,0.0010563704896538288,-0.016207831090374623,-0.8857394456863403,10.413068771362305,0.9600615501403809,5.074163913726807,404
-1.1941306797180489,10.061378895961814,1.4239472079489937,7.152128902689812,0.004024817999974016,-0.015394956114011394,3.154210090637207,2.4896280765533447,0.370212197303772,-7.0442304611206055,405
-14.373230211216413,-18.299668802539,-1.1139291000153313,7.522595134989617,-0.004274160238390457,-0.0024964072849617486,5.56279182434082,-25.845815658569336,0.6618635058403015,-7.098421096801758,406
-15.045979491224662,-18.47109154113696,-1.1413917910839806,7.546745983378289,-0.006012125667957485,8.416577665739198e-4,6.275770664215088,-29.85407829284668,0.9651563167572021,-7.225693225860596,407
-14.89662004030826,-18.436661412458403,-1.1254716288830529,7.569719043986199,-0.005977021812460594,8.017732443729203e-4,5.8637919425964355,-29.899066925048828,0.9513373970985413,-7.245288372039795,408
-15.14488965054532,-19.09863577675555,-1.1921057772423516,7.561398712412712,-0.006911035995725666,0.002061368152946146,5.710639476776123,-30.449169158935547,0.9623966217041016,-7.331170558929443,409
-15.416291162419967,-18.934621816093713,-1.1832882833267937,7.54144355417907,-0.007277477463089237,0.002430615526007524,6.365963459014893,-29.92096519470215,1.030712604522705,-7.404172897338867,410
-15.445829642122016,-18.86717242163964,-1.1834226321961174,7.539059845225212,-0.007369598292383633,0.0025228484795292777,6.311258316040039,-30.217159271240234,1.0999802350997925,-7.345606803894043,411
-15.500926882066958,-18.819234351201967,-1.1958162855889092,7.556134907023308,-0.007471802558846784,0.0024287203241076605,6.3354926109313965,-30.20746612548828,1.0079294443130493,-7.378395080566406,412
-15.37614259052152,-19.169274268652437,-1.201918787934948,7.545188633219597,-0.007494810269771324,0.0021896824199212194,5.61513614654541,-30.514785766601562,0.9247188568115234,-7.514410972595215,413
5.00531637031273,-6.3534266716744066,-3.6178125214363823,1.277169553057549,-0.002399746957014126,-0.015172074882203682,-5.613011837005615,1.022066593170166,-2.7296524047851562,-5.728573799133301,414
1.8187723694155322,0.8166759435278322,-3.245258219220806,1.5100991404217459,-1.9116675397511047e-4,-0.014427596458966121,-3.289473533630371,3.5895004272460938,-2.074414014816284,-5.635201930999756,415
-14.336563993352351,-8.222526983950331,-0.7435270991708527,5.357495991007683,-0.004590854080102914,-0.010937009360467766,12.422919273376465,-10.628297805786133,-0.673127293586731,-0.6580246090888977,416
-14.821577095320777,-10.85171265609829,-1.1140137386109124,5.8711969530743335,-0.005879846624400857,-0.005363663315551876,15.931231498718262,-15.366472244262695,0.023007754236459732,-1.8553380966186523,417
-15.070195191185835,-10.55932847170842,-0.9599830579544792,5.687284675852654,-0.005964111813874972,-0.005627804646831926,15.88985538482666,-14.775457382202148,0.010938150808215141,-1.6197534799575806,418
-16.509484940613298,-12.214508015589095,-1.0511877906109581,5.798633781687615,-0.006412897710147359,-0.0036033599602171944,16.26931381225586,-15.919510841369629,0.15350188314914703,-1.8092578649520874,419
-17.12616240775237,-12.639294722999947,-1.1560652029301415,5.910334316508171,-0.006925247093869365,-0.0010758902098865813,17.656673431396484,-16.58858299255371,0.4774676561355591,-1.8187975883483887,420
-17.187128311791348,-12.880028716287491,-1.2064333629395256,6.001360622660515,-0.0068421876603872705,-5.419283307705205e-4,17.243881225585938,-17.023969650268555,0.3780609667301178,-1.8203047513961792,421
-16.417498697631018,-12.961902808428176,-1.1994873952652703,5.991666523234246,-0.006559052371447518,-0.0018391074515326186,16.4163761138916,-16.6335506439209,0.2216169238090515,-1.8884955644607544,422
-16.690066001293143,-13.384693297300606,-1.2418998551155815,6.059078422800896,-0.006650039630019274,-0.0010414935741536622,17.705968856811523,-17.849470138549805,0.5153627991676331,-2.012096643447876,423
-16.24736050672258,-12.972153149754506,-1.2263619375015984,6.021757808939812,-0.006188238102082448,-0.002938663998434514,16.20855712890625,-16.83367347717285,0.16669604182243347,-1.9328590631484985,424
-11.086655348802362,-4.673216543108214,-2.58315313575523,0.7103398716610647,-0.005875581234844136,-0.012402190132828056,10.13469123840332,-8.477721214294434,-1.0269464254379272,0.5901691913604736,425
-16.173515619446214,-8.589715616254486,-1.5473694872643242,2.675721613184807,-0.006757655203510923,-0.007236538778791133,14.77452564239502,-10.460290908813477,-0.13506735861301422,-0.39981314539909363,426
-16.41033714236588,-9.407217518066997,-1.4368530583168755,2.886741367594597,-0.006517088226526176,-0.006293297966743792,16.91724967956543,-11.763362884521484,0.077106378972530365,-0.7701831459999084,427
-16.687490674795587,-9.818649737175777,-1.426460213639904,2.906838384882805,-0.006486600087836445,-0.005490190950309632,17.368520736694336,-12.238170623779297,0.013491986319422722,-0.9280000925064087,428
-16.60875681925686,-10.222433548624553,-1.4782638621117363,2.8559517538708423,-0.0061665002589122095,-0.005381589266274758,17.134136199951172,-12.142340660095215,-0.006111661903560162,-0.9336274862289429,429
-16.77559914705841,-9.888712407989066,-1.4308278035904656,2.9188933050793384,-0.006523499951358669,-0.005410933060722411,17.646154403686523,-12.266263961791992,-0.034050147980451584,-0.922958493232727,430
-16.58356889759548,-10.079206200266901,-1.4541753601814995,2.923749653117058,-0.006385088526609862,-0.005583951950318761,17.493797302246094,-12.504403114318848,-0.11883679777383804,-0.8993582725524902,431
-16.819102405698942,-10.08312332151959,-1.4345215034271965,2.9293000376385425,-0.006575226266886026,-0.004963978474755571,17.27891731262207,-12.455421447753906,0.20679935812950134,-1.0623966455459595,432
-18.981079860786526,0.4967791275108266,1.4145733046744575,6.114499298350212,-0.015631529586925725,-0.002720241790727831,5.906220436096191,-20.28299331665039,-11.172125816345215,-1.8876880407333374,433
-19.057974195934623,0.34521047964408946,1.447822206041645,6.16036912562072,-0.015298746114313928,-0.0030311201399054136,6.972771644592285,-20.233333587646484,-11.244293212890625,-1.8262889385223389,434
-18.750274225887175,0.33498773252957076,1.430138223192524,6.14406749369323,-0.01596406302999224,-0.0021445508175747447,6.337337493896484,-20.422182083129883,-11.217262268066406,-1.8282185792922974,435
-18.711910123258253,0.3637546550551705,1.4472106623862495,6.159260479227898,-0.016150157797866417,-0.0018529014374133819,6.546969890594482,-20.11882972717285,-11.278894424438477,-1.8735054731369019,436
-18.691758781175075,0.4757148273285105,1.4451705146048774,6.166373459116814,-0.015949219336578283,-0.002426468682511596,5.565657138824463,-20.059314727783203,-11.143884658813477,-2.016153335571289,437
-12.272180257941304,3.0026576745910862,-4.003880865552594,-0.206290307028892,-0.009764203240633571,-0.011812271672754933,4.585629463195801,-14.173199653625488,-9.5863494873046875,-2.1350276470184326,438
-12.229014208765664,2.7381951869163492,-3.80822695014732,-0.09318956969559428,-0.008950134889098483,-0.011480820180249016,5.313933372497559,-13.791929244995117,-9.496399879455566,-1.3450032472610474,439
-11.638098452109386,2.3667252137052817,-3.862650043943096,-0.1605960750418925,-0.008743169069435718,-0.011943495553650423,3.689527988433838,-14.522926330566406,-9.508572578430176,-2.0856783390045166,440
-11.523143293188845,2.2851692453515193,-3.846486694791485,-0.22906887768090006,-0.008534676624390666,-0.012857958259259101,1.3117403984069824,-14.227931022644043,-9.312222480773926,-2.8304126262664795,441
8.003375159665353,-7.6085028610910905,-5.933074600675274,-1.7342958772021555,-0.00917995766382459,-0.01398313700842034,-9.48938274383545,-4.1808857917785645,-6.053218364715576,-6.373545169830322,442
7.674665877039958,-11.352479490557098,-5.743804581144024,-1.7152250134784006,-0.012102234189517558,-0.012114504189814308,-11.459059715270996,-8.51525592803955,-8.035140037536621,-6.219007968902588,443
7.481151890091816,-11.191239070476792,-5.718787796476056,-1.6531622731524729,-0.011923635176836773,-0.012355460242434163,-10.588496208190918,-7.361888408660889,-7.094180583953857,-5.998891830444336,444
7.66821512894978,-11.670278455366429,-5.6933194470192685,-1.6534437262851023,-0.013050373728217744,-0.011502068134184544,-12.18519401550293,-10.586463928222656,-8.536638259887695,-5.8426313400268555,445
-5.291147193814819,-2.5973215289930582,-5.155653126218487,-1.2641151869136118,-0.013960791052942187,-0.010308451056608891,-3.3517253398895264,-14.45878791809082,-9.262042999267578,-3.8903939723968506,446
-5.207875859151571,-2.496602781093604,-5.231540806272198,-1.324798139317634,-0.014253554371537285,-0.010297988165708892,-5.417951583862305,-13.947633743286133,-9.227490425109863,-4.4612579345703125,447
10.57014621170053,-13.254552146377696,-6.372487194516827,-3.073452743275764,-0.014644788969333383,-0.010084123589853687,-19.356918334960938,-7.265886306762695,-8.91541862487793,-6.562100410461426,448
15.615895916935603,-16.595755604705953,-6.145203239896466,-4.148870261891487,-0.022526613590485835,-0.0030501407002690483,-25.46886444091797,-12.532820701599121,-8.156228065490723,-8.534931182861328,449
11.297357114281127,-13.850806910654304,-6.2926470112587705,-2.870240720494392,-0.016645982338372372,-0.008706417202553964,-14.532430648803711,-9.612356185913086,-8.677690505981445,-5.54423189163208,450
14.384440755506562,-17.824003124898326,-6.34278357742088,-3.981531652196052,-0.024508001453555122,-3.5764939258499064e-4,-24.600797653198242,-12.140040397644043,-8.718692779541016,-7.921668529510498,451
15.118971615224746,-18.36345056906872,-6.2453495335366025,-4.190288575871589,-0.025304824588891026,7.142286591805855e-4,-26.594348907470703,-14.317506790161133,-8.407066345214844,-8.953083038330078,452
11.1627088058873,-16.400620818712554,-6.28144324538963,-3.0711295926409985,-0.018397188052064042,-0.007226034863637805,-20.011760711669922,-10.622037887573242,-8.922428131103516,-6.292416572570801,453
18.658296548842305,-15.82525253976685,-5.130053646543194,-4.130245002492073,-0.02113797017801674,-0.005513133916826848,-23.260618209838867,-16.4007511138916,-7.213703155517578,-9.302799224853516,454
12.915126120153717,-17.199161080240614,-6.365145809629132,-4.095441850407722,-0.023825790829958393,-0.0013578424678642289,-24.632726669311523,-9.624455451965332,-8.79185962677002,-7.845810413360596,455
13.686436451446292,-17.77949404347112,-6.379241116025616,-4.097288640721443,-0.024301891966013588,-7.39536608741107e-4,-25.69463539123535,-11.303702354431152,-8.719351768493652,-8.279142379760742,456
12.717934650492579,-16.76104159445574,-6.478734142759015,-3.620953830464485,-0.022571555489383718,-0.002869109556808058,-23.496273040771484,-10.51481819152832,-8.9165678024292,-7.078618049621582,457
15.876040586635257,-19.623840403356677,-5.826812870481183,-4.541857036336067,-0.02652891392731715,0.002242575676314256,-28.446739196777344,-16.203397750854492,-8.23344612121582,-9.435686111450195,458
13.921810330726839,-18.320790274093472,-6.257280952909161,-4.1832723939257885,-0.02444148524636595,-5.25716360557416e-4,-26.610408782958984,-12.376473426818848,-8.576329231262207,-8.533276557922363,459
13.758482586917719,-19.259329230664008,-6.006079800107647,-4.469012531026008,-0.02432854859344426,-6.609736820072714e-4,-26.937299728393555,-12.708816528320312,-8.775838851928711,-8.5926513671875,460
15.507761203872805,-20.15472758131995,-5.5833622288491025,-4.617422851307991,-0.02610849982589445,0.0016703189119091997,-28.10013771057129,-14.845647811889648,-8.28790283203125,-9.329992294311523,461
14.404102240068747,-20.378209413571135,-5.2714725804116025,-4.895107539876106,-0.023247432572326324,-0.0015132099082873797,-27.46989631652832,-14.487926483154297,-8.290366172790527,-9.183493614196777,462
16.58249440964463,-22.14716299183573,-5.166142113187481,-5.025990279896858,-0.027475268492424536,0.004025391096515433,-29.80687141418457,-20.294782638549805,-7.569647789001465,-10.516072273254395,463
17.09744683521967,-22.495723773839636,-5.1406508755471005,-5.056120189412239,-0.027946422929844398,0.004394887174757299,-30.372835159301758,-21.357873916625977,-7.409942626953125,-10.61686897277832,464
16.712006088631643,-22.22644131574639,-5.163434631803204,-5.041362079365852,-0.027682788987642155,0.004139968725936282,-30.00766944885254,-20.846721649169922,-7.574549674987793,-10.473231315612793,465
17.11871526041788,-22.394426473230663,-5.114905483701397,-5.06073454259217,-0.02783058602099881,0.00421985216415305,-29.431894302368164,-21.050405502319336,-7.478167533874512,-10.592992782592773,466
13.475958299066937,-21.35529110778398,-5.752446777799298,-5.073435100300911,-0.024354227265887346,6.152513685465223e-4,-28.17469024658203,-14.634493827819824,-8.659017562866211,-9.047873497009277,467
13.779728903797226,-21.615422563281157,-5.362293846585919,-5.386339458211067,-0.024116817806633443,4.3172442736040713e-4,-29.82023811340332,-15.946550369262695,-8.460654258728027,-9.327988624572754,468
15.920824712142714,-22.12165725608932,-5.133725292661358,-5.06687525151551,-0.026628512603253687,0.0033152276626294,-29.410478591918945,-19.65495491027832,-7.882836818695068,-10.218178749084473,469
14.032469233737281,-21.73703543338244,-5.20405066726463,-5.088241847737434,-0.024368935466913363,4.709810128881888e-4,-29.460247039794922,-15.770902633666992,-8.397223472595215,-9.454538345336914,470
-5.052054303870875,-22.006760155319043,-5.165537960508038,-2.8744907700854565,-0.009177837255691284,-0.00325650254016327,-10.179594039916992,-28.716527938842773,-0.40349429845809937,-7.952608108520508,471
-5.145222613540588,-20.410939013433577,-5.162603504636456,-3.034045251591804,-0.007539287381449316,-0.009794092223259962,-8.744624137878418,-23.442989349365234,-0.5304898023605347,-7.393506050109863,472
-8.01865532735229,-26.485771382326845,-9.932326443174054,-2.4425571286517407,-0.014904638319619426,0.005148396922250623,-12.667974472045898,-39.79766845703125,-0.16896554827690125,-9.565624237060547,473
-8.297644604081174,-24.730533782620395,-10.103795177915265,-2.696088823063972,-0.015601570144244074,0.007331491769797652,-11.240495681762695,-39.654541015625,0.0643698200583458,-9.56708812713623,474
-9.532230280480073,-22.408174612054125,-10.584859974363019,-1.7224721038180613,-0.014695180890521936,0.005433817209479535,-5.688371181488037,-34.20457077026367,0.04453039541840553,-9.0042877197265625,475
-9.637754806632968,-26.80934249042669,-9.770699627378155,-2.0148439729052807,-0.016521502901543555,0.005096063124879607,-14.738648414611816,-38.9846076965332,-0.4120095670223236,-9.60812759399414,476
-10.087189575803562,-24.147685890531175,-10.108779079892804,-1.6324483477908396,-0.015985686596064776,0.005559823693365543,-11.05490779876709,-38.294315338134766,-0.08951108902692795,-9.3061065673828125,477
-9.90804760816413,-26.48733383245446,-9.875496990659405,-1.9257032000857615,-0.016693603884237875,0.005347538234807831,-14.769661903381348,-40.434593200683594,-0.36650511622428894,-9.453065872192383,478
-10.763932217462969,-23.917314727169153,-10.140997059323956,-1.5372312390643381,-0.015827221798178207,0.005407858376283453,-10.917909622192383,-37.783363342285156,0.05478509142994881,-9.253132820129395,479
-10.840284361115513,-24.910025147423816,-9.994155056455304,-1.6179687106448435,-0.017423489317173548,0.005993251625428384,-15.590036392211914,-41.31281280517578,-0.4505974352359772,-9.392468452453613,480
3.067979321263785,-14.04859505281275,-5.789221413114239,-0.8608657443362497,-0.011028598994803547,-0.01411723143233621,-8.471518516540527,-12.046358108520508,-5.760611057281494,-5.078823566436768,481
-4.8903624447855805,-19.985239848263436,-5.159124023893048,-2.6553881490069653,-0.00518395745153305,-0.011465411535006447,-6.330837726593018,-20.991779327392578,-0.6345536112785339,-7.135270118713379,482
-1.2307070017993755,9.933155019235132,1.3173772025321235,7.422044483439324,0.0020115768684649815,-0.015670350657024917,1.4813482761383057,1.5936565399169922,0.07767876982688904,-6.814960956573486,483
-9.542606550985441,-21.00792289313945,0.3573826480124702,8.152868953959343,-0.004574465177155989,-4.841393859560369e-4,0.06842668354511261,-30.790529251098633,0.2711959481239319,-6.979742050170898,484
-15.36468934285417,-18.01138100575651,-1.0642442774559746,7.504227367655632,-0.006208497788381017,0.0010890033396045802,8.870208740234375,-28.699731826782227,0.9960913062095642,-7.059909820556641,485
-15.871672164511846,-18.41075880471699,-1.1546666395451317,7.454567638651726,-0.0070951003921089165,0.0023272056293848972,6.886303424835205,-28.780223846435547,1.0469847917556763,-7.219583034515381,486
-15.83467698340876,-18.442455338456313,-1.1381453943039666,7.462336269633171,-0.007215801002079054,0.002402313462787418,7.060588359832764,-29.2945556640625,1.0398167371749878,-7.354730606079102,487
-15.408183019716986,-19.85625475080498,-1.2128154706742058,7.541974750773308,-0.007466865050796296,0.002218376105507789,4.7302565574646,-30.8514461517334,0.9670570492744446,-7.701040744781494,488
-15.619303667614773,-19.19922789237,-1.2067037892128716,7.532751766459343,-0.007543323912288919,0.002544441191741551,5.648411273956299,-30.67667007446289,1.0157431364059448,-7.491359233856201,489
-15.69037784980585,-19.2147710173679,-1.1989246678139458,7.5398604548138355,-0.007735099410497078,0.0025851573298538042,5.246615886688232,-30.432348251342773,1.0202686786651611,-7.506568431854248,490
-15.627945103168189,-22.01169570914442,-1.2322722744728813,7.543613640086052,-0.009600381223180634,0.0023831039197671575,0.7431589961051941,-33.20158004760742,-0.42373040318489075,-8.810954093933105,491
4.66330645178045,-10.956162238406547,-5.2036062550331845,-0.3014392429429316,-0.011747790561628833,-0.012328068872112057,-5.9968647956848145,-9.250685691833496,-7.3937201499938965,-4.029613018035889,492
3.9041835643533713,-12.565390346889991,-5.732713825681378,-0.7893558466273569,-0.007584041513876733,-0.015643065172785114,-7.7148637771606445,-7.633941173553467,-6.1620025634765625,-4.828383922576904,493
2.9386174129314933,-11.703810992440415,-5.091200001218487,-0.34636276452124354,-0.005877937450535081,-0.016348902156315567,-5.956837177276611,-5.816593647003174,-6.440881729125977,-4.377732276916504,494
2.846097121453785,3.37882288351028,-0.1992278766419182,6.634780136362908,0.002143351915228188,-0.015563033277849097,-0.25745925307273865,9.694438934326172,-0.5340482592582703,3.525160551071167,495
-14.86278114527667,-10.361049926452754,-0.9686209630753289,5.7286488688153,-0.005717327395492069,-0.0065618554829580305,15.747922897338867,-14.604910850524902,-0.12163875252008438,-1.4645541906356812,496
-17.633973807488836,-10.909075648142155,-0.8849614482905159,5.513639179484246,-0.007267871889559727,-0.0023349045845265258,18.091838836669922,-14.421111106872559,0.41694700717926025,-1.4297436475753784,497
-18.30692810547069,-10.696962731479257,-0.7855833020593415,5.359732834116814,-0.007898409112057777,-0.0011347487871294882,18.749492645263672,-14.6865816116333,1.0462003946304321,-1.1473959684371948,498
-17.983820912930902,-11.003281089097221,-0.8499213826443444,5.464865413920281,-0.007507088239753265,-8.852764709475855e-4,18.573225021362305,-14.72650146484375,0.523950457572937,-1.3037190437316895,499
-17.62937244533692,-12.537621710848764,-1.1628227305199395,5.957214561716912,-0.0071975150599741695,-9.07821846211275e-5,18.010103225708008,-16.32788848876953,0.46182870864868164,-1.633161187171936,500
-18.029349676973883,-12.452266706125377,-1.151552028634716,5.92213842035949,-0.0074131732995957045,9.323826462930401e-4,18.76496124267578,-16.918907165527344,0.5799363851547241,-1.6102757453918457,501
-17.795564676509265,-12.46732129442805,-1.1851908039833794,5.947561947123406,-0.007051716008587151,-2.46815426626678e-4,18.12548828125,-16.791170120239258,0.5340683460235596,-1.6579627990722656,502
11.594130378725511,-13.676678627415582,-6.367488510587384,-2.486033948643806,-0.015137291865371185,-0.00990930065207652,-12.462894439697266,-9.264107704162598,-8.157707214355469,-4.912513256072998,503
10.437434942161987,-11.625860955986468,-6.404681332090069,-2.4533078992205883,-0.00574251024049644,-0.015246200126203584,-8.903273582458496,-5.422849178314209,-7.505344867706299,-5.033251762390137,504
5.478058914285426,-0.34791840936709534,-1.3265991878296624,0.45095309378325704,3.5879820865679206e-4,-0.015274773908940286,-3.74499773979187,7.579505920410156,-1.6237212419509888,2.2537293434143066,505
3.9188155851755133,0.15350366308557767,-1.7380513024117241,1.6404742872875906,0.0010791774082473202,-0.013624447801584864,2.96227765083313,6.5411882400512695,-1.3290983438491821,1.3457615375518799,506
-15.82701150697849,-11.80748162671217,-1.9319146942879448,2.186202493922112,-0.00396702626906146,-0.006537852329905334,13.668347358703613,-11.344889640808105,-1.1710797548294067,-0.9853340983390808,507
-16.446937775076734,-11.624001581267112,-1.8861005377556572,2.306966034190056,-0.005047049306412135,-0.005800476662059663,15.573760986328125,-11.420392990112305,-0.8298502564430237,-1.1954174041748047,508
-16.25812532385897,-11.57711920051918,-1.8849554133202324,2.319900242106316,-0.004652917322779246,-0.006133916779841529,16.134017944335938,-11.274433135986328,-0.8611968755722046,-1.0925920009613037,509
-17.094510193890507,-11.66541137050779,-1.8399635624672661,2.3851427710217212,-0.005695857846220432,-0.004559771381960006,16.409929275512695,-12.085911750793457,-0.38704782724380493,-1.3106496334075928,510
-17.409545089432477,-11.206590630915741,-1.6000329923416863,2.6534421122235035,-0.00556941221317969,-0.004935236993426802,18.19810676574707,-13.047410011291504,0.06038539856672287,-1.2999520301818848,511
-16.3345266550294,-3.4839023597460796,1.46620570900185,6.25912400843322,-0.007978008694477253,-0.009510813143636325,9.0514554977417,-15.383169174194336,-9.893465995788574,-0.8395063877105713,512
-15.83866411956605,-2.001765189126953,1.4937874007437935,6.220547882334587,-0.008755991636373197,-0.008963649120907219,8.355533599853516,-16.05035972595215,-9.973289489746094,-0.8796601891517639,513
-1.4229800189047928,2.311259371860685,-2.2632002901818047,-0.1565817916232371,-0.00208539492590887,-0.01718095688457167,-0.6913612484931946,0.4068026542663574,-2.0966415405273438,1.9598684310913086,514
-1.3241005903832197,2.2875747353488913,-2.2803595137383232,-0.19314828751862284,-0.0021748213680069873,-0.017154880067297804,-1.7147969007492065,6.174014091491699,-1.735164761543274,2.4547359943389893,515
-1.7464908170353968,2.2168039035597875,-2.3085433316017876,-0.18468782542526957,-0.002774520656163462,-0.01720745332996393,-0.7889881730079651,1.0005162954330444,-2.1406667232513428,2.0648040771484375,516
-1.6611364550703915,2.241119810429448,-2.280313975789715,-0.17171353338539835,-0.002545283071446527,-0.017170603886657664,-0.9421536922454834,2.281552791595459,-2.0176475048065186,2.1767940521240234,517
7.452703994865377,-6.036537352715941,-5.588147766568829,-1.750058206303718,-0.006156783033367707,-0.014971010564741713,-5.474124431610107,0.8115491271018982,-6.260379314422607,-5.891528129577637,518
7.657531177258268,-6.158931765892912,-5.610896713712384,-1.749905379994514,-0.006510429364255979,-0.014741480880641932,-5.783496856689453,2.0940260887145996,-6.149105548858643,-6.131786823272705,519
7.956879710603088,-6.5064172786598435,-5.71645940063255,-1.8216094100314402,-0.007811826250206119,-0.0145234607850665,-8.998658180236816,-2.204502820968628,-6.197072505950928,-6.209178924560547,520
7.385741912819368,-11.139553126210506,-5.679467804410626,-1.6283923709231638,-0.011339881725558745,-0.012592577085553832,-9.332643508911133,-6.5719146728515625,-7.441389083862305,-5.763760089874268,521
7.402145362034027,-11.024594770950596,-5.7905765843178525,-1.693482073529365,-0.011650573239777279,-0.012666473593163112,-11.268736839294434,-6.8791961669921875,-7.275351047515869,-6.172745227813721,522
10.241978202978583,-6.969723394483364,-4.848573334195782,-3.49963048337281,-0.00909533856543039,-0.013912334920415017,-10.495261192321777,-2.168381690979004,-6.022924423217773,-7.062935829162598,523
18.430809136246186,-14.482818201240832,-4.8843265843178525,-3.8397779786425854,-0.018626294535963466,-0.008039132492077165,-20.88744354248047,-14.636931419372559,-6.6092448234558105,-8.931452751159668,524
19.393108542756778,-15.09620450182279,-5.011305935361554,-3.8308580243426587,-0.020311641057796724,-0.006412962753196853,-22.776233673095703,-16.752927780151367,-6.861087799072266,-9.14315128326416,525
10.06131654945325,-13.296027130481896,-6.325428612210919,-3.7050338113147046,-0.01544350407114579,-0.009429842611465355,-21.478389739990234,-7.587710857391357,-8.731526374816895,-6.919234275817871,526
10.016727854404348,-12.969407330660077,-6.356790192105938,-3.0359690511065747,-0.013676046162360178,-0.01080990747100746,-15.784971237182617,-6.891723155975342,-8.36585807800293,-6.624526500701904,527
9.657990082173026,-12.692766534447777,-6.309005863645245,-2.8700309121447827,-0.012297791944751238,-0.01186353871272537,-13.283878326416016,-6.790338039398193,-7.72046422958374,-6.2274932861328125,528
9.584511580904534,-12.94955002007435,-6.252506382444073,-3.0013258778888012,-0.012774367628464543,-0.011518450254854647,-15.933008193969727,-7.19551944732666,-7.978654861450195,-6.645725727081299,529
11.247435573512789,-6.643501759702739,-4.844017155149151,-3.697475942357185,-0.00981954445327307,-0.013737170315842928,-15.612090110778809,-9.4249849319458,-6.069778919219971,-8.179525375366211,530
17.926920051555104,-14.432228043670081,-4.891585953214337,-3.903995546086433,-0.01676309146289278,-0.008904108469013853,-19.243085861206055,-13.250359535217285,-6.52976655960083,-8.587153434753418,531
11.05684557625786,-6.738026065248511,-4.8079410862709775,-3.593969854100349,-0.010392298276955364,-0.01338815903461493,-15.734224319458008,-10.098919868469238,-6.014176368713379,-7.99212121963501,532
10.17652329604757,-12.904358188013127,-6.385042316892315,-3.0282318913775708,-0.013311784172901667,-0.010928142509729934,-16.49532699584961,-6.406444072723389,-8.286269187927246,-6.473587989807129,533
16.19501316463134,-15.081774814454404,-5.428379185178448,-4.388661416752937,-0.01967951747522514,-0.006003481494426007,-22.42949676513672,-13.529488563537598,-7.634235858917236,-8.577775955200195,534
16.186490318802555,-15.076678780029376,-5.359285480954815,-4.274663480504158,-0.018824546156718698,-0.006881675571613911,-21.823444366455078,-13.007927894592285,-7.598869323730469,-8.601700782775879,535
9.184865754160255,-14.599391591387866,-6.211969978788067,-4.134999784215095,-0.017402852693924973,-0.008088429053743898,-20.74655532836914,-10.228076934814453,-8.626901626586914,-7.609926700592041,536
8.163227631751456,-13.862591117928002,-6.405388958432843,-3.2485819184619213,-0.014791393985493784,-0.010121183866587138,-18.54564666748047,-9.801657676696777,-8.259416580200195,-6.904961109161377,537
7.998009789887786,-13.197146350990554,-6.368471748807599,-2.9870393597918774,-0.01160585224992097,-0.012282431712511435,-12.5018892288208,-6.333350658416748,-7.7307047843933105,-6.146461009979248,538
10.943416658605054,-6.258580272124685,-4.818962223508526,-3.602998288853767,-0.008123699804587652,-0.014619284920162824,-12.539782524108887,-4.761155605316162,-5.907135486602783,-7.8585896492004395,539
11.561699503025824,-6.189102520818542,-4.940061695554425,-3.9456131779986645,-0.012044673446663098,-0.012045727078659772,-16.243070602416992,-11.025712013244629,-6.012918472290039,-8.431300163269043,540
8.359459554684179,-14.920965295600036,-6.0023452114846005,-4.838682922108772,-0.016728479248205128,-0.00888900890654539,-19.42717170715332,-10.185441970825195,-8.469128608703613,-7.309792995452881,541
8.22060287088988,-15.064020253356503,-5.930603153684308,-4.919094356282356,-0.01646777412014692,-0.009213137905787684,-19.510461807250977,-10.39571762084961,-8.571125030517578,-7.311281204223633,542
7.997346333952094,-15.438577767152688,-5.390234119870831,-4.734974654896858,-0.015934139386851207,-0.009922190683580762,-19.47977638244629,-11.04931640625,-8.42577075958252,-7.596765518188477,543
7.925707641274486,-14.845220256778502,-5.880872852780987,-4.955519946797493,-0.015735590362268646,-0.009784846158345564,-19.319955825805664,-10.389907836914062,-8.410125732421875,-7.343868732452393,544
7.985749582547339,-14.868076963508747,-5.921960957029034,-4.944188388569954,-0.01571333745269831,-0.00979423956806752,-19.218103408813477,-10.384026527404785,-8.520660400390625,-7.34569787979126,545
7.895165467696109,-15.010624563750355,-5.880519993283917,-4.9917862737017895,-0.016076473896321657,-0.009622853381339063,-19.103221893310547,-10.732206344604492,-8.496075630187988,-7.505878448486328,546
7.843015556524572,-15.002681134537935,-5.880955822446515,-4.985756190999153,-0.015967093276721717,-0.009751244606616348,-19.2429256439209,-10.6885347366333,-8.46496295928955,-7.388741493225098,547
-9.325671545987332,-2.6370382698973676,-3.4951139759804497,-0.06677091358483073,-0.0038466718123382707,-0.015220677064693818,1.0690810680389404,-0.27333155274391174,-2.7309999465942383,1.9849358797073364,548
-9.419286664229528,-2.8107656383283617,-3.3332859349037895,0.061034349219200645,-0.002128035101549334,-0.015687084117798556,0.7265483736991882,4.114396095275879,-2.0111029148101807,2.269479990005493,549
1.465363758792162,5.527515768389865,-3.6826187443520317,-0.06331390379250285,0.0013801379753159283,-0.015683134318898423,-0.4916593134403229,14.236271858215332,-0.972312867641449,3.814378261566162,550
-9.143072804706993,-18.837519730463953,-3.431576855161358,2.509860245005486,0.002859227338755557,-0.013016438135899977,0.7334126234054565,3.786044120788574,-0.743575394153595,-6.146635055541992,551
-9.013185095307351,-19.178045759297124,-9.385676510312726,-0.7951915883857035,0.0021519795920025664,-0.012989282853363555,-0.06879352033138275,3.229330539703369,-0.9667312502861023,-6.332780361175537,552
-9.110172199022593,-19.14135267453715,-9.479719288327862,-0.7756320559817576,0.0022668611583299965,-0.01248282017213883,0.5633325576782227,2.4766275882720947,-0.942488431930542,-6.283637046813965,553
-9.091354764845603,-19.747466522837207,-9.491392261960675,-0.879342886193397,0.002365652398444521,-0.012245275458059986,-0.32280540466308594,1.433325171470642,-0.7436996102333069,-6.586735248565674,554
-9.15557776652461,-19.164588899061098,-1.282280571439434,7.479242054240105,0.002327247508153206,-0.012394703975425794,0.937526524066925,2.435006618499756,-0.8006762862205505,-6.290002822875977,555
-9.110038978241581,-19.586781891518488,-9.481520779111554,-0.8714312636691355,0.0023175746197006655,-0.012330339654318161,-0.003141026943922043,2.426208972930908,-0.8058374524116516,-6.5541863441467285,556
-9.154742147058904,-19.50385173257939,-9.472222454526593,-0.8270988488036417,0.002364704510860154,-0.012315849741507786,0.29593944549560547,2.210857629776001,-0.7654317021369934,-6.377981662750244,557
-10.029087476518555,-1.6346542293741526,-3.6240621876503716,-0.20996152101338145,-0.0065989346543047795,-0.013524714597752861,1.777750849723816,-8.796427726745605,-7.604278087615967,-1.9704207181930542,558
-10.173672474854165,-2.0857083623725767,-3.489254839399029,-0.06315079568207499,-0.005855376979075283,-0.014126539427458814,3.960209846496582,-8.49168586730957,-7.67237663269043,-1.5890635251998901,559
-11.04361702882348,-2.162967827009528,-3.555060751416851,-0.03331804512322184,-0.006834966501813506,-0.012862992222069427,4.8783793449401855,-10.576906204223633,-7.853749752044678,-1.41265869140625,560
-11.922625384567155,-3.1306285277438657,-3.4264680218483696,0.11325660111129049,-0.006453216211822786,-0.012685153674980963,5.46170711517334,-9.533273696899414,-8.207232475280762,-1.167458176612854,561
-13.85600133461862,-7.86763029945452,-0.759648248233963,5.22126361490905,-0.0031958470900148818,-0.012031119504714848,11.995558738708496,-8.204893112182617,-0.6191598773002625,-0.4204331934452057,562
-13.685765160029984,-10.125393455355173,-1.1301643323685417,5.970519272105095,-0.004305061467210097,-0.008141946591289646,13.441634178161621,-11.329660415649414,-0.49536624550819397,-1.1681042909622192,563
-13.740231547412565,-10.83283959790867,-1.2109288644577751,6.156765190379021,-0.004408997696277228,-0.006615106128436613,15.097358703613281,-15.073596000671387,-0.043675754219293594,-2.085527181625366,564
-13.957416910012093,-10.806288778906843,-1.2545237016464958,6.129022327677605,-0.004640734969041548,-0.006461724325683435,15.33339786529541,-15.390134811401367,-0.08345060050487518,-1.8408501148223877,565
-14.847108391417036,-14.686856607672578,-9.225966579892804,-0.12023210762322184,-0.0055584813275587055,-0.0051711444087322355,13.959368705749512,-17.01682472229004,0.004899728111922741,-2.5206351280212402,566
-14.693166985799884,-11.141244656909452,-1.219085879304577,6.08315965296447,-0.005494469342820325,-0.005810869629906713,15.960597038269043,-15.960118293762207,0.06463222205638885,-1.9011842012405396,567
-13.729211017915741,-10.81153932551453,-1.2505363893296013,6.115048614756462,-0.0042272810006815514,-0.00704156273681946,14.779997825622559,-14.999761581420898,-0.11498803645372391,-1.8817307949066162,568
-8.979885164399999,-1.4818534684358116,-3.787979729154278,-0.30310651896775004,-0.006656997977453032,-0.014312199213355296,0.24328330159187317,-7.189163684844971,-7.294682025909424,-2.383319139480591,569
-9.956798177060838,-1.708538160516331,-3.5880976986672173,-0.15423107384026286,-0.0066647728914054905,-0.013703013360431148,2.6716363430023193,-8.796721458435059,-7.605114936828613,-1.8457107543945312,570
-10.717181071611165,-2.266585535517085,-3.4578183960701714,-0.010399284346702065,-0.006661505236232535,-0.013159023046655734,4.866456508636475,-9.820823669433594,-7.862419605255127,-1.412288784980774,571
-11.757106929963582,-3.312889999125306,-3.203607923963238,0.19095441462218526,-0.006517177775124449,-0.012500429848292336,6.424810409545898,-9.815924644470215,-8.009865760803223,-1.040216326713562,572
-12.089570448907656,-3.754551861307394,-2.7660719227577935,0.4976691281956411,-0.006065622363221347,-0.01211933925839254,9.537845611572266,-9.021082878112793,-7.975274085998535,-0.6699551343917847,573
-14.841197250059695,-7.684097924301331,-2.652936465718914,0.6060120737713552,-0.006048411024007844,-0.011194837556862144,12.0016450881958,-9.277865409851074,-0.5972649455070496,-0.3885328769683838,574
-15.496020907449052,-8.862365074557605,-0.7839430120374451,5.242000786082146,-0.006084544097089047,-0.009675091650459345,15.942545890808105,-11.860223770141602,-0.2527305483818054,-0.7423366904258728,575
-14.688513642948184,-9.191371068935808,-0.7735874724175225,5.348932472483513,-0.005489084385709265,-0.008934675019610101,14.513618469238281,-11.385202407836914,-0.33504965901374817,-0.8379101753234863,576
-14.787778283438868,-10.923070178256003,-1.1863002252365837,5.942986694590447,-0.005702222830635299,-0.005528468748450187,15.75648307800293,-15.022684097290039,-0.017472978681325912,-1.7971781492233276,577
-14.74926739206098,-11.166618949002794,-1.2018777203346978,5.970029560343621,-0.005744094513292995,-0.005025953708645389,15.471110343933105,-16.086015701293945,-0.0029249817598611116,-1.892850399017334,578
5.976937202281969,-11.316274416083383,-6.423631794431378,-2.545192989094856,-0.007204760412549043,-0.015140233541592685,-9.672172546386719,-6.549489974975586,-7.2358622550964355,-5.378022193908691,579
6.299603097970701,-9.159923931313102,-6.268849022367169,-2.373379024251106,-0.006476172675290615,-0.015123751190797842,-7.9756646156311035,-3.303438425064087,-6.9379143714904785,-5.500735282897949,580
6.749124668831796,-3.4019783793478973,-2.845926172712017,0.12867781283080343,-0.002712476450432614,-0.015819551928525973,-1.1401689052581787,4.858182907104492,-2.3591160774230957,2.1097631454467773,581
3.8025925537228895,2.7641516455517294,-2.5331150364662895,0.6544408476513601,-7.183754774419375e-4,-0.01572052796068471,0.17739345133304596,7.279702663421631,-1.9305387735366821,2.2682008743286133,582
-11.299054991833259,-4.7690021927432165,-2.57672060249107,0.7104252255123831,-0.005659664559558107,-0.012282653885499864,9.658978462219238,-8.023992538452148,-1.1346206665039062,0.7376059293746948,583
-14.756365204078843,-8.103437102282982,-1.6255521845604668,2.5591704523724292,-0.005962989822251121,-0.010494300553204047,12.932775497436523,-9.175220489501953,-0.5368416905403137,-0.1403372436761856,584
-15.1787749909148,-8.665244292853165,-1.539515144803692,2.818106857554314,-0.006020202603228037,-0.009330862019305828,14.891045570373535,-10.052547454833984,-0.3561391234397888,-0.44517284631729126,585
-15.492188724025933,-9.605438399230202,-1.426447219827343,2.9139923727673267,-0.005754685417049009,-0.00851596531328346,15.914946556091309,-11.26911449432373,-0.2839450240135193,-0.6921908259391785,586
-14.621591094986266,-8.85982689327971,-1.4444921684052239,2.92413660647094,-0.005427676060880918,-0.009954943758730737,13.79928207397461,-8.807745933532715,-0.6462496519088745,-0.2649424970149994,587
-1.9376449604188843,-13.354855674761374,8.18042837860329,5.911415783182976,-0.016222988731521795,-8.648520285742256e-5,37.1172981262207,-28.486101150512695,10.843716621398926,-16.883228302001953,588
-15.6493286487773,10.123247630006997,8.210723750612567,5.960131851450798,-0.014937928915191285,-0.002951068198723358,52.808799743652344,-6.6277756690979,14.121662139892578,-14.297745704650879,589
-0.6401172699074812,-16.222725551081286,1.5773008990500679,-5.053837093098762,-0.015283086540255399,0.00428984320934846,34.88761901855469,-30.064441680908203,10.705777168273926,-16.9560604095459,590
0.19070324727708995,-16.354409900436096,1.651651256105732,-4.9903567159014965,-0.014994974698494763,0.0019695040278809558,33.38611602783203,-30.332792282104492,10.661185264587402,-16.91404151916504,591
0.009717485985605477,-15.973906383419228,1.5313731360648384,-5.148412498219612,-0.015128005359028057,0.0017549992296410995,33.25057601928711,-30.060649871826172,10.629254341125488,-16.989803314208984,592
-4.544468494834633,-10.407576945854014,5.6790302920554385,7.240041462199089,-0.012219556556261012,-0.004979362142211342,47.889076232910156,-21.28801727294922,11.840907096862793,-15.931424140930176,593
-4.457392742234151,-10.47195814621581,5.678454272768329,7.251095978037712,-0.011784478049917236,-0.006176380308783754,47.97475814819336,-21.045812606811523,11.950587272644043,-15.799555778503418,594
-4.126486412473805,-10.834998473894334,5.650847308657001,7.239545551554558,-0.01012216051398992,-0.010827770920543895,42.51162338256836,-22.04281234741211,11.906881332397461,-15.79871654510498,595
-3.521658738479306,-11.228287504230694,5.696539752504657,7.234512535349724,-0.008268982626526398,-0.014426699952915484,34.797237396240234,-22.40668296813965,11.851970672607422,-15.791415214538574,596
-5.46278251326699,-9.000012974266095,5.9493831324790225,7.237730709330437,-0.014030817398928279,-0.0011783949879561701,51.702476501464844,-17.954721450805664,12.173069953918457,-15.638916969299316,597
-5.047758143927688,-9.078417536141782,5.942181460878681,7.228095737711785,-0.013200054953984287,-0.0025196950167289895,49.679080963134766,-19.09769630432129,12.08713150024414,-15.697260856628418,598
-5.071665355285495,-9.056177758331843,5.927824847719501,7.225901809946892,-0.013305811097983011,-0.0022533594719467247,50.66487503051758,-18.08790397644043,12.088614463806152,-15.698498725891113,599
-5.004498558966265,-9.027979860380137,5.971182696840595,7.227543083445427,-0.013214766479828144,-0.002603110455751281,48.594940185546875,-18.255783081054688,12.100650787353516,-15.671075820922852,600
-5.213162290150523,-8.819098994687314,6.021548144838642,7.2220832979840015,-0.013492843715994489,-0.001872780988052336,50.67579650878906,-18.61417007446289,12.123703956604004,-15.67241382598877,601
-4.873339288058533,-7.33899524625946,6.106723659059833,7.21840831400573,-0.011043015443890563,-0.009273528257573207,47.483924865722656,-12.314096450805664,12.153401374816895,-15.628068923950195,602
-6.0890460052275825,-8.43186192546942,6.175495498201679,7.232958999888298,-0.01530715807179378,4.17452934175742e-4,52.486053466796875,-16.96894645690918,12.184094429016113,-15.642166137695312,603
-5.936120893190343,-8.268471751463334,6.25197493316872,7.187630382792351,-0.015384941957290982,5.148211453831889e-4,52.808494567871094,-16.43663215637207,12.319761276245117,-15.528470993041992,604
-5.9928582554027505,-8.270605378090748,6.216932170412372,7.223430362955925,-0.015482259314668439,6.068960313019521e-4,53.48689270019531,-15.834394454956055,12.340352058410645,-15.517996788024902,605
-5.460192080315045,-8.197389908108077,6.164607875368427,7.22063752772033,-0.013773531420451268,-0.001984321052675564,52.4924430847168,-15.28024959564209,12.310410499572754,-15.524284362792969,606
-5.903664563118047,-8.194689111047264,6.212586753389667,7.221550670878289,-0.015355421083908615,3.34905442535885e-4,52.50065994262695,-16.518648147583008,12.257792472839355,-15.573409080505371,607
-5.845467878241538,-7.863541181897188,6.27355467560036,7.226442066447136,-0.015188696210905427,-4.917171802025918e-5,52.90744400024414,-14.457372665405273,12.392333030700684,-15.475661277770996,608
-5.668862500804759,-6.925757396693787,6.4505356478903995,7.236456600443718,-0.013768774105496207,-0.0036698153275902057,52.831153869628906,-12.307991981506348,12.590065956115723,-15.332797050476074,609
-6.037211824426932,-7.531211881710713,6.604503028414081,7.240743366495964,-0.0155090020447469,4.226379246524089e-5,53.578582763671875,-14.776361465454102,12.47009563446045,-15.419361114501953,610
-6.138766617451011,-7.316974892296824,6.649648540041278,7.237956730143425,-0.015513005634132326,-3.311117052500933e-4,54.20244216918945,-13.50657844543457,12.696757316589355,-15.257916450500488,611
-6.025054627909686,-7.2018017695704835,6.636432044527362,7.23623582483947,-0.015210492255810068,-8.353965743094317e-4,53.51712417602539,-14.517119407653809,12.5276517868042,-15.37213134765625,612
-5.921786849681755,-6.736631107165615,6.649865500948261,7.236824718729851,-0.014896924527954613,-0.0016645992384052338,53.850730895996094,-12.422528266906738,12.761396408081055,-15.209824562072754,613
-5.924807018106137,-6.653691290313194,6.694993846437763,7.238879410044548,-0.014791473268570455,-0.0018751184210982232,54.8624267578125,-11.682088851928711,12.937299728393555,-15.092679977416992,614
-10.95307951302201,7.058061029514876,7.062383525392841,7.214804378764031,-0.01517650118002174,-0.0012772831460572186,55.05237579345703,-11.892431259155273,12.938512802124023,-15.086776733398438,615
-11.02334838797226,7.123605061703781,7.099179618379901,7.2109486735028,-0.015128293163582256,-0.0015027111941493113,56.75210952758789,-9.717395782470703,13.025594711303711,-15.027458190917969,616
-11.445999819333972,8.21405924637519,7.21800219299538,7.189076153056023,-0.011389084959473715,-0.007396251386964125,55.57569885253906,-9.0838470458984375,13.366698265075684,-14.79037857055664,617
-11.317787755813368,7.301377987813402,7.2123178172324405,7.198685852305291,-0.015545875387482463,-0.0012756233214699247,56.80605697631836,-9.0606231689453125,13.165435791015625,-14.933448791503906,618
-11.335920151348114,7.280801224405349,7.302073829195331,7.149167743937371,-0.0155864579979224,-0.0012819969534123648,56.771644592285156,-9.056418418884277,13.186888694763184,-14.917139053344727,619
-11.7525909816374,7.537625007661093,7.328782908937763,7.167264190928337,-0.015373004553809744,-0.0018080697326875311,56.9715461730957,-8.774715423583984,13.539298057556152,-14.67528247833252,620
-11.652132103797836,7.455590311279026,7.372997157594989,7.120181766764519,-0.015580993113402952,-0.0014339506498957288,57.600250244140625,-8.840147018432617,13.456298828125,-14.73165512084961,621
-12.061068776821937,8.026494463763276,7.464094035646747,7.0925666964215015,-0.013831844733115734,-0.00430526256157534,57.080223083496094,-7.90913724899292,13.662775039672852,-14.59205150604248,622
-11.894187557942443,7.577760537274891,7.400417201540302,7.120725361124871,-0.015145709135594085,-0.002180182123676078,57.33568572998047,-7.943121910095215,13.523029327392578,-14.688620567321777,623
-12.353454539827904,7.84033794343333,7.583567492983173,7.01705333353698,-0.014484926789691259,-0.0032485213075984726,57.263206481933594,-7.823653697967529,13.78352165222168,-14.511603355407715,624
-12.417188764438237,8.220862291904227,7.596885554811786,7.001805988566277,-0.013223374547558678,-0.005031977291857052,57.46146011352539,-6.842241287231445,13.871735572814941,-14.4456787109375,625
-12.712175550681126,9.394762296171585,7.716765277407001,6.886219707743523,-0.010315822857668279,-0.007817902758190928,54.367034912109375,-4.470683574676514,13.968635559082031,-14.371758460998535,626
-12.608307676983364,7.8846310888268265,7.619797580263446,7.000364032999871,-0.014095906504281528,-0.004093188421760551,58.45230484008789,-6.216090679168701,13.810880661010742,-14.490397453308105,627
-12.873166091903194,8.18089338816682,7.704474322817157,6.945278373972771,-0.013617390213455562,-0.004619155177501305,57.401058197021484,-5.36919641494751,13.899351119995117,-14.433856010437012,628
-13.450798098928143,8.110481624613302,7.825811259767841,6.8008820688885425,-0.013833850036526268,-0.004506159049595799,57.37574005126953,-4.4653215408325195,13.910501480102539,-14.428934097290039,629
-12.946080955434008,7.947576561433564,7.710184924623798,6.923441139475701,-0.013994284452795432,-0.004720557526243581,57.903812408447266,-5.309601783752441,13.845293998718262,-14.468056678771973,630
-13.409841967553389,8.572918939964802,7.854700915834735,6.7466265833538746,-0.012580110877504892,-0.005522776592487778,56.84827423095703,-4.457677364349365,14.019959449768066,-14.346223831176758,631
-13.491681959998779,8.739767631980808,7.904323451540302,6.682812896983025,-0.011645928419335653,-0.006296351383192373,57.04508590698242,-5.366892337799072,14.063031196594238,-14.317115783691406,632
-13.127880326019994,8.098985451461497,7.761023395082782,6.874078480021355,-0.013827469099153255,-0.004798423746176625,58.07656478881836,-5.138994216918945,13.934679985046387,-14.407304763793945,633
-13.091354263189347,8.378699261263328,7.76752554657204,6.865435329691765,-0.013165188718927131,-0.00504377426022681,57.8033332824707,-5.21446418762207,13.960638999938965,-14.385350227355957,634
-13.131590823906889,9.341347544779032,7.910796039125751,6.710043159739373,-0.010274790902406308,-0.007636949833598558,55.3724365234375,-4.550894737243652,14.1025390625,-14.281144142150879,635
-12.868175212286888,9.870578234636747,7.937146060488056,6.63122102381408,-0.008481968975273578,-0.009495728423901277,53.04624938964844,-4.030065536499023,-4.8992838859558105,-5.7543182373046875,636
-14.478788233569434,8.298619976139673,8.028201930544208,6.566918579356072,-0.015305088584269051,-0.0019495505263353971,57.76837158203125,-3.4373929500579834,14.167219161987305,-14.248128890991211,637
-14.450545281705896,8.449383410800388,8.04263769867165,6.535690990702507,-0.01505550716136824,-0.0022435129854626356,57.53083801269531,-3.627232789993286,14.136171340942383,-14.266311645507812,638
-14.598889401285946,8.38485114694018,8.058309428713153,6.515875545756218,-0.015002178169759083,-0.0022123243454710484,57.372108459472656,-4.304783344268799,14.153260231018066,-14.26079273223877,639
-14.193489673711584,8.114423752647376,7.983889453432392,6.635833946482537,-0.015394828409944205,-0.0022821446000820204,57.351070404052734,-4.006009101867676,14.093111991882324,-14.30024242401123,640
-14.777077459387936,8.612110181597243,8.078192584535907,6.5103852427166675,-0.014623335797783363,-0.002619705844490031,56.561073303222656,-3.6965839862823486,14.168591499328613,-14.24807357788086,641
-14.812603882919321,8.769045424755591,8.0862139392112,6.441766945139763,-0.014486352507325224,-0.0028196831322227583,56.45586395263672,-3.7989845275878906,14.238639831542969,-14.200037002563477,642
-14.402039086487148,8.271501614140625,8.013981692812274,6.596753803507683,-0.015484544702673233,-0.0018132158182207437,57.93055725097656,-4.1735124588012695,14.139697074890137,-14.266321182250977,643
-14.318140342054228,8.459613472369218,8.02764403106911,6.5785591280621265,-0.015345434263406366,-0.0019315324734598747,57.33961486816406,-3.7589592933654785,14.138249397277832,-14.267210960388184,644
-14.057963733268204,9.287616378808625,8.085071437380146,6.558651176707146,-0.01094305125025057,-0.007028515247617279,55.55324172973633,-4.306445121765137,14.192882537841797,-14.22089672088623,645
-14.074734143259892,9.736932080788659,8.019554011843036,6.5145566141766285,-0.010389044904735464,-0.0076123744376652355,53.56742477416992,-4.230003356933594,14.245073318481445,-14.18224048614502,646
-15.035817771264142,9.953542860693204,8.226382129213642,6.033987728373406,-0.014075161948010815,-0.00358665465067307,54.60847473144531,-4.206915855407715,14.37531566619873,-14.099736213684082,647
-15.030773346328868,10.011053063765807,8.238854281923603,6.0400201952618335,-0.013916061615115724,-0.0037571064294529325,53.2697868347168,-3.570554256439209,14.377562522888184,-14.09844970703125,648
-15.198750662662787,9.94940780501619,8.252442233583759,6.034452644602654,-0.014275652256741213,-0.003493635563348473,53.961029052734375,-4.065382957458496,14.32457447052002,-14.13870620727539,649
-15.124907261730058,10.06703929843177,8.228599421999286,6.025383678690789,-0.014143082924591698,-0.0035274826506977797,53.572303771972656,-4.0021891593933105,14.379202842712402,-14.09691333770752,650
-15.133050065395025,10.044291969335305,8.21725641967995,6.019216743723748,-0.014210176873063455,-0.0034603772261528366,52.997772216796875,-3.410701274871826,14.36979866027832,-14.10433292388916,651
-15.119819260787164,10.093053016535977,8.217326037905048,6.01578494669616,-0.01393317615078394,-0.0037440737229039955,53.89112854003906,-3.88748836517334,14.356453895568848,-14.111831665039062,652
-14.457909321178812,9.718842971129682,8.123724811098407,6.466792789713738,-0.010687948459254895,-0.007294218670835868,55.53634262084961,-3.9936211109161377,14.373870849609375,-14.099020004272461,653
-14.446116589769796,9.846034399094732,8.147478930971454,6.442660537974236,-0.010694507412278646,-0.007286980364603702,53.58727264404297,-3.8881630897521973,14.380997657775879,-14.089635848999023,654
-14.06639791176813,10.069584057343164,8.167299144289325,6.404547420756218,-0.00959972958764175,-0.008318171365838695,53.31193923950195,-3.8855113983154297,14.444805145263672,-14.029231071472168,655
-13.621151948328103,10.208558524912759,8.228066318056415,6.286731449381707,-0.00824975364019331,-0.009770091404133405,-6.797557830810547,0.3883129060268402,-4.625980377197266,-5.847760200500488,656
4.12517397659178,-2.6590125276811296,8.197496287844013,6.136947361246941,-0.0070702679028947935,-0.011144828071261721,-7.790260314941406,-0.09130886197090149,-4.613893032073975,-5.8939104080200195,657
4.567645382637656,-4.292425482695134,-0.05328649995582202,2.511036363856194,-0.004502391924152237,0.07519155012890291,-8.104226112365723,0.18209052085876465,-4.198641777038574,-5.719316482543945,658
4.568226928440498,-4.26623344346746,-0.04164082525031665,2.506299463526604,-0.004497110538354237,0.07517232514739852,-8.152608871459961,0.1339668184518814,-4.26821756362915,-5.749516010284424,659
4.5844506476171025,-4.322753800231835,-0.03297174690024951,2.5096556818646167,-0.004498774322041128,0.07515696750877496,-7.67922830581665,0.26287078857421875,-4.1058783531188965,-5.6132588386535645,660
4.58762860168695,-4.312586987673664,-0.04437340019004443,2.5067062056225513,-0.0044993601832417855,0.07514826484437377,-7.8461198806762695,0.07844602316617966,-4.0857439041137695,-5.597143650054932,661
4.579566688218415,-4.316646396697681,-0.04581756112830737,2.5061225569409107,-0.004495757397075693,0.07515770803798003,-8.340986251831055,-0.24481099843978882,-4.257084369659424,-5.676581859588623,662
4.587249042266416,-4.307956460763068,-0.05041927812354663,2.5048169768017505,-0.00449797186363354,0.07516579717708648,-8.11409854888916,0.4529854357242584,-4.159657001495361,-5.733101844787598,663
4.102586597645124,-3.0288771810561834,8.363925807497333,6.190332618967888,-0.008082277636419543,-0.01003167295544815,-8.067949295043945,-0.11995960026979446,-4.4216437339782715,-5.815875053405762,664
4.171102995420822,-2.895848273822318,8.41068732025368,6.179408279673455,-0.007614952812855208,-0.010677705513072368,-7.799866199493408,-0.07543285191059113,-4.5540385246276855,-5.891959190368652,665
4.255527224723921,-2.7086227555303726,8.395229213259052,6.164543834940789,-0.007187040008890505,-0.011338241173874147,-8.027971267700195,0.6531239748001099,-4.570026874542236,-5.896101951599121,666
4.313081038259782,-2.6334417646729493,8.370674006960224,6.1632511294049,-0.006946082147641723,-0.011697909530687297,-7.465613842010498,1.5032343864440918,-4.419525146484375,-5.911350250244141,667
4.437720735295552,-2.376629468649375,8.390379779360126,6.162340370432732,-0.005720238032996286,-0.01246506321173782,-5.946803569793701,4.663926124572754,-3.991389751434326,-5.933035850524902,668
8.171111903032665,0.4201257673163412,0.0934029746268501,2.6766633665722583,-7.977092250924387e-4,0.005605126564275445,-5.824455738067627,3.017289638519287,-2.989607572555542,-5.615661144256592,669
8.174121425228497,0.43729937065330643,0.10024725677711865,2.6845605051678394,-7.65460424454159e-4,0.004854392966017537,-5.27168607711792,2.786099910736084,-2.7651915550231934,-5.717994213104248,670
8.184182416918913,0.398396328295036,0.09394710542900464,2.677120414988396,-7.977092250924387e-4,0.005605126564275445,-5.261387825012207,2.794346809387207,-2.771003246307373,-5.792128562927246,671
8.183876789749444,0.4145941086396705,0.093474917433094,2.6727335131329273,-7.977092250924387e-4,0.005605126564275445,-4.227479934692383,3.4201507568359375,-2.7788968086242676,-5.7450995445251465,672
8.163766718890379,0.31997772896118587,0.07776510002357861,2.6564981615704273,-7.977092250924387e-4,0.005605126564275445,-6.392994403839111,2.608813762664795,-3.3325982093811035,-5.759222030639648,673
8.169649575438129,0.33942306220255897,0.06872426750404736,2.6512567675274585,-7.977092250924387e-4,0.005605126564275445,-6.114208698272705,2.830284595489502,-3.1067428588867188,-5.81615686416626,674
6.512468944921262,1.1415502514490306,-0.3580468964363823,1.4783174669903494,-0.004426465797803444,-0.013041724489478535,-6.915377140045166,7.331255912780762,-3.728743314743042,-6.016233921051025,675
6.495095881378323,1.1976733538670545,-0.35671059010284045,1.479246345774529,-0.004144528580725168,-0.013064880498602608,-6.634612083435059,7.733746528625488,-3.597275733947754,-6.024562358856201,676
6.4432523273700575,1.2643964606882383,-0.3553897213722954,1.478424755350945,-0.0041776897371210665,-0.013033505601464894,-6.55305290222168,9.134119033813477,-3.489377975463867,-5.964353084564209,677
6.369638886388498,1.3653850508630818,-0.36137125609176257,1.4794778502148367,-0.004129156235606951,-0.013055145686377747,-5.674738883972168,10.191027641296387,-3.469374179840088,-6.011192798614502,678
6.290760097463314,1.3199205633179163,-0.3743288290287743,1.4715603268307424,-0.004166636104219011,-0.013038825513967553,-5.384011745452881,8.739203453063965,-3.5840539932250977,-5.989820957183838,679
6.1072609385252745,1.0463995988809334,-0.4518367272402535,1.4406740343731619,-0.0034332317583780584,-0.013562028934935013,-5.615888595581055,7.198378086090088,-3.4481618404388428,-6.152499198913574,680
9.564289258016599,-3.2994750617092965,-8.472988731839825,-0.7623957717257761,-0.008468138891482126,-0.011634370687343252,-15.574189186096191,-13.694543838500977,-4.633091926574707,-8.769710540771484,681
11.463019170251423,-2.035369227349766,-3.223845846631695,-5.067153724415901,-0.0038604176647044344,-0.009507947467544232,-12.922540664672852,1.7333132028579712,-3.865000009536743,-8.245534896850586,682
9.566368920774426,-3.2911799613333463,-8.434620506742169,-0.829608770592811,-0.009380715580989917,-0.010925534937697327,-15.013384819030762,-17.52428436279297,-4.161306381225586,-9.01084041595459,683
9.56893318579781,-3.2895948013724063,-8.415670521238019,-0.842737706883552,-0.009221335133123714,-0.01070254449211831,-15.69520092010498,-15.392078399658203,-4.162850379943848,-9.067266464233398,684
11.502919495106928,-2.1941678421375634,-3.2329255413796196,-5.0569928014117504,-0.0045399786710815584,-0.00968218877781953,-14.390713691711426,0.09583346545696259,-4.08583402633667,-8.42906379699707,685
11.483790680151817,-1.9611913703860202,-3.1952692341591606,-5.11513546346009,-0.004180782862367538,-0.00950577071854682,-13.783238410949707,3.2427570819854736,-3.7288055419921875,-8.096707344055176,686
11.291025789354594,-1.5384792364285689,-3.2115012478615532,-5.111303123219612,-0.003491574730077884,-0.009597478688658704,-12.923937797546387,4.603824615478516,-3.530590772628784,-7.953140735626221,687
11.259116608638706,-1.478123163903739,-3.210192806699444,-5.110513004048469,-0.003395060466269506,-0.009583906519289549,-12.28719425201416,4.56089448928833,-3.551330089569092,-7.92279577255249,688
10.963911164949053,-1.1931387617503406,-3.145991213300396,-5.189374240620735,-0.002609829774150939,-0.010616000936657778,-10.904566764831543,5.033227443695068,-3.3614635467529297,-7.714400291442871,689
10.831486616370109,-0.6476430807817201,-2.962085611798931,-5.402218135579231,-0.0017582166546219196,-0.010676932178045839,-9.706470489501953,6.271304130554199,-3.159006118774414,-7.247378826141357,690
11.837097594557662,-1.2711413155630726,-3.085421211698223,-5.239599021657112,-0.0037208580410068373,-0.008270765364700106,-13.573458671569824,4.4443159103393555,-3.6112864017486572,-7.9870195388793945,691
11.222746485632435,-2.600176877691177,-3.604449398496319,-4.481897624714973,-0.007109065554110575,-0.01074257780299618,-14.708555221557617,-3.065368413925171,-4.532203674316406,-8.574504852294922,692
12.105200786979562,-1.4180367947122037,-3.112001783826519,-5.2131889188128735,-0.003642455060321991,-0.007872239365815027,-13.861376762390137,3.932546854019165,-3.7053844928741455,-8.08785343170166,693
12.061697516098441,-1.3549131577180409,-3.1059676480080376,-5.221771033986213,-0.0038793091458190596,-0.008127885208563765,-13.853919982910156,4.341671466827393,-3.4840950965881348,-7.998294830322266,694
11.953453285667127,-1.1226265374878948,-3.101237900235821,-5.228464397175911,-0.003537586325002016,-0.007962902778827488,-13.465384483337402,5.1947712898254395,-3.4001078605651855,-7.813377380371094,695
11.840851632083686,-0.9601845530507223,-3.072357065656353,-5.2633598172503735,-0.003160474631715313,-0.008140591290384044,-13.155708312988281,5.701864242553711,-3.4440598487854004,-7.900388717651367,696
11.692278753891156,-0.7824853853090805,-3.0663999390389214,-5.273904594166877,-0.002464163718239971,-0.008257710184211375,-12.732685089111328,5.573487758636475,-3.4211268424987793,-7.86303186416626,697
11.777389480975405,-0.32520788965168873,-3.024883873441387,-5.340300353749397,-0.0016879469742668999,-0.008925657272363665,-12.159796714782715,6.2331061363220215,-3.2058515548706055,-7.6248250007629395,698
12.313584223393168,0.5519622068294411,-2.9179350209023247,-5.478066238148811,-9.6830091043453e-4,-0.007966853395485831,-12.097972869873047,7.396983623504639,-3.058305025100708,-7.496929168701172,699
12.314119787382003,0.08215227979577458,-2.970041401364971,-5.393626006825569,-0.001617072826525078,-0.007380565983745447,-13.557162284851074,6.410318374633789,-3.25266695022583,-7.861639976501465,700
12.154551330171742,-0.32712018296612183,-3.0098797154213677,-5.342930110676887,-0.0020412308214905225,-0.007318714717840932,-13.40615177154541,6.4829912185668945,-3.3506088256835938,-7.887779235839844,701
11.9872731694428,-0.28445679071130736,-2.994867689588238,-5.35646322606385,-0.002012011690337567,-0.007362205572832063,-13.286128997802734,6.513846397399902,-3.3444738388061523,-7.928098201751709,702
11.829263402754156,-0.15224352490163529,-2.980630285718609,-5.3720305287677075,-0.001899575446560239,-0.00745411404626492,-12.859647750854492,6.94047737121582,-3.317352771759033,-7.897451877593994,703
11.83371147143156,-0.13498247092557683,-2.979442961194683,-5.3734929883319165,-0.0018097883181596689,-0.0075840608592157716,-12.596867561340332,7.152153491973877,-3.2468740940093994,-7.832678318023682,704
11.657198831367825,-0.015971979387066695,-2.9723619293953667,-5.38063314793885,-0.0016853527616659894,-0.00750901581254435,-12.243607521057129,6.945033073425293,-3.2488162517547607,-7.882481098175049,705
11.612635223607255,0.8602679289600835,-2.9185193848397026,-5.434168132527473,-0.0014879656592508938,-0.007632206748510801,-12.635162353515625,8.636322975158691,-3.2180895805358887,-7.752402305603027,706
11.557630498076975,0.7422849593407772,-2.938138134458233,-5.4121659123736645,-0.0011650902247184066,-0.0074594881387011125,-12.870368003845215,7.9161529541015625,-3.191068649291992,-7.8460540771484375,707
11.577919691576914,0.7500642093789028,-2.898883707502056,-5.454699310048225,-0.0011197778579845157,-0.007466696261351964,-12.549969673156738,8.584156036376953,-3.195483684539795,-7.696807384490967,708
11.535115090834834,0.7008377553730543,-2.922302134015728,-5.4262650334674145,-0.0011608871922661052,-0.007431281919932263,-12.048320770263672,8.197564125061035,-3.303292989730835,-7.91806173324585,709
11.508101311540932,0.7422119666823487,-2.9062486958290825,-5.4444487416583325,-8.389028574833505e-4,-0.007656988582122055,-11.837668418884277,8.870993614196777,-3.1790261268615723,-7.817188262939453,710
-14.045304065373337,1.6920324792515775,1.3749328780387153,5.881428447977898,-0.010827392635488813,-0.014390084984150479,5.83185338973999,-15.544279098510742,-9.662091255187988,-2.3274824619293213,711
-13.914980883850715,1.6099856788891058,1.3670381236289253,5.829267708079216,-0.010419454042292744,-0.014713688906335889,5.157167911529541,-14.371912002563477,-9.43593692779541,-2.3949666023254395,712
-13.599357897872757,2.5042704513804286,1.3884359526847114,5.8432309305828785,-0.011150768024987488,-0.01410612074731638,3.7347612380981445,-15.263379096984863,-9.60531997680664,-2.8133325576782227,713
-13.566521205339873,2.4566088512294875,1.401041142961811,5.80526658655822,-0.01102710668685677,-0.014308446582903183,3.529266834259033,-15.194356918334961,-9.663301467895508,-2.7470052242279053,714
-13.513096273098881,2.3675769658722414,1.3951133418296089,5.814741340891716,-0.010983612569626463,-0.014357029594592093,2.7732276916503906,-14.859720230102539,-9.54358196258545,-2.8145387172698975,715
-13.412020557041405,2.1618834722370086,1.3833280730460396,5.825513569132683,-0.010829878585197246,-0.014487220234010686,3.1171181201934814,-14.265600204467773,-9.456409454345703,-2.7115836143493652,716
-13.210753432783397,1.8095361878653942,1.3818277049277534,5.825354305521843,-0.01014963317548926,-0.014287167854061086,3.1190381050109863,-13.352665901184082,-9.255141258239746,-2.745459794998169,717
-12.09855069462082,3.9575635065086034,-4.1697667908455625,-0.3278766968685412,-0.01260266212309242,-0.0112892597800923,1.7683229446411133,-15.12063980102539,-9.628661155700684,-2.894519567489624,718
-12.092243081100765,3.9426603413085486,-4.184021837690045,-0.3589577027994418,-0.012588842524154757,-0.011313193609978841,2.03470516204834,-15.23262882232666,-9.670741081237793,-2.855949640274048,719
-12.05087730179999,3.900141449055578,-4.16335619209068,-0.33966530351221796,-0.01249091907221144,-0.011447839883286572,2.1176939010620117,-15.496267318725586,-9.610486030578613,-2.8110671043395996,720
-11.942542584180185,3.8134833168788056,-4.168085701444317,-0.3606801876264834,-0.01234690247281888,-0.011650233444798954,1.9198778867721558,-14.912602424621582,-9.619592666625977,-2.8588762283325195,721
-11.69724509919449,3.6776136392353798,-4.186647303083111,-0.3477977090913081,-0.011902372124422817,-0.011993428573415945,0.48199230432510376,-14.311262130737305,-9.47396183013916,-3.0979981422424316,722
-11.268619357017574,3.478442641592716,-4.172098762967755,-0.3586055064040446,-0.011243965448324728,-0.012903913077593589,0.34874245524406433,-14.077432632446289,-9.474632263183594,-3.201763153076172,723
-10.896347393524954,3.3829473425763004,-4.167904264905621,-0.35676248608410593,-0.010373933124823513,-0.01338736316761511,0.8185080885887146,-11.5042724609375,-8.769062042236328,-3.4699277877807617,724
-4.743301232068744,-1.2298517421395347,-4.952038891294171,-1.110079141839149,-0.015242835673730392,-0.009914521417829269,-4.805328845977783,-14.492016792297363,-9.422102928161621,-4.433874130249023,725
-4.713904047032792,-1.2422815354549614,-4.963839180448224,-1.1265634620028757,-0.015256830398371848,-0.00991997730771852,-5.999742031097412,-14.147266387939453,-9.316272735595703,-4.49241304397583,726
-4.681431895026158,-1.2480251446867063,-4.9697147679116025,-1.1213612282115244,-0.015199460834132133,-0.009940391446491482,-6.708880424499512,-13.51247787475586,-9.333498001098633,-4.614261150360107,727
-4.6128919636455405,-1.2212611421211665,-4.962665684201886,-1.12570652602494,-0.015212591909577536,-0.009957580910454056,-5.481855392456055,-13.965027809143066,-9.3198699951171875,-4.441355228424072,728
-4.479442160601507,-1.1632906914056258,-4.988378651120831,-1.1488976800280832,-0.015045889645525036,-0.010122208577582772,-5.358706474304199,-14.194437026977539,-9.236796379089355,-4.7009100914001465,729
-4.2203908384174955,-1.0567820336678593,-4.997411854245831,-1.1517431461650156,-0.014608774854487824,-0.010455893161839841,-6.544956684112549,-13.274859428405762,-9.109692573547363,-4.5962419509887695,730
-3.822246000493779,-0.9133689040326917,-5.000820286252667,-1.1572195613223337,-0.013727168521894012,-0.01104797869959242,-8.783275604248047,-10.908295631408691,-8.69913387298584,-5.3291096687316895,731
-3.5141277607076846,-0.8219146172362286,-5.038585312345196,-1.1877298676806711,-0.01295278329304893,-0.011572956938822633,-8.97281265258789,-9.323598861694336,-8.330048561096191,-5.805380821228027,732
9.979962306237708,-18.466104806402466,4.88503157379372,-6.728080543263557,-0.021986220325234,-0.0024115435779977624,-19.537540435791016,-12.537654876708984,-9.90536880493164,-6.59113883972168,733
10.018741140199204,-18.818982489808548,4.9043015170310245,-6.743840488179329,-0.022637091717201588,-0.0014863968629064022,-23.08860206604004,-12.33962345123291,-10.043536186218262,-6.923452854156494,734
10.041606719199756,-19.033867240429288,4.889396064302753,-6.728455337269905,-0.022675296856946765,-0.0013842961504069672,-22.45783233642578,-11.879887580871582,-10.127864837646484,-6.87000036239624,735
10.074759645488163,-19.156896013964346,4.8772371936057315,-6.730554851277473,-0.02272961679849993,-0.001256291396555865,-23.693357467651367,-12.860326766967773,-10.252140045166016,-6.983059406280518,736
10.11973935888962,-19.106667367169162,4.8926719355796084,-6.739217551930549,-0.02269749245229538,-0.001328496500091365,-23.50112533569336,-12.787096977233887,-10.142559051513672,-6.953138828277588,737
10.190663475171819,-18.810549316667824,4.8796433139060245,-6.7270157658892895,-0.02204854215423785,-0.002248084597502216,-22.79399299621582,-12.218740463256836,-10.145278930664062,-6.910736560821533,738
10.198255581400016,-18.05315050003497,4.860876433870624,-6.708956989033821,-0.020150595966979976,-0.005001202223060193,-22.471277236938477,-12.24971866607666,-9.817840576171875,-6.973048210144043,739
9.680661183558058,-17.34098404348683,4.872690551302265,-6.723023208363655,-0.017211171166298563,-0.007967267296437755,-18.133852005004883,-11.39285945892334,-9.091500282287598,-6.804722785949707,740
8.116294979919264,-13.920262869264649,4.868311755678485,-6.721798213704231,-0.015013136659703918,-0.009962928318995368,-17.460294723510742,-10.062553405761719,-8.418161392211914,-6.69047212600708,741
7.920420047943421,-13.889136434981856,4.868492953798603,-6.721034797413948,-0.014173768679906235,-0.010643882552310097,-16.9957275390625,-10.218421936035156,-8.17890453338623,-6.746748924255371,742
10.938271121614907,-19.472285261813408,7.4034165072653995,-6.7323282086688305,-0.023254048191732435,-2.582567051283894e-4,-23.344404220581055,-12.650784492492676,-10.025102615356445,-7.09998893737793,743
10.95515452632211,-19.907548679678104,7.411002032778095,-6.733535083516243,-0.024216991302614295,0.0020613891960924737,-24.04818344116211,-12.981656074523926,-10.220126152038574,-7.147740840911865,744
10.957724143174701,-20.21590237541462,7.415333621523212,-6.735355647786262,-0.024543297964926214,0.0032792050722226062,-24.411758422851562,-13.337223052978516,-10.230419158935547,-7.190807819366455,745
10.987492814084597,-20.294808854953054,7.440075747988056,-6.7592022740680004,-0.024563648708009513,0.0034392039496457995,-24.479785919189453,-13.337236404418945,-10.19632339477539,-7.121851921081543,746
11.018232801732871,-20.353955476154315,7.405370585939716,-6.722733291371467,-0.024573736527964303,0.0035181765927582184,-24.644607543945312,-13.278486251831055,-10.062355041503906,-7.030494213104248,747
11.06457078715553,-20.263925536928625,7.414383761904071,-6.731836112721565,-0.02453345050271427,0.0032027970153844926,-24.058650970458984,-13.452696800231934,-10.100090980529785,-7.2276740074157715,748
11.223865007952632,-20.001884098879064,7.38742243530495,-6.703840526326301,-0.023862784124716204,0.0012653813655871017,-24.39943504333496,-13.26711368560791,-10.044902801513672,-7.26989221572876,749
11.451339954645189,-19.65516656266522,7.398317210695575,-6.71441582082093,-0.02195393121382765,-0.0020797116682937304,-24.285099029541016,-13.334986686706543,-9.786836624145508,-7.403697967529297,750
11.399980601605568,-19.111839759459656,7.395684115907978,-6.711845191701057,-0.01888586433920053,-0.006365585617984951,-23.78169059753418,-12.551897048950195,-9.334124565124512,-7.65366268157959,751
8.609063839203277,-16.37012714016681,7.39598070862038,-6.712582381947639,-0.016865253850093458,-0.008513214661464878,-20.251699447631836,-11.904447555541992,-8.819737434387207,-7.576942443847656,752
8.109883584006313,-15.071893052917728,7.395448558351825,-6.712187083943489,-0.015998025928054722,-0.00942214034592292,-18.966716766357422,-10.837312698364258,-8.488604545593262,-7.4256978034973145,753
7.855907696475718,-14.612966924733303,7.395519130251239,-6.712574752553108,-0.015381197639382513,-0.00996781434941769,-18.985652923583984,-10.393181800842285,-8.220963478088379,-7.203936576843262,754
14.909645969090915,-23.35934871285742,-5.289293892362286,-5.779600890858772,-0.02839385752241554,0.01370727155011042,-30.936586380004883,-17.979045867919922,-8.245725631713867,-10.202712059020996,755
14.963564297461948,-23.4104367258359,-5.290874130704571,-5.7792570912677075,-0.02844530561168153,0.013893997127627391,-31.020219802856445,-18.686336517333984,-8.172515869140625,-10.162942886352539,756
15.016185436193378,-23.443521883840905,-5.284108765103985,-5.772029670460823,-0.02848501181667792,0.014015219560850877,-31.186431884765625,-18.56589126586914,-8.047652244567871,-10.40937614440918,757
15.002385173364447,-23.42334113141864,-5.278705723264386,-5.768344672902229,-0.02841142626296539,0.013789071255796204,-31.26483917236328,-19.04667091369629,-8.046245574951172,-10.320606231689453,758
14.897525335291444,-23.31983081010045,-5.272553093412091,-5.7665946805316235,-0.02832754666853999,0.013504551327052545,-31.278575897216797,-18.185731887817383,-8.199792861938477,-10.168631553649902,759
14.582160412641644,-23.02673246135546,-5.267465240934063,-5.763539584859016,-0.027411371117303893,0.010950630104587075,-30.936830520629883,-17.698163986206055,-8.243012428283691,-10.092480659484863,760
13.9307547368644,-22.48400672295658,-5.260759479978253,-5.779758723958137,-0.024923364488510777,0.003001213299997445,-30.573097229003906,-17.363882064819336,-8.349773406982422,-9.692832946777344,761
13.519841986771633,-22.27334088302609,-5.250130302884747,-5.756233962758186,-0.023090078425541467,-7.346282905993126e-4,-29.080062866210938,-15.686119079589844,-8.393091201782227,-9.442717552185059,762
13.029306131694236,-22.228809748815408,-5.256806023099591,-5.777922900899055,-0.019042482955559353,-0.006388996904516016,-26.88437843322754,-15.642901420593262,-8.4683074951171875,-8.6425933837890625,763
7.40012234321021,-16.04779938477817,-5.240222103574444,-5.747576984151008,-0.015461049671244174,-0.009927087545557281,-19.657085418701172,-18.404138565063477,-8.070117950439453,-8.306097030639648,764
7.414528409659571,-15.64746967085281,-5.253204948880841,-5.7384879910784985,-0.014884959174937566,-0.010832724754052763,-18.945444107055664,-11.719667434692383,-8.38461971282959,-7.647635459899902,765
-8.827045256925393,-26.60649473255186,-9.631608135678936,-2.135750325902107,-0.015659904912636354,0.004402227905551995,-13.179490089416504,-40.291168212890625,-0.21208328008651733,-9.565081596374512,766
-8.954288933767932,-26.477537834362373,-9.618442661740948,-2.1306479298907544,-0.015705345549983103,0.004404184886058631,-13.222758293151855,-39.80409240722656,-0.22417710721492767,-9.49519157409668,767
-9.067865034414067,-26.33748455454754,-9.624395496823956,-2.131915959103706,-0.015636610852352635,0.004234694255636164,-13.927082061767578,-39.71010971069336,-0.21146142482757568,-9.508517265319824,768
-9.164093048408963,-26.3167585407779,-9.614096767881085,-2.1197637641268994,-0.015695073850362406,0.0040480940967883485,-13.39258098602295,-40.248008728027344,-0.2416325807571411,-9.4981050491333,769
-9.299256380610725,-26.114306463421535,-9.607848293759991,-2.1048106276828076,-0.015577667573107553,0.0035108299469222425,-13.2535400390625,-39.7468147277832,-0.21860353648662567,-9.487740516662598,770
-9.434335590643002,-26.032773139881385,-9.621935017087628,-2.1262833201724316,-0.015442018876493276,0.0030221465187105895,-13.34141731262207,-39.97969436645508,-0.21618488430976868,-9.54675006866455,771
-9.59799191101037,-25.736803133566692,-9.577392704465558,-2.066863330586555,-0.01506541331745534,0.0022573421010086965,-13.156950950622559,-39.694862365722656,-0.22444899380207062,-9.457304000854492,772
-9.708138973812899,-25.14413247155154,-9.54601491210716,-2.055130871518257,-0.014518350085228034,0.0017402875832055018,-13.177838325500488,-38.89732360839844,-0.3263705372810364,-9.527867317199707,773
-9.804130007023126,-24.318603653380475,-9.55558408019798,-2.030548008664253,-0.01382806094628722,-1.0175331808050933e-4,-11.798530578613281,-37.625606536865234,-0.27884140610694885,-9.35054874420166,774
-9.807870508403179,-23.587513659390996,-9.549308903196026,-2.012354763730171,-0.01364723028687365,-2.9808666875148315e-4,-11.673323631286621,-36.93806457519531,-0.1647835522890091,-9.382165908813477,775
-9.704793550625118,-22.897059016164427,-9.543622143247296,-1.9948295676547312,-0.013425766892176163,-5.246332027247942e-4,-10.667201042175293,-34.40073013305664,-0.2831236720085144,-8.935938835144043,776
-11.51126928283889,-24.907891193223346,-9.916442043759991,-1.1731355511981272,-0.020693164495797126,0.009502733747129715,-15.970449447631836,-41.92938232421875,13.845091819763184,19.598352432250977,777
-11.639191831783476,-24.862582354198278,-9.841939098813702,-1.1151754581767344,-0.020607477493393714,0.009386142533538009,-16.0677547454834,-41.86867904663086,13.844382286071777,19.598522186279297,778
-11.751526829553681,-24.844447797256137,-9.825947887876202,-1.1048830473262095,-0.020457616122652993,0.009173076262486198,-16.06987953186035,-41.85003662109375,13.843171119689941,19.598873138427734,779
-11.876944925133106,-24.850388312230553,-9.780158169248272,-1.0762015306788706,-0.020258006711094574,0.00873536137325661,-16.131132125854492,-42.10481262207031,13.844435691833496,19.600664138793945,780
-11.985525544480003,-25.025809022473933,-9.756302959897686,-1.0498689138728403,-0.02012846171845317,0.008385718827626685,-16.115819931030273,-41.82936096191406,13.84389591217041,19.596879959106445,781
-12.07907928856501,-25.02219214284692,-9.714461452939679,-1.0193095528918528,-0.01993759329996036,0.00791577214117939,-16.08409881591797,-41.69294357299805,13.845771789550781,19.599761962890625,782
-12.166817595901689,-24.994657918636026,-9.661533482053448,-0.9811283671695017,-0.01981282048051071,0.007559587440544775,-16.318605422973633,-41.99715042114258,13.844693183898926,19.59876251220703,783
-12.26748099248155,-24.8440685900075,-9.658785946347882,-0.9771145903903269,-0.019752057153084396,0.007504614937824884,-16.033191680908203,-41.65943908691406,13.844666481018066,19.599796295166016,784
-12.316692930694726,-24.658002732011482,-9.64534009216087,-0.9749075496035837,-0.019114073875014567,0.0069231687174936074,-16.2087345123291,-41.7304801940918,13.846351623535156,19.59838104248047,785
-11.689048201804981,-23.61710305472472,-9.588396198728253,-0.9350518905955576,-0.016429039218880642,0.005440264245232189,-10.311609268188477,-36.46107864379883,0.0656290128827095,-9.224515914916992,786
-14.530361107568119,-22.73374865619069,-9.69048512695091,0.06818708540618185,-0.012079608312327725,0.004129694300445431,-182.22116088867188,-12.559226036071777,1.849169135093689,-9.04493236541748,787
-14.587671366943272,-22.97408945587817,-9.664193279721905,0.04548728229224447,-0.013244997680967619,0.004661542031271341,-183.00254821777344,-13.107290267944336,2.106637477874756,-9.087550163269043,788
-14.655218103643891,-23.106635742702018,-9.610278255918194,-3.2362578690287025e-4,-0.013750454205980549,0.004702128255922105,-183.18484497070312,-13.1105375289917,2.1802093982696533,-9.07339096069336,789
-14.746641102867136,-23.224405100522134,-9.606395847776104,-0.003742518408896889,-0.013923254800207126,0.004810365315013663,-183.60911560058594,-12.588420867919922,2.118849039077759,-9.065923690795898,790
-14.802227563252945,-23.109454994523944,-9.58855069396751,-0.0223848545390391,-0.013972950267152284,0.004600305984232718,-183.0655517578125,-12.862707138061523,2.055891990661621,-9.045872688293457,791
-14.875678079371811,-23.215905295735492,-9.583494312741925,-0.04218387840569254,-0.014038427456373351,0.004618978135630246,-182.84527587890625,-13.86184024810791,2.076777219772339,-9.064302444458008,792
-14.880651854139945,-22.948757184118545,-9.585386402585675,-0.024005177004935707,-0.01374252387625021,0.004323898206206662,-183.96180725097656,-14.408061981201172,1.9769551753997803,-9.073034286499023,793
-14.721567563751668,-22.286316823271054,-9.577576763608624,-0.027563097460868324,-0.010896576739993162,0.002417492430705416,-181.01467895507812,-16.06039047241211,1.3820257186889648,-9.013507843017578,794
-14.71981465310026,-21.317407866213912,-9.578209049680401,-5.345964270853654e-4,-0.009117061760876878,3.080001350879533e-5,1.4352184534072876,-30.913278579711914,0.6402035355567932,-8.782382011413574,795
2.4975467337988215,4.236532018592486,-2.265222914197613,-0.09229031441986796,3.741288577572677e-4,-0.016947744558143765,-0.8792014718055725,10.776164054870605,-1.0979459285736084,3.6355364322662354,796
2.6437485093589674,-21.333676335386038,2.049403779527973,8.628431049601433,-0.005766588708031431,0.002477092799734685,4.5558552742004395,-61.8718147277832,2.959319591522217,-14.508864402770996,797
2.4118650894336646,-21.0848461990774,2.0461677241538276,8.64272472025573,-0.0057557124732761115,-1.0085326156448766e-4,5.585203647613525,-59.63963317871094,3.060610294342041,-14.444075584411621,798
2.1386479174873423,-20.728565920572798,2.0467337298606147,8.642222133890984,-0.005614973459027915,-0.0035279660812379144,7.466486930847168,-57.2401008605957,3.0670015811920166,-14.215274810791016,799
1.8520103071661194,-20.367250602259976,2.0478340316031685,8.640571323649285,-0.005602595938837164,-0.00919517461727622,8.060033798217773,-55.447757720947266,3.096033811569214,-14.180534362792969,800
1.6524821347056406,-20.105285646850458,2.0409465956900825,8.63206740976989,-0.00513597432997775,-0.012663566101629015,6.893011093139648,-48.23365020751953,2.9972147941589355,-14.006204605102539,801
2.8395009952842067,-22.791611731943235,-3.005727417447735,9.534091678873894,-0.007418149287635356,0.009801645118175143,0.6243653893470764,-66.53662109375,2.683109760284424,-14.861190795898438,802
2.6625344193113567,-22.70567563339727,-3.0576349568154106,9.499454227702019,-0.007183705389288485,0.008757430793340407,1.5270462036132812,-64.24219512939453,2.7880165576934814,-14.682760238647461,803
2.578237938220718,-22.608243263583677,-3.0905300450112114,9.495794025675652,-0.007214047752661726,0.008891818046032734,1.7218704223632812,-63.392845153808594,2.8757083415985107,-14.471717834472656,804
2.2226782858171226,-22.279896258865563,-3.0911291909004937,9.485764232890007,-0.006925801938295337,0.007179855658807323,2.3930888175964355,-63.22789001464844,2.9235785007476807,-14.432548522949219,805
1.8609054137969547,-21.940282758848152,-3.0889486145760308,9.472108570353386,-0.00619996694227937,0.0034866015541665874,2.8879754543304443,-60.629669189453125,2.8855764865875244,-14.12680435180664,806
1.5744656759414197,-21.2134197024403,-3.0883182358528862,9.472564426676628,-0.006042525969383204,-0.00522365465574814,3.208463191986084,-57.332069396972656,2.9117257595062256,-13.93959903717041,807
1.3926253209224364,-20.518350686633106,-3.05912912605064,9.463129726664421,-0.0060164640746563835,-0.011300833847312402,4.7963643074035645,-52.540592193603516,2.8807437419891357,-13.819296836853027,808
1.8580396594377038,-23.0489822010252,-4.093973524549176,9.235420910136101,-0.0072258738386934765,0.007641150608785912,0.6158128976821899,-63.96955108642578,2.7690696716308594,-14.379595756530762,809
1.774745413554815,-23.10671909978898,-4.173705704190899,9.19744941355407,-0.007278787264482851,0.007954568232591861,0.37529242038726807,-63.12709045410156,2.780320167541504,-14.276956558227539,810
1.5930097145377506,-23.077387238095174,-4.207992203214337,9.182673183695671,-0.0070554667556018014,0.007082566890833388,0.6027292013168335,-62.77250671386719,2.8611714839935303,-14.151413917541504,811
1.3707451183948454,-22.986222403275175,-4.22662556884544,9.177881923930046,-0.006993247874605772,0.006599609860494082,-0.02537674829363823,-62.14602279663086,2.878068208694458,-14.140628814697266,812
1.2033877369117147,-22.907044198970265,-4.279464132764508,9.133193699137566,-0.006725621651891116,0.005412487147656952,-0.21540606021881104,-61.00761795043945,2.8199362754821777,-13.798224449157715,813
0.9915444934567222,-22.62397785012003,-4.261980183103253,9.163261142985222,-0.0064198447960076045,0.003740351264871783,0.10748101770877838,-60.103309631347656,2.7745578289031982,-13.887225151062012,814
0.7857949797842063,-22.24389112822639,-4.304985172727276,9.153053966776726,-0.0062604131646085215,0.001863010715446205,-0.8202981352806091,-58.319236755371094,2.666250705718994,-13.503708839416504,815
0.6358694078972891,-21.68421616896671,-4.2843157124306455,9.143628803507683,-0.006500181104839693,-0.004531874766948666,0.8470430374145508,-54.49712371826172,2.54494571685791,-13.403036117553711,816
0.49724728370305277,-21.081467093855395,-4.270752556302716,9.14930602671325,-0.006543445735401738,-0.0099286132713823,-0.1923995316028595,-49.28619384765625,2.3695151805877686,-12.988298416137695,817
0.5149959988170268,-24.26530774912743,-4.894084579923321,8.893543926493523,-0.008754136439752182,0.015915263472843957,-7.121878147125244,-61.292781829833984,2.512829303741455,-12.607841491699219,818
0.41024339583572034,-24.336386894369017,-4.955019600370099,8.853698459879753,-0.008661121775212543,0.015739106323786264,-7.806967258453369,-60.57712936401367,2.315434455871582,-12.582257270812988,819
0.3103186908571894,-24.38619189587786,-4.984881527402569,8.834525791422722,-0.008537643269686618,0.015451908916163387,-8.4008331298828125,-59.92693328857422,2.4677608013153076,-12.675776481628418,820
0.20518322264123048,-24.414319064085053,-5.022783882596661,8.808099476115105,-0.008452008817457078,0.015273113100177777,-7.912282943725586,-60.46295928955078,2.390289545059204,-12.564647674560547,821
0.05771518822170956,-24.387342546326565,-5.046735413053204,8.791008678690789,-0.007935904453186995,0.014132753077290096,-7.808797836303711,-60.37390899658203,2.2810001373291016,-12.442988395690918,822
-0.12479063333290286,-24.31922127203979,-5.054953224637677,8.785312381998894,-0.007329441528063342,0.012705743473322921,-7.455573081970215,-60.28572082519531,2.300764322280884,-12.512489318847656,823
-0.39541452506326136,-24.18520414242574,-5.067658073880841,8.772605625407097,-0.006405336846747027,0.010284256787232535,-7.136484622955322,-59.410850524902344,2.1958532333374023,-12.373014450073242,824
-0.7780822841459986,-23.973837852173848,-5.0591923069741025,8.789737430827019,-0.005957957683404671,0.008990752249955125,-5.856588363647461,-56.50011444091797,2.004047393798828,-12.227263450622559,825
-1.2586204243234649,-23.694897513237112,-5.06299031493919,8.777991024271843,-0.005136873079132609,0.006529917254859909,-5.440016269683838,-53.01964569091797,1.9169420003890991,-12.205385208129883,826
-1.7114122603199948,-23.37081627141949,-5.05890906570213,8.782180515543816,-0.00466619715910012,0.0017504805623222474,-4.557586193084717,-46.70650863647461,1.7762715816497803,-11.889477729797363,827
-1.1029360587687937,-24.544992950458898,10.839442126772235,-9.20180824635804,-0.006235031514835912,0.010224792360771966,-8.1058988571167,-57.228397369384766,1.6460946798324585,-12.065778732299805,828
-0.7422946884501236,-25.339472290060442,10.91780459167702,-9.26041534779847,-0.008502851981541253,0.01753081982189218,-9.773579597473145,-59.565921783447266,1.6141550540924072,-12.575896263122559,829
-0.6201894897055173,-25.89738235445247,10.956508510134052,-9.296055110676887,-0.009716486143733761,0.021635094304777835,-11.055442810058594,-61.0582275390625,1.2828189134597778,-12.8256254196167,830
-0.5530770323362821,-26.227246440809825,11.01787077667458,-9.348763736470344,-0.010123636204030414,0.022707747932374366,-11.654078483581543,-61.554019927978516,1.1947908401489258,-12.901371955871582,831
-0.4777031333157264,-26.47624757434184,11.022278659365009,-9.348090442402961,-0.010481253496427714,0.023099150709137838,-12.43087100982666,-61.52406311035156,1.157482385635376,-13.112504005432129,832
-0.7076567251563992,-26.306007508911513,11.051455371401142,-9.371397289021614,-0.010152768562092155,0.022648272383908978,-11.93772029876709,-61.64033889770508,1.185795783996582,-12.836769104003906,833
-0.896909598676414,-26.13332362737637,11.056234233400653,-9.375788959248665,-0.00962599278929367,0.021322874791109996,-12.8327054977417,-60.88690948486328,1.1704802513122559,-12.74540901184082,834
-1.3237727763946154,-25.495932865163194,11.078503482363056,-9.391018184407356,-0.007260358817727587,0.0131937599646007,-10.690266609191895,-59.21583938598633,1.2721527814865112,-12.330578804016113,835
-1.7765546777847359,-24.718521566026947,11.059903972170185,-9.379569324238899,-0.005828720556343473,0.008856412194219279,-8.78901481628418,-54.76887893676758,1.5937215089797974,-11.928890228271484,836
-2.2071000324536802,-23.966018373836636,11.034619205019306,-9.359345706685188,-0.00447012790198446,0.004450554235161317,-7.402394771575928,-49.60089874267578,1.4857916831970215,-11.58966064453125,837
-2.556944352401334,-23.368501144747224,10.967879169008564,-9.303401263936165,-0.0033917376778779896,3.0205545621218085e-4,-5.294500827789307,-45.824615478515625,1.3536185026168823,-11.05702018737793,838
-2.2285950681780644,-24.43141960269105,11.277824275514911,-9.48920944569886,-0.005469529532082499,0.007066013439960903,-8.551730155944824,-51.203758239746094,1.3838694095611572,-11.483874320983887,839
-1.9698736751180264,-25.15111850099246,11.499441020510028,-9.585195811970832,-0.006342836514984029,0.009868912426911784,-10.30163860321045,-54.375362396240234,1.2465646266937256,-11.798436164855957,840
-1.6706924661241587,-26.11337279553002,11.571040980837177,-9.604401859028938,-0.008574103416583009,0.015289476371007716,-12.663281440734863,-58.75437545776367,1.1607075929641724,-12.42082405090332,841
-1.572925372023781,-26.53538655270832,11.640663020632099,-9.643136295064094,-0.009973751426620908,0.01823062429948792,-14.547779083251953,-59.54873275756836,0.9844213128089905,-12.525885581970215,842
-1.515564534110851,-26.831471707328394,11.654611461183856,-9.64633491872132,-0.010775231180015615,0.01983372762394323,-14.268269538879395,-59.17475128173828,0.9339522123336792,-12.562009811401367,843
-1.5087391575785634,-27.031241083730823,11.67791544677956,-9.655403407796028,-0.011039070904117767,0.02031622451711654,-15.12643051147461,-58.96004867553711,0.8400240540504456,-12.575136184692383,844
-1.6245236793960405,-26.947453927624803,11.720453135988544,-9.683539661152961,-0.010870672206697705,0.01994508055444127,-15.016219139099121,-58.66352462768555,0.7886297106742859,-12.547317504882812,845
-1.7546352701430312,-26.80488492383316,11.709916942140888,-9.684957774861457,-0.0104460519564877,0.01870609842992442,-14.449650764465332,-57.83545684814453,0.7994214296340942,-12.51406478881836,846
-2.0187792384853096,-26.214651192818895,11.727572314760517,-9.683650287373665,-0.00891239064921326,0.015038403407398288,-13.64372444152832,-56.87591552734375,0.8181174397468567,-12.186651229858398,847
-2.4169118128754996,-25.112030437788945,11.749292247316669,-9.71351364491761,-0.006269977860070244,0.008386058247350366,-9.936241149902344,-49.960121154785156,1.081278681755066,-11.60770034790039,848
-2.819605001397866,-24.213563118960543,11.72117888214333,-9.685998233540657,-0.005485895898661599,0.004375606361155277,-9.034399032592773,-47.22842025756836,1.1343616247177124,-11.00475788116455,849
-2.9622381943459213,-23.453675542649226,11.698974483034442,-9.672189029439094,-0.004078995874118545,2.791284215148469e-4,-5.902853965759277,-39.38405990600586,1.089636206626892,-10.615944862365723,850
-2.4927552570800384,-27.318553021576502,12.031137340090106,-3.805486711247566,-0.012690465289340272,0.018299708670392476,-15.756978988647461,-57.331085205078125,0.4371364414691925,-12.337769508361816,851
-2.228745093925233,-27.945944283965073,12.046422832033466,-3.7903421246844555,-0.01584829805915312,0.022199701815155518,-17.29425048828125,-57.668243408203125,0.30582156777381897,-12.56287956237793,852
-2.0949676207503014,-28.351002841088793,12.039076678774189,-3.7973099076586987,-0.017260524467352,0.0236540092414876,-18.114450454711914,-58.96225357055664,0.17714768648147583,-12.874499320983887,853
-2.042110858375924,-28.52820926028928,12.017314784548114,-3.816971095784309,-0.017590012653053797,0.024274633257949558,-18.50733757019043,-58.38042068481445,0.09014474600553513,-12.901050567626953,854
-2.0543702788632574,-28.56650141474491,12.005558841249774,-3.8259730660754467,-0.017784213862906507,0.024694256207588885,-18.685333251953125,-57.01176452636719,0.05748585984110832,-12.986273765563965,855
-2.2551989742378074,-28.231576641209134,12.001329295656513,-3.8311932408648754,-0.017084971564047265,0.023142032173452544,-17.486417770385742,-57.861873626708984,0.22934933006763458,-12.585200309753418,856
-2.4945036810488177,-27.812028566697368,11.994327418825458,-3.8370526158648754,-0.014429752306036691,0.02014787169099174,-16.52153205871582,-57.06913757324219,0.3230936527252197,-12.552111625671387,857
-2.9644329210056255,-27.293142947323393,11.957170360109638,-3.8745215260821606,-0.012379607983997024,0.016187405674858147,-14.938179016113281,-56.432350158691406,0.4089626371860504,-11.931962966918945,858
-4.099499435649773,-25.9324638972051,11.984372012636493,-3.844966920598152,-0.010942338594632853,0.009449401473979182,-11.52950382232666,-47.021366119384766,0.509928286075592,-11.29266357421875,859
-4.417884332538746,-23.95795629381853,11.972564570925067,-3.8587739789325024,-0.007824000669363113,0.004204708278047255,-8.615945816040039,-40.33395767211914,0.5374789237976074,-10.10360050201416,860
-4.214567661590891,-23.509160952001643,11.987891070864032,-3.843037399037483,-0.007349250814200942,0.00298155289795883,-7.867002964019775,-37.03694534301758,0.4779648184776306,-9.478815078735352,861
-8.152291955458047,-25.308154442121253,-10.161784298398663,-2.780901464207771,-0.01555950714678744,0.009048197808821955,-11.584630012512207,-41.40049743652344,0.17218810319900513,-9.84375,862
-8.097513520986414,-25.715357571594538,-10.163477070310284,-2.798444541676643,-0.016299614925133852,0.010330936760143763,-11.80982780456543,-41.833343505859375,0.12942779064178467,-9.794011116027832,863
-8.09402195909262,-25.99439838562656,-10.179858334043194,-2.8180923783618237,-0.01700891052889216,0.011656147506095022,-11.858906745910645,-41.621253967285156,0.11178391426801682,-9.776976585388184,864
-8.12027661884816,-26.047924123352445,-10.17589200256126,-2.8140120827990796,-0.017137141370813617,0.011969937429624596,-12.112154006958008,-41.46915054321289,0.09895583987236023,-9.770901679992676,865
-8.12600403718683,-26.168090378817066,-10.196956760862042,-2.8551075780230786,-0.017207045852628562,0.01217300342278413,-12.114956855773926,-41.245121002197266,0.04644690826535225,-9.722001075744629,866
-8.180466567658037,-26.066399153220924,-10.214884884336163,-2.8565154397326733,-0.01719517702086663,0.012122289104576871,-11.747669219970703,-41.64498519897461,0.1836313158273697,-9.899789810180664,867
-8.223959378124867,-25.972902775540362,-10.254452831723858,-2.888048919423225,-0.017140371130705535,0.011949076570911975,-11.791159629821777,-41.30646896362305,0.14541909098625183,-9.759495735168457,868
-8.286020014813438,-25.758426764471235,-10.225057728269269,-2.85304525731385,-0.01679672126034986,0.011031184211494524,-11.813332557678223,-41.74773406982422,0.13866367936134338,-9.795031547546387,869
-8.497615803458531,-24.98735920292537,-10.24555981872337,-2.867425473912361,-0.01567390543205374,0.008194742365842576,-10.63176441192627,-39.11491394042969,0.10731684416532516,-9.668317794799805,870
-8.917354868348545,-23.61310371943337,-10.262537128904034,-2.8877611481982495,-0.014902503121442973,0.006227451187164967,-9.538395881652832,-37.75457763671875,0.0778086930513382,-9.383231163024902,871
-9.022101876950334,-22.831709485473105,-10.254990704038311,-2.865552934392097,-0.01365708267176386,0.0044376884180488164,-9.174277305603027,-36.43296813964844,0.03367475047707558,-9.186254501342773,872
-11.207771790149648,-25.685183901480233,-10.617450840451886,-1.664209874852302,-0.02907927983507639,0.020754312764953448,-16.443647384643555,-42.91558074951172,13.84987735748291,19.60917091369629,873
-11.257049549936909,-25.739741494870565,-10.620309956052472,-1.6669192635852121,-0.028983954751014417,0.020598771581454973,-16.36357879638672,-43.26430892944336,13.849081993103027,19.611400604248047,874
-11.278600750947797,-25.690132067738343,-10.595770008542706,-1.6514658057528757,-0.028898664444814176,0.020491246963293026,-16.61896324157715,-43.00533676147461,13.847770690917969,19.60740852355957,875
-11.318944562385456,-25.71551515066471,-10.625524647214581,-1.6630152785617136,-0.028878584558215,0.020463642196060196,-16.852745056152344,-43.5164794921875,13.849223136901855,19.60787010192871,876
-11.354055414554574,-25.704081794231602,-10.598260052182843,-1.6532281958895945,-0.028771877239589443,0.020310680304655465,-16.849313735961914,-43.07630157470703,13.848041534423828,19.607200622558594,877
-11.387531823738682,-25.75170149058679,-10.63697541473167,-1.6545789563494944,-0.02872128418354125,0.020238468993938385,-16.847454071044922,-42.977474212646484,13.848737716674805,19.610870361328125,878
-11.488710870571163,-25.611255335872478,-10.63774502990501,-1.6472076499301218,-0.028512090828513192,0.019936986768644895,-16.469202041625977,-42.773555755615234,13.848950386047363,19.6093807220459,879
-11.565145338421047,-25.39363121742572,-10.689456112363507,-1.5949926698046946,-0.02663681668090539,0.01738632547334459,-16.575597763061523,-42.93495559692383,13.847940444946289,19.60599708557129,880
-11.628640960466523,-25.055074291427875,-10.642093784787823,-1.642993005498054,-0.023070893535630767,0.012586449557489292,-16.04958152770996,-42.19392395019531,13.845337867736816,19.602479934692383,881
-11.060113157087844,-23.513791163769255,-10.651638157346417,-1.6278633200961374,-0.015634233902582364,0.0053061133497464535,-9.295225143432617,-36.673431396484375,0.15569110214710236,-9.139039039611816,882
-14.446692904682406,-22.99221806609444,-9.992678768613507,0.31670143963515524,-0.013338434018322968,0.009146798182674025,-183.6688690185547,-12.670295715332031,2.1906468868255615,-9.05899715423584,883
-14.490684087516863,-23.112391846788633,-9.98750603912132,0.31302985312163595,-0.013674453215575134,0.010206093575919955,-183.20693969726562,-12.534904479980469,2.2360646724700928,-9.064826965332031,884
-14.554238465773722,-23.06687576532221,-9.961131222226788,0.2926365411442495,-0.013623435157447473,0.01015383509696181,-183.9403076171875,-12.475923538208008,2.1892170906066895,-9.067282676696777,885
-14.619627133226004,-23.070302029131724,-9.98297322509544,0.3099677837055898,-0.013678798247814735,0.010297728422824077,-183.23536682128906,-12.63813304901123,2.208425521850586,-9.078707695007324,886
-14.68069918618699,-22.986815422057482,-9.963668949582745,0.2992967641514516,-0.013591016191578745,0.010087985049802899,-182.2589569091797,-12.345975875854492,2.1839122772216797,-9.057753562927246,887
-14.751059057274404,-23.123689173183017,-9.940256245114972,0.2851381576222158,-0.01376891539124127,0.01054137914388182,-183.46286010742188,-12.527098655700684,2.1921417713165283,-9.065873146057129,888
-14.771573722823934,-22.967223508202352,-9.945624477842022,0.29010608555495504,-0.013610074976892829,0.010186030841745781,-183.296630859375,-12.797513961791992,2.1581969261169434,-9.07197380065918,889
-14.746055123227944,-22.73258334100355,-9.935064442136456,0.28776487471282247,-0.012353600131848119,0.006652987369855305,-183.0516357421875,-12.956456184387207,2.0994491577148438,-9.039703369140625,890
-14.71009513942286,-21.4386516061172,-9.905036098935772,0.2665606415432668,-0.009576250208199605,0.0011416960063443807,1.8667834997177124,-31.36704444885254,0.9334685206413269,-8.893322944641113,891
20.360993176341548,-14.611636197754635,-4.962035782315899,-3.4769831025439526,-0.016302256007598673,-0.009013325457566753,-22.176212310791016,-20.430051803588867,-6.107037544250488,-9.620025634765625,892
-15.955301424483638,-28.158645989917,-8.647746689298321,-0.6972031617003702,-0.021279113117596504,0.002736089715968212,-23.904571533203125,-35.274845123291016,-3.0765371322631836,-11.252030372619629,893
-20.188047441209275,-5.5008780487646884,1.2416177916739692,5.7950837290447925,-0.011404649417491197,-0.009782182605229698,10.248174667358398,-18.48491096496582,-10.905537605285645,-1.6681177616119385,894
-20.19735496320041,-5.6966081987100425,1.2118946242545356,5.7608968889874195,-0.009619227874289865,-0.012112798370143873,13.202218055725098,-16.968896865844727,-9.894474029541016,-1.5162211656570435,895
-20.20147587005537,-5.778700299824759,1.201498382112812,5.749782768504021,-0.009476553535575763,-0.012141167181964079,10.713630676269531,-16.232637405395508,-9.522028923034668,-0.8776085376739502,896
-20.183568452659493,-5.713325583698376,1.2088086533759346,5.785447803751824,-0.010557249082410923,-0.012134427776128788,11.71611213684082,-16.207622528076172,-10.13626480102539,-1.1066677570343018,897
-11.914234732362127,-1.018668570849316,0.4049630093787422,-5.707326682789924,-0.005398989862903487,-0.016403656589754855,2.2050342559814453,-5.566211700439453,-7.877353191375732,-1.6511071920394897,898
-19.289204433718368,0.6383574591417476,1.4201000857566108,6.115984646098015,-0.01541961948782929,-0.0032462720084450378,5.760573387145996,-20.303287506103516,-11.13673210144043,-1.9687832593917847,899
-18.881145374316148,-0.1999261785235824,1.4464222121451606,6.148215976969597,-0.01598439159678287,-0.0018081879050697194,6.633454322814941,-20.388057708740234,-11.190860748291016,-1.7296425104141235,900
-16.644755195740114,-3.076187277019584,1.4274796176169624,6.180489269511101,-0.008116173604674195,-0.00879470388189333,7.8718976974487305,-16.194313049316406,-9.913535118103027,-0.8567471504211426,901
-16.339712845217345,-3.8133151906322547,1.4899896311972847,6.379632679240105,-0.0071603588770628055,-0.009667098677526695,9.334714889526367,-15.340142250061035,-9.60334300994873,-0.723698079586029,902
-10.686382824207685,-0.8149498262523536,-3.1707516979958306,-0.537613811476829,-0.007871215979454093,-0.012911525160214897,3.9919583797454834,-10.75147533416748,-8.284110069274902,-1.7559089660644531,903
-10.747636700377296,-1.0417014854075175,-3.1244472336556206,-0.48534171892583605,-0.005426638090125853,-0.01571581856515114,1.6368391513824463,-7.349478244781494,-7.7862043380737305,-1.987013339996338,904
-18.236447746772033,2.239735429260662,-3.67627681014793,0.006251720206139122,-0.014614525579824799,-0.006409882543613354,3.847541093826294,-19.76106834411621,-10.978850364685059,-2.4029250144958496,905
-17.97665335984714,2.6478540264537727,-3.8596338104988823,-0.15188661454499003,-0.013970886471798841,-0.007764315022625594,1.9860283136367798,-18.97693634033203,-10.566902160644531,-2.7134523391723633,906
-17.812833047919202,2.843215735565396,-3.902630217054058,-0.2553787702161097,-0.01371168351213748,-0.00840000188816651,1.741866111755371,-18.530061721801758,-10.389791488647461,-2.8712732791900635,907
-17.213636861998577,3.215792585966248,-3.91304815528648,-0.22853866456330058,-0.012717460847476748,-0.009623543797632547,1.8546234369277954,-18.274110794067383,-10.099211692810059,-3.175201177597046,908
-17.433532603899092,3.120193672041422,-3.693682796933819,-0.34322446076452967,-0.013022600451008346,-0.009553367607531149,1.8705205917358398,-18.5484676361084,-10.202730178833008,-3.1600747108459473,909
-10.308020472159281,-0.17817758316561264,-3.613748676755596,-0.3714047247010493,-0.010030311214756482,-0.011990598707136485,-2.6697895526885986,-12.903580665588379,-9.107873916625977,-3.3833560943603516,910
-2.389466021783924,2.251542080114643,-2.5346281599785576,-0.2822405719596171,-0.003572594676270124,-0.016755282920092103,-0.02085331454873085,-2.8508262634277344,-2.293858051300049,1.7793262004852295,911
-12.619695585371003,5.09171580067836,-4.43440783736961,-0.5831358605462336,-0.013300175573338312,-0.010306818244420821,0.12691091001033783,-16.9752140045166,-9.794388771057129,-3.218428611755371,912
-12.723992199899127,5.369494706150206,-4.672797806241681,-0.8344904506045603,-0.013739513443549456,-0.008473140017623238,1.7490124702453613,-16.966020584106445,-9.895755767822266,-3.275858163833618,913
-5.256796449007575,-2.8335105788298507,-5.152105457761456,-1.2629253589946055,-0.014033960479698349,-0.010265591373538647,-1.7157248258590698,-16.37129020690918,-9.562399864196777,-3.7537598609924316,914
-5.367678156242661,-2.87782785271442,-5.2423306774880185,-1.2945811474162363,-0.013377099811333067,-0.010369648462882191,-2.65312123298645,-15.494751930236816,-9.668560981750488,-3.542895555496216,915
8.086523352420546,-12.078082419182547,-5.671858913877179,-1.6490618312197947,-0.014527857109198997,-0.010189716282942792,-10.697175979614258,-11.132918357849121,-8.801188468933105,-5.155176162719727,916
-5.875910766834585,-3.0821444652586196,-5.44228947875755,-1.421470674260261,-0.012194839077327733,-0.011551162136442918,-5.013518333435059,-11.864293098449707,-8.894343376159668,-4.360909461975098,917
4.9360905776922985,-8.940558292303145,-5.656344063260724,-1.67014673589051,-0.0074229080620530005,-0.01437884880779165,-4.369955062866211,-6.311680793762207,-7.097062587738037,-3.632753372192383,918
13.378762795834454,7.6428663840372755,6.1917747187827334,-1.9393058144885325,0.008267648018695674,-0.013634208457486403,-6.184393882751465,31.546552658081055,-7.900264263153076,-5.202972888946533,919
15.267401358893915,-17.807080320007334,-6.335652477719952,-4.051269563420417,-0.025015166217628757,4.690793983764574e-4,-24.994585037231445,-13.092996597290039,-8.813050270080566,-8.060344696044922,920
15.082161356873769,-17.452641349660098,-6.348280079343487,-3.9458308541613842,-0.024897893394300225,1.5577055132409004e-4,-23.80565071105957,-11.341755867004395,-8.657713890075684,-7.8826584815979,921
18.480455169418498,-21.43652212590437,-5.506286747434308,-4.7509320103961254,-0.02733293283631697,0.0031888403335822986,-30.032766342163086,-20.6315975189209,-7.608598232269287,-10.585254669189453,922
18.217331405861373,-21.06790105651522,-5.5323416065956845,-4.731983932240608,-0.026545638664758685,0.0020129085669369513,-29.81104850769043,-19.516263961791992,-7.98115348815918,-10.062942504882812,923
15.474901617374131,-18.058262126104424,-6.202399380185772,-4.1449444615680004,-0.025342331465509255,5.890361686087161e-4,-25.44849967956543,-15.070963859558105,-8.224043846130371,-9.05269718170166,924
12.625164763254492,-15.748574786521528,-6.3006473850991025,-2.8902924382525708,-0.02056124951551983,-0.005147198894025108,-16.46617317199707,-10.423048973083496,-8.670440673828125,-6.367638111114502,925
6.783061449573562,-9.497809662464261,-6.243163235166241,-2.589821609242561,-0.008301220678597638,-0.014714436473029243,-10.26375675201416,-5.034611225128174,-6.760256767272949,-6.065263748168945,926
17.68402159254865,-15.34569927053463,-5.041545517423321,-4.192623170598152,-0.020100179182169754,-0.0055564410090662274,-23.34103775024414,-14.263150215148926,-7.845036506652832,-9.124972343444824,927
14.733132635168241,-17.03103382228168,-6.489074833371808,-4.1340661370593335,-0.024785768190477002,-2.1180352958109503e-4,-24.634906768798828,-12.874484062194824,-8.56714916229248,-7.876317977905273,928
18.57765233679502,-22.616022737749876,-5.249060280301739,-4.913418563588264,-0.028159527694855007,0.004805603251093317,-31.130390167236328,-23.21639633178711,-7.249592304229736,-10.983631134033203,929
18.681296274879895,-22.3306849941686,-5.432563431241681,-4.819362910969856,-0.027802864486881032,0.00409918055429895,-30.971580505371094,-22.46898078918457,-7.342113971710205,-10.926722526550293,930
18.880804873800773,-22.707921615047496,-5.230752594449688,-4.947572978718879,-0.027795472634620323,0.004415511100766801,-31.206708908081055,-23.728811264038086,-7.171896934509277,-11.159789085388184,931
18.60170166070027,-22.499319085685922,-5.23352254150169,-4.956952365620735,-0.028009330113819963,0.004732383358270888,-30.9519100189209,-22.529897689819336,-7.502519607543945,-10.812700271606445,932
18.05529825988282,-21.2190078155859,-5.395237095334698,-4.8149345242816235,-0.027125835974148013,0.00280393138985615,-29.93805503845215,-19.981163024902344,-7.817790508270264,-10.222230911254883,933
-13.763413790246098,-26.090791054803226,-9.096221096494366,-0.9518556916552805,-0.018176324096354824,0.00251193956659537,-16.87183380126953,-34.05115509033203,-2.0985054969787598,-9.9667329788208,934
17.806740315158574,-23.237436061306056,-5.09747517822044,-4.437770637257698,-0.025783336999509576,0.0010201656906048124,-28.866958618164062,-22.301294326782227,-6.684379577636719,-10.688730239868164,935
18.209493049525797,-23.41270929532881,-5.137172348478009,-4.7023504102069165,-0.02757704653919513,0.0037530781223300224,-31.011911392211914,-23.092981338500977,-6.973630905151367,-11.134228706359863,936
18.41690169080532,-23.29780806035004,-5.303652412870099,-4.825935634358528,-0.028085337388249317,0.004491705190879183,-31.290569305419922,-23.319902420043945,-7.081113815307617,-11.127423286437988,937
18.86689096982814,-23.322558669698022,-5.293687946775128,-4.939190658314827,-0.028153655229289646,0.00470076279344889,-31.567399978637695,-24.31721305847168,-7.17345666885376,-11.329211235046387,938
18.663882125206126,-22.86620709468458,-5.378183491208722,-4.9261100613909985,-0.028199017750257786,0.004773829073720938,-31.229999542236328,-23.044816970825195,-7.328256130218506,-11.07932186126709,939
-10.008482282278626,-31.542537212935105,-9.579431660154034,-1.9937148415881418,-0.028806745458085026,0.007685631512597934,-30.836692810058594,-28.925670623779297,-6.883112907409668,-11.487770080566406,940
-10.143130557897456,-31.353384247731466,-9.62335408447044,-1.8764337622958445,-0.028893443890849076,0.0094845793483484,-24.730112075805664,-38.606346130371094,-2.5754549503326416,-12.213850975036621,941
-12.653469406633699,-25.44938370077915,-9.635766155698468,-1.6667201840716623,-0.0180564188033055,0.0053521880958579465,-14.99864673614502,-37.411155700683594,-1.169331669807434,-9.6358795166015625,942
-2.02374333952495,-21.350616709098244,-5.711283333280255,-1.0742740952807688,-0.01145672305894042,-0.009846540062388073,-18.426546096801758,-20.705223083496094,-5.722220420837402,-9.636366844177246,943
19.0643053734062,-19.50871420875392,-5.160305149533917,-3.1281524026232983,-0.023233637322595597,-0.002902977927800197,-27.031814575195312,-23.563661575317383,-6.02581262588501,-10.466950416564941,944
19.04307363150018,-19.42810853955336,-5.152537472226788,-3.19706061719239,-0.0217534259205312,-0.0042972962393119235,-25.594881057739258,-22.171998977661133,-5.942075252532959,-10.321575164794922,945
17.317882939307008,-22.42943171622988,-5.166393883207013,-5.042549880726936,-0.02773182010786236,0.004055647959749221,-29.469463348388672,-21.880111694335938,-7.165879249572754,-10.73775577545166,946
15.607943676855168,-20.61442862332195,-5.507484562375714,-4.85278252003968,-0.02688382314353018,0.0028744365327723117,-27.978496551513672,-17.73743438720703,-7.859682559967041,-9.524007797241211,947
-10.14105329389533,-31.221037904074194,-9.588972218015362,-1.9942868077594065,-0.029407095833192655,0.010216709458809337,-24.106401443481445,-39.277854919433594,-2.285299301147461,-12.250243186950684,948
-13.361958927895005,-25.263475603150432,-9.375121242978741,-0.8652532720404886,-0.01805779128182691,0.004129778520092728,-14.263406753540039,-35.210304260253906,-1.6835064888000488,-9.796858787536621,949
-16.25993539164361,-27.331955881778534,-8.92325700042503,-0.6047019386130594,-0.02155142849556563,0.003962217111639718,-22.272724151611328,-36.71771240234375,-2.8630456924438477,-11.406046867370605,950
-16.09367582762314,-27.216757420199173,-8.938803799131085,-0.5997778498965525,-0.02110652753504327,0.00373926712102811,-21.648481369018555,-36.109901428222656,-2.811755418777466,-11.2147216796875,951
-14.816644243467067,-24.981901773862067,-8.89338696716087,-0.5689355903702997,-0.01342003718668651,-0.0025395633367259396,-12.714981079101562,-32.14990997314453,-1.8972883224487305,-9.609480857849121,952
-15.161513166416354,-27.60413975875235,-9.509450085141827,-0.8814695203143381,-0.024972872256165606,0.007819106600150833,-22.62813949584961,-38.06367111206055,-2.5509660243988037,-11.75231647491455,953
9.780150111095093,-0.9516703766426399,-8.491299278714825,-1.1772362911540293,-0.003472958107178968,-0.01352134073060055,-8.9425201416015625,5.375777244567871,-3.2922544479370117,-7.107619285583496,954
-13.28345398965348,-25.859134955910168,-9.51397908447044,-0.8850691938239359,-0.01990649369718692,0.00542139801703952,-16.69748878479004,-34.379669189453125,-2.273883819580078,-10.510205268859863,955
-20.68651986037758,-11.239545691610132,-1.3798871111656914,2.960628954188225,-0.013704644164878339,0.010633299183718211,20.363767623901367,-17.612152099609375,1.876252293586731,-1.3321150541305542,956
-20.59180096787507,-11.641036336800939,-1.8337990116860161,2.3846382773083423,-0.013855228814675349,0.011114655058406897,20.691144943237305,-19.26152992248535,1.9035520553588867,-1.4315073490142822,957
-20.36956057866096,-10.804509901352016,-1.4552073550011406,2.8940097963970874,-0.013023433202939772,0.009166106815975466,20.607019424438477,-17.78080940246582,1.924201488494873,-1.2295928001403809,958
-18.726953132376703,-9.349245077270126,-1.5878279280449639,2.7853250181835865,-0.01000534816721598,0.0036949541539220117,19.880083084106445,-14.374011993408203,1.0984747409820557,-0.7281988859176636,959
-11.072257681546825,-4.872708073614247,-2.5238483023430596,0.6639660275143362,-0.005793466890101149,-0.012227733137338524,10.719744682312012,-8.514196395874023,-1.0475491285324097,0.5983465313911438,960
6.014458045245126,-1.5642350776486709,-2.0661153864647637,-0.3754102797645354,4.836483876259818e-4,-0.01711648182246885,-0.4607546031475067,6.423487663269043,-2.2667572498321533,2.5511810779571533,961
-0.32014851799380156,2.358229850715462,-2.2238658737923394,-0.07497301934540507,-5.571196942366806e-4,-0.017227492777789236,-0.6531900763511658,4.613037109375,-2.1837158203125,2.270864248275757,962
-0.33779262159189066,2.374293195343972,-2.2574083876396904,-0.05856541035950419,-9.83174621946966e-4,-0.01699026258992195,-0.7053134441375732,4.118117809295654,-2.261854648590088,2.208353042602539,963
2.983226873286454,-20.88317536068032,2.0141431021903267,8.588004795328972,-0.005855423705961642,0.002954515384668135,9.0944185256958,-59.79854202270508,2.9957427978515625,-14.616071701049805,964
2.780755180360744,-20.771096101928986,2.0298331904624214,8.604094234721062,-0.005609939602885123,0.0016204879572934323,8.700915336608887,-57.801055908203125,3.1515815258026123,-14.606720924377441,965
2.1783228634342913,-20.32898074909935,2.0288101363394966,8.597762790934441,-0.005196227849010785,-0.005082839763662443,9.148682594299316,-53.84393310546875,3.082714319229126,-14.353601455688477,966
3.881132848292884,-22.610071751332416,2.0413225817893257,8.611813274638054,-0.007198409912574618,0.009144300925519764,0.7676577568054199,-68.91614532470703,2.412343740463257,-15.225129127502441,967
3.706988621215766,-22.456814721194448,2.0570014643882026,8.637160984293816,-0.0070568633089288235,0.008491943683730178,2.9073760509490967,-66.0570068359375,2.6298704147338867,-15.062368392944336,968
2.9879396973071617,-21.610043334989236,2.055209271929096,8.60605308176696,-0.006114682592433063,0.004266267902145926,3.557446002960205,-63.2299919128418,2.8540894985198975,-14.77200984954834,969
1.9629785645140094,-20.385136142998643,2.0340963530753364,8.611541477457878,-0.005307399548597623,-0.00781566073254412,8.109734535217285,-55.821998596191406,3.145578145980835,-14.160490036010742,970
4.609243837501822,-24.1537217169166,2.0432215857718696,8.678659168497918,-0.011444618869886633,0.028960053229585284,-1.7803114652633667,-70.52642822265625,2.1253209114074707,-15.270832061767578,971
4.486452471057629,-24.05232523299487,2.024031751177143,8.706027714030144,-0.011444325389458422,0.028958330870636154,-1.5060263872146606,-69.91253662109375,2.059384346008301,-15.329429626464844,972
4.539870488672838,-24.18442780914448,2.0332137274955024,8.693902698771355,-0.011459227750762933,0.02895848071229024,-1.779302716255188,-70.325103759765625,2.0736167430877686,-15.31816577911377,973
3.5727565192672,-23.019231243792575,2.0383437800620308,8.711767879740593,-0.007910163553265766,0.012048241899806605,-0.0760841891169548,-67.6081314086914,2.518726348876953,-15.104230880737305,974
4.318566834030377,-24.158021241630607,-3.0288842987801323,9.472418514506218,-0.011288614881695452,0.027962458080242357,-2.0047011375427246,-70.30069732666016,2.100472927093506,-15.267403602600098,975
4.509696046491813,-24.45551203682761,-3.051557905652691,9.493301121012566,-0.011466707755279382,0.028727745961373223,-2.2480478286743164,-70.5250244140625,2.020128011703491,-15.2648286819458,976
4.381567762890958,-24.41235854774078,-3.0750950646187554,9.497123447672722,-0.011426953304041226,0.028437815457472565,-1.8177416324615479,-70.32791900634766,2.0122923851013184,-15.253092765808105,977
3.4503220363670573,-23.469904099524218,-3.0881165337349663,9.493909565226433,-0.008718135454595106,0.01522577464731209,-0.5065361261367798,-68.15248107910156,2.429640054702759,-15.079022407531738,978
2.6818522421824724,-22.772476905620547,-3.0958596539284478,9.476954189555046,-0.007433032122153518,0.009819903225461194,0.8444011807441711,-65.641510009765625,2.6903915405273438,-14.785972595214844,979
3.660358625067425,-23.936802703935076,-3.155000812986065,9.461496082560418,-0.009621477841985816,0.01914387947582914,-1.5730749368667603,-69.11425018310547,2.2099955081939697,-15.143075942993164,980
3.2221324148100816,-23.555716954385204,-3.315518982389141,9.441083637492058,-0.00907172482761006,0.016552232069962588,-0.17496150732040405,-67.44715881347656,2.4636738300323486,-14.992106437683105,981
4.183829024302777,-24.743254522241863,-3.5913358998085747,9.393249241129753,-0.011357525739064756,0.027619604537098837,-2.2329206466674805,-71.15021514892578,1.9867805242538452,-15.256463050842285,982
3.919136066915159,-24.67633569406493,-3.6399267983223687,9.375740734354851,-0.011064744924110663,0.025665351247850285,-2.9441466331481934,-70.13255310058594,1.9686750173568726,-15.20995044708252,983
2.8735437130026105,-23.49694662731788,-3.6347695660378228,9.379831997172234,-0.00892628615477731,0.015645757215549987,-0.41110149025917053,-67.0606689453125,2.4594624042510986,-14.90743637084961,984
1.8084219297513122,-22.606527558079055,-3.672193653562237,9.366345134989617,-0.006929427378723875,0.006726588336059975,1.0216753482818604,-63.04341125488281,2.8969080448150635,-14.166390419006348,985
3.0158168469592885,-23.714638671983117,-3.6918505501534233,9.35972854258239,-0.009368166238138628,0.017446420191181748,-0.8055468201637268,-67.83818817138672,2.325126886367798,-15.032366752624512,986
2.970068641466694,-23.832136693081107,-3.814831383207012,9.31978484751403,-0.009523632967358581,0.01790868844040571,-1.609518051147461,-68.706207275390625,2.2650678157806396,-15.014171600341797,987
3.842469093870156,-25.140031011063503,-4.073449261167218,9.24181911112487,-0.011321336716774152,0.02613512480690819,-3.1178033351898193,-70.25299072265625,1.7401891946792603,-15.160358428955078,988
3.10140916892636,-24.496164164842508,-4.091473467328717,9.253265110270378,-0.01034446016371682,0.020555563342370645,-3.832815408706665,-68.52593231201172,2.006063938140869,-14.967657089233398,989
3.252432867534637,-24.98605153985259,-4.150778896787335,9.219020572916863,-0.010927944399203748,0.02317364192332135,-3.2704126834869385,-70.04219055175781,1.7818586826324463,-15.122843742370605,990
1.0957109807196168,-22.48822612795212,-4.1888216805245175,9.190855709330437,-0.006387342697281259,0.0036324940949459435,0.36601218581199646,-61.07928466796875,2.8111493587493896,-13.936891555786133,991
2.3795897338277476,-24.11574178776443,-4.313397057035138,9.133347240702507,-0.0094105785122022,0.016616424707455505,-3.230177164077759,-66.5158920288086,2.054119825363159,-14.831482887268066,992
2.905038450646039,-25.436089640227372,-4.509302265622784,9.05675288798034,-0.011545610532175395,0.023831248097234,-5.129171371459961,-69.1419677734375,1.5200202465057373,-14.927138328552246,993
3.0694433052833427,-25.799407396112134,-4.6406086754586,9.003179279581902,-0.011723420528175694,0.0252719687869623,-4.806521892547607,-70.41197967529297,1.383795976638794,-15.200626373291016,994
2.910582673658854,-25.856183989324098,-4.647661335447003,9.003189769999382,-0.01182271446898896,0.024985024569898845,-6.237296104431152,-69.22380065917969,1.283849835395813,-14.940967559814453,995
2.839817242310546,-25.95477420556655,-4.659936792829205,9.006396976725457,-0.011876897536743584,0.024951896049673204,-7.731870174407959,-69.01631164550781,1.3242104053497314,-14.852709770202637,996
2.308300319671909,-25.986586937935353,-4.717790729978253,8.971224514262078,-0.012137801409626987,0.024355922422274603,-8.13748550415039,-68.20897674560547,1.4610822200775146,-14.909749031066895,997
0.6022725325110044,-23.976949235902303,-4.734843380429913,8.963712421671746,-0.008838209053503401,0.015618905667818088,-5.982485771179199,-61.000816345214844,2.529536247253418,-12.70315170288086,998
0.3977222579082406,-24.35769044461537,-4.958495266416241,8.852032390848992,-0.008690403503864201,0.015818387270607547,-8.034231185913086,-61.375946044921875,2.380946159362793,-12.576115608215332,999
1.4716190127420976,-26.427173191319035,-5.061010963895489,8.773652759806511,-0.012786082495781583,0.025714064409663857,-10.086084365844727,-65.8150863647461,1.279248595237732,-14.430241584777832,1000
1.4704682416272548,-26.706998465884435,-5.062554962613751,8.770591465250847,-0.013850730370643946,0.02705500824848992,-10.08237075805664,-66.87686920166016,1.1119482517242432,-14.452638626098633,1001
1.5017426860559548,-27.217669573815467,10.775840632936786,-9.14144447682679,-0.014689583692795584,0.028288277326176843,-11.765158653259277,-66.663665771484375,1.0478119850158691,-14.59365177154541,1002
1.397009062181625,-27.38363255217295,10.780400149843524,-9.142528804524543,-0.015238442941913748,0.028954193202075047,-10.430683135986328,-67.89270782470703,0.9838933944702148,-14.579352378845215,1003
1.3003092632775606,-27.50312356395927,10.795158259889911,-9.156991275532844,-0.015615390088266994,0.029395781867924544,-12.110647201538086,-66.54412078857422,0.8793879151344299,-14.526175498962402,1004
-0.0085234822564012,-25.696329228412456,10.823037021181415,-9.182013782246711,-0.010450053778905535,0.023098237414114854,-10.130303382873535,-61.40468215942383,1.4838300943374634,-13.062804222106934,1005
-1.9933469107045665,-23.533945229062613,10.797937266847919,-9.161000522359016,-0.004238537490681226,0.0038804081144754527,-5.567675590515137,-46.83223342895508,1.5958704948425293,-11.579170227050781,1006
0.04924509825966351,-26.872152692168715,10.991489284059833,-9.32614735005677,-0.011526057367793848,0.0242663717444491,-11.799301147460938,-62.77132034301758,1.032513976097107,-13.532279968261719,1007
0.6371964634854245,-28.20869028534118,11.036185138246845,-9.35561684010804,-0.016115171151187418,0.02991195467490159,-15.407817840576172,-65.09187316894531,0.6380417346954346,-14.228326797485352,1008
0.5469853768942082,-28.392400377842314,11.082000606081317,-9.389312061055305,-0.016614097619214393,0.030549175387602347,-16.821279525756836,-64.285858154296875,0.5349817872047424,-14.19334602355957,1009
0.48439264145090555,-28.70620569857037,11.080329768678974,-9.387702258809211,-0.017200603819061633,0.030976293186526175,-17.126140594482422,-64.42724609375,0.4234600365161896,-14.215888977050781,1010
0.3873951319159984,-28.57839802083436,11.153557651064228,-9.430688174946907,-0.017048891711650832,0.030733311225512247,-15.979133605957031,-64.73297882080078,0.44453179836273193,-14.11882495880127,1011
-0.027015389697138615,-27.96710551107182,11.169265620729755,-9.434513362630012,-0.014145667059662054,0.027297107286494413,-14.209304809570312,-64.3497085571289,0.4766696095466614,-14.021174430847168,1012
-1.2209465788955431,-26.95660362143964,11.594372622988056,-9.619198116047981,-0.011380247363445879,0.02125607038311187,-13.55888557434082,-61.04039001464844,0.9974979162216187,-12.693766593933105,1013
-0.42301583976220075,-28.43775338709697,11.69608771087868,-9.681464465840461,-0.01507135529690368,0.027395063003126583,-17.169696807861328,-62.064430236816406,0.3086897134780884,-13.81200885772705,1014
-0.1414511590510015,-29.13933043353516,11.73402010681374,-9.701959880574348,-0.01756913739675472,0.030718998931990763,-18.397783279418945,-63.43257141113281,0.19127227365970612,-13.99487590789795,1015
-0.15775344588612625,-29.35147584888709,11.776493899843524,-9.73824623463929,-0.01778455065489292,0.0308682395180545,-18.251853942871094,-63.636104583740234,0.150753915309906,-13.933882713317871,1016
-0.30313431286166104,-29.279716311369405,11.78441893341286,-9.746367725117805,-0.017895076971635154,0.030768207389798876,-18.94582748413086,-62.423614501953125,0.1527298539876938,-13.898802757263184,1017
-0.4972848926871897,-29.141899733595395,11.774559848329853,-9.735556873067024,-0.017495642225518925,0.02994488010456423,-17.87201690673828,-63.642059326171875,0.10299503058195114,-13.838927268981934,1018
-1.7706097213321568,-27.56686545728905,11.75850283386452,-9.71915558217347,-0.012399103436059052,0.02197621541659589,-15.734912872314453,-58.555641174316406,0.5638001561164856,-12.607422828674316,1019
-2.427849595763875,-27.41983386619071,12.039689891359638,-3.8003423535662915,-0.013472056489979173,0.019049568997154064,-15.397217750549316,-57.02780532836914,0.46362242102622986,-12.406582832336426,1020
-1.5048179655399805,-29.189133574908556,12.024587504885028,-3.812148841603401,-0.018680337527225435,0.028184054018367807,-19.699995040893555,-61.08832931518555,-0.010916948318481445,-13.449039459228516,1021
-1.2347611368120013,-29.517398403327714,12.008807055971454,-3.8253646218615796,-0.019333935333546513,0.030505029357221835,-18.978233337402344,-62.294334411621094,0.034508053213357925,-13.688369750976562,1022
-0.9902304874731491,-29.865981587098887,11.98581110717995,-3.846268209202888,-0.019779039321118512,0.031664839580111404,-20.02124786376953,-62.77696228027344,-0.08955638110637665,-13.70905590057373,1023
-1.071586677706821,-29.812965306755313,11.990179889223407,-3.839605363591316,-0.01978885794755586,0.03149291778552788,-19.944284439086914,-61.77556610107422,-0.07002061605453491,-13.709897994995117,1024
-1.0026868752534563,-29.95010021012891,11.981107585451435,-3.8458447778064038,-0.019793576045128842,0.03171060081170121,-19.514598846435547,-62.445228576660156,-0.10078811645507812,-13.702978134155273,1025
-1.295111931646809,-29.71012207991253,11.99244009735329,-3.8384545171099926,-0.01965083262805478,0.03094825964561573,-20.902883529663086,-57.313968658447266,-0.5262808799743652,-13.420721054077148,1026
-8.47535132111732,-30.02128788165198,-10.181461460569073,-2.811120542271736,-0.03418639125578997,0.022750172948757044,-22.95210075378418,-48.63994598388672,-1.232480525970459,-12.758240699768066,1027
-8.566817644969976,-30.068789744600565,-10.196129925229718,-2.8299048268634106,-0.034421386040401174,0.022654947741688775,-23.583904266357422,-48.0473518371582,-1.5860331058502197,-12.719086647033691,1028
-8.60010850187162,-30.069652604184952,-10.21196664092796,-2.8454847657519604,-0.03441945922502884,0.022650060164005007,-23.82636070251465,-47.79689407348633,-1.779033899307251,-12.593897819519043,1029
-8.899287874080043,-30.262333721552242,-10.211649067380597,-2.839330705388191,-0.03437069848495342,0.0225035904731112,-23.84676742553711,-48.066383361816406,-1.6076830625534058,-12.737123489379883,1030
-8.94844488048311,-30.26658141670048,-10.22529900787132,-2.8511216962176587,-0.03436056686640729,0.02246977035986627,-23.97757911682129,-47.52451705932617,-1.691967248916626,-12.743425369262695,1031
-9.106553881933694,-30.342686605102624,-10.230898983457257,-2.85060385106385,-0.033985645012266676,0.021693764031216936,-23.984251022338867,-45.333961486816406,-1.6508245468139648,-12.744152069091797,1032
-8.87342947879979,-30.180305081633048,-10.237732059934308,-2.858519586308601,-0.034128157918401125,0.021934520469329914,-23.90178871154785,-46.77803039550781,-1.718917727470398,-12.688018798828125,1033
-11.011041827939964,-26.73330704707334,-10.671151287534405,-1.624526413663032,-0.028543476459337323,0.01906036953042751,-19.776750564575195,-42.49177932739258,-1.7814167737960815,-12.034159660339355,1034
-10.78287081539628,-30.27948973380326,-10.640110142209698,-1.6888953769046091,-0.030077638405710816,0.013434904898385286,-23.858993530273438,-41.88125228881836,-2.1355276107788086,-12.425045013427734,1035
-10.863061943905082,-30.202126132536947,-10.611204273679425,-1.690856488927009,-0.02984109032684555,0.012935497190999649,-23.53876495361328,-42.56021499633789,-2.149200439453125,-12.358389854431152,1036
-10.882975559275296,-30.263805009919743,-10.627079136350323,-1.6732554757434153,-0.029987251664889036,0.013348257877652588,-23.757734298706055,-41.513343811035156,-2.203808546066284,-12.394574165344238,1037
-10.9777630861992,-30.164678866529393,-10.616681225278546,-1.672842653973701,-0.02895331051472779,0.012224077417385635,-23.78581428527832,-40.75653839111328,-2.228668451309204,-12.258649826049805,1038
-10.991191136207116,-30.21670646797141,-10.644896633603741,-1.6553402268725657,-0.029537076732434275,0.012702887517683708,-24.022607803344727,-40.95847702026367,-2.3618812561035156,-12.254973411560059,1039
-11.99987612646729,-29.92122884653377,-10.007396824338604,0.33038130165755514,-0.027523816741168404,0.010831752505953984,-22.775972366333008,-40.34330368041992,-2.4141201972961426,-12.099303245544434,1040
-11.95899256718386,-29.962543591098314,-10.01220143554466,0.3323441422146535,-0.027881256099694728,0.011224643098085706,-23.540687561035156,-40.579036712646484,-2.317164421081543,-12.150264739990234,1041
-11.902440508755264,-30.02280878013027,-10.004815227964093,0.3275929367703176,-0.028513644423962717,0.011867719217429745,-23.123870849609375,-40.447017669677734,-2.3024420738220215,-12.273944854736328,1042
-11.936184209312032,-30.00312949442953,-10.016426212766339,0.340948907153008,-0.02825482701257125,0.011609111604303455,-23.355985641479492,-40.457149505615234,-2.2822110652923584,-12.273198127746582,1043
-17.81843386417267,-23.155844164712523,-9.618113644101788,0.12039109827697042,-0.01485055857758958,0.0019427711193748455,-14.523161888122559,-35.2150993347168,1.748331069946289,-1.6341025829315186,1044
-17.8042779905006,-23.1424078620509,-9.611420757749249,0.1156429922741628,-0.01448369085692759,0.0017956783794973574,16.767187118530273,-19.91391372680664,1.843697190284729,-1.4649996757507324,1045
-17.801658437513886,-23.135718452522624,-9.62825024841087,0.1394854462307668,-0.014423379561805918,0.001774944072369531,17.42432403564453,-19.707149505615234,1.697257399559021,-1.4911491870880127,1046
-23.73177410845098,11.275698142301179,3.0876411128257026,-9.497550281270149,-0.008756794496773909,0.019353966345847393,109.26734924316406,41.41155242919922,19.45016098022461,0.6627631187438965,1047
28.94150822427685,0.9531185678504422,-0.7068594039018641,-2.498604806645515,0.004355318396778353,0.052423808873084454,-101.8999252319336,-47.58890151977539,-4.492833137512207,24.012298583984375,1048
31.072785864914515,0.30012088884002985,-11.649354107358624,-13.312737735493782,0.008380517860498194,0.09046787759310629,-105.02265167236328,-53.795433044433594,0.06252674013376236,-25.399505615234375,1049
-28.67435797012399,16.16877972409014,4.363202922365497,-10.314811977131965,-0.011629233415253402,0.086318876005822,132.39083862304688,41.84481430053711,21.807170867919922,-2.474050998687744,1050
-25.026311073683107,12.2553423268637,3.0616165328238716,-9.470338138325813,-0.015826286310660295,0.024156053724885048,113.27486419677734,42.720943450927734,19.634103775024414,0.45294293761253357,1051
28.859095564217426,0.9686659564399822,-0.6482231390263329,-2.5663025700885083,0.004331248615762612,0.05074039195160928,-101.47555541992188,-45.56864547729492,-4.493829727172852,24.00075340270996,1052
31.157690776852306,0.2737231556050339,-11.639977581479718,-13.303374561055305,0.008467650979826024,0.09154976878437646,-105.49166107177734,-54.28691101074219,0.06237601488828659,-25.399858474731445,1053
-28.830107441013794,16.362203495433988,4.421407096407245,-10.307821544392707,-0.011400171284096997,0.08719485435600177,134.1794891357422,41.466712951660156,21.820114135742188,-2.4907386302948,1054
-25.558396012236468,12.815665190604848,3.0532730746482124,-9.461393626912239,-0.016473656542765724,0.02303177728682828,114.3285903930664,42.67657470703125,19.683340072631836,0.38488662242889404,1055
27.753978025450017,1.172978472889263,-0.6678506896431933,-2.54271868108094,0.0035167077927076157,0.04021612728738263,-98.63783264160156,-40.5130500793457,-4.512050151824951,23.727642059326172,1056
31.170652681791484,0.26869975131844526,-11.603617794492413,-13.267019542439582,0.008472524031435407,0.09168434766862436,-105.37567138671875,-54.481056213378906,0.06241293251514435,-25.40032386779785,1057
-28.540192393923533,16.034403476718218,4.243360393068622,-10.453979762776497,-0.01209257678172571,0.08490697214440657,133.7339324951172,41.55706024169922,21.785015106201172,-2.4445865154266357,1058
-24.626929475669726,12.133479947260751,3.2215772795890083,-9.656460078938606,-0.015417566483400025,0.026955204442016576,112.52417755126953,43.73693084716797,19.52056312561035,0.5921457409858704,1059
28.937595338794093,0.9089015504143156,-0.6429665308977852,-2.5742166364032055,0.004363263374878596,0.05173026850578769,-101.1959228515625,-45.279518127441406,-4.490451812744141,24.040136337280273,1060
31.15889848650352,0.2747458677041902,-11.666289455869366,-13.32972172139466,0.008469770579109123,0.09160830567859338,-105.04951477050781,-53.91644287109375,0.06261967867612839,-25.3994197845459,1061
-28.208107854637518,15.927595754549975,4.227864139101337,-10.54360512135804,-0.012797335674609646,0.08258208045368816,131.67730712890625,41.96062088012695,21.590679168701172,-2.1709415912628174,1062
-24.361406946084134,12.565246171755625,3.275949590227436,-9.716610225422981,-0.015189862766502074,0.02761279157663888,113.34943389892578,43.11089324951172,19.5596923828125,0.5438436269760132,1063
28.37902365478272,0.9976982486433212,-0.6279034201587925,-2.5898363911944653,0.003962284751908351,0.043206091497612904,-101.51803588867188,-46.68064498901367,-4.502416133880615,23.869739532470703,1064
31.098834844255673,0.29198110564928415,-11.65234864471214,-13.315796169026497,0.008446026089061429,0.09125864580706557,-105.45492553710938,-54.29651641845703,0.06279091536998749,-25.398334503173828,1065
-29.16515953377096,16.64886619860999,4.6111162829612,-11.39871815083802,-0.011346526386701344,0.08716979883839734,134.16075134277344,41.465755462646484,21.858671188354492,-2.545700788497925,1066
-28.766482868333014,16.3158156898963,4.259394042513202,-10.538832935078743,-0.01149579728105749,0.08686697712725201,134.82687377929688,41.45650863647461,21.81533432006836,-2.4874706268310547,1067
-25.274167917225974,12.759361310634985,3.2376412081931343,-9.671720775349739,-0.01631406475574089,0.02443162896576187,113.38542175292969,43.71881103515625,19.62221908569336,0.46551597118377686,1068
27.971354066020915,1.052158164299169,-0.6451860141541252,-2.5726716840106274,0.003721499262465694,0.0418925096714244,-98.69554138183594,-40.84068298339844,-4.506971836090088,23.812477111816406,1069
30.81863075439911,0.3880117854234198,-11.69853890655296,-13.362007411702278,0.0079328273520197,0.08537220456408445,-103.48426055908203,-52.06338119506836,0.06248863413929939,-25.39932632446289,1070
-27.486693390668286,15.477639074729826,4.175981872103046,-10.557465823872688,-0.016242173090577745,0.06862122140965321,131.22918701171875,42.06386184692383,21.1000919342041,-1.4794645309448242,1071
-23.981791000253267,12.531990215668962,3.302175872347187,-9.744898112996223,-0.015286484434688125,0.027744663433914577,111.25125885009766,43.29426193237305,19.533506393432617,0.571855902671814,1072
28.44505604616914,0.9643833775213583,-0.6331029680158387,-2.586159261448982,0.004080794885228441,0.044531482372392565,-100.62461853027344,-44.11860275268555,-4.500598430633545,23.89218521118164,1073
31.076775060885716,0.30075855236816507,-11.679024822690655,-13.342499049885872,0.008378454166907568,0.09045092320327998,-105.25650024414062,-54.29169845581055,0.06297380477190018,-25.394987106323242,1074
-28.783712080843046,16.482042227661502,4.621188037416767,-11.400852473958137,-0.011539363436049825,0.08651069260446541,134.18995666503906,41.43997573852539,21.815597534179688,-2.484992742538452,1075
-27.503805943664812,15.551697925421552,4.172136180422138,-10.603814395650032,-0.016120269881285017,0.06928428045259279,130.50418090820312,42.448280334472656,21.11797332763672,-1.5049022436141968,1076
-23.97925089678253,12.714789543545988,3.339357726595234,-9.783414157612922,-0.015035626899367611,0.02787104010792035,110.39044189453125,42.54543685913086,19.517850875854492,0.5899099707603455,1077
28.467531253302553,0.9237871093587426,-0.628751553275753,-2.5852187001544262,0.004048391736546468,0.04497308496880678,-100.88406372070312,-44.758766174316406,-4.500578880310059,23.900959014892578,1078
30.83271949794595,0.38211787618573745,-11.689496166684796,-13.352945598347786,0.008006780522162091,0.08618799411108685,-103.7818374633789,-52.46009063720703,0.06280369311571121,-25.39946174621582,1079
-28.894022737755655,16.544844100352883,4.579157226106952,-11.354954036458137,-0.011434410552175513,0.08675815604590403,133.88072204589844,41.49013900756836,21.836849212646484,-2.5223195552825928,1080
-28.33435867312745,16.01794465781658,4.212211959383319,-10.621757777913215,-0.012423117832150743,0.0838656930904925,132.63284301757812,41.87942886352539,21.775970458984375,-2.430826187133789,1081
-24.981287389729673,12.57864881184706,3.3340772319052925,-9.777676852925422,-0.01605794367802003,0.025719722957682826,113.55677032470703,42.94357681274414,19.576129913330078,0.5209547281265259,1082
27.707633766590625,1.0819812341767452,-0.6446821611906777,-2.5736253583270337,0.0035832361643132406,0.04100518343553215,-98.281494140625,-40.079830169677734,-4.514211177825928,23.702375411987305,1083
30.523034545854884,0.4802161380842528,-11.70816910980003,-13.37161854146302,0.007252446537253385,0.07815409851001934,-103.2690200805664,-51.1474609375,0.0624820813536644,-25.399124145507812,1084
0.9301114554580105,3.246205008842921,-1.5225257944847832,-1.1947994553881907,5.670928393244007e-4,-0.015758039918952447,-1.8702884912490845,6.659484386444092,-1.9247039556503296,3.0958662033081055,1085
29.05408625447757,1.3071273979686386,-0.8210779499794731,-2.342308672650459,0.004382099473191131,0.054366265278700754,-101.71246337890625,-46.71379089355469,-4.492160320281982,24.023914337158203,1086
-24.959882675096946,13.222599217452817,4.3663777041648135,-10.29657963155091,-0.015705981438859172,0.031067381198512146,117.66452026367188,42.68132400512695,19.890241622924805,0.1305808126926422,1087
0.6852467310549991,3.260275092399573,-1.7367183041359673,-0.9199103438693308,5.430969228349812e-4,-0.017842629298172978,-0.13634181022644043,6.374910831451416,-2.10015869140625,2.404717445373535,1088
28.94339385483553,1.281601569449389,-0.8098856431032906,-2.354789766057136,0.00437314764491086,0.05385111364068429,-100.26483917236328,-42.84041976928711,-4.480034828186035,24.18183135986328,1089
-27.49158707087573,15.78714900187581,4.417167060396503,-11.041231425984504,-0.016212939259110822,0.06789834081687343,130.78970336914062,42.14291000366211,21.238109588623047,-1.6761242151260376,1090
-26.325442530279204,14.181297461547981,4.3625630068991885,-10.338403018696907,-0.016835314840042994,0.05064413048491611,123.50748443603516,43.006744384765625,20.5198974609375,-0.6855995059013367,1091
0.7393677236325881,3.369034416644184,-1.7963092398430596,-0.8370562517482065,6.251655594280936e-4,-0.01769281559412416,-0.04051980748772621,7.669979572296143,-2.0900752544403076,2.8323142528533936,1092
29.010061154758898,1.2553724930032453,-0.8048483800675164,-2.3629415356951977,0.0043967506222201205,0.05427079741647889,-100.96484375,-45.167476654052734,-4.491118431091309,24.023216247558594,1093
-23.147176908238663,12.533286702475033,3.920271747133564,-10.392864497883918,-0.013085216805788755,0.030495679757243384,110.51527404785156,42.632568359375,19.578805923461914,0.509734034538269,1094
1.4602182244378543,3.2963916471633006,-1.4789324474121819,-1.260501059277656,5.969840332043124e-4,-0.017389668278876128,-1.4761875867843628,6.977580547332764,-2.1961934566497803,3.106982707977295,1095
28.99991425057726,1.1886796817804808,-0.8067943376089821,-2.3577058636981274,0.0043813007295869545,0.05401098671974695,-101.50911712646484,-45.88377380371094,-4.490623950958252,24.029979705810547,1096
-25.667886560530057,14.980548989844985,4.358200423738788,-11.003809245808723,-0.0169688894222254,0.04821592925036618,122.50384521484375,42.56642532348633,20.469711303710938,-0.6094654202461243,1097
-23.44381592411396,12.943478222186068,4.115373961946796,-10.580289157612922,-0.013619751408582124,0.03175031302173701,110.771728515625,42.4602165222168,19.608572006225586,0.47327080368995667,1098
1.7952866351613357,3.5642978026467977,-1.5755406093384514,-1.167182000859382,6.594119674158004e-4,-0.01729439636590106,-0.9490135312080383,8.527796745300293,-1.7712490558624268,3.3534884452819824,1099
28.718027901420513,1.1725544162529522,-0.7776629325534592,-2.3922689282733227,0.004321706257357058,0.050706794956583284,-100.96870422363281,-45.07320785522461,-4.493242263793945,24.011245727539062,1100
-25.570209264674066,14.878033316317648,4.393144481203388,-11.047542842610481,-0.016956520883702607,0.04760469004894341,123.94688415527344,42.74667739868164,20.512727737426758,-0.6696140766143799,1101
-24.406668765858576,13.611207073119838,4.157021396181415,-10.595361026509407,-0.015188197993087288,0.033731599136173726,118.952880859375,42.09969711303711,19.99688148498535,-0.008196288719773293,1102
1.6415916474501635,3.468618586966,-1.5880931091095696,-1.1405215585070871,5.952002648347375e-4,-0.0173232841739567,-0.8977090120315552,8.58381462097168,-1.9215285778045654,3.255321741104126,1103
28.47561166225655,1.2007661677837147,-0.8140187185789833,-2.346693667157295,0.0040043044750850305,0.043787922943993536,-100.21048736572266,-42.941162109375,-4.493277072906494,24.00545883178711,1104
-23.93496509998235,14.031060142328231,4.273946158907245,-10.886090549214485,-0.015332199640971721,0.03674139282019368,115.94223022460938,42.18400573730469,19.87853240966797,0.13712742924690247,1105
-22.55789975659504,12.693053272205079,4.088991038820575,-10.643829616292122,-0.01334364143866898,0.031154878789102274,109.01485443115234,41.80373001098633,19.593339920043945,0.4894060790538788,1106
24.990078096086325,1.4598030867927347,-1.2167173695351372,-1.7090698802310251,7.984544752112682e-4,-0.011456929488836788,-1.842309594154358,6.353070259094238,-2.1147329807281494,3.355041980743408,1107
28.110535550814763,1.2308024506302866,-0.8021640997912178,-2.361266168339851,0.0037310201483185075,0.0408203861257685,-99.763519287109375,-42.66908264160156,-4.504117012023926,23.84877586364746,1108
-24.51534016432455,14.536147320309714,4.324912421724628,-10.961263927205207,-0.01570441360225579,0.03820166193066878,121.37957763671875,42.62018585205078,20.280122756958008,-0.3603670299053192,1109
-22.538390714487218,12.710688923805357,4.151789062044452,-10.674029620869758,-0.013358985830377323,0.031225595572663467,109.34005737304688,42.42240524291992,19.625703811645508,0.44571664929389954,1110
1.79568636883179,3.286268998058426,-1.301072247007061,-1.5884129130679392,6.465571179822052e-4,-0.017218372946846895,-0.44142571091651917,8.831209182739258,-1.7465797662734985,3.284449815750122,1111
27.85321412987932,1.2532195299329671,-0.7967505377318154,-2.368222030385139,0.0036319492677998272,0.041157347018903445,-98.4652328491211,-40.480411529541016,-4.50997257232666,23.763315200805664,1112
-27.186148060104287,16.445259036817077,4.588976733705829,-11.37058380482972,-0.015353136010034704,0.0695693004009923,131.6746826171875,41.7796516418457,21.594594955444336,-2.172757387161255,1113
-24.702918358998172,14.59184466699728,4.3595956492636905,-11.006810458882454,-0.016044615527542144,0.040813966043640466,121.23982238769531,42.25779724121094,20.23028564453125,-0.30514228343963623,1114
-22.66654681077365,12.712376068406366,4.122544162294696,-10.673786433919075,-0.013314784582035125,0.03121609894269209,109.98328399658203,42.33793258666992,19.576086044311523,0.5107594728469849,1115
1.7097657881846853,3.048106312354832,-1.2399974536682854,-1.6782063567477488,6.853795910885736e-4,-0.01716555832040444,-1.8606336116790771,6.90382194519043,-2.121187448501587,3.0745627880096436,1116
29.07017374992404,1.0001691241853448,-0.766738049366642,-2.4125864827471997,0.004399078522970907,0.05375537229273822,-101.10839080810547,-45.4310417175293,-4.491140365600586,24.039379119873047,1117
-24.697567955572442,12.060245966730129,3.0923737216208687,-9.503763469441536,-0.014471323870529141,0.024654915582592148,113.42982482910156,42.94469451904297,19.608972549438477,0.48356199264526367,1118
25.996932013564788,1.6281043081603224,-0.9222258102680931,-2.177144917233589,0.0010944778079685624,0.011931852079474274,-95.7803955078125,-35.51248550415039,-4.516138076782227,23.64006996154785,1119
30.45734189483357,0.511021339748623,-11.638505108335186,-13.301895412190559,0.00711452867629655,0.07667573859920974,-103.62845611572266,-52.14037322998047,0.06240782514214516,-25.39872169494629,1120
-27.529311372383535,15.49494523729911,4.367878310701679,-10.334468158467415,-0.01625315147312117,0.06859415915179679,131.54995727539062,42.11159133911133,21.124048233032227,-1.514813780784607,1121
-25.805308971060672,13.120772014120847,3.0710421729300728,-9.482584270222786,-0.016589886906437486,0.024730624931190413,114.45726013183594,42.78360366821289,19.749858856201172,0.29965096712112427,1122
26.816272935258993,1.5517351515467184,-1.0093219947602043,-2.0341613614398266,0.0012512075598413066,0.015431598231476435,-97.583587646484375,-38.851776123046875,-4.515948295593262,23.684112548828125,1123
30.370719677867516,0.538993074179032,-11.653666622617413,-13.317086490376594,0.007026281504711343,0.07532518464937352,-103.33930206298828,-51.65410232543945,0.06252608448266983,-25.399654388427734,1124
-27.371727879031667,15.335030739671478,4.375670783541034,-10.322724612935188,-0.01630915690452734,0.0676571598040438,129.41769409179688,43.32706069946289,21.106067657470703,-1.4884257316589355,1125
-24.860841363035085,12.629821874049433,3.0568157363150825,-9.467770847066047,-0.015949349981205473,0.02566202042240869,113.68223571777344,42.940208435058594,19.660633087158203,0.4192560911178589,1126
25.59754382995131,1.6117983521231405,-1.045956290939022,-1.9776865565615915,0.0010928035162257417,0.009579247454004527,-94.78888702392578,-32.98323440551758,-4.515331745147705,23.626081466674805,1127
30.172979517925032,0.5949323613008004,-11.671722538449933,-13.335139545186165,0.006844993688670257,0.07333090835879384,-102.96659088134766,-51.3582763671875,0.06241749972105026,-25.39849281311035,1128
-27.116010619418425,15.023348325310407,4.210279338381122,-10.443423541768196,-0.016550042563888704,0.06395810999549881,127.34046173095703,42.77594757080078,20.947429656982422,-1.2680878639221191,1129
-24.553571754996245,12.523332915400545,3.28096138717873,-9.71713569997132,-0.015491172994784143,0.02674243999519947,112.79668426513672,43.6154670715332,19.566787719726562,0.5346484184265137,1130
26.360111783739228,1.527005734409825,-1.0464629900242577,-1.977645548565986,0.0010015137937631241,0.012736987886923836,-95.9636459350586,-36.05818176269531,-4.516800403594971,23.634309768676758,1131
30.171933636833813,0.5948768564275165,-11.694920666196515,-13.358392986043098,0.0067919398245160825,0.07287510418639125,-103.06586456298828,-51.52526092529297,0.06291378289461136,-25.39805030822754,1132
-28.590259212296917,16.32712787239911,4.579408519289325,-11.309964450581672,-0.012007485033174153,0.08521369989221544,133.58360290527344,41.74361038208008,21.8437557220459,-2.5269863605499268,1133
-26.668521987294376,14.690248611959511,4.22086560013039,-10.499684604390266,-0.016764639215913014,0.05846093284485389,126.3746109008789,42.91184616088867,20.715147018432617,-0.9455381035804749,1134
-23.919057653184083,12.510814613887172,3.254178397676777,-9.689478191121223,-0.013292864278401153,0.028334056476832705,112.2137680053711,43.17128372192383,19.54472541809082,0.5577818155288696,1135
25.637472616376996,1.5583150621596185,-1.0604304742600212,-1.9522624337512278,0.0010518036480456443,0.008102401295960099,-94.355682373046875,-32.85280990600586,-4.515861988067627,23.62962532043457,1136
30.183238129609077,0.5918177808001196,-11.701094753720929,-13.364542278035286,0.0068685754873549325,0.07353872887172752,-103.2765121459961,-51.7415657043457,0.06251737475395203,-25.39829444885254,1137
-28.722152733238566,16.415644084794735,4.581103198549579,-11.336773189290168,-0.011512207144302778,0.08664038129558047,134.02890014648438,41.181034088134766,21.824684143066406,-2.5002315044403076,1138
-27.315942552103774,15.304737616747946,4.223945491335224,-10.515303882344368,-0.016298570197888305,0.06781104597214031,130.17575073242188,42.24464797973633,20.982818603515625,-1.3162198066711426,1139
-24.9618117794129,12.793006468762236,3.1915372538779487,-9.616156848652961,-0.016131418689437252,0.025457734501270993,112.23448944091797,43.461978912353516,19.65201187133789,0.4281822443008423,1140
25.7980411295375,1.5532628016894325,-1.0540570688034783,-1.9621876799899363,0.0010844802986318158,0.010628368674470522,-95.5322494506836,-32.84100341796875,-4.515543460845947,23.635709762573242,1141
30.387992714302065,0.5348287078750057,-11.69935620544212,-13.362800868733528,0.00706403260031317,0.07599788183222829,-103.29302978515625,-51.803497314453125,0.06280818581581116,-25.39715003967285,1142
-28.620696305654427,16.33082741911067,4.499487273714374,-11.194546016438606,-0.011807499931663516,0.0857286269022241,133.4522247314453,41.57333755493164,21.8197078704834,-2.4933245182037354,1143
-26.768738595918485,14.743885319329573,4.124213092348407,-10.583584102376106,-0.0167385387181357,0.059522025818160504,127.52754974365234,42.689971923828125,20.713891983032227,-0.9425882697105408,1144
-24.594452637558927,12.715157593297848,3.313512437364887,-9.757643970234993,-0.015735341534532717,0.026906290999654782,112.21649932861328,43.59337615966797,19.493057250976562,0.6268120408058167,1145
26.59674241813539,1.3934449121018038,-1.0467211973454247,-1.9738015258151316,9.73820095361448e-4,0.012969135909225769,-95.93817138671875,-35.31052017211914,-4.515456676483154,23.670076370239258,1146
30.29709536013146,0.5633105637476598,-11.702551014402081,-13.366008075459602,0.006984817798749264,0.07478314509150287,-102.87100219726562,-51.063011169433594,0.06274320930242538,-25.39790916442871,1147
-28.318088250111355,16.30044770224114,4.5760520625327334,-11.329983028157356,-0.012590906060490408,0.0832047311263324,133.83253479003906,41.24369430541992,21.799039840698242,-2.462916851043701,1148
-26.641961321527504,14.690144726161215,4.1413153338645206,-10.543853076680305,-0.0167731329337367,0.058296332782872454,125.10429382324219,42.971336364746094,20.72616958618164,-0.9576303362846375,1149
-23.371188515371657,12.429302545553051,3.3198276686881294,-9.763177188618782,-0.01303439480724222,0.029812413034689372,110.46508026123047,42.80147171020508,19.476491928100586,0.6351361274719238,1150
25.932641420085613,1.502328512366859,-1.0506429445530663,-1.9631873690921091,0.001086818092280874,0.011298256229956519,-95.724578857421875,-33.834815979003906,-4.515082836151123,23.63248634338379,1151
29.91354989001014,0.6659681554764386,-11.73886979339378,-13.402310641987922,0.006048667136364372,0.06736982708273624,-103.39788818359375,-51.3841552734375,0.06298717111349106,-25.39656639099121,1152
-28.12276074720654,16.222787219307836,4.607160441896747,-11.389203342183235,-0.01304025872943431,0.08161531699740908,131.8201904296875,41.88051223754883,21.705904006958008,-2.332473039627075,1153
-26.572099063779913,14.577530934605186,4.200199000856708,-10.540593417866829,-0.016773890294599317,0.0574916551832956,125.25728607177734,43.26108932495117,20.70166015625,-0.9230046272277832,1154
-23.409137697138632,12.424228939733762,3.3175998854850044,-9.760911258443,-0.012870689093878661,0.0297220270391254,110.1234130859375,42.369415283203125,19.51722526550293,0.5872301459312439,1155
25.69732688891871,1.5252546781818586,-1.0491453778530846,-1.9634154164630198,0.0010617791460129072,0.009401025828003631,-95.28458404541016,-33.01288604736328,-4.515304088592529,23.62066078186035,1156
29.486232019742847,0.7208405349001292,-11.722460873105694,-13.385886462910774,0.005016132553570148,0.058752978033714764,-102.79115295410156,-49.801048278808594,0.06230105832219124,-25.399147033691406,1157
-25.722671518293144,13.631073839735654,4.4197271990988956,-10.269800456746223,-0.016765227374385825,0.03885987224855175,120.84719848632812,42.86406707763672,20.226451873779297,-0.3043568432331085,1158
-24.01390958905895,11.735519508682813,3.0447400737021675,-9.452177318318489,-0.009055524214413059,0.023151863298299182,109.57411193847656,41.79863357543945,19.551834106445312,0.5494623780250549,1159
27.01503941823654,2.1890848747603417,-1.3994728994156609,-1.3406501138049387,0.002142166135022949,0.02379656778842793,-95.7064437866211,-36.839698791503906,-4.516332626342773,23.685386657714844,1160
-25.974560245322046,14.417887576303011,4.426658980867694,-10.943387302144172,-0.016924241353214842,0.046832293380159526,122.89125061035156,42.8701286315918,20.469867706298828,-0.6174288392066956,1161
-26.57418083961951,14.54287866720623,4.414857261202167,-10.302390369160774,-0.01675917237478427,0.055345164584845535,125.20652770996094,42.85738754272461,20.647235870361328,-0.8542824387550354,1162
-24.198578462460375,12.058435451078992,3.02593790771706,-9.432434352620247,-0.00947433715453824,0.023655755518580835,113.06249237060547,43.28471374511719,19.58717155456543,0.5095699429512024,1163
26.924550714848547,2.210479145261733,-1.3989021849419365,-1.3286495530444407,0.002100100169904482,0.02323317179098473,-97.41697692871094,-38.793678283691406,-4.515925884246826,23.671592712402344,1164
-27.142583690058352,15.481351028843655,4.4797738719199405,-11.100481303914192,-0.016363409849231035,0.06607529452399995,129.2627716064453,42.7247428894043,21.122676849365234,-1.511226773262024,1165
-25.939410983687807,14.069780353541738,4.396295421144794,-10.335958751423957,-0.01692383470589979,0.04440584731026147,121.51988220214844,42.9181022644043,20.466123580932617,-0.6126307249069214,1166
-23.75474525889732,12.034657316298388,3.0105630088065376,-9.418616565449836,-0.00960038148703927,0.024149615698481692,110.92354583740234,41.78564453125,19.55473518371582,0.5426412224769592,1167
25.804739591444154,2.0383025548379212,-1.4149453711296807,-1.3179496252375864,0.0012892934054413488,0.01164682380627461,-95.04718780517578,-35.987125396728516,-4.515902042388916,23.623098373413086,1168
-26.105495882100296,14.717358588165414,4.380954616091083,-10.975618633015754,-0.016899772828367507,0.05079785328206775,123.44153594970703,42.843170166015625,20.615327835083008,-0.8072032332420349,1169
-25.634846992445993,13.929876624542128,4.309703700563739,-10.44021156667054,-0.01689625705212488,0.04248717554117161,118.43396759033203,42.7458381652832,20.409360885620117,-0.5386391282081604,1170
-24.301687985126907,12.241132778484694,3.0254360366080513,-9.433918269856575,-0.010319507018014018,0.024298713740728107,112.56063079833984,44.05989074707031,19.631101608276367,0.453641414642334,1171
26.631761402528188,2.1388147743165233,-1.3948355984474907,-1.3365434729892038,0.002055593086335613,0.02113468928847452,-95.44824981689453,-36.693870544433594,-4.517867565155029,23.647245407104492,1172
-25.83241434837865,14.589774043949237,4.450094096681903,-11.091276439412239,-0.01695761579696271,0.04825660844735181,124.15542602539062,42.90568542480469,20.530364990234375,-0.6923946738243103,1173
-25.665645070846786,14.04012438377467,4.234701030275653,-10.55062130330384,-0.016943598005528915,0.044340716078626254,123.04029846191406,42.7303466796875,20.372966766357422,-0.48959606885910034,1174
-24.135262488868054,12.365169145193956,3.0260630774710884,-9.436307224019172,-0.010120013163065251,0.02448054047463926,113.66095733642578,42.962623596191406,19.641407012939453,0.43897613883018494,1175
26.95987483620618,2.124067631039249,-1.3968705606247673,-1.3307479345637583,0.0021502716775062785,0.02313868014853085,-96.431488037109375,-37.881290435791016,-4.51723575592041,23.672868728637695,1176
-26.677842092834887,15.598465132928524,4.6401766467307315,-11.423247607930305,-0.016545976842704816,0.05984721312865867,126.9203109741211,42.649574279785156,21.025630950927734,-1.3727928400039673,1177
-25.788910005677973,14.570937100323157,4.433050506136249,-11.069340022786262,-0.016952085273402084,0.047938434982495545,123.59980010986328,42.618900299072266,20.507450103759766,-0.6614353656768799,1178
-24.47520619400343,13.396277580427018,4.250269286653827,-10.50497749684632,-0.015390289830266331,0.03292440630774717,115.74424743652344,42.13539505004883,19.8729305267334,0.14765013754367828,1179
-24.082910850777406,12.389717847251715,3.038886182329487,-9.446702274068,-0.010043365004487464,0.0244484769639655,111.27093505859375,41.975643157958984,19.60038948059082,0.490443617105484,1180
26.84975953567626,2.1187488103838126,-1.3792926144387017,-1.3569737994509958,0.0021294517281814558,0.02223924600512331,-96.58392333984375,-37.65119171142578,-4.52131462097168,23.600061416625977,1181
-26.621536207171207,15.260388963290765,4.4210885691855655,-11.069903644307258,-0.016796447774265602,0.05743642983449955,128.1879425048828,42.71818161010742,20.844892501831055,-1.1246229410171509,1182
-24.80045284610886,13.657141585058724,4.183385245821308,-10.560673984273079,-0.015387448363124586,0.03308226023448639,117.89414978027344,42.59347152709961,19.998075485229492,-0.012028675526380539,1183
-24.776928022239602,12.813747259596237,3.0591472316001167,-9.464878352864387,-0.01546357032688974,0.026725751305281258,113.91596221923828,42.8770751953125,19.701446533203125,0.3663034737110138,1184
28.044818396586216,1.8914675641590966,-1.393500454404522,-1.3314174735385202,0.002954098307930812,0.03191940168241958,-98.51555633544922,-40.674434661865234,-4.502625465393066,23.870519638061523,1185
-25.19241587330849,14.705057906576075,4.566423766634296,-11.334661754353645,-0.01687495604021408,0.04685177070587067,120.79295349121094,42.436519622802734,20.41703987121582,-0.5417366623878479,1186
-25.373678137284525,14.468111570709175,4.438017241976093,-11.086826595051887,-0.016889935773197483,0.046017277489845264,122.203857421875,42.69044876098633,20.399524688720703,-0.5194957256317139,1187
-24.858263546677733,13.734305408074146,4.188567512056659,-10.600411685689094,-0.015479488004673785,0.033784096862858055,118.29464721679688,42.63650894165039,20.1650447845459,-0.22131195664405823,1188
-23.17603913079815,12.28077561526064,3.1148513484214058,-9.530762943013313,-0.012358360582227572,0.028939292888348518,109.19042205810547,41.71731948852539,19.540224075317383,0.5508657097816467,1189
26.83958560802928,2.030553438371937,-1.4116660427834282,-1.3169562542277597,0.0020800918044844106,0.021637351783424217,-96.29964447021484,-37.9203987121582,-4.520871162414551,23.593429565429688,1190
-25.890443757577586,15.230957325694122,4.574438445589374,-11.378546985371711,-0.0168317735070617,0.05198661186644395,124.08258056640625,42.577392578125,20.666133880615234,-0.8786404132843018,1191
-26.29247211742481,15.026854777490529,4.436037890932392,-11.091075214131477,-0.016802064816892684,0.05460002248847253,125.73748779296875,42.91095733642578,20.721702575683594,-0.9510998725891113,1192
-26.41490661797652,14.724668264761684,4.230790965578388,-10.639058383687141,-0.016775774421643123,0.056404660603332046,125.40457153320312,42.681880950927734,20.664138793945312,-0.8741833567619324,1193
-24.6300237356607,12.893258590139926,3.068554513475727,-9.474448474629524,-0.015629091324252952,0.027280321477379767,113.2557601928711,42.707828521728516,19.72452163696289,0.33608904480934143,1194
26.52022216554971,2.0092872764984855,-1.3922793340470085,-1.3469300591784739,0.0019480602692377497,0.01991755449254346,-95.99467468261719,-36.35112762451172,-4.517571926116943,23.645252227783203,1195
4.557887791597254,8.180839203143236,1.5475758242820015,-5.112472804768684,0.004025096224693661,-0.01773346360890525,-1.7849271297454834,21.807056427001953,1.1972862482070923,7.749902248382568,1196
7.594469306070712,4.518023961409729,-0.5295301002051125,-0.3041827702361369,0.00500558510737081,-0.014771296364273642,-6.369361400604248,16.20818328857422,-0.9132623076438904,5.7967000007629395,1197
4.9659942415036955,2.0297421221044565,-1.254185862519909,0.20108994604766134,0.0021561862288562374,-0.015108977847392078,-3.2394752502441406,10.999035835266113,-1.0565775632858276,3.2527177333831787,1198
5.011303626934042,2.185440403768938,-1.2847839069153557,0.1724919355076528,0.002645672958333441,-0.014892635010527875,-3.8748929500579834,11.357481002807617,-1.0575898885726929,3.5307533740997314,1199
4.74766525687674,7.778434826361236,1.609807364961933,-5.029451640828254,0.004217094409343473,-0.01748549807094775,-2.370702028274536,20.906604766845703,0.45994582772254944,6.77891206741333,1200
3.6836471341068986,5.907550643211938,-2.11823774097221,-0.3973538303214335,0.0036065893759218755,-0.01620851044378725,-2.1250314712524414,16.427499771118164,-0.09851004183292389,4.901151657104492,1201
6.950130198747072,2.8862351708241474,-0.8752111565853844,-0.08728814361870524,0.0050852176027574945,-0.01421408202060239,-5.879561901092529,13.956136703491211,-1.1981905698776245,5.055254936218262,1202
8.02369337769394,2.4274133148990136,-0.9747338068272362,0.030504343525764976,0.004776391641304755,-0.013630983321865337,-5.999890327453613,14.246256828308105,-1.5344680547714233,5.1758270263671875,1203
7.956393774047202,2.660881638893008,-0.9525505971695671,0.0035463845890736923,0.004955733548659281,-0.013662394073376646,-6.580905914306641,14.964674949645996,-1.552013635635376,5.247666835784912,1204
6.8212854226332,2.974812345525208,-0.9042776149298439,-0.04406124590218302,0.004481301586033173,-0.014314137247591546,-5.870893478393555,14.603142738342285,-1.1926883459091187,4.949336051940918,1205
3.673987690811082,6.948720857601541,1.7082899737570991,-4.6161053502398754,0.0048745584590990975,-0.01635372024961914,-2.0911285877227783,18.507972717285156,0.20189762115478516,5.482692718505859,1206
2.6943189515005033,5.4937204280051954,-2.267279155233074,-0.435953577088865,0.0019010172073128393,-0.016659777963564534,-1.3299435377120972,14.787549018859863,-0.39105740189552307,4.302726745605469,1207
8.432553619611634,2.994688767154525,-0.7801621329571495,-0.1491117501097941,0.0057514048940269244,-0.013186712686548191,-7.610134124755859,15.841877937316895,-1.5404850244522095,5.479323863983154,1208
8.19960991535895,2.6347882343243128,-0.9585585069443474,0.003992346541283165,0.004937793182483611,-0.013527801912950204,-6.491272926330566,14.102585792541504,-1.6387172937393188,5.209649562835693,1209
4.165756977435443,3.1295042510935103,-1.4883332323815117,0.0647171414059377,0.0021572754646196463,-0.015356768869371405,-1.6379120349884033,12.141939163208008,-0.6618239283561707,3.723351001739502,1210
4.142343546571088,5.029384734928704,2.419018619081806,2.2251493609112476,0.004479953533621762,-0.015679846570628018,-0.7744464874267578,15.639297485351562,0.2924569845199585,4.839940071105957,1211
3.120137422593536,5.88488182965206,-2.6788104843880425,-0.29805700717747446,0.002756249792637119,-0.016056322742037683,-1.4795550107955933,15.579672813415527,-0.14399465918540955,4.487473011016846,1212
2.400126217752839,11.516242078666659,7.26927172424538,0.9160270369213797,0.010032506959687276,-0.013482061541990458,1.8719770908355713,30.337278366088867,2.543282985687256,8.11617660522461,1213
8.484038153736517,3.0026140615931345,-0.8316370469118843,-0.11695176599800822,0.005533395108727138,-0.013310270618171421,-7.536396026611328,15.623811721801758,-1.5382121801376343,5.462259292602539,1214
8.614273991412093,2.9193890627931283,-0.9050326716686974,-0.05328586934387919,0.005648270374791646,-0.01319815179158047,-8.06958293914795,16.591215133666992,-1.5375239849090576,5.5372748374938965,1215
5.384517404941828,5.190251034686951,-0.6678169450323472,-0.3681249940234446,0.004344178372303981,-0.016025252535125087,-3.8036718368530273,16.380056381225586,-0.34568968415260315,5.167087554931641,1216
3.1522359598922374,9.012320334472424,7.923577182314228,0.4538608467739797,0.007066666460173754,-0.016326924074646337,-0.7026057243347168,22.629125595092773,1.0465584993362427,6.902367115020752,1217
3.3891572998642205,6.017776427667147,-2.715235121228863,-0.48979264362037417,0.002721768707235881,-0.016063047381566668,-1.6574591398239136,15.461799621582031,-0.21738915145397186,4.7895097732543945,1218
2.807286251432968,6.807548351579752,-2.806706078031231,-1.4594459855395578,0.0033681126470219086,-0.01590160504766813,-0.9596397280693054,17.030118942260742,0.23904284834861755,5.3515143394470215,1219
8.693095979972586,3.170317472128193,-0.8047187846686135,-0.16142565248787638,0.005875959386889249,-0.013148276061943869,-7.516225814819336,15.847167015075684,-1.4228521585464478,5.651293754577637,1220
5.1674469576908075,5.199243184132245,-0.7533833604838143,-0.3571559363442683,0.003568347003559941,-0.0160427321539032,-3.480713367462158,16.248470306396484,-0.5023589730262756,5.097540378570557,1221
7.4190498557023785,4.050549874566841,-0.6466521673436652,-0.34767472235739466,0.0067218052403351675,-0.013460329983630118,-6.215455055236816,16.665355682373047,-1.018327236175537,5.712669849395752,1222
3.165229121317615,9.777027233521798,7.89196573974831,0.4893874204319692,0.0086854605986712,-0.0157330746386124,-0.6787309050559998,29.275299072265625,2.184541702270508,8.6847991943359375,1223
3.037860268780257,9.498638010479311,7.876419894716571,0.5020783221882559,0.008574686884222521,-0.015524228191147474,0.3825785517692566,27.99422264099121,1.9021892547607422,8.146876335144043,1224
2.1875581338229497,7.304983888265342,-3.7388624024178276,-1.0549093210536264,0.004980948212207127,-0.01567468881855632,-0.006411183625459671,18.01173210144043,0.7439450025558472,5.4080610275268555,1225
8.807253042210858,3.6404333274843665,-0.727321345039774,-0.2937026047545695,0.0056413191647098826,-0.013577926037833903,-7.596017837524414,16.819385528564453,-1.398603916168213,5.900887966156006,1226
8.458291065363877,4.201988838113,-0.6904302888150702,-0.35411908714354273,0.005734998202850427,-0.013842601074775994,-7.790453910827637,18.348182678222656,-0.817290723323822,6.524087905883789,1227
3.2676557013745,9.510105343624828,7.892927043459247,0.48273345591246847,0.008412977032930096,-0.015794533307708965,-1.153833031654358,27.580625534057617,1.8264816999435425,8.302641868591309,1228
3.183511315276765,9.911730171172055,7.889846675417255,0.4880744493168569,0.009374409837020134,-0.015242345999957673,-0.9167473316192627,31.202062606811523,2.1946141719818115,8.832254409790039,1229
3.5608871421337596,13.186830146630458,7.860216014406513,0.518953171984551,0.010992730333797048,-0.013942276343661837,-0.1710159182548523,36.78887939453125,3.423011064529419,9.605818748474121,1230
5.092631559651703,4.637303979927162,-0.7884359580065499,-0.24972994862377879,0.003594433924565186,-0.015765575690324805,-3.156156539916992,15.599267959594727,-0.505694568157196,5.029386043548584,1231
4.591566561411609,5.752677547219266,-0.7728249427463303,-0.4117007987040305,0.003729700885135069,-0.016247512862499338,-2.9158098697662354,16.624250411987305,-0.23605787754058838,5.123499870300293,1232
5.3275621191257025,6.7008555895201285,1.737354152223896,-4.542432578786018,0.005829495675440236,-0.01602713380964633,-3.5232272148132324,18.396852493286133,-0.018602827563881874,6.239903926849365,1233
3.131273462238293,10.218659203421574,7.84618937256081,0.5260206735295034,0.009957708749056568,-0.014801289645853009,-0.8919870853424072,32.00002670288086,2.4131932258605957,9.072997093200684,1234
3.449636461622842,13.702926698670362,7.643389575502704,0.565348652617333,0.0125884687634611,-0.011844379892138,1.4524368047714233,39.85078048706055,3.71616530418396,9.95538330078125,1235
5.92647079371967,4.338924884216084,-0.6532467116202603,-0.3213125118452334,0.004836962477344599,-0.015109676873237625,-4.200265884399414,15.874064445495605,-0.6993337869644165,5.08056640625,1236
3.5785673535015885,13.142677730171783,7.865612857363056,0.5130387818974234,0.011729831510066516,-0.012965664808821078,0.32077455520629883,37.4555778503418,3.2815096378326416,9.98862361907959,1237
4.088805139944335,6.597521536345671,1.6720813441489448,-4.6515786969500805,0.004605939874673428,-0.016382359794444724,-2.1438961029052734,17.417783737182617,-0.007399878464639187,5.379251480102539,1238
2.9468069438417617,14.381234359371303,7.277428023836444,0.891738144175408,0.01247594139175497,-0.01160755752235817,1.3896095752716064,37.7641487121582,3.747229814529419,9.430278778076172,1239
3.051976603272297,7.664627874043787,7.772682063600849,0.45695486427962545,0.006134116999917191,-0.01592877117174615,-1.4860057830810547,19.495010375976562,0.3792620301246643,5.5564866065979,1240
2.731971720058238,14.959456569265539,7.219848029634784,0.9656015312832571,0.013257218487546914,-0.010553326803909212,2.9698007106781006,41.121665954589844,4.321488380432129,9.987104415893555,1241
1.2332216984458086,12.020022658811836,5.731210105440448,1.4857142841976858,0.007111710509888652,-0.0139622207355895,0.7811774611473083,23.04488182067871,2.3094756603240967,7.120890140533447,1242
-28.394299516917698,-3.5018984197306215,-6.529853947141339,4.0734650767010425,-0.007760089897972162,0.006934345437968419,72.88159942626953,-87.63348388671875,11.441142082214355,-5.6419243812561035,1243
-29.25741060387341,-3.3836186674937645,-6.785445339658429,4.33262893320739,-0.007141581275685895,0.02033676858541027,74.02373504638672,-89.58472442626953,11.937962532043457,-5.590056896209717,1244
-29.732320482564432,-3.162753247906091,-7.047579891660382,4.618510452525017,-0.006868634271260296,0.029690704386471502,75.44530487060547,-91.91608428955078,12.394621849060059,-5.542449951171875,1245
-30.246120978457135,-2.9195354560715616,-7.322532303311993,4.956324783579705,-0.006927220660935466,0.033464638850890314,76.51744079589844,-93.90589904785156,12.554079055786133,-5.523438930511475,1246
-28.591741701975927,-2.8041808878070347,-7.343198902585675,5.0182845270794605,-0.005851449909289369,0.014070442768138711,73.1206283569336,-88.02069091796875,11.575777053833008,-5.629897117614746,1247
-29.976617232616448,-2.935204289503223,-7.37731612441795,5.09779760004699,-0.0065254886525302055,0.03218348058998142,75.7821044921875,-92.37323760986328,12.471073150634766,-5.532586574554443,1248
-31.570813373643155,-3.1226504030595854,-6.523043758847882,4.068934170023796,-0.00751088772996227,0.03676202196339283,76.61260986328125,-96.61368560791016,12.923298835754395,-5.490024566650391,1249
-30.299388538635515,-3.3138639105477594,-6.905711777188946,4.459421364085076,-0.006989630498235596,0.03180532101425617,75.39697265625,-91.92760467529297,12.595974922180176,-5.5216264724731445,1250
-30.00624386266655,-3.063481156588116,-7.1740886044289365,4.767559734598992,-0.006902538712141298,0.03174528965322049,76.08959197998047,-93.1327133178711,12.505443572998047,-5.529706001281738,1251
-30.76164809856864,-2.705502107505949,-7.388355858304669,5.003000942484734,-0.007261881851417384,0.035754096942471884,76.61483001708984,-95.09891510009766,12.722469329833984,-5.508321762084961,1252
-30.24375176221495,-2.68953219426974,-7.402764446714093,5.077268329874871,-0.006883228703240113,0.03410740964374773,76.16796875,-93.110809326171875,12.592978477478027,-5.519358158111572,1253
-29.30506271177037,-2.8280804581445347,-7.367499954679181,5.100982872263787,-0.006023381044054392,0.02734635854411184,74.15470123291016,-89.79544830322266,11.908561706542969,-5.594818592071533,1254
-31.094488166362378,-3.307155935916116,-6.54665148971336,4.0900089419049,-0.0073949261973217184,0.035806222967033924,76.62144470214844,-96.69425964355469,12.875505447387695,-5.4930009841918945,1255
-29.94902149909324,-3.3322918828209587,-6.913891441800763,4.467149940745232,-0.006895099021908478,0.029762831196334934,75.3659439086914,-91.86072540283203,12.376220703125,-5.538689136505127,1256
-28.721490866629225,-2.9081211867683594,-7.198515541532208,4.787401405588982,-0.0063384027542880556,0.013920541111569741,73.12342834472656,-88.1054916381836,11.621977806091309,-5.624687671661377,1257
-28.84309432697271,-2.6395380255719485,-7.36875260589378,4.9987909472149585,-0.005937342743484141,0.015474294576868834,72.66747283935547,-87.43824768066406,11.61098575592041,-5.62841796875,1258
-30.524534570770186,-2.4614567265486307,-7.446654922940899,5.092766968027947,-0.007044161124567581,0.03479358834383465,76.71285247802734,-95.98356628417969,12.61904239654541,-5.51808500289917,1259
-29.56990135738883,-2.591863678020463,-7.404500133969952,5.126613823191521,-0.006159257982590458,0.03077645138589541,75.88719940185547,-92.45446014404297,12.4087495803833,-5.540009021759033,1260
-29.052126389019474,-3.5373806286436307,-6.508099682309796,4.053099838511345,-0.007493411327465999,0.011979828276818023,73.6606674194336,-89.05008697509766,11.853506088256836,-5.601327896118164,1261
-29.808543342438618,-3.3334853101043835,-6.923835880735089,4.4781605875653,-0.006869935067090662,0.029371888213396733,75.98809814453125,-92.83592224121094,12.462976455688477,-5.5371599197387695,1262
-30.056154271701065,-2.88731450247126,-7.329074032285382,4.9218136942547535,-0.006873068674774673,0.032983441683747165,76.41455078125,-93.53568267822266,12.590692520141602,-5.5212273597717285,1263
-29.97755673541461,-2.450820572983368,-7.446605331876446,5.060616699473259,-0.006713390172370667,0.0333975974921153,76.5057601928711,-94.09930419921875,12.600499153137207,-5.520033836364746,1264
-30.5195196654559,-2.297003639857405,-7.513154156186749,5.206856457011101,-0.007046899627870175,0.03504562872758164,76.61531829833984,-94.35492706298828,12.620062828063965,-5.519871711730957,1265
-27.850488841187662,-2.570909744269959,-7.380370266416241,5.091018883005974,-0.005034653540922603,0.009566307886113295,71.656463623046875,-85.79502868652344,11.29092025756836,-5.664122581481934,1266
-31.68981354898474,-3.075893610619956,-6.5557671856667294,4.099449840800164,-0.007683825370645311,0.03815039463587867,76.65241241455078,-96.75199890136719,12.967955589294434,-5.488070487976074,1267
-28.461738143210436,-3.095035853407454,-6.9747148823525205,4.530692306773064,-0.006869198685565215,0.011570720881865266,72.79925537109375,-87.62981414794922,11.526557922363281,-5.633678436279297,1268
-29.81336013753771,-2.654088659560203,-7.368542797544171,4.943322387949822,-0.006748373046797081,0.0331917648827832,76.57274627685547,-94.255462646484375,12.496185302734375,-5.529238700866699,1269
-28.27873859821083,-2.44981622310308,-7.479589588620831,5.071991173045037,-0.00548131630835145,0.013928887683842626,72.87779235839844,-87.71977233886719,11.549589157104492,-5.634524345397949,1270
-28.230548362441404,-2.416021955953822,-7.5057207417275205,5.120145050303337,-0.005322079280551872,0.013267374833323175,72.61194610595703,-87.436553955078125,11.559049606323242,-5.634439468383789,1271
-26.911092188324247,-2.2392393983099876,-7.344751007535626,5.014957157389519,-0.003885392751442376,0.0035832221657398325,69.75060272216797,-82.20750427246094,10.950484275817871,-5.701994895935059,1272
-28.45961890282701,-3.4678238637460153,-6.525547153928448,4.069202152506707,-0.0074804218850560026,0.009065544356108545,73.09080505371094,-88.01107025146484,11.507523536682129,-5.635746002197266,1273
-28.803046896618675,-3.072634902155384,-6.985774643399884,4.542957512156365,-0.00663429537375417,0.013577195782827917,72.67182922363281,-87.48311614990234,11.569517135620117,-5.629957675933838,1274
-28.762082448229602,-2.5661724664841343,-7.411594994046856,4.994407383219597,-0.006094229873467578,0.01460360694764927,73.15258026123047,-88.08507537841797,11.610033988952637,-5.626641750335693,1275
-29.76288100269684,-2.1184124740146477,-7.614132053830792,5.2340085184735035,-0.006416708150598695,0.03218605804835301,76.29749298095703,-93.92829895019531,12.363008499145508,-5.544854640960693,1276
-31.090032954580444,-2.147825009113354,-7.614436752774884,5.406410900370476,-0.008212559130400176,0.043629002547350706,76.79862976074219,-96.767852783203125,12.921738624572754,-5.490181922912598,1277
-31.888262981186323,-2.2697972839494107,-7.542823441007306,5.493977752940056,-0.008610420072949078,0.04587294605347969,76.78130340576172,-97.29069519042969,12.926675796508789,-5.490676403045654,1278
-27.7110040977779,-3.177006794522285,-6.506217606046368,4.050087658182976,-0.006706295074504784,0.007113198146802307,70.95552825927734,-84.87739562988281,11.359119415283203,-5.6531291007995605,1279
-28.4345498416314,-2.9806715011211207,-7.032510406949688,4.592461315409539,-0.006633418054444608,0.013175815850654849,73.05503845214844,-87.935272216796875,11.558270454406738,-5.630725860595703,1280
-29.890818264452058,-2.1726069191861312,-7.604776985624005,5.183953491465447,-0.0065628586665123735,0.03358562478083686,76.66212463378906,-94.87931060791016,12.527727127075195,-5.528149127960205,1281
-30.34558790554754,-1.8993303249837759,-7.666171200254132,5.282713619486687,-0.0066038768905004935,0.03465374188924584,77.00390625,-94.020233154296875,12.647012710571289,-5.5156378746032715,1282
-31.54782702256488,-2.0956508193240677,-7.638910896756817,5.429927555338738,-0.008556197237478493,0.045564516252897695,76.85535430908203,-97.43659210205078,12.973698616027832,-5.4878249168396,1283
-31.976570788890378,-2.2380483572333487,-7.5693007778908505,5.49467727305114,-0.008653111619472856,0.04623137996479598,76.89068603515625,-97.41620635986328,12.92763614654541,-5.491293907165527,1284
-30.368593423835417,-2.4678779596449916,-7.5109392475868955,5.445086685435173,-0.006604210331984368,0.032987996773938835,76.25425720214844,-93.385711669921875,12.639117240905762,-5.5152997970581055,1285
-27.994220068132897,-3.3169035559632642,-6.521431572415997,4.064834800974724,-0.0074413545816926635,0.008219046914917393,71.56919860839844,-85.6416015625,11.415301322937012,-5.648983478546143,1286
-27.565730618289354,-2.6737288669732133,-7.060372478940655,4.6194278872174,-0.0049120517332825,0.0072607123810261385,71.177581787109375,-84.85803985595703,11.194670677185059,-5.674960613250732,1287
-28.708850745819735,-2.2450110164049564,-7.6523882221962705,5.2076742327374195,-0.005696951399349842,0.01556814996661519,73.02339172363281,-87.93347930908203,11.60269832611084,-5.626574993133545,1288
-30.24182690230038,-1.7503185242019301,-7.670650608518292,5.349084106699822,-0.006597925746731284,0.03486455669338939,76.78173065185547,-96.04270935058594,12.498143196105957,-5.533559799194336,1289
-30.816394945961324,-1.8682822250078015,-7.652217514493634,5.401201931254265,-0.007233611442604098,0.0385164498937999,76.903106689453125,-96.40050506591797,12.75373363494873,-5.506126880645752,1290
-31.607985691272482,-2.152967927271264,-7.5545512509133115,5.519584385172722,-0.008591715718609097,0.0457393980535547,76.70884704589844,-96.80606842041016,12.987205505371094,-5.48704195022583,1291
-30.48423870144513,-2.309533701200498,-7.521546013333966,5.481639114634392,-0.0068719900280340826,0.033905448856891604,76.4139175415039,-94.48631286621094,12.559696197509766,-5.525137901306152,1292
-28.37668403326535,-3.4923396296515214,-6.53254187820213,4.076158729807732,-0.007307336947465299,0.009127271279100839,71.83595275878906,-86.49320983886719,11.534603118896484,-5.635170936584473,1293
-27.228944151844885,-2.441687347372148,-7.104203827359845,4.663632122294304,-0.004289132532437765,0.00649976317320473,70.73181915283203,-84.88914489746094,11.125503540039062,-5.683657646179199,1294
-27.40151397510552,-2.1609024070938,-7.669927246549298,5.219624248759148,-0.004351218333897497,0.007172630692843287,70.973480224609375,-84.834991455078125,11.148356437683105,-5.680615425109863,1295
-28.72723058451403,-1.8439209522534863,-7.717913277127911,5.326508251444695,-0.005402282552625727,0.015013547020777694,73.73873138427734,-89.30975341796875,11.610200881958008,-5.629096508026123,1296
-30.39891316088364,-1.735403673538544,-7.697962410428692,5.368408409373162,-0.006558509636909463,0.034739992711143565,76.80657958984375,-96.18868255615234,12.537178039550781,-5.528574466705322,1297
-31.41353846531878,-2.063152182308133,-7.605094559171368,5.498879162089226,-0.008504210707876266,0.04530413788947993,76.91648864746094,-97.42261505126953,12.911531448364258,-5.491015911102295,1298
-29.727486959867967,-2.2455948660971643,-7.5166250538613095,5.440794197337029,-0.006243132689711894,0.030907688181426234,75.848388671875,-92.388458251953125,12.348872184753418,-5.5467376708984375,1299
-27.12720692681057,-2.7455767199312757,-6.524277336576153,4.068234173075554,-0.004641255127016679,0.00673479996885089,70.5446548461914,-83.87251281738281,11.161032676696777,-5.676702976226807,1300
-26.890445789840204,-2.2868243774231662,-7.119488365628888,4.681086269633171,-0.00416591481404353,0.006339853462379669,69.87592315673828,-82.80767059326172,10.936152458190918,-5.7047882080078125,1301
-27.234911250530946,-2.0372124850157096,-7.692242271878888,5.265093532816765,-0.004253086469696928,0.007166800105356609,69.97441101074219,-82.60974884033203,11.086091041564941,-5.687772750854492,1302
-27.694413614517018,-1.8862966559903036,-7.698888905027081,5.292930809275505,-0.004570396769488854,0.009768254741566751,71.0238037109375,-84.8799819946289,11.338194847106934,-5.659732341766357,1303
-29.12170358949754,-1.7304220371490056,-7.697981007077862,5.338720527903435,-0.005701543895158982,0.01989119320336669,74.79488372802734,-90.974029541015625,12.00961685180664,-5.5854291915893555,1304
-29.894957252899037,-1.8850219212424384,-7.611114628293683,5.482110706583855,-0.00625120299619796,0.03079041292202321,76.64676666259766,-94.83551025390625,12.43907642364502,-5.5373005867004395,1305
-31.434795198262865,-2.2188951847059997,-7.556869156339337,5.485966888682244,-0.008425752698068723,0.04463969104665194,76.62400817871094,-95.7061996459961,12.908859252929688,-5.493119716644287,1306
14.025059537210089,-4.179439848572737,-3.8908675980355034,4.283699718729851,-0.0024603312872955923,-0.015361456001681265,-0.5858632326126099,7.324031352996826,-2.5922021865844727,2.9810707569122314,1307
15.061094857146406,-5.100309801441133,-3.9750281643654595,4.334387031809685,-0.0025376887768544607,-0.014172925436024528,3.925767421722412,8.642630577087402,-3.545325517654419,2.8986403942108154,1308
15.85469122976847,-5.90638676960532,-3.971768982389141,4.382504192606804,-6.540679900451803e-4,-0.010885635497435485,6.5407891273498535,9.562568664550781,-4.140950679779053,2.838266134262085,1309
14.78903383680526,-5.562461241228629,-3.9700394940163384,4.352305141703484,-5.534514776086154e-4,-0.013744166771849928,3.5438930988311768,8.775106430053711,-3.272407054901123,2.887272357940674,1310
1.9273016666077145,6.866725198481682,7.867104403993915,6.307221618906853,0.0035780687118089675,-0.015958706289489373,-0.5013450980186462,17.546371459960938,0.20931749045848846,5.295873641967773,1311
-25.464758381783387,-1.332833607276094,7.402777545473407,5.804371086375115,-0.001740863808141729,-0.012714369918406791,3.7064929008483887,1.4361761808395386,10.515331268310547,-5.7451677322387695,1312
-25.664293914848475,-1.4861139279778959,7.406812541506122,5.815370289103386,-0.0015220320794304008,-0.011875789378191243,3.5402913093566895,0.9909523725509644,10.598502159118652,-5.736395835876465,1313
14.21745094604093,-4.457244573331216,-3.9259628128792534,4.310142246500847,-0.0028440018559278777,-0.015327667351743561,-0.30626189708709717,7.255009174346924,-2.833271026611328,2.977457284927368,1314
16.392900627947252,-6.004657238908523,-3.958240396955181,4.364415375010369,-6.524737132525621e-4,-0.010164790433954215,8.056489944458008,9.900678634643555,-4.310741901397705,2.7129650115966797,1315
16.426757570705742,-6.213457210055908,-3.974670059659649,4.353119102732537,-4.1224073326913294e-4,-0.009896769618003358,8.357525825500488,10.165642738342285,-4.425931930541992,2.7105166912078857,1316
15.268182618336454,-5.757601833530772,-3.9566401314522515,4.37181874872863,-6.638266510817787e-4,-0.012217087673251503,5.379654407501221,8.943878173828125,-3.658839225769043,2.865680694580078,1317
1.7223289291336845,6.409850729945727,7.833336703798603,6.3809272921246265,0.002444014489815273,-0.016386752501122315,-0.727696418762207,13.00561237335205,-0.6139691472053528,4.268993377685547,1318
-25.431639918139318,-1.3145289824587048,7.433625094911884,5.834315506235955,-0.0017729285479784881,-0.012692216356426887,3.1674604415893555,1.1615995168685913,10.436097145080566,-5.752453804016113,1319
-26.50813452827588,-1.9243895826160395,7.417664401552509,5.822673527018425,-0.003337369940133194,-0.003668783779944318,6.372079372406006,-2.5988900661468506,10.805793762207031,-5.713539123535156,1320
14.377843948850046,-4.613668528601344,-3.890599377134014,4.409937111155388,-0.0030268213699973356,-0.01496426351065687,1.658614158630371,7.959874629974365,-2.9482345581054688,2.9874191284179688,1321
16.384645645209336,-6.064335715898979,-3.930903799512554,4.405060974375603,-5.843776067339058e-4,-0.010160521869218097,7.896036624908447,9.871878623962402,-4.3267130851745605,2.7944021224975586,1322
16.99615478782184,-6.493527926412707,-3.9645508599068413,4.374925819651482,-7.456859482223211e-5,-0.009283854424446352,10.415164947509766,9.92728328704834,-4.68799352645874,2.7064461708068848,1323
15.932794841289391,-6.160618214899225,-3.949901230313946,4.386141506449578,-5.308557429120458e-4,-0.010776721975629434,7.00265645980835,9.451770782470703,-4.275239944458008,2.888683319091797,1324
1.586736380199177,6.134821022331659,-3.9679812264229546,4.343982902781365,0.001044774159035302,-0.015698574472163565,0.16882263123989105,8.832303047180176,-1.805192470550537,3.3289284706115723,1325
-25.33352848182421,-1.2564337367881269,7.452545993349384,5.851433483378289,-0.001725967270820691,-0.012700276304308832,3.128166437149048,1.521493673324585,10.40591049194336,-5.754561424255371,1326
-25.631429747381233,-1.467755565344143,7.420316569826435,5.827816692606804,-0.0014842266960092031,-0.0120026429198238,3.7346038818359375,0.7733071446418762,10.508482933044434,-5.745780944824219,1327
17.10939625738163,-6.185143740763924,-3.9215403866554985,4.420390812174675,-3.0854506297227455e-4,-0.009115858751318793,10.781692504882812,9.77357292175293,-4.647797584533691,2.612639904022217,1328
18.76865146509691,-6.926242951604447,-3.901771194913555,4.435517994181511,0.0014145891307671067,-0.0048184208775440395,14.433905601501465,10.365316390991211,-5.577413082122803,2.7533650398254395,1329
18.89592529846523,-7.016570307843044,-3.8962181877877007,4.450255123392937,0.0015453253817454078,-0.004396390484386175,15.258240699768066,10.541126251220703,-5.842854976654053,2.867443561553955,1330
17.436586094832865,-6.802404459328862,-3.9194985699440728,4.420469490305779,6.188747544991728e-4,-0.007703402853752336,11.066264152526855,10.234394073486328,-4.850539684295654,2.6873042583465576,1331
15.024302432359155,-5.9912237145064475,-3.9538446736122856,4.375284401194451,-4.519464255642246e-4,-0.012707574010494008,4.072612285614014,8.405495643615723,-3.683084487915039,2.7632038593292236,1332
-25.125993917942342,-1.1339375636531321,7.517935626528095,5.9017331278485035,-0.0014605664420402533,-0.013055337938563292,2.812244415283203,1.441177248954773,10.432963371276855,-5.746633529663086,1333
-26.202488534471875,-1.8235882711860185,7.419088237306903,5.826323238627312,-0.0026618951542152556,-0.00891916148097616,5.108482837677002,-0.7965832352638245,10.526562690734863,-5.739151954650879,1334
18.796462437218967,-6.982213557206569,-3.8867243599678765,4.443611828104851,0.0013904086184901264,-0.005025307628078065,14.643966674804688,10.782058715820312,-5.764525890350342,2.8152060508728027,1335
19.652372881937357,-7.397175644212969,-3.8745077919747124,4.468220917002556,0.0021802945996096603,-0.00134790389715055,18.02590560913086,11.720364570617676,-6.396299839019775,3.0423243045806885,1336
19.537116096046894,-7.396234625639573,-3.8512884449745903,4.505845752970574,0.002114850021503143,-0.002155653271103282,16.957008361816406,11.49248218536377,-6.357593059539795,3.0253782272338867,1337
19.24393514297738,-7.347369345039404,-3.7710231613899956,4.592339245097039,0.0019239735477876128,-0.0032692022950442674,16.303903579711914,11.413365364074707,-6.208624839782715,2.9901225566864014,1338
16.876869090330494,-6.9709439863190195,-3.7068697285439263,4.655544487254021,9.346671549178492e-4,-0.009470043499977248,9.27978229522705,10.506840705871582,-4.395976543426514,2.606062412261963,1339
2.3592872566756204,1.8310118070258536,-1.6662725281502495,1.490448442713616,-2.0410904771911306e-4,-0.01497293600268331,-0.774026095867157,8.522829055786133,-1.183464527130127,2.7648863792419434,1340
-25.483443892518498,-1.4767340687233195,7.442348353884052,5.850344387308953,-0.0019658357036801298,-0.011521535577219858,3.573681354522705,0.15156228840351105,10.481382369995117,-5.747042179107666,1341
20.00525158344526,-7.60782385264862,-3.8238018822457085,4.5283624804180835,0.002301379474994162,7.109828363591047e-4,18.67519760131836,11.813985824584961,-6.8092241287231445,3.167825698852539,1342
20.435752443536956,-7.817246213224566,-3.777270920255352,4.58081647516906,0.002482193629903448,0.003071674057391743,19.65863800048828,12.022672653198242,-6.895910263061523,3.209005355834961,1343
20.729341420312817,-7.950089346103897,-3.787634737470318,4.579507080332634,0.0025694036047003237,0.004304469818462312,20.436155319213867,12.105860710144043,-6.973271369934082,3.254150629043579,1344
20.26933703072639,-7.817778252235211,-3.6537669968392144,4.721512523905632,0.0024351467189852125,0.0025858184078252472,19.64396858215332,12.014963150024414,-6.800634384155273,3.180018186569214,1345
19.44919214849337,-7.620053819991927,-3.6313833069588433,4.7458564913433765,0.0021473701157570936,-0.0031825360889500562,17.508333206176758,11.774231910705566,-6.568222522735596,2.980086326599121,1346
16.772733726305812,-7.353892812429635,-3.5588618588234673,4.766187397257683,0.0032829983526049575,-0.011445628855068269,8.356611251831055,10.07489013671875,-2.491211414337158,1.4758939743041992,1347
1.2847409623190191,1.4388663511623017,-3.051532394864727,2.095135656611321,2.2241277026074596e-4,-0.01469491902269672,-0.984618067741394,2.793379306793213,-2.818650960922241,-5.432032585144043,1348
18.991953827106904,-7.32186815275534,-3.695865995862652,4.675249782816765,0.001820597490880706,-0.004625919777199955,15.371708869934082,11.1265230178833,-6.304369926452637,2.9230010509490967,1349
20.737215386860385,-7.969429270687518,-3.702824242093731,4.67392703653991,0.002543036512901389,0.004248326620070628,20.399795532226562,11.988099098205566,-7.00820255279541,3.2793426513671875,1350
21.077304945338955,-8.114794342427837,-3.6544762921120415,4.724616733805535,0.002507754578341535,0.005881874537620931,21.484512329101562,12.210851669311523,-7.073498725891113,3.235215425491333,1351
20.9634297674972,-8.084291621651026,-3.6266821694161187,4.767043796793816,0.0025774317708151203,0.005618864939205739,21.068105697631836,12.180344581604004,-7.038094520568848,3.287651538848877,1352
20.570170644187577,-7.972531352747981,-3.593991644361187,4.780978885905144,0.0025024862130405556,0.0027303554426819153,20.08562660217285,12.015096664428711,-6.925042152404785,3.2386152744293213,1353
18.308800090390744,-7.834666351450231,-3.5238262486244927,4.822512832896111,0.002424795286758719,-0.00816114935863453,14.588059425354004,11.512986183166504,-6.554532527923584,2.765867233276367,1354
3.3355551217086368,0.8493648403680649,-1.740962154843975,1.3760599768322683,0.0037671404514866462,-0.014254745268310385,0.690116286277771,9.486546516418457,-1.3005900382995605,1.6555827856063843,1355
19.439374530434616,-7.632452227020828,-3.596667654493023,4.785821167246697,0.002114439304345255,-0.0035244555971778546,17.225685119628906,11.62606143951416,-6.602736949920654,3.014500379562378,1356
20.992560630406683,-8.094947526187001,-3.5813943218971978,4.797201362864373,0.0025238950252344434,0.005574653419275006,21.879175186157227,12.348774909973145,-7.067445278167725,3.297680139541626,1357
21.026885166473534,-8.114735586146809,-3.564051516034771,4.81426545740783,0.002500519260120474,0.005669619044463209,22.102001190185547,12.342199325561523,-7.036182403564453,3.265622615814209,1358
20.64172202528034,-8.025604031975908,-3.5820633244301567,4.786176410929558,0.0023786013084687264,6.634770433348101e-4,20.504417419433594,12.126781463623047,-7.044214725494385,3.185685634613037,1359
18.299761732759595,-7.871993301115546,-3.565231926419903,4.7843439257305835,0.002353394920553788,-0.007702896360851221,16.075592041015625,12.141671180725098,-7.171627044677734,2.5689103603363037,1360
3.6419234815817507,0.698315581627253,-1.48749244926231,0.9350330507916189,0.0038487541002362813,-0.013979367054425837,0.5082834362983704,11.77151870727539,-1.4719442129135132,2.1557819843292236,1361
-5.2148452272558545,-9.817009142840325,5.805911891481708,7.250919548289177,-0.01320298682340963,-0.002707141786800078,50.164955139160156,-19.98227882385254,11.77737045288086,-15.999464988708496,1362
-6.559284145131712,-9.251939347803473,5.994655482790302,7.227222648875115,-0.014737959195154861,-3.703372172243493e-4,51.28728485107422,-19.160564422607422,12.144163131713867,-15.684940338134766,1363
-6.6825595782612055,-9.143203985399284,6.144016139528583,7.229600635783074,-0.015269480769254894,2.01846681851867e-4,52.85651397705078,-16.98653221130371,12.230093955993652,-15.609413146972656,1364
-6.918557154244771,-8.94855691570104,6.461360328218769,7.137738910929558,-0.01545504689136845,1.10437345568109e-4,52.71940994262695,-16.176389694213867,12.341094970703125,-15.53066349029541,1365
-12.920932789409422,12.862929616086792,7.016691558382343,6.676877704874871,-0.01556236695184936,-1.613267021568037e-4,53.65835952758789,-13.100152015686035,12.905158042907715,-15.108169555664062,1366
-13.152866378333975,12.74055770220834,7.4162644076560245,6.489375797526238,-0.014996229231662597,-0.001271509280476211,53.68613052368164,-6.635593414306641,13.112703323364258,-14.970149040222168,1367
-13.513753386234892,12.521214204612841,7.754720561525653,6.425979820505974,-0.014664955678226966,-0.0020119362749423924,55.6363410949707,-5.718354225158691,13.135884284973145,-14.964282989501953,1368
-13.92225726157051,12.267772011333722,7.833893649599384,6.365321842448113,-0.014063258010667084,-0.0030455667318847277,54.284420013427734,-2.0366291999816895,13.638655662536621,-14.613984107971191,1369
-14.194886362864617,12.11304398637558,7.876139514467548,6.331387249247429,-0.013759683999361803,-0.003560443215020818,56.309913635253906,-3.0392937660217285,-10.16247272491455,0.6254963874816895,1370
-14.405023937629876,12.027594125294849,7.901527278444599,6.16146775843322,-0.012723796058682142,-0.005420527878019946,53.95640182495117,-2.1432087421417236,-10.16364860534668,0.7294291257858276,1371
-22.10021172896626,4.328132400963779,-3.740677959897686,1.6555218374890066,-0.01127351586182995,-0.008048844731156184,51.65839767456055,-1.2475907802581787,-10.177772521972656,0.7644495368003845,1372
-22.2020773899362,4.133927998519135,-3.784524567105938,1.6596700823467947,-0.010911075317201743,-0.008598013269577428,48.14146423339844,0.7485134601593018,-10.11689281463623,0.5750970244407654,1373
-22.270767148588103,3.965892581140313,-3.8081435036446343,1.654125896708367,-0.010021114885197982,-0.009024196736079921,46.156944274902344,1.1063271760940552,-10.150788307189941,0.6356325149536133,1374
-22.290329044490967,3.917850958132437,-3.793306715467144,1.6619529402416922,-0.01061625607291011,-0.008434106717857479,46.10291290283203,5.7133378982543945,-9.980297088623047,0.9068649411201477,1375
-22.306929199816214,3.795400155803692,-3.7847467732216606,1.6621794378918386,-0.009548006220783254,-0.010194331378343096,46.78313064575195,4.947020530700684,-10.036116600036621,0.7387714385986328,1376
3.17375237535311,5.680429183546655,-2.5203507017876396,-0.24275849996388194,0.0024338951377041325,-0.01603383332263683,-1.568024754524231,15.067205429077148,-0.14989624917507172,4.373754501342773,1377
1.4235114487271419,5.52390363333493,-5.104716904142071,1.415611354128716,5.693981238418436e-4,-0.015254820363948842,2.012261152267456,6.776019096374512,-2.494621753692627,2.468848466873169,1378
2.9520960597936567,5.732053126144407,-2.875823385694195,0.015611556784508263,0.0019680616897891755,-0.01595523719489718,-1.1878660917282104,15.378740310668945,-0.1593485325574875,4.4862060546875,1379
2.8980939249861235,5.54081207705861,-2.7477382492806206,0.06160050393759969,0.001781085127993743,-0.016044810265185876,-1.188379168510437,14.825862884521484,-0.4062454104423523,4.152485370635986,1380
15.469411907631347,-3.241448402654702,-5.194926865079571,2.3791639483135913,-0.0052815893491649874,-0.008647388765404627,3.5406506061553955,5.374678611755371,-3.6514854431152344,1.554164171218872,1381
16.214870757367898,-3.301961519099321,-5.073475487210919,2.625000921503899,-0.005335735462175224,-0.008306987549398268,5.077143669128418,5.250640869140625,-4.007580757141113,1.4779787063598633,1382
15.755801451996563,-3.91260321095359,-4.942591316678692,2.8194219744366382,-0.004964700991141971,-0.009146503702944293,3.852595567703247,6.799980163574219,-3.7950353622436523,1.8127021789550781,1383
19.199463129181193,-4.92579342382273,-4.757821209409405,3.0044228708904956,-0.010812898613849901,-0.006041158841777711,12.660761833190918,7.470665454864502,-4.927379131317139,1.9692293405532837,1384
20.442924731388665,-4.655927994067898,-4.663684017636944,3.0615186369580005,-0.015286669430246098,0.0011777906243309985,13.27672290802002,6.9511895179748535,-5.184924602508545,1.7329081296920776,1385
3.007258211817102,5.067352177049623,-2.5909710001732598,0.04288199307143453,0.001010780877221201,-0.01628267715049326,-1.219401478767395,13.858607292175293,-0.6596757769584656,4.008058071136475,1386
-7.6394002464648185,0.8711417272319971,-5.0508352589394345,1.317842332140801,-0.007753476242264819,-0.01049409555520783,4.982974052429199,-1.9583008289337158,-5.87204647064209,-1.1288374662399292,1387
-7.172251822767677,0.9895935779184144,-5.084757931211163,1.4121364033383108,-0.007356070522548937,-0.01034112809733432,5.2327775955200195,-0.5114852786064148,-5.424285411834717,-0.489342600107193,1388
-5.695525061881003,1.0502206328352235,-5.146086819150616,1.5831150686901785,-0.0038885480792266954,-0.01160550255623957,4.2638444900512695,2.3921236991882324,-4.2560811042785645,0.9709948897361755,1389
-5.411453964077316,1.0915306664399382,-5.239198334195782,1.973314014689324,-0.004924096397501485,-0.00986629707088716,4.000271320343018,4.456007957458496,-4.1076340675354,1.1435564756393433,1390
16.182779459131297,-2.9427297550299873,-5.204730160215069,2.3379168188732837,-0.0053810246007808486,-0.008407841252122917,4.540487766265869,4.891277313232422,-4.220167636871338,1.2251921892166138,1391
16.004428182625205,-3.3294380902435172,-5.135853416898419,2.5314960158032154,-0.00532163420381023,-0.008375153252222238,3.7329494953155518,5.798121452331543,-3.8536429405212402,1.411531686782837,1392
15.935236367592797,-3.701086888432202,-5.004054672696759,2.735830990092156,-0.005226251853076568,-0.008531892481489773,4.494636535644531,6.593296051025391,-3.9069950580596924,1.7580959796905518,1393
19.980237308528356,-4.511520332617973,-4.799718506314923,2.960858789698479,-0.014468660256333402,6.84002921783916e-4,13.038480758666992,6.855395317077637,-5.14009952545166,1.7564953565597534,1394
20.102895294027178,-4.66601626729439,-4.73969519851463,2.998958317057488,-0.01476592587061057,8.43697923613871e-4,13.582504272460938,7.350525379180908,-5.153764724731445,1.762405276298523,1395
14.732994468592707,-4.902187024710201,-4.3127018284584775,3.424134222285149,-0.0021352311963271685,-0.014585510327341926,2.79280686378479,8.463483810424805,-3.0515286922454834,2.896005868911743,1396
-7.81600339771073,0.23548895407258888,-5.013196117856671,1.1239393627804495,-0.008100128770647929,-0.011373232363460169,4.020049095153809,-3.237699270248413,-6.184288024902344,-1.3228543996810913,1397
-7.302384102209236,0.7691817349380285,-5.072847015836407,1.321659175173638,-0.00818152845572887,-0.010271688103540233,4.35456657409668,-0.945644736289978,-5.687551021575928,-0.7491337060928345,1398
-6.488022920090398,0.9000274881687582,-5.1251665425087705,1.4915667450588919,-0.006182234917888584,-0.010476956455129614,4.935094833374023,1.3574597835540771,-5.100546360015869,-0.06562715768814087,1399
-5.888161818109249,1.0708534982939122,-5.1993218731667294,1.8790843165081716,-0.00532597374872562,-0.009944357947827099,4.8216872215271,3.6201207637786865,-4.600876331329346,0.5816395878791809,1400
16.301104254214128,-2.6211408486341514,-5.217336304166485,2.14382335306823,-0.005359018522884167,-0.00901653756291348,5.074227809906006,4.357024192810059,-4.37056827545166,1.037625789642334,1401
16.460145627858548,-2.9528588715436657,-5.164942390897442,2.43695398928344,-0.00566628181525555,-0.008069776445531435,4.663924694061279,5.15871524810791,-4.362504005432129,1.0760128498077393,1402
19.931176642655537,-3.865063069513683,-5.104527599790265,2.5905811464947437,-0.01461859882529584,0.0018195689750878591,12.567300796508789,6.410768985748291,-5.174769401550293,1.558579444885254,1403
20.26610404725383,-4.3005221832810765,-4.916066772916485,2.8266932642620777,-0.015246504470777515,0.0016226598327212783,13.217552185058594,6.649165153503418,-5.204948902130127,1.6195560693740845,1404
20.672947645325838,-4.518946116023976,-4.7909218144203916,2.9627797281903003,-0.015789273160076646,0.0014228837932153927,13.23310661315918,6.681659698486328,-5.204137802124023,1.6753278970718384,1405
19.13625223861548,-5.454382344061612,-4.380656130292584,3.2975692427319263,-0.010900729412623173,-0.006352893496244792,12.615964889526367,8.379349708557129,-5.028132915496826,2.290782928466797,1406
-7.934158379228605,-1.4763279402793663,-4.7982059788491025,0.020789561287758385,-0.007188535759078558,-0.014444174802070178,-1.8085739612579346,-6.317036151885986,-6.951943874359131,-2.8814504146575928,1407
-7.606969377152609,-0.20429665926647234,-5.02304423568504,0.9784243977230764,-0.008465201920927756,-0.011555672728464023,2.2348265647888184,-4.1794633865356445,-6.543022632598877,-1.9543466567993164,1408
-6.9966376529584355,0.6117428556222456,-5.087509758451153,1.2929380810421682,-0.007743704672945005,-0.010417602672299669,4.620582103729248,-0.22575537860393524,-5.602056503295898,-0.69338059425354,1409
-6.6808496716880414,1.027449375649857,-5.14537728545921,1.5759877836865164,-0.0075256043009029674,-0.009705837373733681,5.182735443115234,0.5407690405845642,-5.336209297180176,-0.21975870430469513,1410
-5.8974529319710385,1.0917437431645103,-5.206357128598858,1.9037005579632498,-0.005632233471584103,-0.009597094935279374,5.171782970428467,3.5905232429504395,-4.694665908813477,0.6064712405204773,1411
19.26465710983689,-2.6566311157247116,-5.212380058744122,2.149541584269402,-0.011840093298786871,-3.1550947576702165e-4,8.476203918457031,3.943722724914551,-5.083453178405762,0.8356258869171143,1412
19.991481653624767,-3.5152297084732895,-5.1431838345314755,2.4571344530743335,-0.01471130203912042,0.002279408823490431,12.124544143676758,5.705386161804199,-5.253140449523926,1.320098876953125,1413
20.328577792283422,-4.042359388349459,-5.0386892628456845,2.6688558733624195,-0.015431531487991297,0.002301665794167324,12.82655143737793,6.490935802459717,-5.187588691711426,1.5962748527526855,1414
20.628947201975155,-4.3919915564229335,-4.912962563016583,2.820670572535393,-0.015896412896894568,0.001677539084844313,13.092378616333008,6.520282745361328,-5.223395824432373,1.6546931266784668,1415
19.336500516462014,-5.310558920672705,-4.406448967435528,3.270447698847649,-0.011503354359280665,-0.005430547210458386,13.432878494262695,8.398560523986816,-5.045042514801025,1.9961023330688477,1416
15.382831464590923,-5.169760275325482,-4.316983110883404,3.4102382338207935,-0.002531754876710017,-0.013804409184357682,5.446717739105225,8.97062873840332,-3.6942853927612305,2.6973209381103516,1417
3.176494000960958,5.369955168013541,-2.312956578710247,-0.12315285442650553,0.0018816287951233027,-0.016165791150368283,-1.3272745609283447,14.813766479492188,-0.32388994097709656,4.21841287612915,1418
1.9321957516312418,-10.563855239305138,-4.671044476010968,0.3161223805111623,-0.007624762147192715,-0.013556719296657539,-3.49619460105896,-8.186749458312988,-6.864026069641113,-3.7464747428894043,1419
-7.484433808147422,-1.4999330747336548,-4.937222130277325,-0.0755825662452006,-0.00834973916824339,-0.013786637225733084,-2.708747386932373,-7.682081699371338,-6.918642044067383,-3.316427707672119,1420
-7.5686184338677105,-0.2621857694851788,-4.981971867063214,0.8035303032559133,-0.008151522771263985,-0.011723697908965904,1.6761096715927124,-4.259366035461426,-6.464728832244873,-1.9511134624481201,1421
-7.150563551377175,0.5522424374290464,-5.072232372739483,1.240728942171929,-0.008153339441257436,-0.01060348454195323,4.7563252449035645,-0.5078712105751038,-5.750505447387695,-0.9528290629386902,1422
-6.820173977211089,1.3413026992540102,-5.122305519559552,1.580270973460076,-0.00891489312773579,-0.007811670185819077,5.620987415313721,1.3604196310043335,-5.415951728820801,-0.2873285710811615,1423
-6.189961152162488,2.3469338784954115,-5.1782814335610166,1.8912365114849783,-0.011453278928554194,-0.0011769139471974055,7.9832916259765625,3.239222288131714,-5.259699821472168,0.4066945016384125,1424
19.547617599979628,-2.7839595982923195,-5.20124829528587,2.1302160895031665,-0.012265344605596189,0.00015572333440483247,9.170037269592285,3.799668788909912,-5.201963424682617,0.8260905742645264,1425
19.873517304455373,-3.3261993868276147,-5.16781962631004,2.3952657854717945,-0.014227367465716984,0.0020667106354104736,11.121880531311035,4.989322185516357,-5.247921943664551,1.125643253326416,1426
20.099668508791442,-3.827573798649197,-5.074077255704571,2.6020435965222095,-0.015005950481582894,0.0023788785942093727,12.840880393981934,6.316723346710205,-5.2212700843811035,1.542100429534912,1427
19.936579673019345,-5.012427777568518,-4.391402847745587,3.2533120787304615,-0.013682012594417274,-0.001042067000994537,13.031404495239258,7.077256679534912,-5.119495868682861,1.8162339925765991,1428
13.957370730685042,-4.286842714690523,-4.303710587003399,3.3995084440869068,-0.0013866758366306872,-0.01581626678887449,0.385691374540329,8.828804969787598,-2.568721294403076,3.0527729988098145,1429
3.0165411804964584,4.971689667902381,-2.6004897427346,0.03875580193221334,7.814719789008996e-4,-0.016280319813042423,-1.1079822778701782,13.323410034179688,-0.8187726736068726,3.9774389266967773,1430
1.3544917474432303,-10.75986295581064,-4.136745102384259,0.9273045933407522,-0.007846710241117669,-0.012852471623605666,-1.0355913639068604,-7.326836109161377,-4.944040298461914,-3.11407732963562,1431
2.070056212986962,-10.634153315326547,-4.412950642087628,0.6447437679928518,-0.007177910934763788,-0.01390300205781934,-3.1615400314331055,-7.546533107757568,-6.242639064788818,-3.7067747116088867,1432
-7.167622991679178,-1.4302940168108138,-4.953252918698956,-0.029715361579062904,-0.007463489690726235,-0.014488180339869958,-3.057013750076294,-7.387642860412598,-6.609080791473389,-3.2322752475738525,1433
-7.679872819097292,-0.061418941360713686,-4.976452476957013,0.9595636999767996,-0.00793447574929197,-0.011784636155832362,3.2391562461853027,-4.709665775299072,-6.116383075714111,-1.7461283206939697,1434
-7.502688567376625,0.9988057379960948,-5.033002502896954,1.317213145510552,-0.008524510201190208,-0.009612583594792787,5.054193496704102,-1.8281922340393066,-5.661749362945557,-0.9838846921920776,1435
-7.008595460904725,1.8338050485894464,-5.0447832417275205,1.5770029699963308,-0.009575539637302708,-0.005979944613682128,6.473642349243164,1.1516094207763672,-5.414045333862305,-0.4089214503765106,1436
-6.514910319640724,2.294322295515018,-5.092333443143536,1.7402753508251882,-0.010445690970780635,-0.003610109141597381,7.5374627113342285,2.6820974349975586,-5.251575946807861,0.26174935698509216,1437
-6.118941809417903,2.5545261385489506,-5.178885109403302,1.9747519171398855,-0.011555294804590563,-0.0011100906276150552,8.140209197998047,3.1626055240631104,-5.286098003387451,0.5635968446731567,1438
19.518487636009368,-2.8777882233395795,-5.182177193143536,2.262886253611443,-0.012702334499175863,6.62996865959415e-4,9.767279624938965,4.361382484436035,-5.19216251373291,0.9577417969703674,1439
19.41610479528967,-5.046034491158766,-4.3875402283455625,3.235875812785027,-0.011725100739402337,-0.005016061807590298,12.893957138061523,7.506241321563721,-5.039827823638916,1.9784560203552246,1440
17.182336038851556,-5.5218418659912025,-4.340361006238629,3.3178867972058033,-0.0026288163754286825,-0.009951956494377913,9.251850128173828,8.449402809143066,-4.426941871643066,2.3317604064941406,1441
14.659337656510772,-4.802020397190126,-4.329267628171612,3.390757528559563,-0.002164013890319429,-0.01486248790204536,2.2332611083984375,8.41474723815918,-3.112610101699829,2.914832353591919,1442
-6.597879266376059,-14.004181358175957,-3.9389544796730767,1.1139151728314138,-0.008224955365863606,-0.011891498286964333,2.8496692180633545,-6.145205974578857,-4.389674186706543,-2.8485121726989746,1443
1.5187980830987302,-10.796500785332338,-4.011364586332013,1.0714729702633596,-0.007351862895729105,-0.013064776332819206,1.1292355060577393,-6.234352111816406,-4.816102504730225,-3.1328747272491455,1444
2.40660308842384,-10.706322823152881,-4.266347296216656,0.8642619526547171,-0.005309838769560411,-0.01504203002020595,-3.22318434715271,-6.7587103843688965,-5.756278991699219,-3.429015636444092,1445
-6.745204133113401,-1.0347049874870433,-4.794663078763653,0.8388228094738699,-0.006344373347508784,-0.013809827444685115,1.0732299089431763,-6.31004524230957,-5.923297882080078,-2.4085049629211426,1446
-8.428137135393966,1.5541499115563915,-4.889186985471417,1.1772401011151052,-0.008392926367313699,-0.008554598085079019,5.7702436447143555,-3.6140999794006348,-5.491391181945801,-1.5457093715667725,1447
-8.119834986011924,1.8564594204675644,-4.914261467435528,1.5732323801678396,-0.009289016884089386,-0.0056422311178281745,6.993370056152344,-2.2634711265563965,-5.353241920471191,-1.0129344463348389,1448
-7.522097176785648,2.305284878109133,-4.894767410733868,1.7552547133129812,-0.00973915205131052,-0.003727892214451486,7.043984413146973,-0.9912953972816467,-5.295077800750732,-0.6355485320091248,1449
-7.057010515861597,2.4904927856878665,-4.981265671231915,1.7837605154675222,-0.009775945024595516,-0.004248650809795703,7.480755805969238,1.098668098449707,-5.310823917388916,-0.30129411816596985,1450
-6.596574509169505,2.534467551913742,-5.0902825665261044,1.853790727869866,-0.00966398218295956,-0.004646544779009614,7.437255859375,2.1086909770965576,-5.282670021057129,0.11231250315904617,1451
18.824731954164793,-4.953581354976734,-4.2936331105019345,3.2078594839733814,-0.009911260324156679,-0.007367385878152054,12.235474586486816,7.421760559082031,-4.656820774078369,2.1010780334472656,1452
13.964408947006621,-4.234041189862598,-4.311508305051495,3.3885054266613697,-0.0014250266766856186,-0.0159241115052513,0.3328400254249573,8.330159187316895,-2.546499490737915,3.0866477489471436,1453
15.255350587461479,-4.886518998948955,-4.3479873013283505,3.347321954981682,-0.0028430215131102334,-0.014095102852095517,3.9029250144958496,8.684664726257324,-3.4927666187286377,2.6858065128326416,1454
-6.996514356344701,-14.040675829528464,-3.815994865873028,1.1921689188641287,-0.008723437461051255,-0.011196919075601133,4.081105709075928,-5.214330673217773,-4.095091342926025,-2.726353406906128,1455
-7.051224364065726,-14.263035395475974,-3.876534588315655,1.1749239838284231,-0.008015405552678923,-0.011496697943546928,3.785252809524536,-5.446376323699951,-4.060513019561768,-2.732440710067749,1456
-0.7873723027509786,0.005768688287353006,-3.9542852711464653,1.1981117403668142,-8.284709000085182e-4,-0.016262516203961307,-3.9584662914276123,-1.193743109703064,-4.872673988342285,-3.9386565685272217,1457
-0.86288468709642685,-0.07977612072647598,-3.926304705121685,1.5429618036907888,-0.003182325254278208,-0.01528931919792562,1.5752774477005005,-6.4578399658203125,-4.999168395996094,-2.5959718227386475,1458
-26.639696379897508,-3.6148912383519205,-6.428188450315167,3.975873676554558,-0.007748390695296951,-0.0012693743959279046,5.846161842346191,-3.8576128482818604,-5.015717506408691,-1.7941571474075317,1459
-27.42683222332013,-3.8831081190221157,-6.409690506436993,3.9478451883953785,-0.008363515533497179,0.0017160339756642727,8.351776123046875,-4.371046543121338,-4.970653533935547,-1.25510835647583,1460
-27.50256806530491,-4.657885317213015,-4.576382524945904,2.101556030527947,-0.009350476297342937,-0.001078384625006765,8.618675231933594,-2.5085651874542236,-4.996506690979004,-1.0364923477172852,1461
-27.34188590158681,-5.110707834424635,-4.6398173641945615,1.9834465658825613,-0.009535078812135382,-0.0021416102097845478,7.287995338439941,-1.4217684268951416,-5.066496849060059,-0.9002441167831421,1462
-7.465702921326857,2.891619663116556,-4.784478313901593,1.8810410177868582,-0.009633583681229671,-0.0029275569467236136,8.194062232971191,-0.7172325253486633,-5.063150882720947,-0.6459402441978455,1463
18.075968540792683,-4.590059494467638,-4.097427256086041,3.274959293619988,-0.006698307159090885,-0.009612982464624603,10.009264945983887,6.995283603668213,-4.256922721862793,2.0573904514312744,1464
18.421736616136148,-4.930620451766132,-4.209381706693341,3.250064579264519,-0.007947567743867777,-0.008935007120331632,10.728374481201172,7.51253604888916,-4.649348258972168,2.097954750061035,1465
14.310604585075767,-4.518235281075759,-4.3210729431893125,3.3548416769665454,-0.0018988126471725807,-0.015494846120892176,0.2449137568473816,8.142996788024902,-2.812103271484375,3.0183045864105225,1466
-7.3373741765577085,-14.002985216944104,-3.6640521359230767,1.2809377587002493,-0.008571925069440236,-0.010796789594319478,5.160768985748291,-4.780789852142334,-4.013918399810791,-2.6215014457702637,1467
-7.466889746952795,-14.183503482072464,-3.7024716210152397,1.2944849407833792,-0.00818785879863405,-0.010854794020541476,5.032663822174072,-5.055874824523926,-3.8842861652374268,-2.599277973175049,1468
-8.099461133257229,-14.826869471509918,-3.6723553013588677,1.4164861118954397,-0.0073249263809110135,-0.010941499803701417,5.33398962020874,-4.668222904205322,-3.8313729763031006,-2.564821243286133,1469
-9.157934235933203,-15.521375654279037,-3.5761803459908257,1.728732076899407,-0.006571780488191875,-0.010543763138412836,5.640258312225342,-4.964918613433838,-3.905853748321533,-2.386896848678589,1470
-25.579202817035103,-3.9795572967024784,-3.7338053059365044,2.0813643610638355,-0.0068866476523104505,-0.006206378026985721,7.612337112426758,-3.7472691535949707,-4.139581680297852,-1.8975789546966553,1471
-26.408017017339976,-4.259210174687666,-3.9779585671211968,2.3321466124218677,-0.007757090407758192,-0.0013389505277164376,8.730504035949707,-3.605255365371704,-4.548065662384033,-1.4781582355499268,1472
-26.898921511580372,-4.802718449923255,-4.114074833371808,2.304488626734612,-0.008284765845963604,-1.7920213007891037e-4,10.624931335449219,-3.7142157554626465,-4.587708473205566,-1.2682584524154663,1473
-27.043284100535313,-5.0848575241093235,-4.304039843061139,2.2141599333447193,-0.008973358418444924,-5.79082712618675e-4,10.18783187866211,-3.309169054031372,-4.593896865844727,-1.187686562538147,1474
-27.15000221395616,-5.197075796841833,-4.401628620603253,2.143583503977654,-0.009386695781116691,-0.0013499138697355539,10.05549144744873,-2.3143656253814697,-4.790978908538818,-0.9946407079696655,1475
17.59812827616465,-4.177483371410595,-3.885812647321392,3.2733151590985035,-0.005231702875505833,-0.01068531245408467,9.556419372558594,5.84598445892334,-3.7232296466827393,1.716545581817627,1476
17.251952349871544,-4.331890294641827,-3.995452768781353,3.299458233134148,-0.005204263408492474,-0.011079059989151445,9.896862030029297,7.152393341064453,-3.894336223602295,1.9377330541610718,1477
3.060759402135535,5.079275617736411,-2.5068317723061333,0.005398569123146568,0.0012402382150717506,-0.01635221256413996,-1.1772056818008423,14.050134658813477,-0.6105557084083557,3.991607189178467,1478
-7.637970873190207,-13.894269090353136,-3.5077923607613335,1.3382553732556082,-0.00842572086884644,-0.010389121828207245,5.470059394836426,-4.8119025230407715,-3.8334174156188965,-2.5472605228424072,1479
-7.8816775176670015,-14.024846406978043,-3.525303728559185,1.3868881142300344,-0.007788430616831465,-0.010420425401675308,5.666030406951904,-4.8661603927612305,-3.6516494750976562,-2.4925789833068848,1480
-8.481737963278105,-14.392715121678286,-3.4796336960579644,1.5451774275463797,-0.006675201360855569,-0.01057520580236981,6.334816932678223,-4.596495628356934,-3.5962414741516113,-2.4668335914611816,1481
-9.442125776309481,-15.1495488186129,-3.4339348149086724,1.726203886286614,-0.00624349554581193,-0.010378126016363716,7.473494529724121,-4.406763076782227,-3.5679609775543213,-2.3102996349334717,1482
-11.146928405476615,-15.517344751861835,-3.424330599286724,2.0603677904766773,-0.0065602829470629166,-0.007027361921294742,9.498750686645508,-4.4352707862854,-3.5166187286376953,-2.094000816345215,1483
-24.981017293172496,-5.680374850541121,-3.6077212166573296,2.261802164332268,-0.006769591052256631,-0.00418492838741219,10.404853820800781,-4.406944274902344,-3.816230535507202,-1.6382414102554321,1484
-25.51962965711165,-5.82729719701644,-3.7878683876778374,2.3656422770184253,-0.00720670774315898,-0.0017851013757794853,10.867768287658691,-3.892676591873169,-4.037646770477295,-1.3942941427230835,1485
-26.085530551320808,-5.753692805902419,-3.9604381394173394,2.343563524500725,-0.007937037551492906,-6.831529118557176e-4,10.957635879516602,-3.7707276344299316,-4.265043258666992,-1.2663726806640625,1486
-26.29066290352807,-5.7624779048305435,-4.016169912793805,2.3041073954266285,-0.008325793484282149,-5.307050362530406e-4,11.06143856048584,-4.001899242401123,-4.356630325317383,-1.2141510248184204,1487
-10.559840975512232,-8.686824675814506,-2.818110353925396,3.192200866953728,-0.0035830495630278306,-0.011064840559416115,8.726061820983887,4.52510404586792,-2.8531911373138428,1.2260680198669434,1488
17.0899070527538,-4.153787861726207,-3.9173775982643853,3.2630710280102466,-0.004298856888838575,-0.011330764647048184,8.94968318939209,5.855379581451416,-3.2176406383514404,1.620735764503479,1489
16.777090449051514,-4.294794456132562,-3.97270334480064,3.28035899759948,-0.004193644825703453,-0.012321325432402979,6.761952877044678,6.767640113830566,-3.5750467777252197,1.8971302509307861,1490
-7.951206170076275,-13.84111808248969,-3.450352795102764,1.4208806431454397,-0.007628231682930104,-0.010341324847497616,6.141697406768799,-4.557193279266357,-3.661405324935913,-2.442701578140259,1491
-8.331858902972225,-13.945668792861543,-3.3970929455544243,1.4789088642758108,-0.0065504088243172704,-0.010380215305237233,6.441103458404541,-4.196014881134033,-3.5274038314819336,-2.347838878631592,1492
-8.854583410231298,-14.191149602300767,-3.353755123593975,1.627190796152947,-0.0055277518584091285,-0.010512284711502897,6.730400562286377,-4.154200077056885,-3.4105587005615234,-2.274052143096924,1493
-9.775769037724585,-14.725205140971633,-3.2883755039955864,1.7530328905743338,-0.004865249544792199,-0.010242354931190469,8.645947456359863,-4.163092613220215,-3.375617504119873,-2.137206554412842,1494
-11.501063231955518,-15.158792131035879,-3.205144054868389,2.0578822767895435,-0.005541257689516567,-0.0070374578179102885,9.54055118560791,-4.415788650512695,-3.327556848526001,-2.0436880588531494,1495
-24.248620644820935,-6.38527428812866,-3.3254598450447808,2.237376180903313,-0.006109761161941502,-0.005167336779201296,10.272712707519531,-4.597484111785889,-3.400822877883911,-1.703408122062683,1496
-24.860327255636772,-6.436958535672451,-3.527561552503277,2.3471538698834156,-0.006595382051866713,-0.0026746930951115715,11.683305740356445,-4.415836811065674,-3.661203145980835,-1.3993386030197144,1497
-25.230273882806944,-6.394933934410035,-3.6121832203652153,2.388663975016472,-0.006851384333584991,-0.001680533790969577,11.204439163208008,-4.010890483856201,-3.716487169265747,-1.3347398042678833,1498
-25.505720645887298,-6.36117176382904,-3.723824627378155,2.3925664103192066,-0.007299634475159503,-0.0011229635699726121,11.447609901428223,-4.149005889892578,-3.9328906536102295,-1.302497148513794,1499
-11.064785750577242,-8.928274850113123,-2.5775812935616265,3.1552476561230396,-0.0027088133224045545,-0.011172667212954377,9.862881660461426,2.707148790359497,-2.3599812984466553,0.8969660401344299,1500
-10.692442538422863,-8.718141164546958,-2.7209109139229546,3.1694550192517017,-0.0034578423354187635,-0.011071498872522007,9.636005401611328,3.591592311859131,-2.801764488220215,1.187455415725708,1501
2.706812887754054,3.974272443762305,-3.9015911888863335,3.1669830954235767,1.170900209947907e-4,-0.016529682951083462,-0.44904178380966187,8.584178924560547,-1.9914203882217407,3.216526985168457,1502
3.2174577167006557,5.4035275971737065,-2.252591497876812,-0.18810385702431437,0.0022064760265598574,-0.01609938758250739,-1.4142650365829468,14.881661415100098,-0.3124714493751526,4.249260425567627,1503
-8.12761733413897,-13.709423161118552,-3.332110531308819,1.4813190376919485,-0.007321054790326972,-0.010286846464498973,6.250887870788574,-4.188143253326416,-3.5633010864257812,-2.3564484119415283,1504
-8.5920620852903,-13.802130443743337,-3.213207848050762,1.5526832020443655,-0.006109603599769994,-0.010399419922568872,6.755683422088623,-4.052741527557373,-3.470747947692871,-2.331092596054077,1505
-9.315486314771915,-14.013231147974311,-3.1468583416725884,1.6412906325024343,-0.003843743264870707,-0.010956873528860017,7.986917018890381,-3.713070869445801,-3.225762128829956,-2.078396797180176,1506
-10.3875108405081,-14.404284625547016,-3.0384489369179497,1.8700606501263357,-0.0032184466645822133,-0.010621514679932161,9.990609169006348,-3.487630605697632,-3.1366446018218994,-1.961952805519104,1507
-11.979205978786196,-14.710441212296667,-3.0400701832558403,2.044535366312859,-0.004084389320196564,-0.007677248137604437,10.993756294250488,-4.680318832397461,-2.9553191661834717,-1.7629741430282593,1508
-12.613627209979143,-14.911148312089454,-3.1142302822853813,2.1923668062847828,-0.005325938002844967,-0.00573586344629429,11.503527641296387,-4.675308704376221,-3.139613389968872,-1.6070064306259155,1509
-24.373221350908018,-7.018475809389188,-3.2063306641365776,2.3869981444042896,-0.00598910110410715,-0.0038215930478904905,12.749058723449707,-4.898282051086426,-3.2203240394592285,-1.3521676063537598,1510
-24.64704361878761,-7.0164245934783676,-3.322068102338482,2.425967899577019,-0.006064789519405293,-0.0026884776137706757,11.931114196777344,-5.007134437561035,-3.270660400390625,-1.3150866031646729,1511
-24.81550352726333,-6.995800076237166,-3.434626944043804,2.448977676646111,-0.006330351972149793,-0.002218306754475634,12.078469276428223,-4.359570503234863,-3.537876844406128,-1.2211381196975708,1512
-11.266324571252751,-9.130812385199544,-2.5221611332680474,3.122657982127068,-0.002010711726071046,-0.011348536698764886,11.404658317565918,-0.030663657933473587,-2.532020092010498,0.4957352578639984,1513
-11.733622364481127,-8.520187528360433,-2.556970365026165,3.1398825323742603,-0.0014681508003564496,-0.01178749315587874,8.842735290527344,1.8921520709991455,-2.136540174484253,0.9808905720710754,1514
3.11895677006025,5.085390442781082,-2.491685039975811,0.18390217186629537,0.0016303437025336383,-0.016155064744127916,-1.0446808338165283,14.055754661560059,-0.3660563826560974,4.070241928100586,1515
-9.439402841598154,-13.232665058969017,-3.1694949936653862,1.5566637194317556,1.072354301627404e-4,-0.013367034433677904,7.504374027252197,-2.0450732707977295,-3.020857810974121,-2.026075839996338,1516
-9.600408350333769,-13.448879583993884,-3.0514696907784233,1.6143626845043875,-4.597767051292087e-4,-0.012886753687568349,8.281651496887207,-2.626096487045288,-3.019571542739868,-1.9833848476409912,1517
-10.033267362584393,-13.721726195221178,-2.9382375550057183,1.6813702261608816,-0.00147820639172159,-0.011970150379396367,8.80811595916748,-2.6630992889404297,-2.865003824234009,-1.841905951499939,1518
-11.023838457692246,-14.053192165375565,-2.8184522461678276,1.8997766649883963,-0.002441786497504426,-0.01013972910308708,9.629905700683594,-3.3850722312927246,-2.8430840969085693,-1.7026197910308838,1519
-12.655803956958017,-14.082259064189905,-2.8310910534645806,2.07649633051574,-0.002871072256470231,-0.008482666453037382,12.050097465515137,-4.679178237915039,-2.495190382003784,-1.464518427848816,1520
-13.616233534652432,-13.769308179364844,-2.879663832166363,2.2753619826000904,-0.003562080806050735,-0.006956978958302231,12.598145484924316,-5.360417366027832,-2.450026035308838,-1.3161059617996216,1521
-14.206116662210553,-13.124750941597494,-2.956556446530987,2.4356283819836353,-0.0038965361576324626,-0.0058684222427855155,13.236233711242676,-6.070416450500488,-2.232743501663208,-1.0711727142333984,1522
-24.193944544434725,-7.551391095645083,-3.027841455915142,2.4911262667340015,-0.005364571554731477,-0.0035283847993278763,13.5973482131958,-5.555500030517578,-2.6910552978515625,-1.1246269941329956,1523
-24.28041660808738,-7.525360003444829,-3.0731252503182183,2.5064253485363697,-0.005440505859131432,-0.0033937726834725357,13.470918655395508,-5.529012680053711,-2.8433191776275635,-0.9998764991760254,1524
-12.344582167883848,-8.59729419005476,-2.432976372220684,3.0632798350018238,-0.0010495344922556169,-0.011858480153325428,9.790609359741211,0.9655894041061401,-1.5180010795593262,0.514414370059967,1525
-12.274535063355154,-8.36869725651528,-2.5046262812401543,3.117141214625237,-9.051109638053713e-4,-0.012017281428542873,8.941617965698242,2.058177947998047,-1.448318362236023,0.6963922381401062,1526
-11.059950342074936,-8.758771442249573,-2.5544415783669243,3.1341929114025806,-0.0027245501372501566,-0.011186532183891703,9.921626091003418,3.0550832748413086,-2.3068220615386963,0.797457218170166,1527
-9.667804813950502,-13.168984291109144,-2.9921294522072563,1.5879375612896658,2.206204124681485e-4,-0.013208971275095521,8.454753875732422,-1.0900341272354126,-2.5114948749542236,-1.491851568222046,1528
-10.025843512567718,-13.441907315272028,-2.811502583005596,1.6596924936932302,-2.7389366984949856e-4,-0.012983083455695073,8.866535186767578,-1.925814151763916,-2.7421579360961914,-1.713797688484192,1529
-11.045522785106147,-13.391216773527486,-2.618172414281536,1.7554409182232595,-8.97351544956626e-5,-0.01235867037224059,10.35410213470459,-2.1000938415527344,-2.3905725479125977,-1.3950899839401245,1530
-12.651177696773935,-13.524847615899272,-2.5959156822945366,1.9749452746075369,-0.0016991669619244665,-0.009891144486545813,12.418978691101074,-4.701028347015381,-2.258359432220459,-1.3051940202713013,1531
-13.354293964062599,-13.582920207671938,-2.628813035466839,2.187292543665764,-0.002651653209094866,-0.00830489672919529,13.731982231140137,-5.953962802886963,-2.1453499794006348,-1.2432359457015991,1532
-14.068931179214152,-13.494440169909169,-2.710101492383648,2.324849096552727,-0.0035497401153865775,-0.00654374584124242,13.80282974243164,-5.84071683883667,-2.2176272869110107,-1.2187554836273193,1533
-14.531235683156837,-12.951256765749788,-2.7262681793953667,2.4159381067913746,-0.003966493723694876,-0.005608200903076219,14.071438789367676,-6.033756256103516,-2.202165126800537,-1.0576245784759521,1534
-14.668581741012257,-12.775390201431405,-2.8336092304970513,2.516529289500115,-0.004420115581723772,-0.00485973051280362,13.923375129699707,-5.519602298736572,-2.273350954055786,-0.9851663708686829,1535
-23.911388419084524,-7.968879316998625,-2.864145166852642,2.5318579352062915,-0.005112065372471344,-0.004008096161942971,13.991735458374023,-5.766746997833252,-2.7038002014160156,-1.1619230508804321,1536
-12.066053566970488,-9.189855766472567,-2.423446662404705,3.037840811030266,-0.0018628357217302467,-0.01062077030956507,12.325469017028809,-1.6805040836334229,-2.0986688137054443,0.16044892370700836,1537
-12.439332769828281,-8.234772665473601,-2.3474474024559746,3.0383815443676685,-7.35001566672834e-4,-0.012128367420230013,8.480177879333496,2.088315963745117,-1.2839436531066895,0.7701205611228943,1538
3.0897568153684634,4.8212293509639395,-2.58063209769981,0.5228342688244558,0.0019752454061041074,-0.015924392060491684,-0.6869949102401733,14.02791976928711,-0.29239100217819214,4.002272129058838,1539
2.601153777257308,0.8945207495096664,-2.5476379465843926,1.668917385355828,0.0028239807826480347,-0.014522112148415704,1.6761144399642944,9.25723648071289,-1.119232416152954,1.461032509803772,1540
2.590691963533044,0.6893111827626199,-2.4238843989159355,1.7057161009472586,0.002305566287813698,-0.013902228047587237,8.906779289245605,-0.17767100036144257,-1.5351512432098389,-0.16369731724262238,1541
-12.3968400646768,-13.359717448231946,-2.458311803319622,1.9029454863232351,-0.0022874972871315736,-0.00925463201322947,12.812463760375977,-5.290982723236084,-2.046290636062622,-1.314242959022522,1542
-13.535246869518163,-12.950980909737284,-2.437992460706402,2.1477327025097583,-0.0025998298142999214,-0.008768058093107515,13.520757675170898,-6.708486080169678,-1.7417255640029907,-1.088376760482788,1543
-14.066107843677516,-12.47789536720671,-2.427541620710064,2.289277044550774,-0.0028496649682371866,-0.008172546849137204,13.988067626953125,-6.638877868652344,-1.772222638130188,-1.0805705785751343,1544
-15.031927648940659,-12.768570325959335,-2.4822533201958428,2.425708977000115,-0.0039747976276760105,-0.006103431815088125,14.645078659057617,-7.380989074707031,-1.8236507177352905,-1.090996503829956,1545
-14.711830995898632,-12.327187068038585,-2.4792504381920586,2.5248644030255054,-0.0038510957248120608,-0.005895453525805925,14.482108116149902,-6.469560146331787,-1.8061728477478027,-0.9098347425460815,1546
3.239907759807173,4.0545855336655965,-1.4723460745598564,2.8919858610790943,0.002481985132770246,-0.015443597727933248,-0.073535919189453125,11.584997177124023,-0.2554967403411865,3.65895676612854,1547
-14.743718351323112,-12.315428645152712,-2.5376813483025322,2.6620742952984546,-0.003875006212989012,-0.006042981841954492,14.017190933227539,-5.418582916259766,-2.267117977142334,-0.8657711744308472,1548
-12.550945315389658,-8.187797065410068,-2.2520184588219414,3.004978147761223,-4.8195899222237067e-4,-0.012412184430000514,7.739527225494385,3.2711451053619385,-1.103330373764038,0.7225959897041321,1549
3.2155070039258273,5.398162378000994,-2.2432549071099053,-0.15735507248223063,0.002246279894157739,-0.016071363819786886,-1.4715512990951538,14.89030647277832,-0.1932523250579834,4.221917629241943,1550
2.9552369138207815,1.780661901047234,-1.9648753475929985,1.4498040354412771,0.0023374387313829627,-0.01476248146996962,1.1072131395339966,8.53946304321289,-0.9844628572463989,2.070214033126831,1551
3.172873808207615,3.5418123901327334,-1.6785881590630303,1.2692796862286306,0.00224286858497404,-0.015449680471631082,-0.39787060022354126,11.223816871643066,-0.5554918050765991,3.4314167499542236,1552
-15.485589257210544,-12.332953602697971,-2.2836762738014946,2.193364588038323,-0.0032207968337348344,-0.00770280339718009,14.892036437988281,-9.226083755493164,-1.1663649082183838,-1.092205286026001,1553
-14.176097733901065,-11.618463300170076,-2.259042389371563,2.327339855448601,-0.0029754023152715396,-0.008958359158798323,13.166607856750488,-5.291084289550781,-1.3106999397277832,-0.6855250000953674,1554
-15.4129115000151,-12.2671749272147,-2.3596242737557183,2.422118154780266,-0.004071742676455017,-0.006512417810129799,15.427127838134766,-8.91848373413086,-1.2339376211166382,-1.1353355646133423,1555
-15.099275251641457,-12.148912109271935,-2.366628296353985,2.5333673632305835,-0.003918571047525384,-0.006278710346305755,14.811349868774414,-7.432015419006348,-1.5923190116882324,-0.9652953743934631,1556
-13.114872580208981,-8.602591759798246,-2.257773168065716,2.6957490122479175,-6.055839394025885e-4,-0.012237161220572012,9.076507568359375,2.0114219188690186,-1.0087993144989014,0.3704474866390228,1557
-13.134726352347647,-8.624016033733765,-2.2827379774834404,2.7073030150097583,-7.834523759123178e-4,-0.012084534301854421,9.738690376281738,0.9083271622657776,-1.169532060623169,0.5403026342391968,1558
-13.201727768348434,-8.710693348216346,-2.23764110324638,2.779903856531975,-9.25246575037802e-4,-0.01196078516875363,9.6628999710083,0.5618266463279724,-1.2464673519134521,0.4292016923427582,1559
3.146457511275025,4.826579126334412,-2.594310886838604,0.6007023728054739,0.002174485775801302,-0.015770325006623745,-0.8378917574882507,14.38497543334961,-0.15605312585830688,4.11091423034668,1560
11.953715653710816,-5.501617738074027,-4.338129169919659,-4.026173862202766,-0.006923588982815653,-0.014934750182452036,-10.200302124023438,-1.3900001049041748,-5.833920955657959,-8.01361083984375,1561
20.293195391194214,-15.891266342398778,-4.213782198407818,-4.0531030022937085,-0.01499528506887872,-0.010194150312332064,-19.530170440673828,-14.438000679016113,-6.012004375457764,-9.224882125854492,1562
20.707193379915005,-16.84850656840325,-4.181387550809552,-4.056980165227058,-0.016227533599513476,-0.009387478331632726,-19.95084571838379,-16.728557586669922,-6.092473030090332,-9.5909881591796875,1563
20.78454944415449,-16.925479017244495,-4.087167150952984,-4.110870155079963,-0.015330157865473388,-0.00985841389473053,-23.256790161132812,-17.86865234375,-6.266697406768799,-9.658136367797852,1564
20.835757359519754,-16.92898196171784,-4.0054155659462705,-4.116539033635261,-0.015087253874617913,-0.009938526873539914,-19.613245010375977,-15.545955657958984,-5.837106704711914,-9.29887580871582,1565
11.02808492361421,-4.536016209848336,-3.9460018944527397,-4.121600183232429,-0.012585926688125797,-0.01145104803593018,-17.67050552368164,-13.190703392028809,-5.66668176651001,-9.005617141723633,1566
10.977279620739454,-4.155979068206622,-3.868495352246929,-4.175388606770637,-0.011258702857130968,-0.0118924424051083,-17.734548568725586,-13.3876314163208,-5.316281318664551,-8.872692108154297,1567
10.942441992821765,-3.7615617288263103,-3.7524193596627007,-4.2118273103076245,-0.010281002286469216,-0.012122835084206564,-15.721282005310059,-12.826735496520996,-4.900118350982666,-8.811222076416016,1568
2.88396044119957,-0.4814622970827289,-1.4899249148155937,0.11978396536528829,0.0015375698263832695,-0.0143773449585496,-2.706268548965454,9.870807647705078,-1.3148550987243652,2.284658432006836,1569
2.617485668120668,-0.7577713875061977,-1.5554992627884636,0.06934788586318258,0.0016839354948462318,-0.013957226099441004,0.9106891751289368,7.311319351196289,-8.184976577758789,0.03271692991256714,1570
1.5855178309749887,-1.730799346288325,-1.8785246681954155,-0.049756886942985024,6.880969433980523e-4,-0.01253661707955357,21.643413543701172,8.695240020751953,-8.40424919128418,1.5819605588912964,1571
3.5960790019043,4.7462718396634935,-3.6097637486244927,4.7590047991436695,1.3885945132784518e-4,-0.01619436704353873,-1.297724962234497,9.91342830657959,-1.6507058143615723,3.617013692855835,1572
11.629779192635924,-5.9943393242399265,-4.421060688474347,-3.992078574879768,-0.009426000717030992,-0.013959494432397999,-13.62721061706543,-8.4525604248046875,-5.835358619689941,-8.172992706298828,1573
11.589435734098503,-6.105993141006666,-4.342136986234356,-4.018647464497688,-0.011199666918613406,-0.012836186605261823,-15.974739074707031,-10.723280906677246,-6.042153358459473,-8.293428421020508,1574
11.798404565709346,-6.294982698150689,-4.265086777188946,-4.009135516865852,-0.014555086900910511,-0.01047433148404654,-19.839035034179688,-13.79517936706543,-6.229747295379639,-8.6192169189453125,1575
11.454983814343322,-5.749205002669138,-4.102398760297467,-4.072609218342903,-0.012235671454865912,-0.011911889609120251,-18.04458999633789,-12.518238067626953,-5.815205097198486,-8.699200630187988,1576
11.375809300172133,-5.31446268775689,-3.979975111463238,-4.0960812890368725,-0.010024031456572692,-0.013260221611805133,-14.814159393310547,-6.929332256317139,-5.720342636108398,-8.276571273803711,1577
11.064548538241352,-4.608317567627858,-3.879886991956402,-4.124907048924568,-0.010303624631854875,-0.012473558419058265,-16.310789108276367,-10.80674934387207,-5.2671966552734375,-8.701737403869629,1578
10.965419814582258,-3.870922787027729,-3.7767599892403374,-4.098440917714241,-0.006320259266640948,-0.013494782368051718,-13.567743301391602,-3.1240365505218506,-5.062928199768066,-8.389300346374512,1579
4.567480461091459,1.8878082951571833,-1.4951836538101921,0.0995595133465505,9.892107634707217e-4,-0.014993630711598954,-2.7645833492279053,10.239849090576172,-1.0583547353744507,3.11417293548584,1580
4.487974964094565,2.725709684804584,-1.6509864401604424,0.005466339604256187,0.0015033381417370365,-0.01533880116184985,-2.4570062160491943,11.183335304260254,-1.0186004638671875,3.234097957611084,1581
4.504171518002671,2.825048388142048,-2.004626638868023,-0.09293702481568095,4.0571464314443804e-4,-0.015860334647090437,-1.847786784172058,8.659354209899902,-1.2582967281341553,2.8097317218780518,1582
15.513405863735679,-14.552140588191236,-5.506444103696515,-4.671454223378303,-0.01909638655293422,-0.00653082329690782,-22.524124145507812,-12.520840644836426,-8.190034866333008,-8.133121490478516,1583
18.28750860618225,-21.052297421560308,-5.487036831357647,-4.685045512898567,-0.026768747955422046,0.0024024518003757395,-30.197998046875,-20.572895050048828,-7.787128448486328,-10.268464088439941,1584
19.279262885406478,-22.16940509529473,-5.416589863279034,-4.667556079609993,-0.02688697479319027,0.002795255765793066,-30.91587257385254,-22.467851638793945,-7.34543514251709,-10.983109474182129,1585
19.443178101540486,-22.421118279719913,-5.3867398571755185,-4.710933479054573,-0.02684069098706285,0.0028790190057931923,-31.709321975708008,-24.381980895996094,-7.304428577423096,-11.103102684020996,1586
19.589747599635036,-22.5453484688357,-5.277112133481671,-4.758107455952766,-0.02646484345743922,0.0023362100716899097,-31.45591926574707,-23.986345291137695,-7.21844482421875,-11.279101371765137,1587
20.10137482364412,-22.751714300155456,-5.132530338742901,-4.690254482014778,-0.026246781475594533,0.001969679105937458,-31.527667999267578,-24.999441146850586,-7.121460914611816,-11.48498821258545,1588
20.432610338071346,-22.842202993857402,-4.511665470578839,-4.465708049519661,-0.025745093833816124,0.001151447156003662,-31.93177604675293,-25.939313888549805,-6.743510723114014,-12.17271900177002,1589
20.581781265264862,-22.86429689237719,-4.092456705548932,-4.253328355534675,-0.02354496973632674,-8.422696428671802e-4,52.80778884887695,18.65001106262207,-10.790350914001465,2.5596654415130615,1590
4.531336350683936,1.007739520162526,-1.4097694229866753,0.6034276163738943,4.752115197505998e-4,-0.014876973414363276,-2.9758048057556152,8.376463890075684,-1.1892287731170654,2.2471940517425537,1591
-15.499421002491967,0.6826307655568431,0.28997843744499585,-5.98439815877259,-0.013539782729175135,-0.012961004716356918,6.482569694519043,-16.205970764160156,-10.176005363464355,-1.9184556007385254,1592
-15.410106703984885,0.6559128353818328,0.2749685573790779,-5.994973930104377,-0.013194367936043864,-0.013168717821048401,6.269630432128906,-15.930906295776367,-10.119088172912598,-1.8499903678894043,1593
-15.449568602402097,0.6881977547899664,0.3056854534362068,-5.967931064351204,-0.013462322158310194,-0.013285160248079327,6.3068952560424805,-16.118013381958008,-10.107337951660156,-2.005504846572876,1594
-15.06944331461405,0.5513335662599429,0.3229597735617866,-5.946302684529426,-0.011130280071868445,-0.014324552585560289,6.057781219482422,-15.63521957397461,-10.045248031616211,-1.981608271598816,1595
-14.556457983182375,0.3996402224472686,0.3860496211264839,-5.882438453419807,-0.009976347055108303,-0.014865950916132561,5.367160320281982,-14.800902366638184,-9.615900993347168,-2.012042284011841,1596
-13.887289073665775,0.22644036587717187,0.41834747078163526,-5.84096554158509,-0.008873533457081414,-0.015459506582346213,4.939679145812988,-13.608760833740234,-9.3304290771484375,-2.218703031539917,1597
-13.318949182716743,0.08865276847045515,0.43041013958198926,-5.830899509175422,-0.007499192151651147,-0.01600143489550398,4.2407002449035645,-12.468400001525879,-8.746716499328613,-2.3053061962127686,1598
-12.291736682805437,-0.38143310569507577,0.5197197127555122,-5.683120998128059,-0.006265402860406036,-0.016550337233553484,2.7971270084381104,-9.981976509094238,-8.302271842956543,-2.124473810195923,1599
-11.59909626556666,-0.5516522127481513,-3.634643681028057,-0.7227263176280283,-0.0058815988202427245,-0.017221939232508,0.7011635899543762,-6.566892147064209,-7.614408493041992,-2.508366107940674,1600
-2.616078874307841,1.3603662244224595,-3.9587510895516167,-0.6759092980462336,-0.006776075026319665,-0.017020531220795145,-2.41186261177063,-3.7826006412506104,-6.716646671295166,-3.5484304428100586,1601
6.696675147349092,-7.931549741793947,-5.9037405323769345,-1.3422362530070566,-0.009817929714691004,-0.014595986394770683,-6.303318500518799,-4.066498756408691,-6.5152788162231445,-5.53774356842041,1602
7.287755599770394,-8.196043727890364,-6.217694885709454,-1.4955970370608591,-0.011028950497647539,-0.013501239776955474,-9.65709400177002,-6.096616268157959,-6.139236927032471,-6.235633373260498,1603
8.283131538786375,-8.689410858141066,-6.498819000699688,-1.5355767333346628,-0.012553060827794067,-0.012334583789934373,-11.106973648071289,-7.387902736663818,-5.805439472198486,-6.552577018737793,1604
9.000856616607548,-8.93523297029678,-6.718452579953839,-1.5110417926150583,-0.014587265730460796,-0.009843158659404237,-15.21091079711914,-12.63233757019043,-5.468420028686523,-7.49365234375,1605
9.698543927907163,-9.190157860102088,-6.888418800809552,-1.4903006875354075,-0.016028807318035805,-0.007821378749696737,-17.08112144470215,-15.165824890136719,-5.1986985206604,-7.818084239959717,1606
10.095867104481993,-9.285432564706879,-7.049935467221905,-1.488503965123298,-0.017171838610288252,-0.006189121588467999,-17.55895233154297,-16.037811279296875,-5.048250198364258,-8.029208183288574,1607
10.417466087602937,-9.410881284050983,-7.2119866680886044,-1.4674587571460032,-0.017890139042657464,-0.005130683600709005,-17.757261276245117,-16.536211013793945,-4.910894870758057,-8.126349449157715,1608
10.738093482775803,-9.521988908437656,-7.45116866348045,-1.4700435721713327,-0.018288780186352698,-0.00437102564213123,-17.9720401763916,-18.07451629638672,-4.401854991912842,-8.62399959564209,1609
10.980483485512302,-9.627442426636735,-7.766036636808087,-1.4091656529742502,-0.018734854073506748,-0.003048179204312202,-18.234228134155273,-20.36653709411621,-3.967628240585327,-9.064106941223145,1610
-13.070995219665969,-27.92191513896881,-8.166746265866925,-1.3348239385920786,-0.018938219109491186,-0.0021535949541408366,-18.174226760864258,-24.37480926513672,-3.629387855529785,-9.362707138061523,1611
-13.092713625549141,-27.71002215692942,-8.33083928344505,-1.3141287886935495,-0.018865119950451665,-0.0021144078451832368,-18.164653778076172,-26.340471267700195,-3.497326612472534,-9.377408027648926,1612
-13.192987302775169,-27.508472040435265,-8.484516270139386,-1.26851019500077,-0.01872054801862646,-0.0019501286669695954,-17.923503875732422,-27.166526794433594,-3.2874767780303955,-9.658391952514648,1613
-13.309586303284705,-27.243722753619103,-8.625640518644024,-1.3011988127070688,-0.018541375683557043,-0.0020297760341796193,-17.1652889251709,-29.134708404541016,-3.0828752517700195,-9.710343360900879,1614
-13.571500326302516,-26.831478167498528,-8.870144970395733,-1.0966691100436472,-0.018502183727225688,-0.0013499622878115403,-16.543546676635742,-30.31652069091797,-2.7235565185546875,-9.792671203613281,1615
-13.957859221055976,-25.814574985566036,-9.122779972531964,-0.7518191063243174,-0.018180131314366334,8.208576867844383e-4,-15.62189769744873,-32.406822204589844,-2.300302743911743,-9.918389320373535,1616
-14.66004280768466,-24.35702501835176,-9.379360325315167,-0.23130344091236826,-0.0165520500768814,0.0020721255392412803,-10.826623916625977,-32.157596588134766,-1.5254868268966675,-9.700346946716309,1617
-14.743812055276475,-21.18936652459404,-9.423828251340558,-0.06317368386566874,-0.00775171821573775,-0.0017526261213384848,4.283709526062012,-26.774511337280273,0.20291195809841156,-8.882551193237305,1618
3.374495436447636,1.6303934141547218,-1.9379822087075005,2.260855642573235,1.5921864188951098e-4,-0.012990996082127821,4.072803020477295,3.935868978500366,-1.0698752403259277,1.0693190097808838,1619
-15.532511078626973,0.5979377519625368,0.2427303123687019,-6.029178889973762,-0.013423177797462292,-0.012700045709342266,6.13506555557251,-15.927619934082031,-10.084672927856445,-1.9294135570526123,1620
-15.50028001032692,0.5921897339193015,0.23058974029762647,-6.035445007069709,-0.013405241599470126,-0.01271650705448469,6.335629940032959,-15.92846393585205,-10.107333183288574,-1.8574222326278687,1621
-15.501701843351077,0.5985667364592332,0.23082249643547437,-6.039453300221565,-0.013391484613991611,-0.012776472715952295,6.318235874176025,-15.991113662719727,-10.092288970947266,-1.956640362739563,1622
-15.458241869548777,0.5855336278244777,0.22549014570457837,-6.0444548451739575,-0.013215662975762332,-0.01287284362976707,6.443953037261963,-15.977540016174316,-10.130292892456055,-1.9553067684173584,1623
-15.173244310666403,0.4703773900260989,0.28331422092659375,-5.984862121327522,-0.01069289572785516,-0.014139391758434615,6.512686252593994,-15.999200820922852,-10.071701049804688,-1.9425649642944336,1624
-14.688686106232042,0.3157219711277488,0.3390210795615425,-5.930157932026985,-0.00988205197332412,-0.014757560905643275,6.131046295166016,-15.265048027038574,-9.704202651977539,-1.803406000137329,1625
-13.61076944979028,-0.010964075447019824,0.43862354042274854,-5.809890540822151,-0.00774301488010584,-0.015928493398414983,5.2766432762146,-13.193886756896973,-9.019987106323242,-1.929500937461853,1626
-12.367645266593799,-0.46011917980864875,0.48015259983284375,-5.681809219105842,-0.0064213956988350565,-0.016666507438620644,2.5688021183013916,-9.162206649780273,-8.385480880737305,-2.3343513011932373,1627
-2.2536199494427827,1.6686748594573309,-2.5492992472435723,-0.3673774176675105,-0.005042587344613072,-0.0177357791348961,-1.0358011722564697,-0.7473198175430298,-2.2126400470733643,1.9826003313064575,1628
7.108438756857375,-7.735221200654437,-6.3366376232888,-1.5003803098040842,-0.010524757832145647,-0.013398367730958559,-8.32746410369873,-1.2881765365600586,-4.927730560302734,-5.996278285980225,1629
8.477486169154762,-8.604633160117809,-6.494907505490948,-1.528190883381965,-0.013244119758865257,-0.011351739967451856,-10.907440185546875,-5.332400321960449,-5.405973434448242,-6.754827499389648,1630
9.259337916908414,-9.074657717449409,-6.630727417447735,-1.5183959328967356,-0.015414496935137514,-0.008701810228840597,-16.85663414001465,-14.34135913848877,-5.229159832000732,-7.575131416320801,1631
9.575384282542345,-9.237574551162119,-6.754885323026349,-1.5068257176715159,-0.01617552456602707,-0.007477728110487884,-17.398815155029297,-15.497208595275879,-5.202160358428955,-7.713706970214844,1632
9.609177323638,-9.345595263572733,-6.824588425138165,-1.4951501214343332,-0.01613324572297088,-0.007510944818933588,-18.06548500061035,-16.145910263061523,-5.062570571899414,-7.909678936004639,1633
9.67487185931756,-9.367565580698987,-6.875698692777325,-1.493074210866096,-0.01623550659969917,-0.007396130177088475,-17.728422164916992,-15.777477264404297,-5.175726890563965,-7.9179816246032715,1634
9.86842692951855,-9.43313294958599,-7.013247139432599,-1.489611657841804,-0.01647108224656013,-0.007143192659359818,-18.00174903869629,-16.125911712646484,-5.112341403961182,-7.958655834197998,1635
10.101970662156816,-9.433515451999082,-7.110689289548565,-1.4952321374255442,-0.017302151689486484,-0.006026675250994238,-18.138093948364258,-16.559133529663086,-5.0413641929626465,-8.0959625244140625,1636
10.406470724754728,-9.443079930940401,-7.135413773038556,-1.4871641719180368,-0.01787768796709917,-0.005207826265030536,-18.117067337036133,-16.53944969177246,-5.072003364562988,-8.208839416503906,1637
10.939222128047215,-9.594631758645242,-7.452503807523419,-1.4521882855731272,-0.01823056746090065,-0.004533015396241429,-18.27686309814453,-17.88327980041504,-4.815401554107666,-8.606313705444336,1638
11.2972838273713,-9.722065648369979,-8.151039249875714,-1.3478814685183786,-0.01841073633059072,-0.0041026335009410305,-18.316455841064453,-20.371686935424805,-3.968618392944336,-9.011528015136719,1639
-13.117868896983573,-27.58283658065433,-8.428953297116925,-1.298575850709083,-0.018699910148838816,-0.0022358985402834396,-17.903640747070312,-25.968957901000977,-3.4636874198913574,-9.486615180969238,1640
-13.464130413608677,-24.889419415622857,-9.277662403562237,-0.8623907291728281,-0.017753629709295206,0.004585746047204407,-14.434603691101074,-32.9921989440918,-1.6892309188842773,-9.649561882019043,1641
-13.922018768269837,-24.737966513421277,-9.323941357114483,-0.7181307995158457,-0.016831201039778625,0.0023583075255262276,-13.76003360748291,-34.423011779785156,-1.4964708089828491,-9.633370399475098,1642
-14.819044068685363,-24.009749255296686,-9.352080471494366,-0.3211955228287005,-0.014970701140449157,0.0023590252782145923,-7.804108142852783,-32.832359313964844,-1.1226414442062378,-9.425505638122559,1643
-15.318729588613206,-23.54098322229864,-9.407318241574933,-0.13932159779846903,-0.013996410888499435,0.00286568203882232,-7.133291721343994,-32.98115921020508,-0.6534129977226257,-9.250387191772461,1644
-16.236699264805136,-13.357402035139291,-1.2389399480606804,6.056273189799187,-0.006519655980803464,-0.0012350704093632486,11.558598518371582,-20.454654693603516,-0.17119643092155457,-1.8242789506912231,1645
-15.064774299034479,-7.003145978508555,-0.5294490527893791,5.388162819163201,-0.006632868351100633,-0.009532134982801376,11.02454662322998,-14.039665222167969,-9.251147270202637,-0.6649256348609924,1646
-14.736757717305053,-7.693857892090357,-0.7275099192346821,5.303691593424675,-0.005760365014029439,-0.010576857077486639,13.397027015686035,-10.312880516052246,-0.6058170199394226,-0.5355730056762695,1647
0.4603175615933512,5.945805280667201,-2.62650931594627,0.5008906996411062,-2.0285440916279434e-4,-0.01449592274992366,0.5908587574958801,12.500757217407227,-1.1548163890838623,2.9974241256713867,1648
7.152204176685258,18.41636891223046,6.689702861330341,-0.7024652683573984,0.024487130027910756,-1.9805433931493872e-4,-5.302720546722412,47.814205169677734,3.72404146194458,12.285075187683105,1649
6.386481664689722,17.559839869007412,6.691648833772968,-0.5807947838145517,0.022365162166718185,-0.00163131756554442,-3.6320106983184814,46.395870208740234,3.6480486392974854,11.876534461975098,1650
6.784036515100266,16.90171276189599,6.662507407686542,-0.6675268137294077,0.02098167564983622,-0.003084438008848028,-5.779423713684082,45.34333038330078,3.354624032974243,11.753416061401367,1651
2.5465591840582977,12.32102770229795,6.486265532991718,0.817166177050469,0.010848632217896548,-0.012597425075320554,0.472224622964859,28.411001205444336,2.263319492340088,7.9439473152160645,1652
0.4201249676652714,19.71600154915271,6.1929720568869815,1.509454814211724,0.0221724461956581,0.005602834886543627,10.38301944732666,46.30577087402344,6.136856555938721,10.016910552978516,1653
0.984289075584463,14.035140695721731,6.053927772066425,1.5478436625164724,0.010191987058494537,-0.012098763538603244,4.356285572052002,30.826786041259766,3.7047274112701416,7.850560665130615,1654
-6.481757454954595,23.143328139108064,4.619565360567401,2.7047214186352466,0.01951224689882352,0.008148900127617471,20.077228546142578,35.21792221069336,6.004204750061035,6.868078708648682,1655
-0.49847615334051026,26.078127040833564,2.594485156557392,1.5100985443752981,0.01539831848136276,-0.0026812266162206293,10.108999252319336,24.913333892822266,2.152829885482788,6.776660919189453,1656
8.261458001283986,6.232364878656419,2.409440629503559,0.877784696833489,0.013063921143864291,-0.008104839439210348,-1.5591790676116943,21.621910095214844,0.7476068139076233,7.001829624176025,1657
23.791288064745842,17.782193086197065,2.4738222289298286,-0.47268539531409975,0.02387270805153344,0.002636706259292235,-20.354534149169922,26.468551635742188,0.5600641369819641,10.379034996032715,1658
24.61582719756234,16.467382790995813,2.718628280184101,-1.0384182059603952,0.026843237546417056,-0.003087635290605114,-25.991981506347656,30.03790283203125,-0.31722328066825867,11.74832820892334,1659
20.313343017410396,14.7601254209036,3.1955224204276313,-1.7128666961032175,0.020657295354933478,-0.0062285855695743955,-21.251636505126953,31.01655387878418,-1.0699602365493774,11.007550239562988,1660
13.989157385049538,13.010612927281707,4.12386738540871,-2.5637331330615307,0.01691166923036674,-0.008878447500798553,-15.883810043334961,33.390071868896484,-1.5434468984603882,10.438414573669434,1661
12.779412544820953,12.662203322377925,4.897927157900165,-2.664028199895027,0.01576249768200752,-0.009697192203163056,-14.83332633972168,34.363685607910156,-1.2740079164505005,10.15497875213623,1662
10.678960578241188,11.519922775285007,5.462398879549335,-2.607425483449104,0.012804342356117888,-0.011684401118685716,-10.246641159057617,29.40753173828125,-1.084937572479248,8.962506294250488,1663
9.63513466634637,10.360567035641326,5.379991405031513,-2.5284312093096997,0.010006942516305767,-0.013082832193975468,-7.910937309265137,24.358989715576172,-1.1512703895568848,8.483891487121582,1664
17.387164121388963,19.36593708269864,4.371666305086444,-2.4111771905261303,0.0313835664161502,0.0033118141467677574,-26.093984603881836,40.679195404052734,-0.7471763491630554,14.180859565734863,1665
12.146803643734453,17.467867010127552,5.645264022371601,-2.009377034886482,0.027838651015318135,-1.235367709983452e-4,-16.890222549438477,43.50886917114258,0.8990421295166016,13.084879875183105,1666
7.785833689627025,16.064594257146222,6.674851291200946,-0.899694653733375,0.020828340155583477,-0.0042253854110740246,-7.533762454986572,43.68106460571289,2.8147315979003906,11.757610321044922,1667
7.956093809495509,20.215757696936848,6.701141231081317,-0.7883066856700205,0.026780320872021132,0.0016688051380463421,-7.86994743347168,50.60883712768555,3.9986824989318848,12.8872652053833,1668
-9.893987803183885,24.699807938283993,5.154538028261493,2.415634361521599,0.023998445721917644,0.012464323665380883,22.131654739379883,43.56764602661133,7.15292501449585,8.585921287536621,1669
-9.365366788484282,24.22014260418675,5.155145041963886,2.488129583613274,0.023201209061768587,0.012065312006354627,21.936084747314453,41.676307678222656,7.121160507202148,8.174663543701172,1670
-6.952482442982523,26.584972487091207,4.154897563478778,2.825292793528435,0.023145950504709807,0.013521219230777684,25.630895614624023,36.308353424072266,6.2129950523376465,7.898741245269775,1671
-0.48287589560312616,32.24684543282973,2.4364031481955757,0.6395886814755178,0.02627581502709186,0.012769051075874036,23.19152069091797,24.517602920532227,2.082632541656494,9.925506591796875,1672
21.77590726035325,16.670598136817947,2.5646794963095894,-0.8604822182494425,0.020296805545907202,-0.00499126218305178,-18.328948974609375,26.836580276489258,-0.06486475467681885,9.854381561279297,1673
25.40450013751319,16.871844995719883,2.585604064485859,-0.8651207113105082,0.02605847962850736,-0.0028954514935725616,-27.05445671081543,30.560222625732422,-0.20828963816165924,11.888648986816406,1674
18.376588366634955,19.716215601401068,3.9449051547263374,-2.525995525105598,0.03191581041535407,0.004100857854542385,-27.47833251953125,38.96354675292969,-1.0212478637695312,13.903077125549316,1675
15.73596889293839,21.369360716342552,5.080910556337665,-2.748996766789558,0.03427023789101256,0.008485848886259438,-25.50363540649414,44.270179748535156,0.13157495856285095,14.761314392089844,1676
11.220714790081095,17.512709871680478,5.863029830477069,-2.314223440869453,0.026823447784070826,-6.058314126815153e-4,-16.293445587158203,45.13526153564453,1.4387708902359009,13.330777168273926,1677
10.637795616985974,14.124970154070555,5.84582316162331,-2.301760348065498,0.017373715172456453,-0.008591120371060985,-13.359785079956055,41.100223541259766,1.0307772159576416,12.358980178833008,1678
-13.247417750645816,-10.58011738992108,-1.1812336516167412,7.421658245341179,-0.003914524969894286,-0.006591986738122346,7.225016117095947,-1.3458993434906006,-0.45386525988578796,-2.0282845497131348,1679
10.069813553420706,12.252639463037706,5.899684779665302,-2.5369971120196606,0.013429172431698501,-0.011028190996995218,-8.508946418762207,29.63868522644043,-0.8264375925064087,8.992944717407227,1680
4.7418665321348055,10.37964688729362,6.712997787020038,0.5983138954800344,0.008022714270849014,-0.014280619346632016,-2.3591716289520264,24.626588821411133,0.6184773445129395,7.307914733886719,1681
-0.616279215231425,10.34577916760033,5.902490012667011,2.932472673670647,0.006110880861301151,-0.016018081439159115,0.9254128932952881,22.206764221191406,1.7756168842315674,6.533029556274414,1682
-0.5148718512868113,14.320907917694885,6.54981314422829,2.1404893076580738,0.010565122362339406,-0.012025595343121791,5.602355480194092,31.277324676513672,3.758781671524048,7.845268249511719,1683
4.431726646246338,6.884903589020507,2.655965678713154,0.9680717861813284,0.004668209334367729,-0.015921527344482468,-0.8943288922309875,17.72333526611328,0.3696492612361908,5.658659934997559,1684
0.5859476245358619,7.669611430774972,5.065367095491718,3.594596115366814,0.005788227454327534,-0.015184643365577845,0.8385916948318481,17.821638107299805,1.0889613628387451,5.276501178741455,1685
13.186286491761242,10.560276372624477,3.634061687013935,-3.001933130009773,0.013278780273273245,-0.010624534695490328,-11.308403968811035,25.904685974121094,-1.7159137725830078,8.793105125427246,1686
15.891226478830838,12.450042295947288,3.520294063112568,-2.9273631894427563,0.017118465933532175,-0.00842262948695546,-15.454171180725098,31.356861114501953,-1.8220747709274292,10.38687801361084,1687
13.332827552511914,10.82579498619612,3.7211340594504585,-3.0115974271136547,0.014071361639604929,-0.010169316382842283,-12.988181114196777,27.210412979125977,-1.7350229024887085,8.991131782531738,1688
14.368962409213045,11.145572788870142,3.6412581134055366,-2.968847783787849,0.015556306579888338,-0.009233604962362923,-13.857269287109375,28.863235473632812,-1.7537684440612793,9.5951690673828125,1689
0.5417407758474881,8.76784323201304,5.1392234492514834,2.4092266237896656,0.0029042181666609585,-0.01588276825962113,1.8183311223983765,16.097471237182617,2.0808377265930176,5.374253749847412,1690
-6.303203983487956,21.380049924568,5.162302367708515,3.3534757769268726,0.017100601706607273,0.005523479217943818,17.28354263305664,36.40129852294922,6.122385025024414,6.38651704788208,1691
-8.461877350052461,21.932635692726095,5.231878154299091,3.4124707853955005,0.021142433664546975,0.010217323843807429,19.803442001342773,39.902984619140625,7.150650978088379,7.329803943634033,1692
-5.061146170838894,30.68461654072203,3.4540251422141304,2.4382531321209644,0.02531822660612996,0.015784916684967298,27.958602905273438,31.181608200073242,4.89443826675415,8.658329010009766,1693
-3.3311566909451167,30.946752126753953,2.9925645518515815,1.931917873637078,0.026219931244720714,0.015943139581759205,26.912118911743164,28.700824737548828,4.065548419952393,9.02652359008789,1694
0.5063446952007913,28.478893413576817,2.576543204805683,1.0766069567364431,0.01911082984934299,0.0045706111219403715,17.097810745239258,25.307825088500977,1.9479061365127563,8.280180931091309,1695
8.02411089491404,8.113947220882157,3.6854313540671577,-1.4686639630633616,0.012002737405875385,-0.012827645140251271,-5.697378635406494,21.87674331665039,-0.2540668249130249,7.6872639656066895,1696
16.62639345938699,20.356284959679332,4.650724284670185,-2.257163795216682,0.03211366482426317,0.004631649776209109,-25.331039428710938,43.233436584472656,-0.1567704677581787,14.70811939239502,1697
12.583789189757153,18.197354380744613,5.591614120027851,-2.0804519975024487,0.028594023258535523,4.991308483062983e-4,-17.2128849029541,44.41450500488281,1.0744268894195557,13.474876403808594,1698
8.038425900719057,19.83257669353487,6.647970550081562,-0.7183212661582254,0.025657294735794468,7.332730188242892e-4,-7.749840259552002,49.74113464355469,3.8816096782684326,12.740766525268555,1699
-0.8574282129674343,19.70220046607943,5.6701239276145206,2.026459661738274,0.0213557206619032,0.005474178409020317,12.449362754821777,44.850826263427734,6.376610279083252,9.431751251220703,1700
3.169722535387847,19.16606047305886,6.658397071382831,0.696581927554009,0.02163316329280722,6.727815738581685e-4,3.4688808917999268,47.724937438964844,5.280987739562988,11.096120834350586,1701
0.028289308332275356,31.97404247011939,2.244856946489643,0.3053116476696706,0.02618449007428081,0.010513173387301768,21.744674682617188,24.630260467529297,1.5750821828842163,10.09852123260498,1702
24.155832880928426,15.61415118405304,3.149258964083027,-1.5427946173983835,0.026738575542659116,-0.0029287705906587214,-26.548532485961914,31.539005279541016,-0.7272742986679077,12.010161399841309,1703
19.275862993333362,18.229830794001476,3.553943030855488,-2.2127927863436962,0.029375417732984667,-5.0645716143853475e-5,-27.114587783813477,36.062992095947266,-1.1870874166488647,12.879600524902344,1704
18.63655289596085,20.856505713927305,3.8135222125266304,-2.5390999638873364,0.03372915959049211,0.008188536578107853,-28.768604278564453,39.319068908691406,-0.9699786901473999,14.08595085144043,1705
12.576729774157602,14.01150559852448,5.332703940889667,-2.736984046681526,0.01899374072774098,-0.007346845848851736,-14.380648612976074,34.969608306884766,-1.1910282373428345,10.49665641784668,1706
-11.724585257050883,24.644926662736932,5.9397615123008,2.040842739359734,0.026302344370640218,0.012992646994358129,19.503395080566406,46.262081146240234,7.517219543457031,9.518688201904297,1707
-0.11523436829988,6.849509218742745,2.805482976457905,2.9982163584393238,0.004534389208752265,-0.015364143847433884,1.9066591262817383,13.984179496765137,0.7489186525344849,4.875425338745117,1708
-6.08246232133121,21.918298008583733,5.077475898287128,3.562052932993767,0.01846488214552356,0.007363626615217513,18.92220687866211,34.662906646728516,5.837937831878662,6.16148567199707,1709
-3.7459870354016918,16.295505094763037,5.050746314546894,3.5733573115032886,0.009722301668655448,-0.011583173358623236,8.846789360046387,27.02330780029297,3.678854465484619,5.684627056121826,1710
-3.611162119815416,17.66250936214473,4.163544051668476,3.0313665545147632,0.01025186143255776,-0.01067879938791612,10.410027503967285,27.41912269592285,3.989603042602539,5.753222942352295,1711
4.475248058203094,5.5363461344071405,2.4222077059958687,2.2051648771923755,0.004554950146890804,-0.015770725899441007,-1.8217836618423462,16.118146896362305,-0.007868973538279533,4.9101057052612305,1712
0.20701918002525338,26.623558318767202,2.365245931169819,1.9960686838787771,0.013938125873702991,-0.0052912919115851165,12.473044395446777,25.53168487548828,2.2387518882751465,7.434996604919434,1713
-1.7694596477108262,6.894235748310027,2.4927152323935737,2.492894617335198,0.00768042264942537,-0.012892831381017725,3.443087100982666,18.032922744750977,1.838279128074646,5.512144088745117,1714
4.005887906005878,4.295157995416053,2.471827619097065,2.748343197123406,0.004607486079911574,-0.015263992569072484,0.240415558218956,15.173730850219727,0.3224083185195923,4.503488540649414,1715
-11.839129699048874,24.175191011399956,5.768689029238056,2.6143603003185962,0.025965671419987957,0.01386923674141552,22.659875869750977,44.59934997558594,7.646158218383789,8.555498123168945,1716
-8.714471077237937,22.721050699026723,5.255636088869403,2.547995296732781,0.022145769904066855,0.01021162387449898,19.554386138916016,40.642173767089844,7.067679405212402,7.870425224304199,1717
0.3565785525404331,8.385143016796576,5.536465995333026,3.1246266043347095,0.006397580220630998,-0.014713086364483914,2.937795400619507,19.699020385742188,2.057389259338379,5.425533294677734,1718
16.983569378615215,14.092521832258583,3.8776920962546577,-2.540474446995857,0.02230371681236052,-0.005365780133660834,-19.422466278076172,34.544532775878906,-1.412508249282837,11.23393726348877,1719
1.2961151858956752,4.950486707863985,-2.54564309833305,0.6988395130795217,0.001354511555519931,-0.015533964038301401,0.9589218497276306,8.019168853759766,-1.916809320449829,2.342902421951294,1720
25.764391235633777,16.9421163406869,2.5339246916983833,-0.6264234506922983,0.02647663318527628,-0.002487649995976564,-28.657272338867188,32.38068389892578,-0.2867565453052521,12.320417404174805,1721
-5.453983676282862,18.55442971772934,5.30626951935036,3.524138180033562,0.010378273420465529,-0.010699511402271772,12.156790733337402,32.67782211303711,5.113337993621826,6.390324115753174,1722
2.8971531853761903,19.292302199354975,7.148957126161884,0.9865519678753591,0.02224107789466542,0.002400742867772281,5.236415863037109,47.8237419128418,5.303374290466309,11.056118965148926,1723
7.779503841409338,18.274119543778685,6.633646838686298,-0.7180036926108622,0.025104610539566318,7.171484257484065e-5,-7.170321941375732,47.95592498779297,3.4543521404266357,12.524199485778809,1724
7.779320308707741,18.36890378201283,6.611951224825214,-0.7821581387358927,0.025136793749363156,9.571816190576619e-5,-7.142001152038574,48.26860427856445,3.4415652751922607,12.598469734191895,1725
2.7606721767756026,20.092713583624537,6.538721435091327,0.858759251849053,0.02277000039502243,0.0032162082379402373,6.613002300262451,49.613006591796875,5.934315204620361,11.1968994140625,1726
7.428614497991943,18.353528191067475,6.432159297487567,-0.5367877581554674,0.02529054006862523,6.001716676752998e-5,-3.3668887615203857,48.908103942871094,3.9545340538024902,12.352048873901367,1727
1.6307041900948547,20.467760595103652,6.591853969118427,1.3448229706448294,0.023778086834425862,0.005919162996611597,9.071500778198242,48.57041549682617,6.256529808044434,10.775179862976074,1728
-0.2438838182223333,19.387788965761835,6.167658202669452,1.7749313986462332,0.021668309288544626,0.005559907383919155,11.075947761535645,45.63186264038086,6.072312355041504,9.741628646850586,1729
-5.066598827006448,20.337184248957875,4.438497416994403,2.5600721514385913,0.013589232829760923,-0.0035036164918604514,15.47261905670166,31.814090728759766,5.1743059158325195,6.276358604431152,1730
-2.2756570907516958,29.740467501726886,2.815923087618183,1.8571574366253591,0.022935507081603485,0.011612215943126534,22.89566993713379,28.010051727294922,3.3288238048553467,8.846776008605957,1731
-1.5000558741944507,31.926642856348092,2.4486759829734077,1.092086282984612,0.026878876300087746,0.01499963891010758,24.337749481201172,25.47038459777832,2.7119834423065186,9.587675094604492,1732
0.3744732671672976,28.697068888921606,2.6029463935111274,1.074183074252007,0.019611333984700025,0.005452192324192779,17.718515396118164,25.90351676940918,2.2134251594543457,8.321552276611328,1733
24.282686462212677,16.257424288053794,2.761359803697895,-1.0949461781817698,0.026755780754211828,-0.0028619571535905657,-25.805278778076172,29.674087524414062,-0.43606168031692505,11.885311126708984,1734
23.758180818418847,16.15826521238195,2.8608604598258247,-1.1731230342227243,0.026129332073688442,-0.0023364383343734726,-24.2672176361084,29.268497467041016,-0.48769670724868774,11.735759735107422,1735
18.50545880233798,16.69491566369157,3.6703756976340522,-2.3215903365451123,0.025134474826167673,-0.003707225890596299,-24.1528263092041,35.59148406982422,-1.6736600399017334,12.631401062011719,1736
13.787303913836157,15.968003865819831,5.169854037782978,-2.775192769749763,0.02281267297116758,-0.004772068662559888,-17.284183502197266,39.67622375488281,-0.24794375896453857,11.922953605651855,1737
11.793444316567088,16.978180169536113,5.8677204776023135,-2.308043035252693,0.026372925233319088,-0.00123266655415392,-16.086933135986328,43.0992546081543,0.9988008737564087,12.858716011047363,1738
10.72358737617286,13.157473691169466,5.866629951021503,-2.2368113124209668,0.01620549045286169,-0.009187597915902027,-10.984471321105957,32.17707443237305,-1.0039455890655518,9.28327465057373,1739
5.146700201582527,9.350610163340628,0.24686943771583936,7.999652591959832,0.0037250725390879542,-0.01471851158096612,-0.21994458138942719,3.9798593521118164,-0.8446160554885864,-6.304040908813477,1740
-0.8757966049984394,11.191158715399547,5.92013727905495,2.8492407477062915,0.007437765633127289,-0.014282165423553917,6.321718215942383,25.52445411682129,2.942049503326416,6.074709892272949,1741
-3.403581734036452,16.656610323441733,5.053373687288593,3.308951107279656,0.009028100204915452,-0.012484695738839079,8.060087203979492,26.418296813964844,3.399570941925049,5.867702960968018,1742
-3.540950919374234,16.729255789184297,4.763050906679462,3.4609672701519703,0.00950933948299655,-0.01170851769453656,9.154837608337402,27.19932746887207,3.690924882888794,5.760710716247559,1743
25.1933019594298,16.475291806565057,2.7431114840720405,-1.0349633419352793,0.026577585188990317,-0.0034479679467629967,-27.58949851989746,31.188695907592773,-0.28391292691230774,12.040610313415527,1744
1.9976239598809045,12.956399799796795,6.751016013643573,1.2798062241238333,0.010964070377256255,-0.012503983279147653,2.1418991088867188,30.32276153564453,2.9494738578796387,8.033409118652344,1745
10.668510306407502,15.14968435784943,5.646116607210468,-2.0205585086184765,0.018154415421141414,-0.0076150961351064694,-11.53830623626709,39.46564483642578,1.02173912525177,11.909027099609375,1746
7.530117710352043,15.051902532467015,6.687622897646259,-0.7679414176780008,0.017390048080700764,-0.007262594603309795,-4.63486385345459,38.6117057800293,2.8501620292663574,11.091120719909668,1747
9.436900815842744,12.971197508519658,6.328323237917255,-1.6314683282214426,0.015138018951103527,-0.0096966006287487,-8.206942558288574,32.72780227661133,-0.6384717226028442,9.017928123474121,1748
11.75499578892349,17.670744993109913,5.971025817415546,-2.15882614491761,0.027535424465770522,-1.6211506671605678e-4,-16.03801155090332,44.239505767822266,1.2217142581939697,13.240326881408691,1749
9.889620033067002,12.093163895045429,5.82227408172829,-2.5861485326129223,0.013552099943603759,-0.011093061430834422,-9.035613059997559,30.18588638305664,-0.7326524257659912,8.895326614379883,1750
-7.586470718859898,19.65896077200032,6.0883063006613956,2.799615589396355,0.01673324448398357,0.0010427004430945779,15.060073852539062,39.973140716552734,6.224823474884033,7.772345542907715,1751
-5.070646000237997,24.388605896326442,3.9393986392234077,2.9626609957379078,0.019126913038990456,0.00870177687057104,20.747095108032227,32.892845153808594,5.296027660369873,6.780941963195801,1752
-5.299603455150036,22.498938802176465,4.571368091127704,3.4328894293469165,0.017397336935029543,0.005866182778043211,19.10773468017578,33.206302642822266,5.638879776000977,6.202152729034424,1753
-2.5469117268168473,28.956752783128522,2.9949732947562446,1.978072611109612,0.021383670760208653,0.010792576945598837,22.54496192932129,28.816741943359375,3.799778699874878,7.859907627105713,1754
-4.437822329996061,22.45772742833654,4.387787692568134,3.418094602839348,0.01599754662891919,0.001724735188716802,18.54651641845703,32.05073928833008,4.970294952392578,6.236592769622803,1755
6.086219984808379,6.31381153594352,2.173215978166889,-0.4465112579453015,0.0070250213556210025,-0.01479886948086776,-5.978736400604248,18.416168212890625,-0.5642750263214111,6.978480339050293,1756
16.784613669047047,13.693023679890166,3.633883349916767,-2.923643621190193,0.020787407958365926,-0.00643950076709266,-18.04607391357422,34.081790924072266,-1.7632001638412476,10.866156578063965,1757
13.876344699788895,16.82353671206518,5.4564536738608584,-2.7799938046771313,0.025325047328834935,-0.002878714441555021,-18.176273345947266,41.26140594482422,0.13809113204479218,12.610453605651855,1758
9.281398088042664,16.788403187243308,6.3068355250571475,-1.8777109706240915,0.023362824725217227,-0.0026958593152426246,-9.94497299194336,44.86484909057617,2.5416617393493652,12.451994895935059,1759
6.126944287343059,16.70137352566358,6.562999599001239,-0.5406678342658304,0.022131963250854588,-0.0019466885174600167,-3.866088390350342,44.35441589355469,3.4785826206207275,11.652971267700195,1760
3.0659949574725482,16.263912975407422,6.691675059816669,0.8683069622677542,0.01829864829862826,-0.0034287092100222373,1.6499648094177246,42.26319885253906,4.305365085601807,10.035860061645508,1761
-0.8514855228780069,12.810537236353241,6.3511446643088565,2.2376572764080738,0.009409356282024753,-0.013121653363512504,4.857420444488525,26.722728729248047,3.2128171920776367,7.109525203704834,1762
-3.4857699082397953,17.263324973634703,5.218196265718769,3.2503566420239185,0.010090803023066879,-0.010717093410599654,10.164210319519043,28.30341911315918,3.880458354949951,5.926843166351318,1763
-4.110335462717603,19.15875617809524,4.668695323488544,3.411967245356438,0.011777791381879562,-0.008092428168798203,12.288788795471191,29.099376678466797,4.552562236785889,5.850659370422363,1764
9.97209968754329,5.5593365354899715,2.055976264498066,0.24564066292464498,0.015514002360100122,-0.005148456680475079,-7.136119365692139,21.97960090637207,0.6144653558731079,8.650081634521484,1765
0.4080739551587753,19.553855782289475,6.128769271395038,1.4802901423138357,0.022024855948106672,0.005618837555401553,10.425630569458008,46.23408126831055,6.1900858879089355,9.869176864624023,1766
5.519803067794028,12.24148758982374,6.4504769969199405,-0.49329805610954996,0.011655471468579332,-0.012024996022923071,-3.165071964263916,29.06830406188965,1.1296051740646362,8.074612617492676,1767
10.832134109148717,11.682212509764712,5.23601280929787,-2.6970057809191967,0.012312678484033918,-0.011896497965979969,-10.145835876464844,29.130020141601562,-1.1530046463012695,8.950328826904297,1768
7.37638942284143,7.075751943450827,2.6134089160178413,0.857584205881951,0.012616328319195458,-0.009164749688747687,-3.57417368888855,21.287948608398438,0.3546414077281952,6.944014549255371,1769
-3.3586203380308968,19.011338373810638,3.4016779589865913,2.3502216017407154,0.012596529334829264,-0.007782530052309018,10.770768165588379,27.743694305419922,3.561293363571167,5.901648998260498,1770
22.64432707409542,19.094571281270117,2.53919851066811,0.6088983690899588,0.01963233241687202,0.0027839027568310223,-10.221107482910156,26.554780960083008,1.4582056999206543,8.758903503417969,1771
23.449153333317888,16.832048629103824,2.5919440913413276,-0.8563108765918039,0.024152806444017526,1.2493036707246757e-4,-21.787120819091797,27.414199829101562,0.061292435973882675,10.77954387664795,1772
21.855709282664787,16.255001949687657,2.6431223082755317,-0.9118234836894297,0.020785105017375814,-0.005019069482232438,-19.49546241760254,27.692306518554688,-0.15676970779895782,10.074057579040527,1773
19.05394392912594,14.929217028858263,3.1656314063285103,-2.395897778256538,0.023169077149857054,-0.0050600611724084645,-22.125381469726562,32.40863037109375,-1.6125367879867554,11.401626586914062,1774
15.86586234108645,14.116748059851227,4.134115092775653,-3.0137331807452465,0.02183288965239781,-0.005750697045454552,-17.590965270996094,34.26422882080078,-1.427374005317688,11.154800415039062,1775
13.502869288650759,18.678149244633158,5.5796369242881045,-2.742921622975471,0.02907932374407656,6.534146099536443e-4,-19.42502784729004,44.41804122924805,0.4758271276950836,13.567296028137207,1776
8.800110625315426,18.29395520836159,6.442134254000019,-1.517793687565925,0.025893111330837017,4.430800245309999e-5,-9.273687362670898,47.60011672973633,3.06565260887146,12.781341552734375,1777
9.688549130848406,18.086302031093783,6.285082213899921,-1.9559805714923166,0.026368493991343514,-3.887090739529994e-5,-13.050766944885254,46.99727249145508,2.6240992546081543,12.722352027893066,1778
7.639628384964464,16.98755998530892,6.453039519808124,-0.7168216132956766,0.023098899806590002,-0.0016205700498345514,-7.239531517028809,45.341915130615234,3.319904088973999,12.193320274353027,1779
0.6331927635618396,18.940906588695547,6.480816714784931,1.3623647368115164,0.021753288669791843,0.005000059861449588,9.378868103027344,45.747894287109375,5.983463287353516,10.017562866210938,1780
-0.9330080773848745,18.979271722947427,6.096294276735614,2.0882467901867603,0.020746796721029824,0.0048284136451648115,12.376822471618652,44.00947952270508,6.176445484161377,9.151944160461426,1781
-8.90416984360019,24.19270073451642,5.140566699526142,2.7333728945416187,0.022939308364983445,0.012571798074511841,22.401277542114258,40.64447784423828,6.939618110656738,7.910904884338379,1782
-10.774806148578309,24.768922041040863,5.808991782686542,2.1391622698467945,0.024616221507136892,0.011155833881122613,18.48329734802246,45.846710205078125,7.2811055183410645,9.276240348815918,1783
-6.132823342910427,19.803501075199126,5.2389267611716495,2.731880871073601,0.015759924423474,7.937739804937778e-4,14.495516777038574,35.76618957519531,5.8698410987854,6.468482494354248,1784
-4.823960437194393,23.749440794013474,4.034870975038837,3.0283465063732837,0.018046109840115163,0.007027884788018959,20.54859733581543,32.207218170166016,5.147349834442139,6.695578575134277,1785
0.7085462005974177,28.27498593595131,2.5588110614035835,1.0430845892590261,0.018729213155540124,0.0035245092798974944,14.01944637298584,25.0884952545166,1.8572574853897095,8.220991134643555,1786
22.021174323452815,16.03482157621612,2.7389615702841987,-1.0273750746089243,0.020856500046965737,-0.00516831324184756,-20.113422393798828,28.005905151367188,-0.3519017696380615,10.480822563171387,1787
17.943530050192955,15.457280754051592,3.784959189913105,-2.22599926827729,0.024108659838197988,-0.0042864734275638965,-22.20418930053711,35.076595306396484,-1.4869236946105957,12.132287979125977,1788
13.266448949889499,18.236327274970982,5.583890311739276,-2.611057552083137,0.02824885913368358,-8.194578628404313e-5,-18.4652156829834,43.89043045043945,0.5198245048522949,13.26567268371582,1789
11.345551241720617,15.870962025465259,5.711573951265644,-2.593753370030525,0.02118625203371852,-0.005154034334638845,-15.580437660217285,42.08633804321289,0.8170389533042908,12.487310409545898,1790
8.886005863623746,17.14830781668531,6.395142905733417,-1.5599199855166697,0.024128668062717032,-0.0017007019351567786,-9.740120887756348,46.672767639160156,2.829832077026367,12.522212982177734,1791
8.282219766525445,17.16227468667919,6.463980071565937,-1.3053179704982065,0.02314858777548935,-0.00216415787845399,-8.579350471496582,45.999290466308594,3.0317084789276123,12.299040794372559,1792
8.691784313708917,18.71526624962442,6.455306403658222,-1.3317582332927012,0.026509979542258737,4.2985097262696493e-4,-9.594328880310059,47.86388397216797,3.093867778778076,12.872461318969727,1793
6.645050284904443,13.145738645493902,6.614005916139911,-0.7883408689337992,0.013363217469153187,-0.010912883239226581,-5.044486999511719,32.15721130371094,0.5142601728439331,8.632709503173828,1794
-1.986406644843551,27.353323138260027,3.158132426760029,2.159741369501946,0.018857527617183636,0.007078461090458394,20.07546615600586,28.800765991210938,3.6944122314453125,6.919768333435059,1795
-4.876998275751146,20.724798975867245,4.478071563265155,3.2058992064160083,0.014401557925957043,-8.317848305473722e-4,16.08104705810547,31.896223068237305,5.179742336273193,5.841087341308594,1796
7.983989454169273,6.729995298352857,2.5492914843772163,0.5930634415310598,0.01277120925982928,-0.008995947028607074,-2.5197248458862305,22.018760681152344,0.510583221912384,7.166471481323242,1797
20.7691426073998,14.430770078347564,3.009610765001606,-1.3210497224169993,0.019084182311279396,-0.006814925411536397,-18.6683292388916,28.000816345214844,-0.4541579782962799,10.133489608764648,1798
17.87228852443498,15.098414881338483,3.7623122859214058,-2.4810419404345776,0.023713503422410964,-0.00458035290240565,-21.66444206237793,34.2354736328125,-1.6808240413665771,11.751355171203613,1799
13.655058827714544,16.912658697649626,5.338680617830585,-2.758532079442146,0.025544658336067914,-0.002651128452881364,-17.916643142700195,42.38937759399414,0.2771528363227844,12.534049987792969,1800
13.476896121320046,18.003840031180673,5.501928679964374,-2.711338313801887,0.02788291342929531,-5.50939560021374e-4,-18.501787185668945,43.51295471191406,0.42876261472702026,13.176620483398438,1801
13.526585588147306,18.474486223251205,5.636401050112079,-2.715688022359016,0.028753902128799712,2.7904069399101427e-4,-19.026535034179688,44.413330078125,0.587945818901062,13.348705291748047,1802
13.47888394997203,18.180574180587584,5.670351855776142,-2.636114629490974,0.028349554597127385,-1.8504443373946276e-4,-18.41153907775879,44.43745422363281,0.7325435876846313,13.248592376708984,1803
-1.7003861742111739,29.827110873488756,2.602032296678852,1.531730738894341,0.022462288880275467,0.01100211441564715,22.398969650268555,27.054046630859375,2.900916576385498,8.719459533691406,1804
5.3446135321857815,3.313121923117421,-1.064574546792675,0.025149045006630455,0.0031152963625211486,-0.015326077634012378,-2.9483611583709717,12.975327491760254,-0.7715150117874146,4.097253799438477,1805
17.11169062645251,14.582570917012571,3.88433110000832,-2.745583804829719,0.022902956290956015,-0.005073370635180977,-20.132308959960938,34.734230041503906,-1.6669365167617798,11.410300254821777,1806
15.744344554128059,14.730771772350199,4.3053473162863956,-2.8211300694781567,0.022613640436134202,-0.005131692812252569,-18.53628158569336,36.99995040893555,-0.9772273898124695,11.74637508392334,1807
14.011359425838215,19.629028435754158,5.3938177752707706,-2.7204711758929516,0.03037373764119899,0.00214900329343568,-19.828685760498047,44.27338409423828,0.4216897785663605,13.74844741821289,1808
-4.059339696866848,19.17241101521533,4.564157836458515,3.516975609080193,0.012376836878017806,-0.007420845418948177,12.263997077941895,29.549911499023438,4.2481513023376465,5.778902053833008,1809
-6.406195226939977,20.671602544293723,5.020414702913593,2.9363965666455005,0.01640546602316435,0.002871597618516879,15.950550079345703,37.336238861083984,6.111727237701416,6.597216606140137,1810
-4.77325166769351,21.61782313095353,4.603774898073505,3.434453932062981,0.01603037425979029,0.00266500994245802,16.570768356323242,31.714433670043945,5.253174781799316,6.018346309661865,1811
-4.8764421631431345,23.084888315849234,4.340642325899433,3.369742599741814,0.017275629256326034,0.00553939308186066,18.867918014526367,32.13062286376953,5.432998180389404,6.314473628997803,1812
-3.175157790791116,15.55255001155077,5.576153628847431,3.1700205481213306,0.008582354643318605,-0.012853500526973953,7.734618663787842,26.272018432617188,3.057490587234497,5.752098083496094,1813
-5.523317559854257,22.139275121963976,4.741118304750751,3.5006334459942554,0.017498339595456092,0.0060938346514927124,18.79017448425293,33.73128890991211,5.777963638305664,6.094688415527344,1814
-5.498950716804614,23.141446791207773,4.630340449831317,3.557230917231438,0.01879827637867493,0.008295489909026817,19.8510684967041,32.968231201171875,5.7164740562438965,6.274204254150391,1815
-3.403468372945744,26.762042650685416,3.228734128496479,2.511348692194817,0.01792790617680875,0.006447080122136189,21.003589630126953,30.894508361816406,4.9513020515441895,6.6547651290893555,1816
11.234308141634104,12.638073325380718,5.717427127382587,-2.5806324803668286,0.014147301014068796,-0.010559693397182355,-10.01445484161377,31.4311580657959,-1.1121772527694702,9.197375297546387,1817
-2.12116947499687,12.776393530881391,5.131307952425312,2.3174924528759693,0.0068563848010644345,-0.013984076684144801,5.787879467010498,23.680984497070312,3.3735439777374268,6.197361469268799,1818
-5.81382921655954,21.546659367555616,4.7921260524008975,3.4018053686779712,0.01684936996208918,0.0047911621268311826,17.895795822143555,33.616939544677734,5.780673027038574,6.140011310577393,1819
-6.1930934395294255,23.935988206266035,4.5900314974997745,3.49522658945739,0.020562420060415774,0.011012725418105385,21.58344268798828,34.4983024597168,6.018610000610352,6.803226470947266,1820
-3.735114223732463,26.571413391502638,3.2269371676657905,2.7535874521893238,0.017559563170345575,0.006159306721384285,21.30280303955078,31.605958938598633,4.824713230133057,6.888918399810791,1821
-2.502420303205129,25.55421393448874,2.5900334048484077,2.6895465529125904,0.011899014652146486,-0.00749715220356122,17.425203323364258,28.718849182128906,4.113402843475342,6.372068405151367,1822
13.426662072685629,17.580195644138513,5.583855502626728,-2.6567271077471997,0.027559846848515982,-9.276096899517649e-4,-17.561155319213867,43.651573181152344,0.6233769655227661,13.030020713806152,1823
8.931262329901292,12.112828612927629,6.25968395950539,-2.035858544095161,0.013812519778952563,-0.010855479242905334,-8.070758819580078,28.899215698242188,-0.7274724841117859,8.756620407104492,1824
-7.0730103264263935,20.304236400470835,5.770398013613056,2.7204613363903736,0.01774393755738873,0.0038294946267231605,15.268023490905762,39.38268280029297,6.383696556091309,7.4115166664123535,1825
-9.288315350910363,22.71904752368271,5.274197928926776,3.366392580286858,0.022268712372071314,0.011974994942564309,22.636070251464844,40.12437438964844,7.251840591430664,7.585643768310547,1826
-10.814959804453643,22.45868462578012,5.055199973604511,3.49908777834594,0.023939208958472416,0.01538820547379518,24.46281623840332,40.36135482788086,7.484628677368164,7.545083522796631,1827
-10.961984214845367,22.357959648888087,4.983342521211933,3.6082813418072437,0.024148860183556567,0.01581484859373767,24.50787925720215,40.46980285644531,7.65845251083374,7.585315227508545,1828
-10.671565880642117,21.816600906270068,4.969906680605243,3.6766163981121753,0.023007417679309264,0.01440991251727364,24.789690017700195,39.274715423583984,7.3831586837768555,7.321723937988281,1829
-2.564275900310991,7.354829223297337,2.6697662997458687,2.8874444639843677,0.008736834559423442,-0.011058714744636364,12.92017650604248,26.019365310668945,3.572183847427368,5.750197887420654,1830
6.466391376657969,3.9764460259548677,-0.6743614705345968,-0.320322352035644,0.005657639161588312,-0.014466321578524604,-5.052663803100586,15.807945251464844,-0.9619202613830566,5.3465704917907715,1831
3.6723524818782627,5.523110656789217,-1.9873009991432915,-0.2890431606608653,0.0029979353810169074,-0.016061506563896454,-2.1128618717193604,15.991708755493164,-0.2049221694469452,4.670444011688232,1832
6.339744929832087,4.185852192484093,-0.6680848548720966,-0.31600795177996394,0.005632233890525974,-0.014512488152242046,-4.367248058319092,16.101472854614258,-0.7655271291732788,5.284902572631836,1833
2.9838813469118426,6.878629391895421,7.437402598879169,0.3869910514515615,0.005313884407617352,-0.01585605954048893,-1.3267230987548828,18.54952049255371,0.2637670636177063,5.3772172927856445,1834
4.512604768802671,5.652571690113029,-0.8558528941656838,-0.43302968896727895,0.004041875383019836,-0.016102930873966168,-2.6292474269866943,16.476032257080078,-0.27344056963920593,5.028173923492432,1835
2.9268053226987094,7.265614294602447,7.402528636476825,0.4266733801525808,0.005999733506641046,-0.015578073851470052,-1.000762939453125,18.818336486816406,0.24466095864772797,5.411256790161133,1836
3.2164733980062366,6.305128390240492,-3.131077177503277,-0.5277615213233255,0.004303650410557443,-0.01603609405516631,-1.6086453199386597,16.876361846923828,0.04178944602608681,4.937848091125488,1837
2.78074897143309,7.613664805518041,7.3281038928244815,0.5238035595577932,0.006720906782248119,-0.015061971462948529,-1.0398547649383545,19.247127532958984,0.47317197918891907,5.647331714630127,1838
2.7473576438002967,7.330425755678348,7.340673320314716,0.5377545631092764,0.005780690680822662,-0.015556598659274896,-1.0796802043914795,18.15717315673828,0.43152952194213867,5.549692153930664,1839
2.6030955470573844,11.656743972374331,6.519378535768817,0.9477510130566336,0.009529623200116648,-0.013306068666041204,0.115273617208004,25.253910064697266,1.442664623260498,7.49972677230835,1840
7.566980015030426,5.0055154108768445,-0.44594379482524493,-0.41455968892455336,0.003660317055610753,-0.015949775643496613,-5.250733852386475,18.351015090942383,-0.48718732595443726,6.15795373916626,1841
7.630428579271252,4.694332962610109,-0.538967378118206,-0.3153638341861987,0.0047512324911186095,-0.015041215973129497,-5.918363571166992,17.123449325561523,-0.8532944917678833,5.87580680847168,1842
7.613160198449668,4.320087085454697,-0.584510475077797,-0.2804705226260447,0.005088604622546097,-0.014679122316497713,-6.25037956237793,16.713529586791992,-1.0224595069885254,5.8451972007751465,1843
7.766763739841097,4.00150440565787,-0.6425085288073311,-0.2367751771050715,0.00547348878667756,-0.014355558409344564,-6.591257572174072,16.49115753173828,-1.0774096250534058,5.701727867126465,1844
7.746976424109814,3.87543797136343,-0.6215563674058209,-0.2542181187707209,0.005681022358925058,-0.014145533820941929,-6.698120594024658,16.36833953857422,-1.073135256767273,5.728963851928711,1845
7.545306493538962,3.8292869966481793,-0.6604570277567396,-0.30370615659535166,0.006035603047981675,-0.013915283411045615,-6.309329509735107,16.081541061401367,-1.0686750411987305,5.657936096191406,1846
7.086260917844709,3.825512715648112,-0.6898299340690861,-0.2641220563489222,0.0059442142867037594,-0.014140714475524205,-6.1699371337890625,16.352581024169922,-1.1141163110733032,5.483819007873535,1847
6.309543006581446,4.040606636565546,-0.7152773138667832,-0.3090694197851443,0.005380128615251854,-0.014707068035745383,-5.012325286865234,16.077255249023438,-0.8483959436416626,5.199643611907959,1848
5.21536425668432,4.581659317112307,-0.7625085335757027,-0.27767780659973856,0.004140713127713317,-0.015542349918932899,-3.9062693119049072,15.962836265563965,-0.575677752494812,5.119913578033447,1849
-0.6663453198043647,-16.99515178108534,1.6693688559745063,-4.969130786641243,-0.015649839555973617,0.006882630528559979,36.96571350097656,-29.83747100830078,10.853306770324707,-16.813907623291016,1850
-0.6322159888985297,-16.981253496121745,1.6961620974753608,-4.930945190175178,-0.01551657069176934,0.006531171139337789,37.22555923461914,-31.168228149414062,10.77349853515625,-16.92456817626953,1851
-0.5552079434983727,-16.96679894186273,1.6826702285025825,-4.951580795033577,-0.015426101631207719,0.006057668930662774,35.94350051879883,-30.505212783813477,10.741655349731445,-16.9021053314209,1852
-0.39757352528326956,-16.946994857726647,1.7370244193289985,-4.886025222523811,-0.015344402553085015,0.005512676819266453,35.0258674621582,-30.354656219482422,10.751483917236328,-16.869945526123047,1853
0.38575480608137913,-16.85830213647852,1.6848446059439888,-4.9145815694171215,-0.01500423207744834,-3.032518758098514e-4,33.91130828857422,-30.414398193359375,10.72637939453125,-16.82906150817871,1854
1.4012611777216901,-16.95889463301895,1.6836968589041938,-4.905645164235237,-0.01348491515631315,-0.011631308860376553,28.77400779724121,-29.62994956970215,10.717907905578613,-16.66507911682129,1855
3.0316577823995474,-16.47626806718466,-7.235253937223126,-1.0212550484973215,-0.01328403282903614,-0.013123276842564814,-13.552733421325684,-19.359161376953125,-5.343222141265869,-8.010464668273926,1856
2.59258347594567,-6.614792718514081,-3.060009605863262,-3.196764501317146,-0.012227576852775323,-0.010616215311181936,-16.54473876953125,-12.558177947998047,-11.155019760131836,1.4128056764602661,1857
1.6222088848843226,-6.437951616062563,-2.981121427991558,-3.115134271367195,-0.012668528113192388,-0.009518859795048719,50.96296310424805,14.430389404296875,-11.19206714630127,1.7753009796142578,1858
1.129870772345494,-6.361892655569671,-2.8978682827736626,-3.0159631097155835,-0.013358313765231547,-0.0074781568294181085,50.70989990234375,15.605865478515625,-11.042985916137695,1.7676606178283691,1859
0.6819269623276637,-6.261542978048097,-2.8382366966988335,-2.9324815594989087,-0.013522983778399411,-0.007057576633240851,52.071346282958984,16.5806827545166,-10.895947456359863,2.0115468502044678,1860
-17.887512101274492,7.690124879993611,7.798326365969013,6.078305450693962,-0.009297097806956388,-0.010401491655311401,53.07372283935547,-3.5506880283355713,-10.086274147033691,0.3190385699272156,1861
-17.95243446275548,7.622844133032293,7.729608409426044,6.081602779642937,-0.008541500452039143,-0.01110608458894702,51.97527313232422,-2.979186773300171,-10.007781982421875,0.12790721654891968,1862
-18.07742472433456,7.462987806141354,7.691593043825458,6.06286689402282,-0.007617090782757985,-0.011358484032294258,50.429962158203125,-2.6531383991241455,-9.930246353149414,-0.006946166045963764,1863
-18.170455553002956,7.304654741687222,7.651883952638935,6.024698463694451,-0.00791610693169155,-0.01240951395353589,9.127013206481934,-13.469261169433594,-9.836310386657715,-0.23938363790512085,1864
-15.500419257082665,-3.1226351269742145,1.5690015483115425,6.2756392634075855,-0.007605409181205484,-0.012841095890630561,8.847198486328125,-14.529975891113281,-9.668824195861816,-0.5504736304283142,1865
-15.607549465839954,-3.015066529816336,1.5482348132346382,6.263973919169304,-0.008078429943175251,-0.012395070589377163,8.243188858032227,-15.523824691772461,-9.7728729248046875,-0.7374463677406311,1866
-13.974834451876985,-6.281201870408233,1.4803222346518745,6.151032654063103,-0.0048812630560587595,-0.012143802751550005,9.873875617980957,-14.060449600219727,-9.045379638671875,-0.7426083087921143,1867
-13.834554916653731,-6.2477613405582195,6.127734534761737,7.177057472483513,-0.007068469992337968,-0.01138918939804503,11.050293922424316,-14.139192581176758,-9.102421760559082,-0.618743360042572,1868
17.65123550632051,-4.5666164627401304,-3.9358664822365532,3.396163431422112,-0.005523019736915465,-0.010790028307015333,11.00740909576416,7.156294345855713,-4.388363838195801,2.1332433223724365,1869
18.78720330450319,-5.6092471426378205,-4.346860773542096,3.3036923086804126,-0.011792049091061822,-0.00916859568648558,12.465628623962402,7.309167861938477,-4.806009292602539,2.1276464462280273,1870
17.47069594454651,-9.040788060479391,-6.422072536924054,-1.555560144169929,-0.015323238433121654,-0.012792377969754973,33.24346923828125,-29.912811279296875,10.736150741577148,-17.019128799438477,1871
-26.594392530306855,10.81313405782436,1.2160231995795479,-5.682259830220344,-0.01660395486188901,-0.004277468834924622,30.244447708129883,-28.563058853149414,10.327457427978516,-17.423828125,1872
-26.536476855948166,10.894534997592634,1.1512931513999214,-5.782199176533821,-0.01726441302523463,0.00912132982930533,28.287269592285156,-27.25229263305664,10.338916778564453,-17.407140731811523,1873
-25.144331868046176,11.239163652387182,3.0394631552909126,-9.442581447346809,-0.015091342106406396,0.022361721067027784,5.688138008117676,-14.852485656738281,-9.174803733825684,-1.8925472497940063,1874
-15.720164484466036,-6.35698651524908,-2.345009572484661,0.9539398825329519,-0.007323983940546662,-0.011191737458105162,11.997442245483398,-11.02660846710205,-9.5113067626953125,-0.032158490270376205,1875
4.121837218926341,-1.852846782500213,-0.7115069699074517,1.1385633623760916,-0.0034457443411140434,-0.012564311159567057,2.8428757190704346,2.6787068843841553,-4.7517523765563965,-5.514438152313232,1876
10.245224560411279,-8.757099560266427,-7.024261124112774,-1.4926714026767038,-0.01638283691211465,-0.007288081747053862,-17.66026496887207,-16.895294189453125,-4.902420520782471,-8.158395767211914,1877
10.478894304595627,-8.067716160648716,-7.046664364316632,-1.4579937779742502,-0.013195015455413656,-0.011145831598701942,-15.69796085357666,-13.61844253540039,-5.746533393859863,-7.78825569152832,1878
9.812830509311251,-1.0491096548575982,-8.512058384397198,-0.8289784216719889,-7.655547331950085e-4,-0.013163735464247097,-6.558111667633057,4.799556732177734,-2.35286021232605,-6.613284111022949,1879
-1.392467332784139,-15.520800506874693,1.4495564627860298,-5.413842471821907,-0.016103984857948943,0.0035596458338972214,36.435302734375,-29.805036544799805,10.805021286010742,-16.900997161865234,1880
-1.4483509209537797,-15.5461678670166,1.408820502779316,-5.405504020436409,-0.01611825022406837,0.003772315111755575,36.81992721557617,-29.611295700073242,10.79467487335205,-16.905550003051758,1881
-1.3262978299250507,-15.525844307848532,1.447545402071308,-5.3688896024066235,-0.015945225935704035,0.003580254358609165,36.38081741333008,-29.72442626953125,10.72038745880127,-16.983789443969727,1882
-0.2967203075222105,-15.891476756690563,1.4776016402457466,-5.34444454549134,-0.015291506314834695,0.0013460012064816632,33.56202697753906,-29.990453720092773,10.696125030517578,-16.930665969848633,1883
0.8927511833167884,-17.59254207375996,1.590092532656025,-5.147431644185188,-0.012210848846452354,-0.010615566335224317,29.08147621154785,-32.97959518432617,10.78247356414795,-16.68009376525879,1884
1.1251925729454089,-19.036118525720678,5.584662311098407,7.245260444895623,-0.006982798503565203,-0.015024005414325404,28.007417678833008,-24.818199157714844,-9.914276123046875,-0.21954703330993652,1885
-1.6899979930406372,-10.053009893611321,2.017493360063862,6.716623512522576,-0.0051010822669862645,-0.015328989102392979,9.466769218444824,-13.969856262207031,-9.53057861328125,-0.5829848647117615,1886
0.5207090046173661,-6.70901169826787,-2.961502916791607,-3.1101515614825512,-0.015064199018834412,-0.0054704566177898465,52.33690643310547,18.295913696289062,-11.00641918182373,2.147007465362549,1887
0.10076126474289157,-6.884311881191015,-2.9408668350960503,-3.0730407559710766,-0.015619804025430015,-0.005043484691369307,53.25230407714844,20.870473861694336,-10.864046096801758,2.3749420642852783,1888
-0.251719858436251,-7.419097574810694,-2.9476167034889946,-3.08319023488343,-0.015093720049752068,-0.004982286396693977,53.54423522949219,22.042022705078125,-10.755422592163086,2.6147546768188477,1889
-0.1568500111402779,-7.622291949895436,-2.9468191933419,-3.0712044560748364,-0.01517229601418401,-0.005187270420131527,53.23822784423828,21.205852508544922,-10.6002197265625,2.591968536376953,1890
0.25722835288010804,-16.483875458534147,1.6256169009421577,-5.086168559773567,-0.015078683953395637,6.243526156265858e-5,32.40456008911133,-30.528425216674805,10.693443298339844,-16.85810089111328,1891
0.16969126298898346,-16.470864153504042,1.6667815375540962,-5.093925269826057,-0.015164707295064538,6.592920238181913e-4,33.09476089477539,-30.428621292114258,10.683908462524414,-16.9133358001709,1892
0.11851558516527964,-16.321175987895764,1.640369288942646,-5.118669303639534,-0.015209017411477748,0.001315115514202707,33.69096755981445,-30.41556739807129,10.643409729003906,-16.992130279541016,1893
0.803331070949292,-16.91818708575154,1.6899121928427925,-5.011989864094856,-0.014048809417517311,-0.006334334648903967,31.34067153930664,-30.53660774230957,10.653071403503418,-16.77899932861328,1894
1.051182611721439,-17.035936326801465,1.6604479480002632,-5.033207210286262,-0.013000726540413803,-0.013382397030341338,27.235977172851562,-32.159576416015625,10.769518852233887,-16.678293228149414,1895
3.142129668814948,-16.273877041841175,-7.188717968442608,-1.0112494551974558,-0.012789448955399204,-0.013595389675522068,-10.453659057617188,-15.644529342651367,-5.560982704162598,-6.752684593200684,1896
10.088904981476439,-6.070733365318565,-3.0906714272286187,-3.209831269963386,-0.005167205934079798,-0.01487322304059419,-13.588366508483887,-6.050688743591309,-6.121525764465332,-7.3630571365356445,1897
2.1189882393797235,-6.395155796916919,-2.886246330716778,-2.997562440617683,-0.012187066125966282,-0.010202056421379519,49.489585876464844,15.247658729553223,-10.930525779724121,1.6369153261184692,1898
0.9346901934332136,-6.25020406535766,-2.8883813690926323,-2.988149198277595,-0.013318060726249907,-0.0075109158721295985,51.55522155761719,16.356651306152344,-10.960939407348633,1.9302568435668945,1899
0.16530536043563077,-6.215280484044596,-2.840563900449444,-2.928047927601936,-0.013087634654500618,-0.00631361635692665,52.92631149291992,19.119661331176758,-10.845685958862305,2.213347911834717,1900
-0.41269545616234987,-6.206526316261156,-2.75903785941856,-2.776056560261848,-0.01282822565948077,-0.005509536493836335,53.036651611328125,20.725690841674805,-10.610918998718262,2.334946632385254,1901
-4.036826576524754,9.670234802072757,-1.461806244828869,1.1275150454205252,0.006815734068440502,-0.014041034541303706,7.394167900085449,23.826284408569336,4.594869136810303,7.413380146026611,1902
20.7004707206917,13.355353804521743,3.4902924227927437,-1.42915073273957,0.016042026085313743,-0.009194513418070562,-15.297021865844727,26.1001033782959,-0.4071305990219116,9.404958724975586,1903
4.156449205443318,9.674246843773881,4.836331717989276,-1.5859773480731272,0.009492428306477514,-0.015093292475868835,-2.2814364433288574,28.586048126220703,1.814540982246399,8.848502159118652,1904
1.1843946291029182,12.875657469581348,5.717285983583759,1.4810666716259695,0.008445217954601668,-0.013319054730056441,4.4063191413879395,27.64893913269043,3.5243704319000244,7.638916492462158,1905
-3.9779851292204684,9.580277429595807,-1.48121643779533,1.09251674772918,0.005142125009634584,-0.014143308055409646,5.830862522125244,13.020719528198242,-1.8923802375793457,1.7438582181930542,1906
22.530684200435456,14.682510524103815,2.7388065982077827,-1.5452756011325144,0.01914374243614355,-0.007258857788387969,-23.16135025024414,30.805435180664062,-0.9471844434738159,11.386337280273438,1907
2.376519465166186,14.095403953418646,6.804904811403583,1.2203662073773123,0.011823559850461034,-0.011840919255604534,1.8232686519622803,34.92939376831055,3.4219157695770264,8.9071626663208,1908
1.0476985539674075,14.781882768358411,5.734507911226581,1.5009290850323416,0.010329838626407012,-0.012396151425500674,8.41239070892334,39.178260803222656,4.703324317932129,8.301563262939453,1909
2.000367360017146,22.396162978856875,6.654842250368427,1.349805680529473,0.02864634128682323,0.012945988328910408,13.218388557434082,52.18095779418945,7.093608379364014,10.797406196594238,1910
1.0309657786695197,14.63677707196274,5.727530829927753,1.516924706713555,0.0099795822110254,-0.012564501562607425,6.322335720062256,32.07036590576172,4.132038593292236,8.004090309143066,1911
8.8877878859115,6.262143977251246,2.4487906623099556,-0.3858479396837973,0.01429688115435894,-0.008107467376748686,-5.280263900756836,21.54356575012207,0.3013615608215332,8.104608535766602,1912
24.27729611613861,17.7384048678448,2.4516025710318794,-0.5014473372536921,0.02489673836287616,0.003906149796935143,-21.296358108520508,27.123796463012695,0.5976746678352356,10.49565601348877,1913
25.454408041854485,16.111362925796122,2.8655639815543403,-1.3485123836833262,0.026646386765361043,-0.0033361876674904245,-27.8979434967041,31.8558406829834,-0.37768232822418213,12.216367721557617,1914
19.75787478522844,14.853235231107654,3.374068610689472,-1.95950642464936,0.02243629549601607,-0.005304588883518548,-22.586559295654297,32.82959747314453,-1.1424912214279175,11.39731502532959,1915
13.811617526612158,13.278739268399832,4.316643111727069,-2.324938091023567,0.016797238508578435,-0.008985510057620388,-16.281068801879883,33.631927490234375,-1.3546949625015259,10.704327583312988,1916
9.835487862338402,10.346666432182277,5.30376707794411,-2.5053787553149487,0.011440618904553472,-0.012266666902656001,-8.730517387390137,26.337888717651367,-1.1298115253448486,8.577751159667969,1917
3.993742205941021,10.794976368848678,7.0973981547568545,-0.21688151596367594,0.01118295623310648,-0.013513270190503959,-2.040642499923706,31.591543197631836,2.2743005752563477,9.132559776306152,1918
8.024724469645186,5.99450240906728,2.430502288362812,-0.003836693747642006,0.012179036151048936,-0.00949240585753848,-4.163845062255859,20.4711856842041,0.08233866095542908,7.075921058654785,1919
21.89322041522774,17.211471049558856,2.5048657584403267,-0.5282887020546221,0.017653862365334155,-0.006658264951724181,-14.790202140808105,25.79464340209961,0.11141739040613174,9.355345726013184,1920
20.471321844590047,14.13503260806069,3.0171753096793403,-1.5874857032138132,0.019140651049854383,-0.006956886145442856,-20.711498260498047,29.516035079956055,-0.7895202040672302,10.46463394165039,1921
19.461174051194337,11.7767150184016,4.239525668642353,-1.6505633914309763,0.023149320222212656,-0.0045614682185691575,-21.219135284423828,41.32871627807617,0.4165671169757843,13.784955024719238,1922
7.337412222826033,8.667544860650722,4.271623961946796,-1.6848881566363596,0.009722570585235417,-0.01478896190467018,-7.0618510246276855,22.153615951538086,-0.15602363646030426,8.590300559997559,1923
1.9054445742166572,18.924825232225412,6.7824848818991885,1.349317637698052,0.019038038712179947,-0.001221557603296548,7.370458126068115,45.77959442138672,5.5096259117126465,10.598116874694824,1924
3.502715059876614,21.45264264044791,7.278107516786884,0.8061628019970632,0.027949869505752407,0.009388518330046685,6.879976749420166,52.69440841674805,6.297084331512451,11.649615287780762,1925
-1.4962547782105664,19.867719913251936,5.72876297714455,1.9833821928662039,0.021040707336191143,0.00565663145159824,12.240011215209961,43.84811782836914,6.444360733032227,9.305961608886719,1926
-0.03726660890681073,25.46556892605213,2.7152184176657905,1.5101223862332083,0.014118376109622525,-0.005751780917862372,8.893515586853027,24.81761932373047,1.8793623447418213,6.6216721534729,1927
26.277584923946122,16.923709133053933,2.4076343703482856,-0.722703846676948,0.02504517524725929,-0.003575019412073618,-27.463552474975586,31.263071060180664,-0.2580854594707489,12.08725643157959,1928
26.260074660711215,16.751381939312566,2.7232328582022896,-1.3975363099414133,0.02475625827700321,-0.00462646304576634,-28.15582275390625,31.64479637145996,-0.3556831479072571,12.278491973876953,1929
25.363264736357536,15.07798806939807,3.1964455771659126,-1.8427397334414743,0.028098275368579225,-0.0016866594696742449,-28.789384841918945,35.10523986816406,-0.7205607295036316,12.782574653625488,1930
18.6037056170651,16.888961980338436,3.812640540621113,-2.3906464898425366,0.02391266069756099,-0.004526842937696428,-24.13143539428711,35.69655990600586,-1.4763492345809937,12.735721588134766,1931
13.224592708506913,12.963961792460731,4.445410602114032,-2.3438824736911084,0.01618238795708421,-0.009382336940755272,-13.839067459106445,32.299591064453125,-1.3539705276489258,10.0999116897583,1932
9.681940725408305,10.437337660231377,5.377950541994403,-2.3949473225909497,0.010921935226657442,-0.012713141975129436,-8.848315238952637,26.159454345703125,-1.0989364385604858,8.547733306884766,1933
9.863689855443235,9.941896046839785,4.326728694460224,-3.0379541241961743,0.011316411821261708,-0.012243533297012579,-8.27955436706543,24.637577056884766,-1.1728156805038452,8.416621208190918,1934
1.0542937527399354,7.780543190788966,5.644195430300067,2.981105772272942,0.005824846075909575,-0.015134489272014762,1.726395606994629,18.19934844970703,1.5044541358947754,5.300117492675781,1935
8.718944372916962,5.273546139319073,2.252092235109638,-0.15586358545601603,0.011851793640149665,-0.009287818370448014,-6.276586532592773,19.33025360107422,0.16175895929336548,7.604404449462891,1936
18.557376123468828,13.40956694439006,2.879773013613056,-1.8081404292422556,0.01880268832086332,-0.00741434343864539,-17.842031478881836,30.988988876342773,-1.438720464706421,10.482138633728027,1937
4.263227594153932,17.689367833808085,7.153187625429462,-0.04244488714516398,0.019939926196528672,-0.002506390172024122,1.0764141082763672,45.96820068359375,4.414041519165039,11.428028106689453,1938
3.193697539422975,11.539608197912193,7.376811854860614,0.48799851299941305,0.011232622044068814,-0.013122235293341406,0.9828476905822754,30.322019577026367,2.715395450592041,8.450272560119629,1939
2.1298940757836085,15.199984733954025,6.601409308931659,1.3160926973980642,0.012449141262013904,-0.010855473381806183,3.226290464401245,37.19942092895508,3.9483556747436523,9.003077507019043,1940
1.4383039557202055,16.518346580173098,6.876734607240985,1.480320302264092,0.015938261253614392,-0.0061185606391721496,6.264431476593018,43.873538970947266,4.972208499908447,10.160168647766113,1941
-5.368779177845556,25.605078813234535,4.034167640230487,2.8002998507183765,0.02075558837969913,0.010559671167897376,22.6875,31.688936233520508,4.94649076461792,7.15327262878418,1942
-1.1184422392619053,25.24298393098322,3.216256730577778,2.2561130201977466,0.014288008274287107,-0.004018192129536932,12.82359790802002,25.654071807861328,2.9155919551849365,6.3597612380981445,1943
26.976606722759872,16.065802804299246,2.699449174425434,-1.6160279834109568,0.017939216898066032,-0.008698084596916303,-25.207239151000977,31.13357925415039,-0.8841206431388855,11.72544002532959,1944
18.892676842586077,19.79711449749088,3.7236646342490425,-2.5403488004046704,0.032205692075185796,0.0046381364594143045,-27.509048461914062,37.66836166381836,-1.0390182733535767,13.578688621520996,1945
16.863435850715863,19.65068552134257,4.450256221315692,-2.4627218568164135,0.03162348551235121,0.003461528735598775,-25.386098861694336,41.48944854736328,-0.6692653894424438,14.0050630569458,1946
11.713088213154233,14.632632531741061,5.467680327913593,-2.073067458851936,0.018861594460901063,-0.007408139892642608,-14.400367736816406,38.097373962402344,0.6615582704544067,12.209647178649902,1947
5.291029211128554,10.116504167366555,6.817697875521015,-0.5652881735402369,0.009200473364601898,-0.013938396557772317,-4.717244625091553,25.374454498291016,0.04577453434467316,8.009085655212402,1948
-3.7481024596263874,17.47639351226973,4.186980121157001,2.8131899511975025,0.008342144138418174,-0.012435098287336535,9.599600791931152,25.406042098999023,3.663147211074829,5.801717281341553,1949
10.730603026123449,11.638963828839685,5.352685325167011,-2.5154743516284253,0.01240555023400577,-0.011865557592251675,-10.047883987426758,29.12537384033203,-1.079902172088623,8.869495391845703,1950
13.61398317615815,12.168265706973633,4.118739478609394,-2.883917602284553,0.01644249179049173,-0.00905656213156444,-14.493021965026855,31.65337562561035,-1.3786399364471436,9.988198280334473,1951
10.112729583370246,9.905277417027985,4.025966041109394,-2.9530928456622387,0.011451870588653641,-0.012100482809973957,-9.086175918579102,25.458961486816406,-1.2318201065063477,8.43887710571289,1952
1.880048399426689,17.094604071128398,6.894501082918476,1.3493392145794607,0.0174174934227857,-0.004327673873839014,6.49908447265625,44.54499053955078,5.175072193145752,10.408614158630371,1953
-5.208302461785548,18.563038989737187,5.2740524935935245,2.696353164927361,0.010835632741542301,-0.009627389491990372,12.847563743591309,33.01491165161133,4.914289951324463,5.985960960388184,1954
-5.212856649357957,21.581471994456134,4.676077716371845,3.3713497793835376,0.015784905664270914,0.003218453360205506,18.201677322387695,32.951698303222656,5.642584323883057,6.048656463623047,1955
-5.338767634039857,21.399466160821767,4.7265671420310245,3.3712463057202076,0.015826406462096494,0.003422053023756791,17.744535446166992,33.3774528503418,5.702654838562012,6.065796852111816,1956
21.76427889810424,17.350774237904876,2.4034014868949165,-0.49213235317051646,0.020294108040997946,-0.00471927614551162,-17.067834854125977,26.24549102783203,0.18838238716125488,9.551477432250977,1957
16.032479015104805,13.77197542779285,4.039953105470966,-2.9067035043078686,0.020866906084341563,-0.006345571519541411,-16.833799362182617,32.83061218261719,-1.5521559715270996,11.012958526611328,1958
15.247454695595009,15.505532676356475,4.518867366335224,-2.8695867383319165,0.023824186706168593,-0.004360215060921656,-18.567405700683594,38.8922004699707,-0.5529370307922363,12.418679237365723,1959
11.029364615983962,17.362016912197898,5.896180980226825,-2.330883892758491,0.02618791489381389,-0.0010240813270323134,-15.132214546203613,43.92697525024414,1.4299821853637695,12.883398056030273,1960
2.5013297326687254,5.145736881233348,-2.263114459493328,-0.13227349756539103,0.0020010724619491777,-0.01629518786968522,-0.845994770526886,14.204163551330566,-0.52149498462677,4.04367733001709,1961
4.588960761297169,6.388165940212377,-4.534539587476422,0.35762718083083395,0.0036029791393913883,-0.01620371738535412,-3.555265426635742,18.73725700378418,-0.27184608578681946,5.5188889503479,1962
5.554996346084984,13.413372331397058,6.453107230684589,-0.5634025060969614,0.012791295816124173,-0.011321318617961273,-2.2854886054992676,36.07415008544922,2.785198211669922,8.943205833435059,1963
5.284718606855965,4.198046471858583,-0.9686764848019371,-0.048152508719565834,0.0030153575365476012,-0.01564010108460874,-4.250372886657715,15.044676780700684,-0.7565901279449463,4.815290927886963,1964
-5.312832921794291,21.704662311842945,4.6511067080710635,3.321189371363518,0.016108318115420083,0.004097321931885187,18.30342674255371,33.13098907470703,5.738032817840576,6.115222930908203,1965
8.747561731216514,5.93991936450972,2.2167905497763862,0.36891141297042135,0.012913310632874982,-0.008367792481175682,-4.536822319030762,21.356201171875,0.46434301137924194,7.410380840301514,1966
19.194935810341285,15.26027171548839,3.2083469557975044,-2.495142015202644,0.023255466137095723,-0.005042678010234765,-22.408926010131836,32.40919494628906,-1.6559125185012817,11.484336853027344,1967
16.074952716769836,12.183467758576288,3.34764897110207,-2.755827459080818,0.016323779597547158,-0.008809631298648039,-15.844693183898926,30.2601318359375,-1.7781566381454468,9.966267585754395,1968
12.208197268553405,13.493673883169102,5.351330630800556,-2.7372033917742993,0.01779135344279423,-0.008160829877790697,-13.410162925720215,34.02212142944336,-1.237613320350647,10.128503799438477,1969
-4.919234511494743,18.60199562028753,5.158601157686542,3.3053793585461353,0.011100858683178226,-0.009063748264486034,12.582173347473145,30.512990951538086,4.867417812347412,5.914561748504639,1970
-4.711933377961066,19.182258747339453,4.819058291933368,3.505978075281975,0.012451840002881319,-0.006577014122598251,12.518136024475098,30.649795532226562,4.756345272064209,5.8503546714782715,1971
8.344381560319414,4.870982854179474,2.070171706697773,0.21285596253096822,0.010540144251294715,-0.010390224283340632,-5.930629730224609,17.387496948242188,-0.6748986840248108,6.038286209106445,1972
21.072394461689502,15.530979771381876,2.8484786677573433,-1.9538972699481272,0.020148938662534296,-0.0063674030752899095,-23.213497161865234,31.07406997680664,-1.1997219324111938,11.504498481750488,1973
0.512800495529131,9.001196990295728,4.992735259554218,2.4534468329113697,0.004678020816908677,-0.015220945854684927,1.2786731719970703,14.626477241516113,2.3929357528686523,5.517035961151123,1974
5.46894027089016,6.132951832427277,2.360607497713398,-0.5004371204811358,0.006499972430393675,-0.015142861048764224,-3.203594923019409,17.468839645385742,-0.16877149045467377,5.64317512512207,1975
6.988597992405845,3.6560457644669584,2.664294593355488,-1.8034346425372385,0.008047827361839274,-0.013637973883120883,-7.492859363555908,18.25265121459961,-1.29660165309906,6.326959609985352,1976
2.873700064556879,6.663708067941798,0.4945321011756172,-5.630086692555549,0.0050795521676016454,-0.015761148223671476,-1.3352431058883667,18.219274520874023,0.2603699564933777,5.248237133026123,1977
2.5073499759874625,16.806744585529675,6.819061152956317,0.830122081057427,0.01845902467943655,-0.003031609291055966,4.865128993988037,43.25229263305664,4.684173583984375,10.361503601074219,1978
-0.5216360556171935,10.706640260388946,6.253400676271747,2.6521603739422535,0.0073528981784411526,-0.014808367150343222,4.9527668952941895,24.843324661254883,2.4578983783721924,6.046426773071289,1979
2.3956999169313713,6.3861310767821795,5.555971019289325,3.2487039244335865,0.004255619080505234,-0.015754019378019166,-0.21736344695091248,17.4813175201416,0.5680448412895203,5.1680684089660645,1980
9.420651835974853,16.9593313821498,6.4530123400901065,-1.7157080495196604,0.025338633283125064,-0.0010669313515918148,-10.604111671447754,45.73198318481445,2.5154337882995605,12.561419486999512,1981
-8.894020643935052,20.326427131772547,6.102552287599872,2.682544914500115,0.021735278216063594,0.0078037116939143345,17.497955322265625,43.10792922973633,6.930716514587402,8.524024963378906,1982
-8.13914068889225,21.220355926233815,5.593017928621601,3.3279630816143726,0.020281689416527065,0.008740808011008233,18.255538940429688,40.037391662597656,6.9173970222473145,7.355614185333252,1983
-4.89734069881688,15.75191757095898,5.5394781756613956,3.0990404760998462,0.010525349170554511,-0.010383790005472314,11.779163360595703,31.311994552612305,4.34233283996582,5.73548698425293,1984
15.38207638411792,14.779300496645277,4.4591697383139834,-2.9099495732623364,0.022381442873545182,-0.0053676859834503035,-18.63619041442871,36.55662155151367,-1.0366086959838867,11.702033996582031,1985
8.750147232502558,12.484119555684652,6.344284408113788,-1.8626319491702341,0.014437098067916276,-0.010350422876220875,-8.008325576782227,30.099323272705078,-0.6453241109848022,8.797991752624512,1986
-5.572566788756542,18.885536263045562,5.67472826721413,3.208715645090935,0.011691877129198513,-0.008453795115887602,12.39716625213623,33.429168701171875,5.055353164672852,6.213428497314453,1987
-5.299586602442726,22.452543182473143,4.924261443636249,3.68896552683532,0.018718954664539565,0.008112367347365099,19.37543296813965,33.23894119262695,5.630190372467041,6.00920295715332,1988
13.169751192089159,10.584788505516546,3.606255404970478,-2.9644232117968823,0.013632011730560509,-0.010494751777097047,-11.619229316711426,25.564138412475586,-1.7328650951385498,8.965453147888184,1989
9.5216708835142,11.590021712725095,6.003906123659442,-2.376212390645149,0.012422701845724114,-0.011767012852093674,-7.665335178375244,26.410587310791016,-0.9246833920478821,8.676347732543945,1990
-3.838139248871378,15.990735331323712,5.213499419710468,3.5904352343243335,0.010099008628499159,-0.011145504181842123,10.295022010803223,29.131826400756836,4.228908061981201,5.864195346832275,1991
-10.00145769232375,-0.23438038301882422,-3.836679584958721,-0.775716575368049,-0.005699742878906104,-0.015251516512992546,0.9167211055755615,-9.77034854888916,-7.734302520751953,-2.6518383026123047,1992
6.905363089970183,-9.546574279573862,-6.288918144681622,-2.458671363576057,-0.009508929915397387,-0.013992127665075156,-11.866927146911621,-8.496821403503418,-6.410176753997803,-6.456551551818848,1993
5.906877511748207,-17.60911689562275,-8.02182353256004,-0.9299485409098887,-0.017381167614827178,-0.007868628620448582,-18.300453186035156,-19.85301971435547,-4.387957572937012,-9.166563987731934,1994
-14.491624883312362,-25.945548954243804,-8.824743397214581,-0.6316987299758219,-0.01779285160092367,1.4127525414378892e-4,-15.847955703735352,-33.229393005371094,-2.286010503768921,-10.000213623046875,1995
-4.4365457376316115,-4.6890302470520435,-2.7486397099282036,-1.744963916524055,-0.005884478684320598,-0.012997592012233463,47.79166793823242,5.143492698669434,-9.830005645751953,0.6292747855186462,1996
-4.430218804375878,-4.6759928938942,-2.649041659810711,-1.960171493275764,-0.004296377068374662,-0.014104901047449292,47.536415100097656,7.502138614654541,-10.09118366241455,1.0692994594573975,1997
4.688387090252004,-0.30588133188590266,-2.448838360288311,-2.080474170430305,-2.5333833826178016e-4,-0.014806387163556695,3.744978904724121,3.7643322944641113,-1.262987732887268,1.5594687461853027,1998
4.934332072568282,-0.23166815039147992,-1.2544373345162163,0.4346546805065847,0.0025427662343756137,-0.014334691950627445,-3.6296920776367188,11.194387435913086,-1.3905271291732788,2.4558815956115723,1999
4.846918400256506,-0.5454874525085118,-1.2149594497467766,0.3793025887173391,0.003988699039522767,-0.013254038258004561,14.401471138000488,12.149487495422363,-7.737132549285889,2.2702136039733887,2000
-13.36684764229886,0.5046117706944963,0.6780443120215645,-5.755933555348518,-0.008713093341206663,-0.015889070770458806,4.194385051727295,-13.244622230529785,-9.0723876953125,-2.235604763031006,2001
-2.8411606035376393,0.7889419265546361,1.1555794406150093,-5.676974090321663,-0.005296655009406944,-0.016422465321772238,-0.19281409680843353,-7.535743713378906,-7.882747173309326,-3.158402681350708,2002
4.8580564489979805,-7.806127832450257,1.3371070552085151,-5.604292186482551,-0.00268246852965118,-0.017678570559407997,-7.840643882751465,-7.072311878204346,-5.7807722091674805,-6.375392436981201,2003
-4.931112209114111,-17.033528705931733,1.2863845753882637,-5.6918337666827465,-0.008556589142694679,-0.01538527345153102,-14.46940803527832,-19.515766143798828,-4.3125901222229,-8.402115821838379,2004
-10.450898583387538,-22.482605844504583,-9.3417006802346,-1.912240298970344,-0.01083530892785552,-0.009577927850105614,-13.988082885742188,-31.44455337524414,-2.898317575454712,-8.727898597717285,2005
0.7439851344683096,-6.253606948840662,-2.8515077900673638,-2.951131137593391,-0.013526383922838595,-0.0068241893742424405,52.045928955078125,17.618194580078125,-11.013198852539062,1.9466813802719116,2006
-0.28001848661003664,-6.159731712127844,-2.749943382718731,-2.7363992059069897,-0.011541092294765229,-0.0063706803353098095,52.178524017333984,18.908143997192383,-10.768048286437988,2.2531635761260986,2007
-0.9743006922995321,-4.956036254959409,-2.5708206963326226,-2.2872906052905346,-0.0034304211560318497,-0.010161034226825936,47.3104362487793,14.654220581054688,-9.748608589172363,2.140885829925537,2008
-0.763989714949017,-3.709418574894021,-2.3296699595238457,-1.9211753928500437,7.993327821488256e-4,-0.01218328634634654,34.599517822265625,12.610888481140137,-9.151217460632324,2.1031928062438965,2009
1.3737929053565845,-1.9974657468244599,-1.4061867069985161,0.06303950907408956,0.0020987656481159765,-0.012478874114501224,20.041641235351562,10.886367797851562,-8.253274917602539,2.0063135623931885,2010
-2.0042376699088016,2.1631205309874115,-2.3022261929299126,-0.20843175290405985,-0.0024479212375711308,-0.016993925159336884,-1.0985217094421387,-0.34236449003219604,-2.0679385662078857,2.128325939178467,2011
19.61698215372031,-14.210402832918021,-4.661793596723248,-3.8121733987170483,-0.01899192477109015,-0.00840130068117642,-20.512935638427734,-15.762685775756836,-6.596443176269531,-8.786730766296387,2012
19.689123963554728,-17.16187391140656,-4.592613346555401,-3.9429395520526196,-0.02133521184951075,-0.005124394960433619,-29.175077438354492,-21.5719051361084,-6.739853382110596,-10.022390365600586,2013
19.618618749053763,-16.337553408122385,-4.602114326932599,-3.9370258176165844,-0.01941537566762497,-0.007529375062123927,-22.389554977416992,-19.13040542602539,-6.316144943237305,-9.460280418395996,2014
10.934577278061584,-4.862617926620956,-3.82012880561607,-3.9943397366839672,-0.011687590383020929,-0.011834023703517542,-17.713777542114258,-12.858784675598145,-5.44141960144043,-8.688407897949219,2015
-15.501661356639255,-2.9342147960955716,1.7210932898734321,6.4741890108746265,-0.007890385822497688,-0.012433420856963874,8.952842712402344,-13.873113632202148,-9.636299133300781,-0.6844075322151184,2016
-14.860449499945947,-2.383359726914507,1.4571655917380562,6.167035785929558,-0.008855364846370138,-0.009894961869118157,7.528584957122803,-14.414199829101562,-9.634596824645996,-0.930584192276001,2017
-16.05301889282581,-2.010987723679844,-2.576143391111065,0.47411402823149923,-0.00883868578983112,-0.008784412590076845,8.892931938171387,-15.789382934570312,-9.896821022033691,-0.4284071624279022,2018
-12.645334367036456,-3.6775711595275364,-2.496396429517437,0.32455703379332784,-0.005126521452038693,-0.012014612423066054,8.25507640838623,-10.230427742004395,-8.558135986328125,-0.6934988498687744,2019
1.7285016233454467,-1.647996302495683,-1.4542170238281975,0.08063563467681173,0.0014568394788421737,-0.012480720237966552,20.217866897583008,10.424320220947266,-8.161576271057129,2.0980546474456787,2020
16.641485186731455,1.774095512302421,-1.3491407704140435,0.049641726033089195,0.0016840058251339825,-0.011740037304016845,24.381032943725586,11.70459270477295,-8.455251693725586,2.128281354904175,2021
16.74447281050222,1.7810817998251665,-1.091846950032879,-0.006531002505423988,0.0018911994932239897,-0.010055096861071533,24.008337020874023,11.966760635375977,-8.309094429016113,2.4019720554351807,2022
16.753267153219323,1.8107361005326492,-0.9323164593960533,-0.08170098303139445,0.0019185022063092636,-0.010783453687184735,22.43191146850586,11.596562385559082,-8.428730010986328,2.1544926166534424,2023
-2.008593427046931,-17.339143528329835,1.645822398683857,-4.9943707310992504,-0.016548712395395328,0.009005580524273929,42.31171798706055,-28.12474822998047,11.071920394897461,-16.654468536376953,2024
-1.9933285010664357,-17.31086853279932,1.6344069171164741,-5.017223628743293,-0.01655229259624206,0.008999965911340939,41.66926956176758,-28.582414627075195,11.153668403625488,-16.56559944152832,2025
-1.9903834318225115,-17.31671806179433,1.652344100496601,-4.999004634602668,-0.01655017846492132,0.009005148765623132,42.01060104370117,-28.259328842163086,11.219886779785156,-16.514493942260742,2026
-1.900127408052497,-17.294149992638374,1.6561008620475044,-4.992679389699104,-0.016522252496005595,0.008779345606098757,41.437721252441406,-28.739728927612305,10.984189987182617,-16.726465225219727,2027
-1.1552599805365058,-17.309696463095122,1.708430640718769,-4.951928409321907,-0.016103155864576967,0.008063847612491406,40.71257781982422,-29.2535457611084,10.978744506835938,-16.71759796142578,2028
-0.6013722493442439,-17.296737618812553,1.7037359404776802,-4.921637805684211,-0.015625186259862235,0.0070652306659201875,38.89620590209961,-29.68659210205078,10.776361465454102,-16.87731170654297,2029
3.6716604629600162,-17.220615725403974,-7.251361973264386,-1.0255613052684092,-0.014951647770207802,-0.011912847387345315,-19.952163696289062,-21.720733642578125,-5.386040210723877,-9.222143173217773,2030
20.15020290887884,-18.137304371809854,-3.444650299527813,-3.548425945027473,-0.015170623927137668,-0.008908624361398604,-24.331195831298828,-19.96623420715332,-6.094110012054443,-9.837624549865723,2031
-0.45827228680868803,-7.341295699872561,-3.0053104233528862,-3.1082949960070874,-0.014204935372504583,-0.0046631812183582,54.02763748168945,22.153182983398438,-10.720703125,2.604876756668091,2032
-1.4367711267562937,-7.361148521783779,-2.8659654927040825,-2.9678929173785473,-0.013507117881458657,-0.00376915922089664,54.21723175048828,22.347335815429688,-10.673223495483398,2.630772590637207,2033
-1.5126656719720841,-7.358786066852888,-2.811457760312725,-2.877904924138191,-0.01326001723876632,-0.0036242242272979262,53.87009048461914,22.050899505615234,-10.689538955688477,2.6709632873535156,2034
16.8471448217878,17.615152190613216,4.352929465792011,-1.7833001935321116,0.026934947867777184,-0.0016060447808543047,-22.457094192504883,40.44729232788086,0.11692981421947479,13.99839973449707,2035
12.1813256903031,16.00276825693408,5.1894859004233584,-1.637044700368049,0.025228037098946315,-0.0020660693885507352,-16.783187866210938,42.51626205444336,1.100846290588379,13.203466415405273,2036
9.74423581496591,19.14490757924826,6.10559927704079,-1.0858154022532724,0.02386397312245737,-0.001993796350270797,-13.365628242492676,45.07053756713867,2.073320150375366,13.115739822387695,2037
5.273464137695411,21.614424890157146,7.076314322969745,-0.10093859074890849,0.027908471202142997,0.006673875736150891,2.1686718463897705,53.14521789550781,5.6704182624816895,12.230779647827148,2038
4.777334559955952,21.607160473783843,7.127444140932392,0.1693626320523,0.028546967198156435,0.008009952228632189,4.04590368270874,53.33740997314453,5.884202480316162,12.0101957321167,2039
4.805195961264246,20.253023176148524,7.118757598421405,0.2695179259937978,0.025574064983223725,0.003564681239071244,1.1836700439453125,50.502445220947266,5.17489767074585,12.025569915771484,2040
2.90664018527284,20.329768840776197,7.123873584291767,0.9913700497311331,0.02511029294059107,0.005923240323850222,6.788567543029785,49.84308624267578,5.954895973205566,11.265661239624023,2041
2.7229541523907943,20.11146831776884,7.019078605196308,1.0586059963864065,0.024453913877321567,0.005350172712094448,6.985256671905518,49.81435012817383,5.973837375640869,11.082558631896973,2042
2.4570479533209983,21.593711751351975,6.903338305971454,1.1998815214794851,0.027668947464979905,0.010187938787795128,10.645374298095703,51.82979202270508,6.747359275817871,11.2183837890625,2043
1.0351809514117176,22.010764451757304,6.200056426546405,1.6119961416882254,0.02672693596935638,0.011821497620283304,14.738826751708984,50.104312896728516,7.1394500732421875,10.23322582244873,2044
-10.479729315978044,25.410270924285182,5.5862544703696475,1.999415842310784,0.022390956765379375,0.009250923398641574,19.58854866027832,45.23866653442383,7.056536674499512,9.043851852416992,2045
-9.83721103628087,25.326535961427677,5.139510505220722,2.1929883635205005,0.02243526212590838,0.010267105396049716,21.348878860473633,43.75919723510742,6.920454978942871,8.413778305053711,2046
-9.391260192798331,24.97292419744157,5.013180606386493,2.4286524927777027,0.023499177894807155,0.012259156137836907,22.416486740112305,42.1524772644043,7.003354549407959,8.194272994995117,2047
-7.057835392919933,26.671213968425473,4.148202292940448,2.642031875864861,0.023248600091275162,0.0136591405791234,25.941516876220703,35.204612731933594,6.059728145599365,7.899456024169922,2048
-6.030854936089938,28.34639882853604,3.7070096659873237,2.5969566977184986,0.023806348931782396,0.014604557938581016,26.46697998046875,33.326534271240234,5.633506774902344,8.225751876831055,2049
-3.7325894993761906,31.081832696979397,2.8373051810477485,1.9117870009106375,0.02598126610401457,0.016108694519655454,27.185707092285156,29.226503372192383,4.154726505279541,9.029668807983398,2050
-3.8045826828132387,31.171133034403056,2.8686703372214546,1.9208135283154226,0.02600717414299006,0.016170516049451966,27.148103713989258,28.668569564819336,4.366643905639648,8.961498260498047,2051
-1.8723770621703142,31.910407811929456,2.4942947554801216,1.3131563341778494,0.027043281946243333,0.015626633123089713,25.029342651367188,25.66728973388672,3.124293327331543,9.541596412658691,2052
-1.4221474433497352,32.18671870480766,2.3807593512747993,0.8929967558544851,0.027117501732106527,0.015287872037110524,24.289466857910156,25.261348724365234,2.3846094608306885,9.769159317016602,2053
-0.10753601422710492,32.800226139509235,2.328070752641987,0.31917872788131,0.026184715612401873,0.010870296749618546,21.55669593811035,24.803232192993164,1.5943752527236938,10.245421409606934,2054
24.91821164823692,17.818508369248065,2.477138154527973,-0.4706456871169829,0.025369226934364567,0.0046542949687139994,-22.799320220947266,28.178897857666016,0.8475677371025085,10.68075942993164,2055
24.08876647369456,16.943227184673123,2.5716706443045845,-0.8917197906810068,0.024023925278697296,4.055132467963327e-4,-23.829679489135742,28.384197235107422,0.08685002475976944,11.08991527557373,2056
21.717138298087587,15.446723178207902,2.9394360709403267,-2.0153522813159253,0.021660089411293278,-0.005396357047089145,-22.411088943481445,30.619592666625977,-1.1368008852005005,11.31499195098877,2057
19.389451692257353,15.1160913329871,3.129044406435322,-2.375667604191902,0.023034199232518954,-0.005098036013358933,-22.36871910095215,32.15327072143555,-1.5674452781677246,11.513483047485352,2058
17.531598033950452,14.880167269265213,3.8650473284934272,-2.6802373254138256,0.023389587983209614,-0.004767549585054728,-21.029769897460938,34.89331817626953,-1.686072826385498,11.635330200195312,2059
15.169986520580533,13.119869114198096,4.091571204683612,-2.8698470914202954,0.018064563348539113,-0.007975623805210882,-16.11954116821289,33.590232849121094,-1.583993911743164,10.439386367797852,2060
12.429931721487383,13.394881875970386,5.277283065340351,-2.748792680485847,0.018280851776797287,-0.007829463144322181,-13.85952091217041,33.89789581298828,-1.343794822692871,10.09915828704834,2061
11.603878013242818,13.568554375159872,5.500530116579364,-2.520994695408943,0.017689777108768526,-0.008162569125007985,-12.109352111816406,34.45907974243164,-1.0935018062591553,9.947437286376953,2062
9.954472162828006,12.715672962004508,6.116340510866474,-2.0522216880160595,0.01511584385040374,-0.009739771917829388,-9.912060737609863,31.84719467163086,-0.8765891790390015,8.991463661193848,2063
7.90606519175014,12.103907111697447,6.359488837740253,-1.7205355489093088,0.014270469588256122,-0.010345031247530103,-5.63999080657959,29.86685562133789,-0.20473095774650574,8.427995681762695,2064
7.240336229290976,11.968669182279319,6.446652286073993,-1.6780865514117502,0.013082463206454127,-0.011183825634615598,-4.853026390075684,28.953237533569336,-0.04333888739347458,8.253569602966309,2065
5.776289395577519,11.228425824884376,6.633719794771503,-0.2762131267625117,0.011050551457599837,-0.012533403466539365,-3.842872381210327,26.801605224609375,0.42642438411712646,7.800254821777344,2066
2.72131039009588,7.600161443409293,6.601133697054218,0.2742176330250478,0.007157259952823312,-0.014779544619860988,-1.5258638858795166,20.26380729675293,0.47672128677368164,5.979637622833252,2067
12.979685974951051,15.691832092471211,4.97408186676247,-2.0602099025088574,0.024497062710965065,-0.003174886895158829,-18.155424118041992,40.11518478393555,0.28148558735847473,12.731376647949219,2068
11.20562619554416,16.153288601757968,5.660992972872089,-1.5301837050753855,0.024078891823976812,-0.0026315722587835527,-14.278749465942383,42.33749008178711,1.5185892581939697,12.525823593139648,2069
6.256745664375929,17.678328960142277,6.866903178713153,-0.3975163982647681,0.021613481872658647,-0.0023728686299616776,-4.059754848480225,45.623592376708984,3.280595064163208,11.846907615661621,2070
5.292623232429798,20.197098001248122,7.023636691591571,0.11150309206664327,0.025753064847570128,0.0033755239311582283,0.43966275453567505,50.84961700439453,5.005082130432129,12.187864303588867,2071
4.02195960414224,19.558879332719336,6.859967582247089,0.4982189214390493,0.023886450334892152,0.002715971462621177,2.973759889602661,48.650238037109375,5.234047889709473,11.601327896118164,2072
1.5108193446361529,18.586267988078948,6.719369285127948,1.3693158304852224,0.020401525429357692,0.0013422964180355853,7.7969441413879395,46.07552719116211,5.653591156005859,10.30360221862793,2073
1.9881123702055004,18.114403985647414,6.846227519533466,1.1562477028530813,0.019702457773657277,-1.213952882704759e-4,5.478569507598877,45.96092224121094,5.132936000823975,10.539885520935059,2074
0.8773427001789555,18.28695154710008,6.596264712831806,1.5533312237423635,0.01985753340317018,0.0011373527139436383,8.046027183532715,45.06538009643555,5.715208530426025,10.092437744140625,2075
-0.5572045266844785,19.080567714608993,6.086389415285419,2.0187709009808277,0.02120203374538049,0.004908376522773021,11.690950393676758,44.0185432434082,6.058664321899414,9.611550331115723,2076
-6.276608007884337,19.567771441489732,5.5234259295676456,2.4609260237377857,0.016199198841784456,0.0016241218376307973,14.501220703125,36.53872299194336,5.827626705169678,6.475001811981201,2077
-6.8642615230691915,20.105016222648917,5.7573712992881045,2.726309982554314,0.016820501721097926,0.002522134350151628,15.327033042907715,38.78858184814453,6.149774074554443,6.904043197631836,2078
-4.047269644344427,22.82388433566148,3.8451594042990913,2.716840473429558,0.014647464859370064,-0.0015534288248538208,16.0208797454834,30.691341400146484,4.763021945953369,6.256467342376709,2079
-2.029803802190583,26.608733508771383,3.2297564673636665,2.2944516813915943,0.017189792737064447,0.0034537142439390713,18.38055419921875,27.884662628173828,3.507462739944458,6.9107160568237305,2080
-0.8907046240364365,25.728474140640987,2.8842526602957954,1.953825203196404,0.015236050554350577,-0.0023334070609367643,12.166359901428223,25.693605422973633,2.4691479206085205,6.507542610168457,2081
0.21986916018502733,31.031240791561693,2.2197440791342964,0.33881452442824606,0.02388348986782965,0.008195679524692558,20.64325523376465,24.861989974975586,1.5534759759902954,9.56436824798584,2082
24.397419000759417,18.409289488524042,2.291154019853901,0.10591789843261007,0.02516653537543992,0.0067291637094724155,-19.06609535217285,25.682952880859375,1.0730183124542236,10.2836332321167,2083
24.156381987010395,17.84341529577677,2.410684459230732,-0.4920440377134108,0.02368448614262232,0.0021496503718550996,-21.35417938232422,27.048931121826172,0.6724827885627747,10.702675819396973,2084
24.098610360547173,16.357237474827397,2.684392087480854,-1.2968179905253672,0.02350587020823816,-0.0030797216369485374,-25.346065521240234,30.071792602539062,-0.31820210814476013,11.628243446350098,2085
23.358253595820702,15.542114563865496,2.936100833437275,-1.923216255887153,0.023899159124983093,-0.004800054570334521,-25.057308197021484,30.673538208007812,-0.8644415736198425,11.778657913208008,2086
23.22995948390982,15.279004014115644,2.9849680590842476,-2.1170779788333203,0.0249027234214502,-0.004329527760044716,-25.85215950012207,32.4965934753418,-1.1490031480789185,12.190829277038574,2087
18.329198219509347,14.784374340117393,3.3826469111655464,-2.457187684758308,0.02329931258119046,-0.004938154492288897,-21.48002052307129,33.32312774658203,-1.7564162015914917,11.585563659667969,2088
16.708278324596456,14.999403833507026,4.294472568056415,-2.548554691060188,0.024210190579088804,-0.0039612091172536775,-20.64779281616211,35.40817642211914,-1.4048906564712524,11.94531536102295,2089
12.926788090374856,14.447737448883835,5.140571467897724,-2.4989905679065014,0.019727846338943984,-0.0068364131541014915,-15.733610153198242,35.9217414855957,-1.0695589780807495,10.746430397033691,2090
11.811319536101344,13.856941964548191,5.459230296633075,-2.22434869645417,0.017827303350737938,-0.008125379149736562,-13.255043983459473,34.79727554321289,-1.1169251203536987,10.085955619812012,2091
10.760317111585877,13.16228982826168,5.73582970382912,-2.18450859425843,0.016423835117043307,-0.008938125445667548,-10.753531455993652,33.303794860839844,-1.1523189544677734,9.276899337768555,2092
9.505132651267354,12.349898031487907,6.157405250093769,-2.045444282277229,0.01480849016066976,-0.009966185186345095,-8.436990737915039,30.44669532775879,-0.7193023562431335,8.691563606262207,2093
6.866360884364143,12.305319542479177,6.820906989595722,-0.40955151854336497,0.013664458707436676,-0.010866921054686745,-5.155773162841797,30.4718074798584,0.4739503562450409,8.2682647705078125,2094
6.39504455086938,12.11017858874384,6.713499896547626,-0.3010418140727305,0.01238737631069434,-0.011716313156046855,-3.7949399948120117,31.348514556884766,0.7683121562004089,8.2021331787109375,2095
5.421366342237507,11.098493324058504,6.713827006838153,0.06255650283515218,0.010102971889077649,-0.01314110132824458,-2.946146249771118,27.14373016357422,0.4932941198348999,7.748550891876221,2096
4.81734076652621,1.8276338056890782,-1.3210188817765007,0.1723546064060903,0.0028076570165400587,-0.014982852737173705,-3.2416181564331055,9.846365928649902,-1.0116161108016968,3.0266616344451904,2097
2.8818232154929966,1.9621797286302511,-1.5730610561157952,1.1720106280010916,0.004007563055134128,-0.01464393194147193,-0.8564164042472839,10.362430572509766,-0.9547121524810791,2.771263599395752,2098
-1.9513950209152788,13.610446729543089,5.540908210298847,2.1754552996319507,0.008373914339652051,-0.012821109619040729,5.712324619293213,26.520545959472656,3.77224063873291,6.395375728607178,2099
-5.007308508057886,19.946514045875503,4.613355510256122,2.6634001410168384,0.013066092842180152,-0.00458341714523729,14.816112518310547,31.203826904296875,5.000842571258545,5.991572380065918,2100
-4.744212168853311,21.09300367351428,4.509096019289325,3.245437589899895,0.014659553948252056,-5.930975416971317e-4,15.54179573059082,31.56293487548828,5.162223815917969,5.973457336425781,2101
-3.6210170201858376,19.27866452140502,3.755120151064228,2.7034036791485523,0.012218020984796287,-0.007848866464728418,13.114764213562012,28.79949188232422,3.9708235263824463,5.9660797119140625,2102
-0.8720918271868805,26.31677023464356,2.929657332918476,1.90956517817199,0.015863316462337115,-0.0010602712625594737,14.321438789367676,27.143848419189453,2.7895500659942627,6.6577677726745605,2103
7.53791823109907,7.007185131073674,2.6355234313224067,1.1754581606549002,0.013454825486874999,-0.007441253861862256,0.9545679092407227,22.609228134155273,1.2800109386444092,6.827303409576416,2104
7.233123562738482,7.237591700854865,2.67371999504311,0.9386439001721121,0.01310208604558687,-0.008277433795934904,1.355326533317566,22.824777603149414,1.1093783378601074,7.229116439819336,2105
20.426524333494417,13.218999822920994,3.6143015551779976,-1.476610335095527,0.014925601860083813,-0.010558654727422474,-14.44766902923584,25.910797119140625,-0.4540102183818817,9.679313659667969,2106
19.980209925444882,13.499077502551737,3.8929756808493843,-1.6433556401568674,0.01840944243123795,-0.007852746469288198,-18.58249282836914,29.940574645996094,-0.8677146434783936,10.634765625,2107
17.562178567358874,16.674899064254,4.006672732851337,-2.0627229535418774,0.024873516263970413,-0.003672598993260861,-23.367687225341797,36.69601058959961,-1.3268390893936157,12.866554260253906,2108
18.086823531407934,16.28925010640624,3.7691949534629097,-2.3399260365802075,0.024883578219878442,-0.003855424181746944,-23.452180862426758,35.534828186035156,-1.6246871948242188,12.507181167602539,2109
16.294086342958828,18.16369565336654,4.519696586153339,-2.3724657618838574,0.029361903729773133,9.511122125890555e-4,-23.67759895324707,40.54116439819336,-0.36228132247924805,13.869847297668457,2110
14.916283413286564,20.614145567635628,5.039075725099872,-2.349428566678169,0.03322618007351572,0.006066253585922969,-23.160533905029297,44.26529312133789,0.3659805655479431,14.469011306762695,2111
12.157042435895997,21.163564036059636,5.73666035415871,-1.827990564091804,0.031121591214321436,0.004100671492660541,-19.69974708557129,47.35252380371094,1.2527861595153809,14.344793319702148,2112
11.10217597808234,21.161392673591568,6.089739673158954,-1.6224153363543772,0.03111893937448363,0.004258614688170768,-16.578205108642578,48.861907958984375,1.693910002708435,14.146533012390137,2113
10.419052494056054,20.821861686668967,6.23412071945412,-1.4177508675891184,0.03027308268286622,0.003577301744619253,-14.055121421813965,49.06667709350586,2.3843698501586914,13.724749565124512,2114
7.181538605502241,19.626463804633218,6.752365939638446,-0.5616972172099375,0.02558123791460328,9.349879198059595e-4,-5.43204402923584,49.06548309326172,3.924943447113037,12.676715850830078,2115
5.736486601956622,19.2763662537201,6.81032978775246,0.04504924775779012,0.024092166833931162,2.7715660162654483e-4,-1.906920313835144,49.2764778137207,4.406732559204102,12.206385612487793,2116
4.787242945829349,18.57378605847401,6.822065703890155,0.34933557869612936,0.022278823088612922,-4.404762135336998e-4,0.9051752686500549,46.859397888183594,4.613186359405518,11.767314910888672,2117
2.0512624354260605,17.396210115840773,6.810984962007831,0.8293120539349295,0.019771490401660784,-0.0011439045285006081,6.330306529998779,44.313201904296875,5.0033416748046875,10.35541820526123,2118
0.9658503674332435,17.281123631867896,6.666742198488544,1.8785230791729666,0.018164709860082402,-0.0016661750773797892,7.753738880157471,43.770626068115234,5.335422515869141,10.02487850189209,2119
0.2671956829511258,30.30131437438427,2.0341595339987983,0.4178620255154348,0.02233174645591273,0.008033869916504656,20.47554588317871,24.906272888183594,1.7962433099746704,8.983176231384277,2120
-0.025074069994092205,30.22968782121784,2.0898564982627144,0.46494081379592184,0.02261091113815986,0.008445323488548304,20.400829315185547,25.252614974975586,2.107497453689575,9.033308029174805,2121
-0.22834499512150605,30.329135691392636,2.1383980441306343,0.49731191755950216,0.023060631635715038,0.009001363016522152,21.742652893066406,24.789405822753906,2.141360282897949,9.208343505859375,2122
-0.5212283514792294,32.38604161136687,2.3029614615653267,0.3904278552693105,0.0265733131568486,0.012638789651573066,23.1494140625,24.71561622619629,2.057767868041992,10.075871467590332,2123
0.2530697106209828,32.53020698031807,2.3790835070822944,0.1677677309674001,0.026042530233098552,0.009403724216642092,20.700153350830078,25.12818717956543,1.426161527633667,10.29571533203125,2124
24.295523321314523,17.75302453395407,2.4894705939505806,-0.5051647448378824,0.025046163156663387,0.0042192008878924854,-22.45589256286621,27.101869583129883,0.7862611413002014,10.613473892211914,2125
22.005101758778277,15.753109726937543,2.8249663043235054,-1.227294477208259,0.021466483107590247,-0.004994351911015304,-20.795135498046875,28.1658992767334,-0.5070876479148865,10.871869087219238,2126
20.297758727304775,15.320142463636945,3.018077962419819,-2.106396111233833,0.022563575377331186,-0.005230002277897338,-22.348285675048828,31.427688598632812,-1.3168388605117798,11.436777114868164,2127
18.69084986898114,19.011990877710915,3.7555230784629097,-2.314635308964851,0.030719353022922967,0.001985541762384472,-27.13238525390625,38.009708404541016,-1.0865800380706787,13.721619606018066,2128
18.090566464472904,19.175643934234824,3.9672025370810737,-2.765926631672981,0.0312756488299409,0.002966989167234051,-26.85369300842285,39.779170989990234,-0.8650605082511902,14.044078826904297,2129
16.22412707671981,21.444431679918516,4.887077682039569,-2.510928901417854,0.03452743028363863,0.009108716738101624,-26.179031372070312,43.64672088623047,-0.04601055383682251,14.635923385620117,2130
14.1774630174839,20.802651766218375,5.3696712184165225,-2.5072520100909497,0.032617962037420394,0.005295589277451875,-22.74030113220215,45.49790573120117,0.5160375237464905,14.285789489746094,2131
10.669593031296769,20.831716118307757,6.233266704103778,-1.5560037219363474,0.030410023442192805,0.003411772366810163,-15.72304630279541,48.55402755737305,1.9778474569320679,13.867685317993164,2132
8.733420783855493,17.080162839420606,6.423365943453144,-1.5540561997729563,0.023812705092449215,-0.0017415328634063575,-9.375954627990723,46.41869354248047,2.68176531791687,12.510037422180176,2133
4.666150436442134,21.039894236309113,6.703458659670185,0.19968881966292623,0.02701310979685459,0.005578167963692075,3.9340672492980957,52.91679000854492,5.801910400390625,11.95003890991211,2134
1.7628847353163544,21.58717651337088,6.658594958803485,1.451404777781365,0.02546130456074605,0.009483387016985968,13.127971649169922,50.8169059753418,6.73615837097168,10.630398750305176,2135
-8.309808897901215,24.98778057855065,4.783311717531513,2.5834414637249683,0.022909882290671552,0.012141525434608322,24.08220100402832,38.38563919067383,6.761440277099609,7.879369735717773,2136
-1.8833030331336535,26.06691211073739,3.342287890932392,2.4528102553051685,0.016356240370228425,0.0016498624179740475,15.452864646911621,27.352815628051758,3.418800115585327,6.4525909423828125,2137
10.232201425820584,6.391726526716418,2.2711123156760444,0.2931811487835622,0.01693640163769769,-0.004108448851777005,-7.864336967468262,23.322359085083008,0.7233516573905945,8.957416534423828,2138
24.433357374593488,16.98544895045422,2.576420419237446,-0.9262967133361124,0.024163821814787094,1.135618201698885e-4,-23.78494644165039,28.46042251586914,-0.020177459344267845,11.307405471801758,2139
23.466510276684865,15.538408949356795,2.8805068659995308,-1.9498482072192453,0.0244708816753934,-0.004384357339786338,-24.663070678710938,30.800336837768555,-0.9165397882461548,11.663835525512695,2140
23.222258436870323,15.225144496672211,2.9847079444144478,-2.136455687268379,0.025322226401663015,-0.003975229216773103,-25.393705368041992,32.20083999633789,-1.1220035552978516,12.354869842529297,2141
19.214812423978188,15.731365506213484,3.327814929506611,-2.5693707787829663,0.02381682490034565,-0.004709465548848755,-23.936965942382812,33.605491638183594,-1.4764899015426636,12.10785961151123,2142
16.062514938324625,12.455776826022488,3.4748481440757026,-2.847345622761848,0.01685256372153826,-0.008520525821514184,-16.690597534179688,32.030696868896484,-1.9198321104049683,10.298352241516113,2143
15.917501759145072,13.020940444039294,3.946751945040058,-2.9729433381396557,0.01879586541774819,-0.007542109853764122,-15.763092994689941,33.833251953125,-1.4315121173858643,10.600935935974121,2144
8.459473625115413,12.38362984978095,6.353992812654804,-1.88506213067353,0.014222277351078484,-0.010502128128324375,-6.042587757110596,29.24382209777832,-0.20268204808235168,8.622563362121582,2145
1.9965954155502956,11.869436679294148,6.853413932344745,1.1892286217373587,0.01000853582767065,-0.013133564417097232,2.6107876300811768,27.922279357910156,2.4568378925323486,7.4499921798706055,2146
0.5226771201515142,16.777697467404856,6.58496414901955,2.1503834402722095,0.016214349908637096,-0.0042575970101908,8.889730453491211,40.79462432861328,5.074318885803223,9.751996994018555,2147
-0.4585450511287146,15.185535554508643,6.497977607271503,2.2133030569714283,0.012677685263175155,-0.009547536301198397,7.8091959953308105,35.84416580200195,4.265117645263672,8.137696266174316,2148
-0.5722732518251912,13.686460600101544,6.454065673372577,2.2996592199963306,0.009804713783796255,-0.012888999565263478,5.355764865875244,29.24347686767578,3.391207456588745,7.054965496063232,2149
-1.1594952875879132,15.45249863275889,6.276193015596698,2.607669082896111,0.012843273858004402,-0.008504817792439365,10.504104614257812,35.42496109008789,4.871164321899414,7.811965465545654,2150
0.4242606429271366,21.92881330214533,6.42022215606911,2.08994790674865,0.024620754706817988,0.00947444757325846,16.036277770996094,48.39439392089844,7.180646896362305,9.717007637023926,2151
-9.872284232011284,20.588393718521626,6.256173484346698,2.558536497370598,0.02405116614738194,0.009828814897444084,18.221967697143555,46.02152633666992,7.224421501159668,9.11402702331543,2152
-9.560760213422139,20.701222729148753,6.103912704012226,2.7970151579540943,0.02303769026011717,0.00910107327153061,18.627185821533203,44.6275749206543,7.283382415771484,8.761125564575195,2153
-8.774884023122697,20.624688294097076,5.997912757417987,2.979014364497063,0.021111321550242385,0.008204212008868022,17.876211166381836,41.2305908203125,7.0525970458984375,7.87753963470459,2154
-8.184370687825467,20.138510920476058,5.854564063570331,3.206250396983025,0.0196756296237435,0.005826686558901624,16.576499938964844,40.60572814941406,6.760268211364746,7.924643516540527,2155
-4.7278218273253305,15.793147522233024,5.71100699188454,3.427820173518059,0.01059248663465537,-0.010563384820508835,11.80346965789795,32.44997787475586,4.588669776916504,5.965043544769287,2156
-3.7033848505040243,15.42356013243953,5.634388320467304,3.393591371790764,0.009448803235978229,-0.011817333781926577,7.401467800140381,27.4014835357666,3.446242094039917,5.715295314788818,2157
0.365174315820156,7.789508856425776,5.571196906587909,3.3366551077526783,0.006041557164820228,-0.01471317420046076,2.0860021114349365,18.192106246948242,1.6062365770339966,5.297701358795166,2158
-2.081756757680672,12.596374271944967,5.190966479799579,2.2867095148724292,0.005800368944148329,-0.014541812158578185,4.255646228790283,21.286041259765625,3.126607656478882,5.751080513000488,2159
-7.077642701935958,21.048594887001723,5.34703575851662,2.736427513377068,0.017801864247184336,0.004449363485141005,17.44140625,38.0285530090332,6.533672332763672,6.851146221160889,2160
-8.606390990286856,21.69941009826951,5.692896239778827,3.040499893442986,0.021230240622140146,0.009697018913145672,19.46318244934082,41.56136703491211,7.366598129272461,7.4832892417907715,2161
-8.57798319024909,21.599992397037187,5.6280378031943545,3.2156765139263843,0.02116776572357739,0.009890226863937757,19.425012588500977,40.81123733520508,7.256213188171387,7.552182674407959,2162
-11.93448951406729,22.837435564756266,5.662037246248554,3.4170157587689136,0.025340397296440782,0.016978145087688967,25.020423889160156,40.924991607666016,7.560181617736816,8.013607025146484,2163
-11.27701406731745,22.384686046994744,5.657028548738788,3.4550449526470874,0.02443220762606366,0.016034704441020856,25.038679122924805,40.411399841308594,7.602207660675049,7.668455123901367,2164
-10.307136482167753,21.830033313413086,5.6072176623557315,3.446287361399529,0.02311421654284089,0.014338080501468382,24.514541625976562,39.13210678100586,7.396664619445801,7.476397514343262,2165
-4.867627066057824,15.525839512501372,5.628698222658466,3.3964304602307056,0.01029299313904137,-0.010768158692603223,12.51644229888916,29.982053756713867,4.0332112312316895,5.625386714935303,2166
0.17095365542729227,7.611914829369312,5.551245086214374,3.3816475546520923,0.006193177275255689,-0.014760104679731647,1.7829594612121582,17.361814498901367,1.396742582321167,5.018246650695801,2167
-12.189896010902645,0.564943678336409,-3.798736698606182,-1.0157276117640757,-0.004512010874391093,-0.01633689119593246,2.6565980911254883,-11.915794372558594,-8.543351173400879,-2.443612813949585,2168
-11.62512372256028,1.2494598150030853,-3.800067789533306,-1.00679543851197,-0.006446742866322083,-0.014836954181753353,1.92328941822052,-12.510576248168945,-8.428206443786621,-2.827526330947876,2169
-11.363874268829909,1.2260752566658097,-3.8276943039681206,-0.9508776390391611,-0.006866864426348036,-0.01468416967502715,1.270060658454895,-12.364799499511719,-8.271495819091797,-2.863759994506836,2170
-10.931016527036565,1.1824909807363801,-3.921370394208599,-0.8362421417075419,-0.007554513643847688,-0.014542864889167976,1.388060450553894,-11.751368522644043,-8.197868347167969,-2.8983957767486572,2171
-10.308299057295327,1.0635729499998983,-4.1589933705117,-0.7412078106242441,-0.008550096831965814,-0.014513763050261936,-1.3818460702896118,-10.087379455566406,-7.312922477722168,-3.413660764694214,2172
3.485970590934513,-10.64322188563931,-5.077952988126446,-0.4730243520277762,-0.009503893344112415,-0.014369891345278645,-4.873107433319092,-8.508308410644531,-6.591177940368652,-3.9556219577789307,2173
4.019112535083674,-15.087435365859175,-6.173216469266583,-1.0191642367678904,-0.0121845749100059,-0.0135117017415693,-10.574200630187988,-12.170263290405273,-5.913154602050781,-5.485871315002441,2174
4.200352657722099,-16.31853768020282,-7.279229767301251,-1.0276664221125864,-0.014064059218887013,-0.012455827665146272,-15.315979957580566,-18.264368057250977,-5.537900924682617,-7.93597936630249,2175
4.916442250769033,-17.56195200758336,-7.836063034513165,-0.9395881020861887,-0.017194937379446957,-0.009424410436102116,-21.302268981933594,-21.634370803833008,-5.342521667480469,-9.328438758850098,2176
4.937824530958397,-18.00843323823282,-8.111375935056378,-0.8833843493300699,-0.019070991115022244,-0.006146899445790973,-22.848148345947266,-27.897127151489258,-4.375609874725342,-10.182433128356934,2177
-15.078714687305084,-28.701940218563504,-8.342685825803448,-0.8054442429381632,-0.020278742087891252,-0.002299627278565115,-23.498125076293945,-32.665950775146484,-3.578901529312134,-10.91079330444336,2178
-15.35110460589289,-28.425598391327362,-8.522731430509259,-0.74987325309098,-0.020754618061315518,4.569852820569839e-4,-23.132265090942383,-34.87894821166992,-3.1012253761291504,-11.14526653289795,2179
-15.560706455119467,-28.087427191415486,-8.683118946530987,-0.6829041266280436,-0.02114015991645411,0.0022591752925697818,-22.791202545166016,-34.72650909423828,-3.065275192260742,-11.170985221862793,2180
-15.681724102929897,-27.624755619634435,-8.840664036252667,-0.6040188991862558,-0.02143476105919413,0.0035132841878661434,-22.019779205322266,-35.50364303588867,-2.903608798980713,-11.286364555358887,2181
-15.81699382085369,-27.229563659394355,-8.998389370420147,-0.4859917262035632,-0.021101215765056604,0.0038666121016983574,-21.80532455444336,-36.093605041503906,-2.815746784210205,-11.404208183288574,2182
-16.211614489421414,-26.035597518885364,-9.269497044065167,-0.19937511025250193,-0.01876020859138807,0.003100891802680983,-20.04620361328125,-36.2450065612793,-2.597055435180664,-11.257474899291992,2183
-16.694546052282174,-23.01450724366846,-9.406293041684796,-0.0032018148738169327,-0.011407740713885896,-7.457494617876913e-4,15.046538352966309,-11.082585334777832,-0.5083296298980713,-1.2086337804794312,2184
-3.2305715974429865,-4.98119125403437,-2.779496557691265,-1.705293687565925,-0.004175444503381825,-0.00971920949872632,50.946807861328125,9.613055229187012,-9.874820709228516,1.6275068521499634,2185
-3.097057290137908,-5.001421563581927,-2.7586869072701226,-1.7308612191516184,-0.004053558810297388,-0.009553515294333617,51.277896881103516,10.034452438354492,-9.785774230957031,1.6561951637268066,2186
-2.862796869917869,-5.0433761238995665,-2.720562345960308,-1.8060975396472239,-0.0037810405022240777,-0.009443225849490922,51.09428787231445,11.502181053161621,-9.877357482910156,1.609683871269226,2187
-2.39727711828808,-5.057822750354724,-2.6618793082024346,-1.9407360875445627,-0.003254668611860326,-0.009875510003210306,50.24408721923828,11.374878883361816,-9.822404861450195,1.809633731842041,2188
-1.319014069852321,-4.703672309667087,-2.5676719021584282,-2.174688848240974,-0.0018658069485660389,-0.011281105072616463,46.597904205322266,13.37341594696045,-9.652626037597656,2.0044381618499756,2189
-0.8779409545844754,-4.052274019987567,-2.461522824742962,-2.092761071904304,-8.410815798348529e-5,-0.011939678410015727,40.53373718261719,13.205755233764648,-9.396263122558594,2.0442752838134766,2190
-0.2108062176456248,-2.7591683301163625,-1.2567682933594475,0.44834020497023824,0.0034932375894676767,-0.012775615604614985,41.651973724365234,15.023566246032715,-9.3245849609375,2.32611346244812,2191
0.01635897523010587,-2.586476161548777,-1.2487123679901848,0.4146701967877126,0.004131066344275347,-0.012912258981517053,29.363388061523438,13.13157844543457,-8.782777786254883,2.2581255435943604,2192
-15.397235061138655,2.668979251444718,0.6868269372199287,-5.7700984799701,-0.014577288982265154,-0.014642367739096235,21.044092178344727,-26.068950653076172,10.23147964477539,-17.554683685302734,2193
-15.376618281807328,2.9943106680854497,0.7706636119101753,-5.750451358540657,-0.014721794046829585,-0.014771985368147531,27.780366897583008,-28.090578079223633,10.323746681213379,-17.438501358032227,2194
-15.41157167309007,3.502984783735762,1.017871730348896,-5.717551025136116,-0.014728076294512626,-0.014994426876075221,27.346275329589844,-27.859310150146484,10.372057914733887,-17.403547286987305,2195
-1.2267282301967422,-14.43267300029401,1.2377185750220527,-5.619802268727424,-0.014980895020001606,-0.014958960065026254,34.47229766845703,-29.242979049682617,10.569844245910645,-17.150531768798828,2196
-1.590342252700775,-14.543414422171036,1.3174103427146187,-5.609587939961555,-0.015292774213325169,-0.013695807058916352,35.14087677001953,-29.29612922668457,10.66999626159668,-17.040197372436523,2197
-2.0548153786157504,-14.437257658912866,1.292823188326191,-5.658918651326301,-0.01486602525058799,-0.014613998686254383,33.92046356201172,-29.25877571105957,10.658487319946289,-17.042497634887695,2198
-3.0245840788948257,-14.524170669780167,1.27598833324654,-5.684620650990608,-0.015717450132433218,-0.013744421242795065,38.64456558227539,-30.13736343383789,10.87777328491211,-16.825233459472656,2199
-11.486074934277598,-27.72474647071537,-9.415869839170147,-1.9768106067019724,-0.01729500004754357,-0.009265044080611774,-23.081832885742188,-36.936302185058594,-3.121074676513672,-11.107481956481934,2200
-12.593046321066605,0.4523798295144055,-3.775369770505596,-1.0618778788882517,-0.00633109660475531,-0.01574083105693828,3.386725425720215,-12.267292022705078,-8.833478927612305,-2.3380606174468994,2201
-12.311118675431763,1.2842250648329077,-3.7480834793831597,-1.069692405446174,-0.006392062963761705,-0.014747844197324562,2.9794580936431885,-12.995397567749023,-8.652867317199707,-2.804293155670166,2202
-12.082994145808518,1.4282012970489972,-3.7747019600655327,-1.0365647995311045,-0.006772780232638936,-0.014491490828463308,2.425233840942383,-13.147398948669434,-8.662840843200684,-2.8108091354370117,2203
-11.85910350316343,1.4118261380720916,-3.7681452107216606,-1.0019923174220347,-0.006997443548985585,-0.014241869172888007,1.8418333530426025,-12.569561958312988,-8.543667793273926,-2.883394241333008,2204
-11.607863983481364,1.2689252009518135,-3.8075314831520806,-0.9398262226420664,-0.006989274886728637,-0.014275620414933101,1.964856743812561,-12.51284408569336,-8.420001029968262,-2.870227813720703,2205
-9.6171674561674525,-0.48309530346238216,-3.8587795567299614,-0.5858200812178873,-0.0065244633428082205,-0.014458039159489204,0.4086266756057739,-9.031920433044434,-7.414961338043213,-2.6038544178009033,2206
-7.369890658704847,-1.873406012897559,-4.903703815915753,-0.16680610416710612,-0.007867321221037766,-0.014291508237783366,-5.126459121704102,-6.233491897583008,-7.097342491149902,-3.4864420890808105,2207
6.917226696477215,-9.607307672371176,-6.288127548673321,-2.610557588322761,-0.009458448347720168,-0.013994092653445095,-12.612741470336914,-7.033957004547119,-7.015486240386963,-6.375302314758301,2208
10.924440061275613,-7.631245383708934,-7.32344592330711,-1.2183891260463022,-0.013107825433419994,-0.01164223417164798,-16.10274887084961,-12.352986335754395,-5.715280532836914,-8.076499938964844,2209
6.045185689797896,-17.557841674235664,-7.943246014096905,-0.9854836189585947,-0.016487933626703307,-0.008921586796697453,-18.56031036376953,-17.51856803894043,-4.664885520935059,-9.082444190979004,2210
5.854005311795278,-17.743256480861273,-8.204155094602276,-0.8747197711306833,-0.017745234292225215,-0.006395609356155754,-18.351882934570312,-23.20708465576172,-3.8751749992370605,-9.507857322692871,2211
-14.162939128581584,-26.62485539970541,-8.394855148770977,-0.8036162280875467,-0.018057856171630634,-0.0025930877731250444,-18.078550338745117,-29.54145050048828,-3.1050944328308105,-9.90330696105957,2212
-14.32822306312095,-26.338122619017838,-8.575452930905987,-0.7487233602839731,-0.01792638353227836,-7.640203578193777e-4,-16.337038040161133,-32.22078323364258,-2.554027557373047,-9.96607494354248,2213
-14.454482479646485,-25.879284435708886,-8.785181171872784,-0.6386359208661341,-0.017321754078662908,-2.9044083341562714e-4,-15.655272483825684,-33.20170593261719,-2.0474026203155518,-9.900176048278809,2214
-14.726829802120776,-25.026737391497523,-8.94213307616966,-0.5086294883328699,-0.01620796267626935,2.127129998993906e-4,-10.490702629089355,-33.15737533569336,-1.4910587072372437,-9.593430519104004,2215
-14.920729948702219,-20.660595610245366,-9.175334103086163,-0.27155910669148203,-0.00827150010805057,-0.0014812284232946546,1.8042329549789429,-29.668277740478516,-0.217420294880867,-8.911160469055176,2216
-13.40630992938058,-10.99831330485886,-9.306872494199444,-0.05770796774208781,-0.0033647121764595164,-0.0083748508079643,5.09971284866333,1.4734935760498047,-0.632426917552948,-1.173098087310791,2217
13.29346618725992,2.043075029112868,-2.6892424893166313,-5.794773849232795,-7.879814051270502e-4,-0.006797530465689579,-9.996630668640137,7.812556266784668,-2.420640230178833,-6.965109348297119,2218
13.280833575266701,2.041316005975348,-2.6923838925148735,-5.790854724629524,-7.834036847624149e-4,-0.006811871677009635,-10.16606616973877,8.529101371765137,-2.5810282230377197,-6.988354682922363,2219
13.27136511773798,1.995421780552919,-2.6841999363686333,-5.803453239186409,-6.124365834111805e-4,-0.006623016654047792,-10.516332626342773,8.809273719787598,-2.5508697032928467,-6.888187885284424,2220
13.277916638099281,1.8957496193918526,-2.688800461270977,-5.795796188099983,-5.45347065960819e-4,-0.006730914442422553,-10.718103408813477,7.980852127075195,-2.5726206302642822,-6.913212776184082,2221
13.28620859683168,1.6719133677588813,-2.6846987080361138,-5.79570940373719,-3.782172489154997e-4,-0.006934850006681456,-10.486390113830566,7.566100597381592,-2.8318352699279785,-7.0307841300964355,2222
13.219313301225734,1.658133154894217,-2.713118441083599,-5.7617070996600415,-4.992903619664968e-4,-0.007082427030955068,-10.247201919555664,7.442683219909668,-2.8466076850891113,-7.157352447509766,2223
13.193325314403204,1.406759690298986,-2.7390288185860405,-5.722615512593391,-9.9279436616331e-5,-0.007804005349873473,-10.449090957641602,7.426785469055176,-2.8097140789031982,-7.083619117736816,2224
12.892222971700201,0.6953847427333237,-2.859620935895611,-5.530494006856086,-9.044706485659042e-4,-0.00897561949661849,-9.549054145812988,7.317779064178467,-3.0206174850463867,-7.123757362365723,2225
-2.432212892503648,30.219623650509842,2.795501821062397,1.7944593107861257,0.023688149569812324,0.012593204183707771,24.319292068481445,27.83135223388672,3.379319906234741,8.897520065307617,2226
8.820897675564176,6.364813745750823,2.3958278823111763,-0.1745559298831248,0.013719017364227586,-0.008130606925763745,-5.51369571685791,21.895282745361328,0.39268627762794495,7.7995123863220215,2227
13.734333510589874,13.004905257728042,4.194191806337665,-2.1936260783511425,0.015681596610127996,-0.009894587200863923,-15.50828742980957,31.232215881347656,-1.1174589395523071,10.32116985321045,2228
14.099806210764394,13.728437633799999,4.2891706156943545,-2.227417381985786,0.01781659209757537,-0.008212303222583275,-18.09467124938965,35.219791412353516,-1.242219090461731,10.98548412322998,2229
15.123674350438993,19.184571956750318,5.023694388887714,-1.845763715489509,0.02922658861864095,0.0012290716452154368,-21.494354248046875,43.91307830810547,0.5776246190071106,14.271678924560547,2230
11.13169766957975,19.59522320452195,5.507161490938495,-1.5152786099749826,0.02783175874991331,7.451249394103727e-4,-17.847557067871094,46.29167556762695,1.4773263931274414,14.098267555236816,2231
6.486666000161472,20.338046422954267,7.023898952028583,-0.2830219143468165,0.02538394676631259,0.001897575191128995,-2.8278019428253174,50.95412826538086,4.36348295211792,12.562667846679688,2232
6.128955412776947,20.136834498196265,7.119480483553241,-0.08637231825173136,0.025160563116202204,0.001596679286495766,-1.2343826293945312,50.43656539916992,4.534573554992676,12.233386039733887,2233
4.716716557117806,22.179813599320585,7.143225543520282,0.1615794575375295,0.029307834682691665,0.009950717686066493,4.2628302574157715,53.616207122802734,6.212945938110352,12.076462745666504,2234
4.6444811860002355,21.913402733264505,7.058403842470478,0.19512352110564474,0.02919187882661743,0.009558396221047864,4.461191177368164,53.47146224975586,6.131728172302246,12.10874080657959,2235
3.9159688897352867,22.089789617206037,7.261287562868427,0.6586517965954519,0.029677699476229412,0.010964858272276288,6.352352142333984,53.62701416015625,6.348236560821533,11.810359954833984,2236
3.319239011476008,21.87615607938894,7.169526450655292,0.923235741869805,0.029255671716288584,0.011110883514771524,7.169628143310547,53.12659454345703,6.457196235656738,11.560001373291016,2237
2.571216701996119,20.91520892211435,6.920924537203144,1.168926922098992,0.02597291762837959,0.007365981099875906,9.05633544921875,51.172576904296875,6.332523345947266,11.278761863708496,2238
2.4163041951699964,22.460909709584865,6.809367053530048,1.2969873821896292,0.028904099152339185,0.01309830010093286,11.055774688720703,52.53131103515625,6.886586666107178,11.203465461730957,2239
1.778311034317214,21.978495270144816,6.63499438049538,1.4054424441021658,0.027257015106672583,0.01152551181081953,13.051868438720703,51.403499603271484,7.039253234863281,10.75357723236084,2240
1.0281212821063617,21.59458625554896,6.300067298433612,1.6148137724560476,0.026063818250207954,0.010683221009728332,13.716933250427246,49.91279983520508,7.057021141052246,10.345252990722656,2241
-10.840937435251837,25.07491054074983,5.823401324770282,1.9854244864147879,0.02511680863137856,0.011342308803834189,18.679006576538086,46.70589828491211,7.244522571563721,9.46674633026123,2242
-8.320979602421497,23.316945814938027,5.136693828127216,2.279504028574822,0.020277083609913482,0.007920506541139743,19.156139373779297,41.10981750488281,6.851531505584717,7.869659900665283,2243
-7.687933557198269,22.681691404119178,5.0928057360862,2.452999321238396,0.020031418929093003,0.00807374643302296,18.941112518310547,38.53495788574219,6.882618427276611,7.169727325439453,2244
-5.329332270742869,26.29949694691287,3.7482260394309272,2.597418276087639,0.020881722036118475,0.010974272324505905,22.739343643188477,32.86995315551758,5.164437294006348,7.177862644195557,2245
-1.1492479311335662,29.964931923573566,2.6855505633567085,1.7070438540142752,0.022921780693147705,0.010072504503781363,22.301769256591797,26.1157169342041,2.6908938884735107,8.773676872253418,2246
-0.5517894129071456,31.804341577525015,2.181610696337055,0.4753045118015981,0.026156430175889915,0.012362030526873246,23.006778717041016,24.647668838500977,2.2421963214874268,9.66748332977295,2247
24.497156373592894,18.558431981774238,2.370953433534931,0.07948294045150045,0.025841273042654066,0.007733853979365064,17.819427490234375,25.145572662353516,1.1509065628051758,10.271062850952148,2248
24.817728396961975,17.6313551268017,2.476710908434223,-0.5065729343730234,0.025264511138502747,0.0032013125550537946,-22.8458251953125,27.82391357421875,0.7603763937950134,10.732629776000977,2249
24.951821074025137,16.09032739600347,2.8320084738944282,-1.265388938172462,0.02684335619526309,-0.0031554980519360293,-27.557289123535156,31.79202651977539,-0.435615211725235,12.152551651000977,2250
25.03951692212984,15.266355582117813,3.1793759989951362,-1.7023376548129343,0.02804054196601765,-0.0018583918759496382,-28.39259910583496,32.54922103881836,-0.7534632682800293,12.51331615447998,2251
24.74514616053282,14.755114470060686,3.4517325091574897,-2.0617355429965283,0.029419477020036167,1.2814911146374593e-7,-28.64607810974121,35.3575439453125,-0.9639416337013245,13.230781555175781,2252
19.009124291748776,19.09633493782849,3.6597679782126655,-2.2974018180209423,0.03061991232664197,0.001740352069836578,-27.63494110107422,36.67499923706055,-1.0919803380966187,13.415557861328125,2253
17.48150044513522,18.991103664634423,4.348755233309101,-2.436299594624641,0.03132493174664282,0.0032247530004581425,-25.936012268066406,39.60694885253906,-1.0097342729568481,13.831761360168457,2254
16.168943129305838,18.699557448169113,4.635630481264423,-2.3199595534640576,0.02971167883377133,0.001280597075455866,-23.77973175048828,41.422698974609375,-0.5547792315483093,14.012276649475098,2255
14.97171905417821,17.739534560093606,4.8437851596091495,-2.213015230877998,0.02705754170765275,-0.0011815698483413754,-21.350099563598633,41.41160202026367,-0.08512028306722641,13.565969467163086,2256
12.348402742791885,16.249016524187706,5.506558291933368,-1.978788765652778,0.0247992248683277,-0.0027682449941722753,-16.37575340270996,41.647422790527344,0.7238536477088928,12.718244552612305,2257
11.740191204589246,16.203493420363824,5.566238276979755,-1.8446177565890574,0.02400112758434041,-0.0030743562492792616,-15.490391731262207,41.88296127319336,1.0683809518814087,12.383191108703613,2258
-4.710419654255722,27.346363383195413,3.3674329447959175,2.4340603029888843,0.02078785942093533,0.010695222835154342,23.343080520629883,31.47699737548828,4.792123794555664,7.403549671173096,2259
4.4791751381180704,4.555962835496051,2.4701715636466255,2.0907237208050464,0.004790263762215109,-0.01531222200583067,0.2592199444770813,15.425843238830566,0.6684142351150513,4.747191905975342,2260
13.628697687795784,12.599230753986172,3.871566169283222,-2.3906209790545727,0.016610323542049957,-0.009088029503271032,-15.00577163696289,32.24197006225586,-1.4879921674728394,10.321235656738281,2261
13.436154706945286,13.309102479014717,4.4702790904258,-2.343078287823799,0.01669714248083807,-0.00905132552444573,-15.7852201461792,35.701812744140625,-1.2518205642700195,10.671165466308594,2262
15.13054013085947,18.327308617374594,4.818443171999286,-2.1684366786319043,0.02781919220355272,-4.7045935524633815e-4,-21.84982681274414,42.31557083129883,-0.10987129807472229,13.909700393676758,2263
9.910895110109124,16.513010458713648,6.051029078981708,-1.44584515927613,0.022474239102729263,-0.003267165527176188,-10.840644836425781,43.70772933959961,2.312793493270874,12.274404525756836,2264
6.558366833731293,17.21057936052236,6.870500438234638,-0.4953586669105315,0.02088487271677758,-0.0032988391833193584,-4.101797103881836,45.469242095947266,3.4346323013305664,11.828261375427246,2265
3.814428799611418,18.573759861463753,7.246193759462665,0.4805404818218923,0.020452010540850434,-0.0012265571680209523,2.8864426612854004,46.93760681152344,4.97381067276001,11.411112785339355,2266
2.7935653678876857,20.90352141017919,7.067431323549579,1.0387054360073782,0.026059717694104687,0.0073446162138659805,8.425108909606934,51.30524826049805,6.351878643035889,11.361261367797852,2267
2.5240675771652863,20.701672111269378,6.954390876314472,1.1468957340878225,0.025566343327790928,0.006903254144929486,8.8494720458984375,50.577850341796875,6.255834579467773,11.082465171813965,2268
1.754536910615752,21.72174292321053,6.746097915193866,1.4416749155682302,0.02624367922063899,0.010232279195079214,12.514937400817871,50.79947280883789,6.863030433654785,10.780536651611328,2269
0.036034505627476024,21.0275740699879,6.172096602938007,1.8211211836498953,0.023979892262940394,0.008691829053862645,15.31043815612793,46.45225143432617,6.9599480628967285,9.660816192626953,2270
-1.009437650913815,19.64850679847462,5.848850600740741,2.050695863978264,0.02165559682132493,0.005900395186343025,12.159207344055176,44.81302261352539,6.3060736656188965,9.566216468811035,2271
-10.756380970476044,24.682388550238386,5.849105231783222,2.177794424311516,0.024321026092270652,0.01072906561384401,20.115352630615234,44.8379020690918,7.328454971313477,9.02983283996582,2272
-7.330623082015248,22.693909027622677,4.950908057710956,2.529367891566155,0.019964694950513315,0.008120162641076713,19.478906631469727,37.960113525390625,6.723301410675049,7.074611663818359,2273
-8.002604915009568,23.114753014289768,5.016369693300556,2.5794646418255542,0.020866570612118357,0.009221842489731165,20.742206573486328,39.531898498535156,6.977034568786621,7.527749061584473,2274
-6.25639019706492,24.65671710175167,4.254183642885517,2.7641534483593677,0.020118690995685782,0.00972034712160167,21.806394577026367,34.818382263183594,5.691534042358398,6.84844970703125,2275
-4.092291170393072,23.05401465412401,3.8571609187339058,2.6785556948345874,0.015679917229586574,7.789421326496589e-4,17.408767700195312,30.74180793762207,4.483019828796387,6.319748401641846,2276
-0.9202028231441273,26.035547326113797,2.7225726771567573,1.8631965792340017,0.015545595606001727,-0.0017790800202701065,13.194798469543457,25.68195343017578,2.7228190898895264,6.594636917114258,2277
-0.14608437445882563,30.18185467455176,2.119685046694111,0.4998687780064321,0.02295945911975383,0.009036983966443198,19.966238021850586,25.431657791137695,2.1006698608398438,8.9001922607421875,2278
10.314938073081915,6.568128120616647,2.317693345568012,0.515185443179009,0.0171114241708063,-0.003519471317387907,-4.125316619873047,23.76482391357422,1.308669924736023,8.50832462310791,2279
21.444822137197374,16.808519537881047,2.5206600356314888,-0.8473950350123667,0.01967170481761345,-0.0051715905105097,-16.208677291870117,25.84840202331543,0.03153632953763008,9.622221946716309,2280
23.046441204802463,15.40698332151222,2.7427140403006782,-1.6365607106524729,0.021195777311630644,-0.00628705748907563,-24.653249740600586,30.604114532470703,-0.9458557963371277,11.574146270751953,2281
18.610080291512755,15.76777490879704,3.577458255312275,-2.3355503403979565,0.0242498854376644,-0.004305747048497847,-23.53618049621582,34.7223014831543,-1.6382739543914795,12.077058792114258,2282
18.382179248827725,16.092210707034607,3.6766136813376655,-2.5013475739794995,0.02425072246322306,-0.0043665632906841854,-24.0809326171875,35.28586196899414,-1.6078696250915527,12.467157363891602,2283
15.81456007013295,17.29750349813154,4.5343674349997745,-2.4306766116458203,0.0276705138925278,-7.387026274895908e-4,-22.4437313079834,39.473182678222656,-0.5963995456695557,13.489652633666992,2284
12.906880681615588,17.201770670663898,5.334480636141132,-2.1255125129061962,0.026364484057328316,-0.0017340056824802158,-18.71072769165039,42.11204528808594,0.47788292169570923,13.172809600830078,2285
12.159300781033116,16.810909352081985,5.4483054805014834,-1.9816932999926828,0.025476102076411707,-0.0020826786418398358,-16.738222122192383,42.568695068359375,1.0142043828964233,12.82592487335205,2286
10.427942864267338,16.165990411000013,5.92539440872414,-1.4054242098170542,0.022753938005431927,-0.003420223153329282,-12.36266040802002,43.29232406616211,1.8073782920837402,12.480817794799805,2287
8.564588176444925,15.470292540818901,6.264498584291767,-1.1129730665522837,0.020069354711623043,-0.005392715868893949,-8.451887130737305,42.70064926147461,2.465250253677368,11.696149826049805,2288
6.614711791576738,14.908658163783176,6.886663310549091,-0.40663995271802184,0.01575692815362226,-0.00931405213721786,-4.631049633026123,38.644229888916016,2.655322790145874,10.856697082519531,2289
5.901471779807099,14.778689829593516,6.982714049837421,-0.0029889070826792374,0.014211511713967494,-0.010694472694198697,-1.3282567262649536,38.85162353515625,3.2431223392486572,10.454401969909668,2290
2.434991406911106,17.009096671950662,6.882989757082294,0.9225817597073294,0.01792687783951295,-0.003704410486995669,5.139120578765869,43.958187103271484,4.973338603973389,10.313640594482422,2291
21.875434973287437,16.792223386822066,2.5288847613547554,-0.8141453885871195,0.02068579810758872,-0.00470590089308006,-17.91017723083496,26.498682022094727,-0.09709695726633072,9.807721138000488,2292
18.40065089429165,14.509624394296832,3.367913119814228,-2.456575187428596,0.022702189785252614,-0.005284192567084491,-20.71327781677246,33.22917175292969,-1.7106003761291504,11.208965301513672,2293
15.486653174550636,13.503708989490024,4.078986041567157,-2.9095132672625805,0.01903471970168926,-0.007506374949072664,-16.223819732666016,33.10139465332031,-1.5494433641433716,10.762495994567871,2294
14.876815719995392,12.983999406144553,4.1498764682028995,-2.986665281041267,0.018138959889114965,-0.00804400304094845,-15.39912223815918,32.64486312866211,-1.4881720542907715,10.246349334716797,2295
19.120320226697835,16.459234836022453,3.523412101290058,-2.66019276021302,0.023754250556608084,-0.004785415276552584,-24.601491928100586,35.72816467285156,-1.3404772281646729,12.430387496948242,2296
8.180189023705218,2.5286076739757712,-0.8103523623730431,-0.05379039285958048,0.006143224393350454,-0.013481584390721708,-8.017873764038086,17.019718170166016,-1.4976309537887573,5.451399326324463,2297
7.335995347354367,4.12744260328817,-0.6544454951371441,-0.1609806740123057,0.0050493215259482934,-0.014423959668832984,-6.357589244842529,15.995134353637695,-0.9246687293052673,5.6368560791015625,2298
-4.721815037526228,17.733769235578407,5.001793735048603,2.502139297739861,0.010197072156427112,-0.010231960145549418,10.438904762268066,27.972957611083984,4.454483985900879,6.005434036254883,2299
-5.749758250604654,25.475704933636873,4.0699580836508975,2.779271808878777,0.020723837677022725,0.010707406656010554,22.314085006713867,33.24742889404297,5.412620544433594,6.93822717666626,2300
-2.232656373598411,29.2557143039593,2.9066082167838325,1.9834797060650564,0.021577533163099655,0.010577696390787993,22.242713928222656,27.818933486938477,3.3913521766662598,8.230615615844727,2301
-2.8746118770765787,27.866433017626154,3.22024738075478,2.239216772333977,0.019985165078395747,0.009088054961317715,21.75551414489746,30.159589767456055,4.104392051696777,7.381461143493652,2302
-1.9033863311173627,28.19663494716145,2.9693449664328804,1.8992111361187674,0.02011074123480144,0.008950806489499733,20.955659866333008,28.34593963623047,3.62610125541687,7.452077388763428,2303
-2.699706556311513,27.307749273328078,3.2175034213279,2.27632543207824,0.01885368819442236,0.007397886857216676,20.41229248046875,30.150325775146484,4.148799419403076,7.050339698791504,2304
-1.7342222535514,29.448926175817622,2.6902059245322456,1.4188017523449636,0.02153082757307191,0.009931927015330005,22.26180076599121,26.776901245117188,2.8333370685577393,8.40109920501709,2305
-0.22321902909249336,28.822035887683114,2.594102017900776,1.1835292256039358,0.020455422127818312,0.007597423482537648,20.05436134338379,25.565584182739258,2.339221239089966,8.161091804504395,2306
24.057384039850973,17.70798936871623,2.4643615412924995,-0.48421989245593783,0.024476165129522914,0.003114616901302874,-21.404176712036133,27.170238494873047,0.5704843401908875,10.633806228637695,2307
22.50231471249242,16.472590438528115,2.568518750688862,-0.8543161475497507,0.021669484772170577,-0.003662739996625164,-19.701202392578125,27.311206817626953,-0.082793228328228,10.29586124420166,2308
19.74534592720717,15.162551527214081,3.1212800669883003,-2.3325336301165844,0.02288785168038463,-0.005181549376836639,-22.49747085571289,31.343185424804688,-1.4776670932769775,11.294981956481934,2309
16.53675488617447,14.18606410562407,3.9462631869529,-2.7786615216571118,0.0218804358541472,-0.005689129136358529,-19.126428604125977,34.463016510009766,-1.5892529487609863,11.334665298461914,2310
16.54009711432298,15.282546235663947,4.097168796083759,-2.980197938664558,0.02381621517370823,-0.004497412677244864,-20.227251052856445,36.87147903442383,-1.5169297456741333,11.83407974243164,2311
16.07977957578291,15.568479319961382,4.165649764559101,-2.978218826039436,0.02413252975944565,-0.004275224460830889,-19.98502540588379,37.42206954956055,-1.1478776931762695,12.347565650939941,2312
13.485545113232718,17.285334544105467,5.535614841005634,-2.746278556569221,0.02595695177254124,-0.0022808464142248055,-17.319766998291016,43.13612747192383,0.49475225806236267,12.809231758117676,2313
7.846828019058335,17.06139971667706,6.510984771272968,-0.7897403859931253,0.02332619468917073,-0.001632953612340848,-7.264273643493652,45.29271697998047,3.13625168800354,12.232470512390137,2314
4.627126280566633,16.42635303965305,6.664530627748798,0.1768111264866567,0.019255070091974323,-0.0038405071993129116,0.05062883347272873,42.528568267822266,3.994189500808716,10.607015609741211,2315
2.7694098451746827,16.44737145606246,6.695994727632831,0.9057212746304251,0.018156860989847527,-0.003417437221852908,3.701345205307007,42.61865234375,4.568517684936523,10.198909759521484,2316
0.629975532809937,17.343474090390576,6.544561259767841,2.083197084681389,0.017898410728876525,-0.0010388160482834635,8.7977933883667,43.982582092285156,5.469699382781982,9.84919261932373,2317
-0.616286870971502,17.63648426766262,6.435832374117206,2.2794353640240406,0.018122708135022685,3.975941423398878e-4,11.662979125976562,42.829681396484375,5.792665481567383,9.426424980163574,2318
-0.9931248763274682,17.670757961556525,6.31249796631081,2.5036103403729175,0.017650834097494933,3.5829866549320807e-4,12.601677894592285,41.80077362060547,6.048631191253662,8.7576751708984375,2319
3.4667970593788295,20.889834980241552,7.271061294100116,0.6807987368267752,0.026372236514433444,0.007044156156582299,6.383569240570068,51.971370697021484,6.04253625869751,11.5470552444458,2320
4.4543708570050455,19.163490119318205,6.758080356142353,0.14423492314040426,0.022944610286766202,0.0010781441794424067,0.8647407293319702,48.75706481933594,4.736124515533447,11.826772689819336,2321
3.9280403571529448,15.119944104085722,6.422014586946796,0.5881555950802542,0.013860839650453996,-0.01015506017519681,-0.003903239034116268,38.37126541137695,3.6925508975982666,9.42482852935791,2322
1.0568585489311584,12.696428378946775,5.783549182436298,1.4847913658779837,0.0079821628662483015,-0.013505728629103337,2.6668875217437744,24.495716094970703,2.7093162536621094,7.226894378662109,2323
-3.6881572945838625,12.0740937155674,4.481213920137714,2.110648599879143,0.005365391802611787,-0.014045389327287841,6.362315654754639,17.732868194580078,-1.24461030960083,1.8333193063735962,2324
-2.477742976797774,28.07858318988249,3.172325961611103,2.1910333311718677,0.01967840829480535,0.00829622827656328,20.691436767578125,28.917173385620117,3.9216885566711426,7.395185947418213,2325
-2.394004020509617,28.895235153964343,2.9662576842520942,1.9829098856610037,0.020986050767683895,0.010199751733210341,22.43012237548828,28.106781005859375,3.5575942993164062,8.005599021911621,2326
-1.4017788747229802,28.96542434054206,2.6452904868338813,1.4814238226574636,0.021155827476390512,0.009406924010607162,21.589458465576172,27.20004653930664,2.7309987545013428,8.194649696350098,2327
-2.595942657263688,31.65926509024289,2.6131044554923286,1.419771043078301,0.026983565374771864,0.016007500885070698,26.392404556274414,26.622411727905273,3.3613977432250977,9.492759704589844,2328
-1.054986353616546,32.386553546632605,2.447948806307148,0.8712218678158499,0.026862280996098706,0.014540004877112166,23.7919979095459,24.581111907958984,2.327030897140503,9.999236106872559,2329
0.33143499396225445,32.62135260530921,2.4328769374106636,0.25139620663344625,0.025422580372430673,0.010044527993651055,20.633434295654297,24.510778427124023,1.5553343296051025,10.253077507019043,2330
23.092351395543293,17.699196439554353,2.41438161613686,-0.47325655682265994,0.02323432818892083,0.0018996015513290574,-17.596574783325195,26.241758346557617,0.5754570364952087,10.109132766723633,2331
21.7716329854885,16.094008652378648,2.6510263610099067,-0.9981117570239328,0.020847412780104324,-0.004942677919304189,-19.079214096069336,27.73738670349121,-0.27228787541389465,10.22854232788086,2332
24.915893995502724,15.061386328156294,2.979767196199726,-2.0388735854464795,0.027940295844608543,-0.001874028582020362,-28.25731086730957,33.49702835083008,-0.7372108697891235,12.811347007751465,2333
19.43731151907547,18.958095161430215,3.300216071626972,-2.4909503781634594,0.029663455107768823,3.7539198214339936e-4,-27.759994506835938,36.508731842041016,-1.0529648065567017,13.412518501281738,2334
18.434589167602738,21.10511388237233,3.914180152437519,-2.723326476796272,0.03442003006962252,0.009533461447858544,-28.699909210205078,40.06422805786133,-0.871502161026001,14.241769790649414,2335
18.20356924383325,20.857729467001654,4.054585330507587,-2.8972356641131665,0.03431845341450693,0.009487672151152576,-28.137731552124023,40.1126594543457,-0.8758508563041687,14.009310722351074,2336
15.811136892717785,15.911891717740023,4.221143119356464,-2.9821713292437817,0.025844257854617855,-0.002681758889473435,-21.174123764038086,38.6397590637207,-0.6876684427261353,12.776773452758789,2337
14.861451299621384,12.172324095222178,5.034964435121845,-2.8566499078112866,0.014716867346379477,-0.010035541344109842,-13.69961166381836,32.525733947753906,-1.2699180841445923,10.172273635864258,2338
13.785111315010045,4.5127168870327585,6.003978126070331,-2.4513128125506665,0.007041949127030303,-0.012597819996284981,6.062261581420898,9.3540802001953125,-2.1236612796783447,0.8103693723678589,2339
-3.711180932674313,12.352883147859915,4.6306794810508,2.1046349680584644,0.006948574181733214,-0.013389622982212253,8.138032913208008,22.006519317626953,4.70548152923584,6.914157390594482,2340
4.7134340892826225,14.030555021428034,6.420104854128192,-0.4747973219889426,0.012760263671952357,-0.011152127496233077,-1.5434428453445435,35.69993209838867,3.389749050140381,9.344706535339355,2341
1.0185212673047628,12.818438340850385,5.701712958834003,1.5251420414608694,0.007967283875090603,-0.013497599674576395,3.5752851963043213,26.668869018554688,3.4914493560791016,7.3903326988220215,2342
3.3593284869243223,1.489827248866796,4.317294471285175,2.1512314951580738,0.004646058240577412,-0.013966680154080867,4.779813289642334,16.3078556060791,-1.0152746438980103,2.6124937534332275,2343
-1.0993930721376317,25.19651831069,3.180485599062275,2.2128362333935474,0.014279590976248568,-0.0038537227570071167,12.229681015014648,24.548730850219727,2.8068718910217285,6.368081569671631,2344
-1.5590231317160104,31.24094554419274,2.553718440553974,1.4163027680081106,0.025678201565765793,0.013768772049039583,24.215784072875977,25.770767211914062,2.886483669281006,9.348034858703613,2345
-0.9502817772326632,31.74304003127763,2.4328364062522163,0.9314464008969046,0.025999231237760254,0.01361962965425246,23.363018035888672,24.939289093017578,2.4555764198303223,9.526110649108887,2346
23.178252952685007,18.736200034424847,2.387761228105854,0.28623488308608297,0.02173509396059105,0.002384633797056866,-13.049227714538574,26.136661529541016,1.2044166326522827,9.780054092407227,2347
21.709779402867067,17.034522841301975,2.4823008704398384,-0.6055422150927805,0.020179674272701703,-0.004945268489009021,-17.279001235961914,26.178606033325195,0.013562171719968319,9.774031639099121,2348
24.293069973444485,15.04204616416497,3.5152414965842476,-1.5708062970477366,0.027413198773481636,-0.0022622062007586776,-27.602046966552734,33.34408187866211,-0.5583301186561584,12.576903343200684,2349
16.906561208707426,18.76528050383765,4.52953087570412,-2.2493799054461743,0.03042447110193724,0.002070487805188476,-25.166671752929688,40.76416778564453,-0.554297685623169,14.118988990783691,2350
14.669568958834546,18.584220794693696,5.131236903688739,-2.2272562110263134,0.029160973177286713,8.196434116151417e-4,-20.834213256835938,42.80210494995117,0.27146002650260925,13.893385887145996,2351
12.538509299830535,17.692085396960497,5.596867911836933,-2.1716380441027905,0.028143629687278536,4.895729883609504e-5,-17.832719802856445,42.91417694091797,0.9031866788864136,13.094389915466309,2352
9.70544411636977,16.51085323588778,6.222446315309833,-1.531876357777717,0.022577606107883813,-0.003257440150812506,-10.46476936340332,44.33440017700195,2.2569313049316406,12.366596221923828,2353
8.346489469842107,20.90368379555368,6.654410235903095,-0.9008308374720835,0.028678458150676753,0.0030824483607100476,-7.028913497924805,51.64699935913086,4.2620649337768555,12.892267227172852,2354
5.184414233311524,21.09923687757876,6.847467772981952,0.02020165087401632,0.02751804596714602,0.005711476280882442,0.7808297276496887,52.44499969482422,5.329375743865967,12.307539939880371,2355
3.952916983185321,11.248764232990185,7.126198642275165,-0.13588297603905436,0.01248503350606223,-0.012532263833725675,-1.3597592115402222,34.688575744628906,2.530684232711792,9.63215446472168,2356
-4.3003854417140985,16.903609284956804,4.455140464327167,2.478404012934563,0.010391498635042108,-0.010370330971127802,7.618837833404541,24.5582218170166,4.079805374145508,5.852837562561035,2357
-1.1174685902601666,25.222002709668793,3.1360748934958687,2.1872527277630542,0.0147993040783484,-0.0031668749639310115,11.902763366699219,24.416337966918945,2.6267426013946533,6.299696922302246,2358
9.681751412962766,6.02578756844159,2.1446288752768745,0.3690181648892141,0.015404134226141035,-0.0053733786380599,-5.635340690612793,22.637855529785156,0.5753852725028992,8.249360084533691,2359
23.068933074471666,18.33341181309972,2.259897344133686,0.008172390477058922,0.019574534808253465,-0.0025993620112979335,-14.990467071533203,25.871326446533203,0.7952849864959717,9.514443397521973,2360
21.175120472591153,15.86482519561667,2.864485614321064,-1.9517494761782908,0.019370467613319522,-0.006069816035321661,-18.739425659179688,27.85745620727539,-0.5396750569343567,10.071229934692383,2361
12.758804392858185,11.07760872261426,4.0809467959616885,-2.9917981946307446,0.013570298652651391,-0.010596911265391008,-11.747726440429688,28.420135498046875,-1.4977155923843384,9.082222938537598,2362
10.726325034406601,12.537452936181129,5.717805259249042,-2.580513271077278,0.014397923930295532,-0.010432339555243583,-11.719154357910156,32.87387466430664,-0.9976745247840881,9.484560012817383,2363
9.16428455885961,18.794592563004855,6.410502307436298,-1.4843997084933542,0.027872188273240575,0.0011603054037975498,-11.936603546142578,48.49715042114258,2.585310697555542,13.266815185546875,2364
7.060356970968939,17.25241662140536,6.68432938339455,-0.6982283913928293,0.022252365991374454,-0.0017774449877392723,-5.950704574584961,46.045066833496094,3.5571110248565674,12.003472328186035,2365
-7.970885327525805,19.596734382761795,6.245903842470478,2.641226497904656,0.01778328114995364,0.00137210681560822,14.867172241210938,40.871028900146484,6.3968939781188965,8.200599670410156,2366
-7.626785411985736,19.426084672406,6.169362895510028,2.784614769236443,0.016554036710449496,1.1964452156871712e-4,14.282537460327148,39.47740173339844,6.150417804718018,8.02715015411377,2367
-8.25248295088021,24.023274022051,4.99187218429787,2.8149387514752124,0.02180753220263343,0.011208489985718034,21.72182273864746,38.97173309326172,6.816966533660889,7.545131683349609,2368
-8.189293041370131,24.372901676476108,4.82295881988747,3.0581774389904712,0.02269483203830405,0.012891507254941452,23.461688995361328,39.0281867980957,6.927275657653809,7.4619855880737305,2369
-7.784865070728706,24.26968064175895,4.696373336336444,3.2995884096783374,0.022061830556240104,0.012665997903969614,23.26831817626953,38.15353012084961,6.733847141265869,7.447444438934326,2370
-7.226866842351713,23.906870725134805,4.724665992281269,3.482408968226311,0.021435315485415333,0.012126187637870323,22.525426864624023,37.139060974121094,6.554272174835205,7.076722621917725,2371
-6.222026238003607,23.24763906374253,4.843073241731952,3.54408928515136,0.020319933550863353,0.010588819532368496,20.756675720214844,34.863563537597656,6.032336235046387,6.491657733917236,2372
4.358450077833991,21.875643106979705,6.854501121065448,0.512832430617211,0.029097752006987776,0.009409793878303502,4.801130771636963,53.58552551269531,6.20220422744751,11.885477066040039,2373
1.8950684850226835,21.551353927373462,6.727868907472919,1.565959779040215,0.024626135048085657,0.008390202173995038,12.804481506347656,50.74150085449219,6.618711471557617,10.67008113861084,2374
-0.8931348122469555,21.419460604165966,6.42072903396828,2.3191263353985523,0.02308495668248795,0.008461379834983086,17.005672454833984,45.39101791381836,7.06956672668457,9.270711898803711,2375
-8.758646008933779,20.4170887817075,6.07549034836037,2.8288402235668872,0.021278272238326706,0.007761943686692849,16.80502700805664,41.90426254272461,7.055336952209473,8.29922866821289,2376
-11.874415665942376,22.79024806697915,5.709850184938739,3.3584081804913257,0.025361963758563477,0.01699657206686429,24.605329513549805,41.32651138305664,7.711380481719971,7.969285488128662,2377
-11.531950052469226,22.544344954185465,5.621785991213153,3.420934883372185,0.025049055559251725,0.01674349036353219,24.453996658325195,41.413814544677734,7.744040489196777,7.79031229019165,2378
3.210382210226091,16.067695532695488,6.7848018336508975,0.7795970118206716,0.017964631118348093,-0.003961979161979576,1.5957553386688232,40.952972412109375,4.182516574859619,10.320258140563965,2379
-0.6603428312848895,13.813009690098035,6.380012862703632,2.223002163187859,0.010047374406411881,-0.012456126277123747,5.220794200897217,30.371627807617188,3.4660391807556152,7.480131149291992,2380
-3.320026895397145,15.667935961809853,5.82986103775246,3.0481757795971607,0.009385241879584921,-0.012126852516933503,7.546580791473389,27.343250274658203,3.5686895847320557,6.042246341705322,2381
-9.937993910897541,22.086658318423563,5.611543052217792,3.4493946707409595,0.022665148642142773,0.013527402335962172,23.16230010986328,39.86857986450195,7.223551273345947,7.455979824066162,2382
-9.926542685933816,21.958673560229673,5.492817275545429,3.481136051432488,0.022099546880541377,0.013005775982942329,22.620418548583984,36.93776321411133,6.796915531158447,7.23740291595459,2383
11.279035590368204,19.044932030714225,5.062430255434345,-1.5770356976825022,0.02619146950065216,-0.0013720969235921348,-18.05934715270996,44.09400177001953,1.212898850440979,13.85645866394043,2384
11.21585414933347,19.19892243203427,5.276380412599872,-1.5403555953341745,0.02702129839261752,-3.374115406914092e-4,-17.787246704101562,45.34037780761719,1.1995282173156738,14.059088706970215,2385
11.498256669189665,18.972669290219326,5.283599250337909,-1.621750625355842,0.02655855800232129,-8.150567171570188e-4,-17.54571533203125,44.433006286621094,1.2407931089401245,13.878159523010254,2386
14.639581696280654,19.697509660281767,5.281621806642841,-1.9570367657977366,0.02988812166222798,0.0019181566261584548,-20.644187927246094,45.77863311767578,0.8679568767547607,14.322286605834961,2387
15.358230809742773,19.344281532436842,4.848186366579364,-2.121211203320625,0.030256926792129515,0.0022214774688892277,-22.591291427612305,42.80107498168945,0.38748225569725037,14.449921607971191,2388
10.592530930629884,20.534644822121983,6.060173385164569,-1.485110434277656,0.03001469214021009,0.0031345911978238623,-15.044178009033203,48.68904113769531,2.104235887527466,13.952813148498535,2389
6.9962717291122205,20.1210858978127,6.918803088686298,-0.5708205425578379,0.025811899300474478,0.0014979931585705133,-4.290095329284668,50.321693420410156,4.335292816162109,12.549384117126465,2390
0.1905269702561286,20.554591289245206,6.235632770082782,1.6530375158947683,0.023034158531914685,0.007097278383343568,10.810871124267578,46.22514343261719,6.319865703582764,9.967411041259766,2391
-10.319520901476272,25.43357611888326,5.52415978195412,2.034201351420281,0.02155170047525064,0.008603400335807407,17.74294090270996,45.22669982910156,6.9078898429870605,8.937045097351074,2392
0.1806038263273468,19.941250365517682,6.1186875033591495,1.5584249174755789,0.022118144999116192,0.005818042011939325,11.685322761535645,45.92020797729492,6.23715877532959,9.97398567199707,2393
0.8955590132926258,19.563985872196202,6.270525329134296,1.3394013321560598,0.022251021631386543,0.005481260773627851,9.632529258728027,46.695884704589844,6.036883354187012,10.261673927307129,2394
1.6564437714168365,20.11379671440134,6.330075614473651,1.0754348910015799,0.02331538803588145,0.005399312876778332,8.335597038269043,48.73548126220703,6.117917060852051,10.785041809082031,2395
1.021836974879189,19.825193915932562,6.205009810945819,1.1724910414379812,0.022711271498668716,0.00571444518536115,9.464250564575195,47.18818283081055,6.1590256690979,10.247299194335938,2396
0.9171859589902471,14.135075574909118,5.884298675081562,1.4623449719113089,0.009305619405395628,-0.012853916916402579,4.568037509918213,29.51862907409668,3.8065786361694336,7.834625244140625,2397
0.5828456884679527,19.668791192550646,6.371516578218769,1.5626194155377127,0.022191309203148733,0.005361297032920256,10.532960891723633,46.54057312011719,6.136343002319336,10.18652629852295,2398
-7.442944130225233,22.593165579450595,5.062485091707538,2.4008817351025318,0.019812903426380195,0.007754057167981502,18.207027435302734,38.02034378051758,6.772336006164551,7.0615234375,2399
-5.368693810194622,28.93850979104431,3.460043303987812,2.451997247950432,0.023422053198689886,0.014369027515469812,26.776287078857422,31.730670928955078,5.18007755279541,8.328420639038086,2400
-5.494176875071477,27.112914528186295,3.663717620394062,2.5817374861401294,0.021233674792958453,0.011670032267498381,23.918432235717773,32.2205810546875,5.171245098114014,7.41269063949585,2401
-2.324065392815707,31.13451903965408,2.695120685121845,1.6935331499737478,0.02564886142668098,0.014661633116608203,25.242666244506836,26.940452575683594,3.337719678878784,9.197646141052246,2402
-1.996356161442751,30.481264550711483,2.6681598353598823,1.7259633219403006,0.024065642398679258,0.013116987541575385,23.557632446289062,26.03245735168457,3.0240845680236816,9.095524787902832,2403
-0.7933535246954239,31.623055905832334,2.3989413905356636,0.8661484396618582,0.02537203224748893,0.012226734956050417,22.83064079284668,24.93411636352539,2.2437381744384766,9.683330535888672,2404
22.36709831862362,18.602886695062097,2.3790649104331245,0.38401886583983663,0.018335002251139786,-0.0026666445128688226,-13.00680160522461,25.942188262939453,0.753989040851593,9.431867599487305,2405
21.79990798206221,17.09539617819974,2.5074311423514595,-0.7161277556258463,0.020267342099065014,-0.004723480149422349,-17.004762649536133,26.18040657043457,0.04093474522233009,9.715750694274902,2406
21.45478642300799,17.189876049704704,2.473595731279682,-0.6717975163298868,0.0203454851274829,-0.004824723975541534,-16.81171989440918,26.131385803222656,-0.11547134816646576,9.639303207397461,2407
12.259631122367052,9.323975526339668,3.3051348853324165,-2.6815774762469555,0.010968426894603953,-0.012457843208897479,-8.56747817993164,20.481103897094727,-1.424208641052246,8.229145050048828,2408
13.562777785039012,10.45258565361162,3.3209546733115425,-2.7279899442034985,0.013783369026415998,-0.010438415847378509,-12.536431312561035,25.338659286499023,-1.6570271253585815,8.872760772705078,2409
14.598576730422185,11.505732191962181,3.54243599655373,-2.8794839703875805,0.01586298790234091,-0.009062522365200932,-13.625293731689453,28.46385383605957,-1.8674067258834839,9.67542839050293,2410
13.26706075146961,11.220956752716965,4.171839587709735,-3.0634887540179516,0.01405049102202326,-0.01030379348784998,-13.032336235046387,28.170806884765625,-1.6660889387130737,9.292834281921387,2411
14.935366448635053,12.696266715480833,4.180237643740009,-2.987178834660652,0.017661485468004168,-0.008272456575683903,-15.251294136047363,31.92049217224121,-1.5249272584915161,10.16260051727295,2412
5.67749981780701,2.89865074712723,-0.8181016218449364,0.01728021861731771,0.0038756903890719493,-0.014798927018255255,-3.8335745334625244,12.853082656860352,-0.9658147692680359,4.1178059577941895,2413
10.434038260091953,10.117994839454983,3.9784611392234077,-2.9810557687121655,0.011901482804544262,-0.011741105839438826,-10.350488662719727,25.943912506103516,-1.3683234453201294,8.61302661895752,2414
22.43733265612152,17.050735002980154,2.5222586322043647,-0.5606384599047922,0.019596993971960033,-0.004127104932143842,-18.669300079345703,26.732173919677734,0.13344897329807281,10.017498970031738,2415
-0.7794468552174738,25.476706949446378,2.786252372286152,1.8428814089459158,0.014914809260079626,-0.0030818165756084153,9.9704008102417,24.891767501831055,2.3411104679107666,6.4512434005737305,2416
-4.879080115362245,17.259055627828815,5.010602824709247,2.3494379198712085,0.00995168761872641,-0.01074877596830958,8.167153358459473,24.952409744262695,4.431514263153076,6.164527893066406,2417
4.513445898336967,16.15940375791377,6.654378764650653,0.17673012377440694,0.016771871529605763,-0.006793058823884344,0.045441217720508575,41.980262756347656,3.937598943710327,10.503716468811035,2418
1.8958905195299234,13.835562602161202,6.298621051332782,0.9854758656185842,0.011591682507091859,-0.01166815329586832,2.0571162700653076,32.46193313598633,3.4692649841308594,8.256592750549316,2419
9.670305993239483,16.10190846041056,6.179885261080097,-1.5042898976641916,0.020858169427920903,-0.0048456403775957195,-10.490618705749512,44.13439178466797,2.2284505367279053,12.168553352355957,2420
10.122556856059845,17.08232926723302,6.235150210878681,-2.0018302523928906,0.026229142862191676,-5.90953815136541e-4,-12.344688415527344,45.05095672607422,1.989240288734436,12.766946792602539,2421
0.9860415829474207,13.30271506803739,5.874651305696796,1.4339660084408499,0.009224276349896608,-0.012934022364016026,3.7644870281219482,28.61954689025879,3.484015703201294,7.418830871582031,2422
-5.686212805014989,17.468510147630916,4.497699134371112,2.44098493220031,0.011612098211217423,-0.008091604872347837,13.363129615783691,28.93606948852539,4.889625549316406,6.192316055297852,2423
-4.730189214776154,17.983702044577523,4.880600802919696,2.546321836726067,0.010588340622214957,-0.009674861471332898,11.318685531616211,28.440608978271484,4.644535064697266,5.9407830238342285,2424
-2.4900012933948226,28.261703046307268,3.027210586092304,2.1509186899822925,0.019987097605121358,0.008755623439436122,21.595182418823242,29.38170051574707,3.817612886428833,7.515410423278809,2425
-4.255581236378414,22.510808491201008,4.137200706026386,2.8994965231579517,0.015024008182454631,-3.4311186491190295e-4,17.125080108642578,31.220788955688477,5.118896007537842,6.145469665527344,2426
-5.816535795199787,24.38784855511414,4.344674460909198,3.1427726423901294,0.020060987116424754,0.010238190013574443,21.194217681884766,33.507328033447266,5.703681468963623,6.865232944488525,2427
-3.148471034184179,29.471883353423095,3.0714546370719185,2.0801081335705494,0.022071937208223254,0.011932354216716809,23.953702926635742,28.316848754882812,4.011777400970459,8.48587703704834,2428
-3.8837278618657876,30.554378397861903,3.0159596133445015,2.0330450213116382,0.025513505027213564,0.015697143865364235,26.982519149780273,29.624834060668945,4.351382255554199,8.881807327270508,2429
-7.332442713141952,24.11533605990866,4.744060390016864,3.4248654520672535,0.021699979694185564,0.012325686440284481,22.652441024780273,36.56687545776367,6.438196659088135,7.091734409332275,2430
0.20962658869339676,25.83356116512222,2.5746103453849067,1.174421397463677,0.014629300212880872,-0.00479096697954095,6.347319602966309,23.484582901000977,1.2170159816741943,6.940824508666992,2431
11.848220376652375,15.770052173864126,5.3927777934287295,-1.6564704501467966,0.02461760748628706,-0.0024666033822414927,-15.512731552124023,42.04575729370117,0.8997336626052856,12.601601600646973,2432
13.50780829918869,14.321708270551692,4.638245456240009,-2.079979809506538,0.018541644160711405,-0.007708109515087942,-17.88985824584961,37.23387145996094,-0.8705517053604126,11.292791366577148,2433
12.564351912845833,9.66572458314396,3.233132951280903,-2.5671670758563305,0.01208769451556292,-0.011877897780713978,-10.185635566711426,22.426864624023438,-1.4190409183502197,8.4166107177734375,2434
1.025298771033983,9.060944190160184,5.191151015779804,1.8437139666241384,0.002487275807615515,-0.016003137209764713,-1.8006272315979004,12.449195861816406,-0.42253339290618896,3.6961679458618164,2435
0.8544720927843389,9.607432753585933,5.364029757997821,1.7918674624127127,0.004723998895077261,-0.015369274048159359,0.820048451423645,16.519866943359375,2.223119020462036,6.090684413909912,2436
0.8348638777899258,9.706674495902018,5.525210254213642,1.781177965418694,0.004695607703689719,-0.015565486110926277,1.768310308456421,21.871885299682617,2.1560399532318115,6.1581292152404785,2437
5.468649570466902,11.608396725816334,6.463953845522235,-0.5541088679271959,0.011158851048469982,-0.012345767745497588,-2.6291325092315674,26.780824661254883,0.8941271901130676,7.7530927658081055,2438
5.901360596380764,11.371393883338444,6.484204642793964,-0.6222970509368204,0.011328269330671974,-0.012261007700405778,-3.5298261642456055,26.591402053833008,0.3796873092651367,7.800368309020996,2439
5.826381182121066,11.40621455473652,6.457366817018817,-0.5277314060765528,0.011155037413827465,-0.012375521194398371,-2.9649646282196045,26.130237579345703,0.6780890226364136,7.808189392089844,2440
2.613835976446386,1.994928244320562,4.5400742221091495,2.0716521418255542,0.0025476090135052288,-0.01487323763508914,0.5765337347984314,11.414572715759277,-0.8222648501396179,2.6020641326904297,2441
2.9211246319181345,2.31113938547091,-1.8752503466393242,1.4612227356594778,0.001634170716601985,-0.015058335648417133,-1.1756854057312012,9.916936874389648,-0.7976477146148682,2.755826711654663,2442
15.595748957847624,11.735460740076066,3.635558955690693,-2.991738589985969,0.017023536534106976,-0.008487335766878485,-15.360795974731445,30.64776611328125,-1.6416957378387451,10.135903358459473,2443
12.965156267748135,7.4378216380173265,5.95313870193703,-2.4352422082263256,0.009178193873631214,-0.01263810394957736,-9.11460018157959,24.775001525878906,-1.0029847621917725,9.776421546936035,2444
1.8955971873171327,14.0230308656272,6.314085357210468,1.1988151943844534,0.011132747564959427,-0.012068994935728952,3.024099349975586,33.56855010986328,3.682204484939575,8.431824684143066,2445
-5.893536555912571,16.811793895998232,4.617075793764423,2.2636100924175953,0.010306311590934335,-0.010344368810584908,11.099252700805664,25.10636329650879,4.906644344329834,6.671798229217529,2446
-7.097843996507423,21.412100981437323,5.287267558595966,2.6064445650738453,0.019813296435365942,0.006858779074844115,17.508882522583008,38.51941680908203,6.741326808929443,7.060688018798828,2447
-1.9322422246502697,27.785359038650004,2.9397903609488716,2.008879629389641,0.01818537781573697,0.005525599522052645,20.520980834960938,28.362741470336914,3.556985378265381,7.372615814208984,2448
-3.8320324685462026,28.92004288568022,3.245868556520771,2.2798597490948413,0.02159471961770928,0.011401025496527007,24.877622604370117,30.460481643676758,4.617356777191162,7.8809895515441895,2449
-1.6861063863587074,30.841083941985794,2.5485006499503364,1.3988196528118826,0.02471819715996574,0.012978486250882276,24.222387313842773,26.340917587280273,2.831245183944702,9.076958656311035,2450
0.9274814020876273,28.040239340995765,2.5570639300559272,0.9189082062405325,0.01832087703749061,0.0027550812675372184,12.183589935302734,24.584327697753906,1.7264374494552612,8.148433685302734,2451
21.054104332880563,14.678369529678486,3.566363685152363,-1.4673201167422556,0.020753208907926524,-0.00601626847868168,-18.651763916015625,28.42578125,-0.6509513854980469,10.472475051879883,2452
21.08480960143618,14.819297872751754,3.594668262026142,-1.4978050315219187,0.02115480082891278,-0.005744314300647962,-20.963260650634766,29.3962459564209,-0.9088889956474304,11.17750072479248,2453
24.021402124541286,15.470417610424334,3.4170550036643257,-1.5189632499057077,0.026654333232172353,-0.0028785411043787392,-26.666812896728516,31.919506072998047,-0.6372252106666565,12.36916732788086,2454
17.958273320392287,17.59396701962873,3.8305605578635444,-1.6216820800143503,0.027325346452473274,-0.0015492320066456274,-24.413434982299805,38.55318069458008,-0.37107452750205994,13.508505821228027,2455
18.72457127244816,17.870536579756905,3.6514595675681343,-2.2927360856372143,0.02774831368898508,-0.0014935498008354098,-25.52678108215332,35.961151123046875,-1.345238447189331,13.061412811279297,2456
19.731256682558307,18.474546755860576,3.2148309874747505,-2.3845252120333935,0.02806615924333191,-0.0014839819402237958,-26.822111129760742,35.200164794921875,-1.11339271068573,12.994043350219727,2457
18.39453438269619,20.770250221412226,3.93300520660622,-2.778229984028938,0.03442251570295331,0.009563302418867268,-28.494768142700195,39.91452407836914,-0.9233179688453674,14.021665573120117,2458
18.273645561154662,21.141158333425505,4.011345737001728,-2.8499260270434643,0.03446170150345886,0.009679563567761172,-28.496116638183594,40.20563507080078,-0.7836635112762451,14.2776517868042,2459
15.352791445860404,21.819814514982166,5.302172534487079,-2.692473443730476,0.03484393261104293,0.010312098478593056,-25.290454864501953,44.992881774902344,0.09469883143901825,14.78691577911377,2460
15.42321795812782,21.88100724283709,5.355105273744892,-2.750538858159187,0.034898853137012235,0.010418172261530172,-25.517900466918945,44.682281494140625,0.05748213827610016,14.864439964294434,2461
11.369610869752163,21.15766224671147,6.137380473635028,-1.9066629731494211,0.03165772118697777,0.0046656480893278824,-17.013059616088867,48.28501510620117,1.6898202896118164,14.09311294555664,2462
5.706059043839444,17.51839156937229,6.703290336153339,0.07126804949462179,0.02159656747587406,-0.0016973081593640673,-1.9390918016433716,45.971900939941406,4.024746894836426,11.657458305358887,2463
2.813686000960217,16.47517977522863,6.706285350344013,0.9643382704418875,0.01816459677884038,-0.0034304326483629776,3.2135708332061768,42.40720748901367,4.52035665512085,10.262572288513184,2464
0.3691408907845635,18.050514579602616,6.3845027613852725,1.9033400690716482,0.0205457301999981,0.0031821665477314255,8.681670188903809,43.48635482788086,5.586197853088379,9.579885482788086,2465
-0.7956971165370172,12.925413367409982,6.39069973709328,1.9892024672192312,0.009106232383694431,-0.01318407808090823,5.0505499839782715,28.066574096679688,3.200376033782959,7.0887346267700195,2466
19.62708062445174,16.18128859184803,3.4218763041709175,-2.666303428395393,0.02331864352008815,-0.0049948327080908805,-23.93414878845215,34.16558074951172,-1.2609726190567017,12.037433624267578,2467
-4.016374665140383,9.55139221273755,-1.4959707331444512,1.1071920073193289,0.005802975365180759,-0.014037908442248021,5.142154216766357,11.735563278198242,-1.6292080879211426,1.4883946180343628,2468
-5.98986727317277,25.691429097797037,4.089713923952411,2.6530825770062183,0.020548375895576718,0.010481685132683164,23.404495239257812,33.50790023803711,5.372056484222412,7.254786968231201,2469
-2.672257033096279,28.823039320198056,2.996636264345478,2.0319423353832935,0.021483010291670105,0.010818941467681784,22.49588966369629,28.619274139404297,3.8344826698303223,8.013261795043945,2470
-2.772327241373567,31.318059136522255,2.642293803713154,1.555305448786614,0.026678597874000856,0.016041176910415463,26.032533645629883,27.25831413269043,3.7489256858825684,9.297202110290527,2471
-3.310705551425702,29.483112156961223,3.088482015154194,2.103931633250115,0.022335133961323982,0.012217698737087782,25.032285690307617,29.40230369567871,4.016325950622559,8.49871826171875,2472
0.5948215730518207,27.850511628490622,2.6538828540061226,1.1478061354321218,0.018192540573871707,0.0027990566004135104,15.68270206451416,25.300827026367188,2.0746052265167236,7.977153778076172,2473
20.473690335149403,13.79976878975084,3.568234794161152,-1.495908054097297,0.017692324656611563,-0.008181432577025112,-18.00538444519043,28.57098960876465,-0.7357653379440308,10.351797103881836,2474
18.66635645295872,15.051739139665337,3.8361238169883003,-1.9465192878085398,0.02268324297133447,-0.005074709071119602,-21.929719924926758,33.47795867919922,-1.3545117378234863,11.558300018310547,2475
18.232334038266416,15.627182781295142,3.718639724275898,-2.2793274247485424,0.0242052529997982,-0.004293064957893124,-23.361186981201172,35.337135314941406,-1.6331137418746948,12.195475578308105,2476
17.576785441722976,15.497026979344039,3.872451179048847,-2.695489915593269,0.02388608040062581,-0.004511341030581273,-22.18841552734375,35.34529495239258,-1.7211076021194458,12.018766403198242,2477
15.42451975857148,21.242663071595928,5.209960334322284,-2.7422325932818676,0.03437468494204601,0.008765753066032203,-25.239774703979492,44.482818603515625,0.08347472548484802,14.750380516052246,2478
16.14911642702573,21.70284643310886,4.983385913393329,-2.609242709859016,0.03496479122522694,0.01039150032524275,-26.250865936279297,44.257965087890625,-0.11131323873996735,14.772852897644043,2479
14.870552560034467,21.6669964728168,5.645591609499286,-2.577311309559944,0.034603496737520924,0.009782094554051577,-23.246994018554688,46.18517303466797,0.45225751399993896,14.600057601928711,2480
12.418403358355901,20.92740440787951,5.926139705202411,-2.2718441808062817,0.031533301796963745,0.004310150547690185,-18.719406127929688,46.617462158203125,1.2951714992523193,14.023722648620605,2481
11.058701452999086,21.03404792513043,6.152962081453632,-1.8520405614215159,0.03139580322010834,0.004414962561574972,-16.448522567749023,47.87739944458008,1.7585350275039673,13.948599815368652,2482
7.1086009142628805,20.239339653857964,6.819905631563495,-0.4370307107853913,0.02610906210424871,0.001518169616699848,-4.523721694946289,51.29823303222656,4.326862812042236,12.689994812011719,2483
4.943418754600147,19.70001191221887,6.830753676912616,0.4152905023258901,0.02415243925153637,0.0015287593949454437,1.3325331211090088,50.58417510986328,5.032767295837402,11.958024978637695,2484
-4.29801153382702,30.366294015753702,3.1194232630942573,2.1546880877178882,0.025328587082706397,0.015795294367244018,27.052499771118164,30.938478469848633,4.733424186706543,8.748201370239258,2485
-6.189594840737617,24.83334028247742,4.302083842775653,3.001514641062615,0.020770310232950725,0.010811174976112878,23.594919204711914,35.09694290161133,5.94499397277832,7.17366361618042,2486
-1.5258968146974714,26.14873185278212,3.2022033858512153,2.239671674982903,0.0168318206385726,0.0024924652361101897,15.986583709716797,28.26666831970215,3.4134490489959717,6.575582027435303,2487
-0.5125633008635837,25.789456389051242,2.7160986590598335,1.7742905295056082,0.015214786875032004,-0.0028905096588790194,10.98027229309082,24.631948471069336,2.183131217956543,6.625870704650879,2488
-1.2952256043759616,29.47793039001255,2.5824249911521187,1.5112639343899466,0.02174972488074222,0.00994388374341153,22.03976821899414,26.463165283203125,2.7629013061523438,8.574684143066406,2489
-1.1168173206478327,28.357957872899398,2.7534872222159614,1.8126587546032644,0.019061725797508953,0.006465589419934741,19.62145233154297,26.48391342163086,2.8410067558288574,8.177647590637207,2490
-5.683819005817268,16.66324979904057,5.122143619081806,1.9786362326306082,0.010167959357806719,-0.010479121342937258,7.617317199707031,22.090192794799805,4.404470443725586,6.435224533081055,2491
7.189493196555751,17.964163300919875,6.63576399566872,-0.6709395521718287,0.024461283109512434,-3.4467631165788725e-4,-5.609854698181152,47.42096710205078,3.720560312271118,12.130475997924805,2492
8.992388439120242,17.243339529133006,6.431312911531757,-1.5844482505160593,0.024842557373204555,-0.0011787013260524792,-9.70255184173584,46.39887619018555,2.6739914417266846,12.544232368469238,2493
9.373265902180762,16.663570050245657,6.376073234102558,-1.7428394877749704,0.025039749294603238,-0.0013093781408654906,-9.80327320098877,45.134979248046875,2.4901561737060547,12.549168586730957,2494
5.8114231887352785,12.95615422994671,6.518712871095966,-0.40762891484678027,0.012424229529490505,-0.011570790267745833,-2.407029628753662,32.90365982055664,1.481433629989624,8.282326698303223,2495
6.976531322430986,6.470403844235115,2.3047469783042183,-0.34850233285010096,0.009242642555861231,-0.013054536090239027,-3.0683600902557373,21.409666061401367,0.2682842016220093,7.055171489715576,2496
11.126031064020026,20.262354504656734,5.784218184969257,-1.6004500710803293,0.029620415171234586,0.0026398736758532944,-16.740924835205078,47.49164962768555,1.541486382484436,14.113853454589844,2497
11.288393370764272,20.516588935055456,5.853404872438739,-1.6636747443515085,0.030267940725418913,0.0032675826128662692,-17.60100746154785,47.59309005737305,1.4914652109146118,14.136693954467773,2498
11.929688315353504,21.258217390532504,5.965975635073017,-2.1245050752002026,0.03158556514970732,0.004585128431941573,-18.409915924072266,47.74489974975586,1.3125674724578857,14.294483184814453,2499
11.35917160316157,21.32592438247505,6.201884620210956,-1.9898715340930246,0.03181924925294945,0.0048335556186734135,-17.078567504882812,48.31907653808594,1.6277904510498047,14.076271057128906,2500
8.897350992243313,17.75958016418059,6.440311305544208,-1.6364838206607126,0.02591917050120797,-3.5600342305037606e-4,-9.424835205078125,47.03947448730469,2.7215070724487305,12.743173599243164,2501
9.830212298122849,10.265874874712745,5.304128997347187,-2.505724700673225,0.011200587464934374,-0.012291862482219513,-8.406831741333008,24.77478790283203,-0.9900934100151062,8.410710334777832,2502
5.015339388381847,9.828138687657427,6.7207173037741885,0.31561895968138937,0.007092138563348337,-0.014463029389192505,-2.0745861530303955,21.92601776123047,0.4688442647457123,7.524860858917236,2503
-5.48128498127483,22.149443879117843,4.6854575801108584,3.4279954111736988,0.016841336907309396,0.004600258490447908,18.709928512573242,33.54560470581055,5.733188152313232,6.102246284484863,2504
0.696395037538175,17.63409436999051,6.62422024490578,1.9604155695599295,0.020467824890574013,0.0023747668337529004,10.312665939331055,46.31285095214844,5.975183963775635,10.349503517150879,2505
-7.828093876480114,19.59045871807806,6.0386422801230655,2.8969719088238453,0.017080387083734445,0.0016252314865339969,15.776665687561035,40.14569091796875,6.467770576477051,8.001712799072266,2506
-7.582667835577214,19.188762712166962,6.1468857455466495,2.798575845972893,0.015657433766169793,-0.001371293080030505,13.952807426452637,38.70683670043945,5.895500659942627,7.618461608886719,2507
-5.379013066720766,22.145866547393435,5.011541717073749,3.6377699053448413,0.01840437230159378,0.007557304050036826,18.709108352661133,33.358985900878906,5.617202281951904,6.18410587310791,2508
-5.630374432182264,22.936900211477262,4.8283103633139834,3.6170317804974292,0.01909503177936254,0.008792451061127846,19.888113021850586,33.740234375,5.881293296813965,6.387106418609619,2509
-2.6145150930820096,12.769097224258562,4.713927142641376,2.1044003641766285,0.0062332020371568975,-0.014031577294212486,5.942018508911133,22.394329071044922,3.7886977195739746,6.072107791900635,2510
-9.16380808514116,24.205477126159863,5.099415652773212,2.8123726523083423,0.02334166690231509,0.012858461265127297,22.77653694152832,40.6229248046875,7.093506336212158,8.21275806427002,2511
-10.814405336161832,23.736352278722908,5.869280211946796,2.7898816740673755,0.024476432137746907,0.011366410808325332,21.217830657958984,44.47977828979492,7.423065185546875,8.830090522766113,2512
-10.925474628330678,22.72296850042,5.3320993113730655,3.377264467493889,0.024310159899566697,0.015628861646940415,24.01243019104004,41.28205871582031,7.781845569610596,7.841423511505127,2513
-11.97634447618202,22.9876193798471,5.409414641878437,3.378531900660393,0.02557144821085066,0.016625631293698293,25.14801788330078,41.474700927734375,7.717355728149414,8.007245063781738,2514
-10.963857576908463,22.29391626023458,5.034002177736591,3.6251899874371265,0.024001311169684715,0.015628211703107825,24.813474655151367,40.330684661865234,7.727804660797119,7.554349422454834,2515
-10.530889717866158,21.440284329045976,5.105611674806903,3.6049544489544605,0.021091403862562808,0.011709279917327897,23.379837036132812,37.55124282836914,7.145778656005859,7.208448886871338,2516
-9.283024955639899,4.346963474835237,5.3819087672446475,3.5674903071087574,0.0060547184753850895,-0.012834417838558161,1.221456527709961,-10.169835090637207,-8.365017890930176,-2.454545497894287,2517
6.842919616308114,16.604639257255435,6.705682628176044,-0.6271011704045557,0.021174632403170718,-0.002768809719228477,-4.8364715576171875,43.49042510986328,3.3049559593200684,11.566744804382324,2518
6.807286607403685,16.216909071163418,6.869577758333515,-0.4034080231028819,0.02023173129913758,-0.004182017678253442,-5.179717063903809,44.03591537475586,2.9744460582733154,11.548254013061523,2519
7.61294617919082,15.759324025920064,6.860272281191181,-0.4476596475976729,0.020930231069816924,-0.004198000694427238,-7.12691068649292,42.39548110961914,2.744589328765869,11.669968605041504,2520
6.259919595720974,14.184731138274017,6.929320685884784,-0.3894490697819018,0.0140291162991904,-0.01086589156068753,-3.247129440307617,35.39079666137695,2.1500966548919678,9.654731750488281,2521
-3.8108021513474335,15.926752688525644,5.131612174532245,3.6024028933209156,0.01008382790897847,-0.011156988946670741,10.313456535339355,29.261816024780273,4.072637557983398,5.681777477264404,2522
-5.198639777319803,30.830931901990414,3.214489095232319,2.3052742159527515,0.0253261181004381,0.01575382953655107,28.108060836791992,32.82366180419922,5.598489761352539,8.636165618896484,2523
-1.9249415649222246,-15.562851585625042,1.3530107665274849,-5.566129001362922,-0.016487290478092415,0.0038142032594865823,37.8900032043457,-29.222095489501953,10.79143238067627,-16.921092987060547,2524
-1.4684861917750722,-15.510967792022997,1.4317639994834175,-5.43179396031678,-0.016213972256898947,0.003194998846225935,35.75839614868164,-29.73439598083496,10.779338836669922,-16.91843032836914,2525
-0.32867353361180146,-16.21529870465572,1.5461374449942817,-5.20556572316468,-0.015276650714225506,0.002895385072460374,34.52738571166992,-30.32387924194336,10.719143867492676,-16.909807205200195,2526
0.9876867564011282,-17.369874171625085,1.7245141196463813,-4.917075427754524,-0.011666267156407764,-0.014109065561283517,31.186044692993164,-28.886030197143555,10.812268257141113,-16.665462493896484,2527
1.1031961604271254,-18.46354053289164,5.5980881381247745,7.253495899454949,-0.008430410807183817,-0.01513100427247232,30.427780151367188,-28.316455841064453,11.173782348632812,-16.306455612182617,2528
1.3700598517417582,-19.53215534036407,5.584214084169696,7.2527300989788746,-0.004418676607611594,-0.015392795374916059,16.563587188720703,-36.05501174926758,3.149948835372925,-14.024248123168945,2529
2.3778475398908863,-7.089824473703522,-2.9889956784035454,-3.154700072987678,-0.011712165084427004,-0.01095958588848112,47.27674102783203,4.931500434875488,-11.029767990112305,1.2270379066467285,2530
0.29669479418078415,-7.070060147048231,-3.003544218518902,-3.159155639393928,-0.015172441961308325,-0.0051451884912954455,53.10981369018555,20.543821334838867,-10.83758544921875,2.4866154193878174,2531
0.08398206450772362,-7.023839231907909,-2.9869865250374565,-3.137140544636848,-0.014929918104024966,-0.005029121693787687,53.34858703613281,21.01529884338379,-10.797507286071777,2.4890482425689697,2532
-0.42095527161100577,-6.031217831365071,-2.7933172058846245,-2.789690526707771,-0.012321683879121244,-0.006831537333523495,53.13076400756836,20.891202926635742,-10.597627639770508,2.3649587631225586,2533
-0.8477020018774665,-6.955823723343637,-2.934910185315777,-3.0609197938281323,-0.013276859479597796,-0.00407064537624884,53.13274383544922,22.10085105895996,-10.652170181274414,2.6776845455169678,2534
-17.088943888416825,8.74226025675295,7.83806883575661,6.277336803690789,-0.010523830273356955,-0.008630586522020173,52.714881896972656,-1.8531701564788818,-10.15312385559082,0.8454156517982483,2535
-17.235144136787508,8.690687302166893,7.76205622436745,6.192426887766716,-0.008573857577105706,-0.011140909280454582,50.159393310546875,0.015483349561691284,-10.123409271240234,0.5838724374771118,2536
0.1993558354873648,-4.622445362371531,-2.7663348984505425,-2.723270686848762,-0.008097274634916933,-0.011894873770391131,46.763179779052734,12.094014167785645,-10.168904304504395,1.5662208795547485,2537
-0.006313600067434299,-4.694278636621611,-2.691927320935894,-2.527551444752815,-0.00603932866693084,-0.011760741992081464,47.08082580566406,11.831246376037598,-9.853759765625,1.6593064069747925,2538
-15.834737605345907,-6.3617055519729275,-2.6123014759804497,-2.2326163375216748,-0.006736454529053101,-0.01247366338887108,46.40489959716797,9.478632926940918,-9.75904369354248,0.6730795502662659,2539
-15.741730973918585,-6.715698953298061,-1.4301874112869988,2.8971085226696704,-0.006693127213793089,-0.010241514738581996,11.92453384399414,-12.275571823120117,-9.200939178466797,-0.10870575904846191,2540
-14.55323910973182,-6.968298570577559,-0.5660703328038941,5.418798176066277,-0.00616300552777905,-0.009745174309637172,11.917851448059082,-13.848860740661621,-9.033408164978027,-0.6762297749519348,2541
-3.395585682523216,-11.321891548716234,5.6378973651145206,7.211170402781365,-0.00820330602185408,-0.014838203069158937,30.732629776000977,-26.21754264831543,11.379369735717773,-16.184072494506836,2542
-0.16386405094040848,-16.285030717261325,1.6244255233023872,-5.105892451985481,-0.015222175588022123,0.0033217398367935964,35.50654983520508,-30.1148624420166,10.659749984741211,-16.99685287475586,2543
-2.0088985748794337,-15.683812749664067,1.3904970813010444,-5.5736697041827465,-0.016492685010228186,0.004354201223728551,37.89196014404297,-29.5266056060791,10.814437866210938,-16.895706176757812,2544
-2.303331565772929,-16.10725618855248,1.4019719290946235,-5.536666187031868,-0.016574841562062494,0.005036012313924722,40.92982864379883,-28.85064125061035,10.933357238769531,-16.781452178955078,2545
-1.7960030619065603,-15.704920098417606,1.4099775481436958,-5.535398753865364,-0.016241342280124683,0.00422452880150964,37.62749099731445,-29.487577438354492,10.785030364990234,-16.930301666259766,2546
-0.571352587734013,-15.338068672177316,1.4720739054892769,-5.46208599446595,-0.015668989485617454,0.0033529631630753254,36.214813232421875,-29.6707763671875,10.637129783630371,-17.083187103271484,2547
-0.37450125054342376,-15.408255579246845,1.4689274955008735,-5.458625110371711,-0.015454083223518857,0.0031088533137169265,33.971614837646484,-29.879112243652344,10.541353225708008,-17.17803382873535,2548
-0.2267590049088303,-15.223261344369128,1.433152787706684,-5.50641325352967,-0.01563702456876256,6.368517152625185e-4,32.52634048461914,-29.460264205932617,10.50525951385498,-17.182586669921875,2549
15.691139980017475,-4.4894268727700855,5.543268077394794,7.13952705027282,-0.005195652530739765,-0.014766388088313005,9.710627555847168,7.075742721557617,-3.517788887023926,2.175407648086548,2550
12.842383917862215,-5.389526050820202,-7.248364574887921,-1.0713663422900461,-0.005614204006470574,-0.0151461232689893,-9.80046272277832,-2.737267255783081,-5.809544563293457,-7.807687282562256,2551
2.622793271950358,-6.536517654508522,-2.9853032898689995,-3.111193450673225,-0.011760600348631176,-0.011065709912239327,-16.200315475463867,-11.676814079284668,-11.079803466796875,1.4701693058013916,2552
1.9324661126758367,-6.329246820805549,-2.930577404477764,-3.0422194325763012,-0.011895326999055968,-0.00993534481564531,48.7539176940918,15.393176078796387,-11.05900764465332,1.7058091163635254,2553
-0.47633477203607855,-6.960709533434173,-2.8837167095925103,-2.98362067578614,-0.013852110612651927,-0.005044849654344434,53.66196823120117,21.470699310302734,-10.706884384155273,2.5309042930603027,2554
0.21023661949906872,-5.776307765130035,-2.823873646238018,-2.8996296250659253,-0.013321552401595303,-0.0065011853186819095,53.067108154296875,19.536170959472656,-10.607921600341797,2.2008535861968994,2555
-1.2109668505905336,-7.026430710751861,-2.8421434235359917,-2.9352109753924633,-0.01319348106186791,-0.004116394423128585,53.71918869018555,21.663131713867188,-10.678462028503418,2.60101318359375,2556
-3.3877287019280122,-4.948242993923682,-2.7621516060616265,-1.7112506949740671,-0.004495702319310784,-0.010475508295447166,50.817718505859375,9.568946838378906,-9.911384582519531,1.552027940750122,2557
-3.1011905365285424,-5.006576445841864,-2.7489842247750054,-1.7311408841449045,-0.004077982971761783,-0.009665013401694334,50.86480712890625,9.815773963928223,-9.932927131652832,1.6233482360839844,2558
-2.8027539564791106,-5.0427361217973985,-2.7176259827400933,-1.8121579015094065,-0.003746091901934432,-0.009599700938879279,50.55209732055664,11.397209167480469,-9.839426040649414,1.702656626701355,2559
-2.041357091802665,-4.977877397256346,-2.6679209542061577,-1.9332954013186716,-0.00276164544170646,-0.01046432235881615,49.57442092895508,11.215442657470703,-9.861515045166016,1.7641642093658447,2560
-1.182266961457781,-4.6251609964633635,-2.5867798399712334,-2.1714268052417065,-0.0020908815248720128,-0.011615463367641968,47.24810028076172,11.898388862609863,-9.703303337097168,1.7952558994293213,2561
-0.8886721968545364,-4.202042297196107,-2.495028145291973,-2.1366988742190625,-5.329408166069003e-4,-0.012074490923150962,41.531620025634766,12.502396583557129,-9.523350715637207,1.937386393547058,2562
-0.012941586495457921,-2.721980785949468,-1.2590532970215569,0.47045525671660665,0.003984620499226618,-0.013107612218024246,29.714311599731445,12.794102668762207,-8.93047046661377,2.2104074954986572,2563
0.15614078064884543,-2.5491682094382746,-1.2345387410904656,0.41000529886901144,0.005057872644046646,-0.01326648301197298,28.001018524169922,12.784274101257324,-8.576671600341797,2.201307535171509,2564
-15.370279268728563,2.1882252367570794,0.5796019959662666,-5.795082839711311,-0.014333212333956815,-0.014328357256583914,6.909575939178467,-16.41594123840332,10.301477432250977,-17.459653854370117,2565
-15.33592857041234,2.7804324588233564,0.7267831492636909,-5.743367942555549,-0.014502816497749718,-0.014771832904136858,23.505064010620117,-27.451919555664062,10.24062728881836,-17.529924392700195,2566
-15.35883661142099,3.193278754159248,0.9700615334723701,-5.726213725789192,-0.014732521985393402,-0.014995531295801251,26.050905227661133,-27.098039627075195,10.300164222717285,-17.457273483276367,2567
-1.1062266327706385,-14.205097126269859,1.152955524942707,-5.6787898862201,-0.014281560210351497,-0.01474576204209866,30.72681999206543,-28.456144332885742,10.436765670776367,-17.296483993530273,2568
-1.4124469631044436,-14.394853982775608,1.3118909526084175,-5.603701862080696,-0.015023367914526785,-0.014765185974110629,31.934185028076172,-29.179161071777344,10.618447303771973,-17.085460662841797,2569
-1.9462279864510195,-14.45052796417605,1.3184386420462837,-5.6194084012347485,-0.01530647490844014,-0.014271870178029632,33.796443939208984,-29.252559661865234,10.650679588317871,-17.062589645385742,2570
-2.7439173989180836,-14.474031739597061,1.279498927614521,-5.681447776539924,-0.015366616989521414,-0.01396107225416809,33.91524124145508,-30.942333221435547,10.691948890686035,-17.008058547973633,2571
-11.452971773476387,-27.589729010864204,-9.39061654327171,-1.9498641812640451,-0.014504929788012091,-0.009418241295778073,-17.751001358032227,-28.180896759033203,-3.3490068912506104,-9.765843391418457,2572
-11.938691654065453,0.09888740600664278,-3.788212187268902,-1.0228947722750925,-0.0041600133708407025,-0.016421394485404004,2.7251570224761963,-10.469542503356934,-8.2183256149292,-2.4213833808898926,2573
-11.925393371839926,1.0418118555312812,-3.8028241467262993,-1.0082291686373972,-0.005219461756035139,-0.01538862676858569,2.430617570877075,-12.027748107910156,-8.480653762817383,-2.7834272384643555,2574
-11.621044458032099,1.2063040669332763,-3.8076835942055474,-0.9887082302409433,-0.00644023476034434,-0.014840789542937823,1.7618430852890015,-12.030781745910645,-8.419014930725098,-2.8596463203430176,2575
-11.239795079680182,1.171397017155361,-3.8477255177284966,-0.9126724326449656,-0.007082903905155689,-0.014590857203498698,1.360429286956787,-11.662003517150879,-8.1802396774292,-2.9237170219421387,2576
-10.644142976975605,1.032207305549715,-3.941302664258648,-0.8185913288432383,-0.0080568008635435,-0.014605601612783374,0.8094980716705322,-10.798924446105957,-7.633896827697754,-2.902381181716919,2577
3.3681782415059573,-10.257364153624975,-4.365002520063092,-0.6876166188555979,-0.008931364959299934,-0.014657163952774463,-3.7584218978881836,-7.358569145202637,-6.719342231750488,-3.747309923171997,2578
3.7922983814730684,-10.523254839188944,-5.981926090696026,-1.1036418998080515,-0.010757185224773166,-0.014133661734329856,-6.6672258377075195,-7.728569030761719,-6.18235445022583,-5.223217964172363,2579
4.182271812008944,-15.595923475593274,-6.975011475064923,-1.1164181554156565,-0.013682610210405278,-0.012521518668073783,-12.225191116333008,-12.487650871276855,-5.626877784729004,-6.935928821563721,2580
4.46485034018017,-16.485239617980795,-7.5009342503334775,-0.9941712939578318,-0.015583485340918257,-0.010977047116226471,-17.777313232421875,-18.713491439819336,-5.205783367156982,-8.595396041870117,2581
5.008620429646656,-17.563727937395562,-7.880757458188702,-0.9080617153483652,-0.017278828824081976,-0.009136526837294288,-20.28341293334961,-21.700456619262695,-4.743750095367432,-9.334699630737305,2582
5.063367048317595,-17.770805133685975,-8.03574765441673,-0.8942445242244028,-0.018232542194726226,-0.0076677604020362715,-20.40408706665039,-25.535764694213867,-4.285074234008789,-9.696760177612305,2583
-14.984930540655778,-28.672348441150437,-8.31271422622459,-0.8320809030371927,-0.019899779857261886,-0.0036297838614661893,-22.185653686523438,-31.14755630493164,-3.3777072429656982,-10.597365379333496,2584
-15.158475085221387,-28.466308878199417,-8.463742382505108,-0.7938813590842508,-0.02044715511471393,-0.0011108512778621824,-23.26682472229004,-33.1064567565918,-3.1899008750915527,-10.91141128540039,2585
-15.458482859989513,-28.065383629192663,-8.65675080535667,-0.6887983107405924,-0.020912527084488774,0.0014262636279702343,-22.436405181884766,-34.81142044067383,-3.110931158065796,-11.155524253845215,2586
-15.61773895232695,-27.504787732475787,-8.807766087033917,-0.6033298545914911,-0.02102637843578219,0.003182697560328174,-21.503562927246094,-35.41191482543945,-2.881331205368042,-11.215697288513184,2587
-15.814941448749153,-26.64901469228681,-8.994505054929425,-0.4688982428449416,-0.01949542924182988,0.0030443935625971636,-19.778196334838867,-35.2408447265625,-2.617522716522217,-11.004753112792969,2588
-16.329340708556366,-25.12398393094366,-9.333361752011944,-0.13021180270493266,-0.0159320641797916,0.0018394841508155976,-14.6725435256958,-33.838138580322266,-2.229856491088867,-10.433125495910645,2589
-12.851994169499847,-8.492707112743151,-1.8406962227608452,2.8865425264996265,-5.625805948279493e-4,-0.012248054085537466,8.897721290588379,1.7652276754379272,-1.2424198389053345,0.7045390009880066,2590
0.6384159798792092,-6.35952689362522,-2.881304867246319,-2.9835415208178784,-0.013724718892767728,-0.00647019018536143,52.48930358886719,18.384315490722656,-10.979079246520996,2.061397075653076,2591
0.018750884266912612,-6.377418858715637,-2.8230582546974907,-2.8934886777240063,-0.013408466259969474,-0.005720454532894233,53.12030792236328,19.612979888916016,-10.861291885375977,2.215360641479492,2592
-0.7536221580628867,-6.630551641444875,-2.783893473127056,-2.810695680363777,-0.01271698567254429,-0.004638431292822648,53.84778594970703,21.907806396484375,-10.659022331237793,2.5518739223480225,2593
-1.0325602744669815,-6.599958361811552,-2.721776134946514,-2.6748400056201245,-0.012518395450978912,-0.004101553258814759,53.49897766113281,22.04243278503418,-10.666290283203125,2.5607120990753174,2594
-1.1831105849772183,-6.380598126478329,-2.650530107000042,-2.457518132908943,-0.012132040444643357,-0.004159670536193638,53.21952819824219,21.936511993408203,-10.627975463867188,2.5290415287017822,2595
-1.2956121310720738,-6.098994384797824,-2.586992032506634,-2.307960184796455,-0.010180381811972155,-0.005243496933385975,50.02926254272461,18.285058975219727,-10.35549545288086,2.548882007598877,2596
-0.9087207246449601,-3.9998036466348084,-2.445609576680828,-2.1109085404711987,-5.171583153682905e-4,-0.011800751624021425,41.942779541015625,13.307446479797363,-9.497776985168457,2.0496697425842285,2597
1.184219775125404,-2.1288113660070134,-1.4873864125992546,-5.793893176340714e-4,0.0016394671978323524,-0.012121193115590564,29.259214401245117,11.485307693481445,-8.76368236541748,1.9541276693344116,2598
-0.39283109977617225,12.633001690086694,6.687249534151386,1.7413129484814382,0.0099107087946563,-0.012795110009385347,3.409240245819092,29.19193458557129,3.033459424972534,7.59393835067749,2599
-5.3041829318444655,-18.628656124884852,-3.697164661863018,1.6463105356854177,-0.0037849096700861527,-0.010182518285403157,0.8228644132614136,-4.3957438468933105,-3.7931430339813232,-2.9350554943084717,2600
10.106616194691235,3.546804199346278,-0.5417765748287926,-0.385498924686315,0.013140007221929076,-0.009607650010400481,-16.804128646850586,26.572011947631836,-1.039620041847229,11.116744041442871,2601
1.6577823151521462,16.404727706000912,7.22497879745705,0.938824383036492,0.015989529346132583,-0.006879499951702232,3.4513862133026123,43.499141693115234,4.3617024421691895,10.322577476501465,2602
0.13543071848614105,13.088068269301873,6.343376033327411,1.6163715994518972,0.010330139652043869,-0.01258024364821538,3.8299319744110107,29.410818099975586,3.1545426845550537,7.643891334533691,2603
4.1432591592402455,-0.46038985430068835,-1.2767314982201348,0.5731432116192556,0.0036011545139299564,-0.013231537828230845,7.357607364654541,11.141809463500977,-1.4315778017044067,1.3924784660339355,2604
27.06355768995347,16.03028063251091,2.651186339876484,-1.6331601464587473,0.016069806948159772,-0.009797601775651782,-24.663480758666992,31.760623931884766,-0.9201577305793762,11.52495288848877,2605
27.06942468223699,16.225141779353873,2.6391986537192573,-1.6141511523562693,0.016904779879931178,-0.009595581446325682,-26.996440887451172,31.691261291503906,-0.5896035432815552,12.040809631347656,2606
3.809004511825,18.37479320648394,7.332606189272235,0.5285833156269766,0.019807045081742934,-0.0023304561672260167,1.9793535470962524,45.691497802734375,4.454072952270508,10.99140739440918,2607
3.2131629204031484,18.835431429450956,7.281071059725116,0.8108515417736746,0.019305481766557855,-0.0021255218063325905,4.4688920974731445,47.786739349365234,5.285758018493652,11.114548683166504,2608
10.100849798872318,5.40390827825666,2.0780507254813423,0.24920192124068502,0.016224812078833615,-0.003729460709039318,-5.815487861633301,22.22776222229004,0.9547304511070251,8.77200698852539,2609
-1.971750258709752,27.192100190545457,3.195240132829975,2.1751258051556324,0.018584527986728085,0.0064984895021496045,19.80582618713379,29.165977478027344,3.645087957382202,6.9497222900390625,2610
26.74733974084122,16.474805539517153,2.7441726851676216,-1.764571579678657,0.020744871415757777,-0.007208479109087682,-28.30493927001953,32.59792709350586,-0.5120366215705872,12.387123107910156,2611
6.74995655545747,8.991959604684727,1.7407249140952339,-4.835747035725715,0.006098452677902955,-0.015886106678587416,26.55182456970215,-30.165203094482422,0.09788591414690018,8.921915054321289,2612
2.4416420630831266,18.515117014867354,6.659983508608173,1.1151603138607717,0.019872002578957222,-2.509658490520083e-4,6.285789966583252,46.397865295410156,5.424493312835693,10.60953426361084,2613
20.63967300261524,13.546946183503762,3.4376863169883003,-1.455719860776069,0.017611204276296633,-0.008124219958236109,-17.032569885253906,27.59010887145996,-0.6425940990447998,10.310961723327637,2614
-0.4372402244105483,12.084333938375616,6.798471801302265,1.420627919451592,0.009688809095310173,-0.013086251713996102,2.906142473220825,27.425355911254883,3.0456151962280273,7.560727119445801,2615
-4.2648908922023425,9.683071962111178,-1.4851430129791985,1.072797862307427,0.0070674040109193585,-0.013733393715911615,12.868350982666016,16.788105010986328,5.089123725891113,7.698074817657471,2616
12.297719699570967,4.534552121683932,-1.027549810388256,0.19194891812026266,0.009653700665733619,-0.012488440930915938,22.626888275146484,13.757742881774902,-8.448177337646484,2.2147042751312256,2617
8.91993311661854,7.971420868729473,3.3073419261191597,-1.4726600968676828,0.011250906405897118,-0.012984131621096656,-9.470678329467773,21.84962272644043,-0.9371321797370911,8.013445854187012,2618
4.259343421906479,22.140701163145078,7.22027098419411,0.4434590017956472,0.02969233721408714,0.01088297950983562,5.151692867279053,53.697959899902344,6.243305206298828,11.931495666503906,2619
2.5040920718780306,17.76056533762646,7.171570651552509,0.9276498234432913,0.017848641088708143,-0.0038877828415607397,5.324974536895752,45.56315231323242,5.087050437927246,10.659215927124023,2620
9.69677563920235,5.783708872570582,2.128241651079487,0.35225972296416524,0.014735973353366953,-0.00587112962390401,-5.8384928703308105,22.07583236694336,0.6302042007446289,8.12317943572998,2621
-0.4730845149214469,33.271215430094415,2.2899225878928413,0.2438214099568105,0.026495358166951245,0.01261152226367935,23.16860008239746,25.258214950561523,1.0535067319869995,10.764104843139648,2622
19.018358265464364,16.124684537675144,3.4852255511496772,-2.6390686356860424,0.02381004259786432,-0.004752899237769548,-23.77961540222168,34.52824020385742,-1.6227072477340698,12.084031105041504,2623
25.943561142410214,14.081636482823361,3.4585236239646187,-1.444736989720466,0.028714422495388733,-7.406560452576743e-4,-29.826610565185547,33.88409423828125,-0.6580527424812317,12.78611946105957,2624
25.747860545219876,14.079602006656248,3.5986617732260933,-1.4716044986087107,0.02931360106071388,1.203511429988297e-5,-29.255346298217773,34.00025939941406,-0.6187266111373901,13.245180130004883,2625
24.968070361547156,13.899674847710582,3.7933715510581245,-1.5826057517367624,0.028413440225166273,-7.853575583659459e-4,-28.418519973754883,35.195682525634766,-0.6483398675918579,13.262755393981934,2626
17.20391742146795,17.26987747881696,4.083045833132099,-1.7187141501742624,0.025948306455883523,-0.002550785530825228,-22.386491775512695,39.360618591308594,-0.12766511738300323,13.670360565185547,2627
15.786034471213277,17.805426467034362,4.634222381136249,-1.7513426863986277,0.027688454669805705,-7.38914162074336e-4,-21.414182662963867,42.56300354003906,0.6122076511383057,14.026549339294434,2628
10.724530754888061,19.393777423309782,5.501872413179706,-1.4759533727008127,0.026724852538405397,-9.776250667685937e-5,-16.057289123535156,45.74464416503906,1.6484965085983276,13.927284240722656,2629
6.711205583533103,20.154331647403907,7.099192969820331,-0.20966594157994028,0.024909600960118905,4.5266214679778334e-4,-8.06328010559082,48.717063903808594,3.6911654472351074,12.847498893737793,2630
5.712989162322343,19.98398108256158,7.165976874849628,0.08603718640029195,0.02392012630402876,0.0010816160762094943,-0.5204002857208252,49.27610397338867,4.5071940422058105,12.075390815734863,2631
4.137528362952145,22.05600285860319,7.263440959474872,0.5171655094784475,0.029589453508072155,0.010650719172474937,4.602784156799316,53.837772369384766,6.210633754730225,11.981792449951172,2632
3.4391127243348203,21.99004333912654,7.148687713167499,0.9326405203503347,0.02960206282866393,0.011414947353003742,6.749778747558594,53.527469635009766,6.53779411315918,11.684102058410645,2633
2.755258289560501,22.114285158982558,7.0176838565085635,1.110795704142449,0.02915942236436338,0.012082272085923561,10.318971633911133,52.89454650878906,6.818403720855713,11.317351341247559,2634
2.2513955095396176,22.44878379969199,6.7490891146872745,1.3165672695797659,0.02884612323906947,0.013073585216862138,12.738099098205566,51.72930145263672,7.098468780517578,11.06827449798584,2635
1.6117651399210164,22.499015842001082,6.316406123659442,1.5483352816265799,0.028147362989038152,0.012905677593718788,14.241291999816895,51.133724212646484,7.350125312805176,10.548219680786133,2636
1.064925213333543,22.54667599433507,6.122437350771259,1.6868276274365164,0.02693251697475289,0.012526418263789292,16.20437240600586,49.493839263916016,7.31289005279541,10.11038875579834,2637
-11.177696953154804,25.045134343890215,5.7230271029685245,1.9942714846295095,0.026084183093969142,0.012590043780431636,19.47239875793457,46.36852264404297,7.3103508949279785,9.429717063903809,2638
-10.719032652429503,24.989542749275575,5.526944987795185,2.0856890356701587,0.025062214843105838,0.012367575726069448,20.267026901245117,45.36606216430664,7.325620651245117,8.998693466186523,2639
-9.736786527821081,24.877103865458857,5.117002837679218,2.371955839411614,0.023817549195734432,0.012299891278168912,22.70150375366211,41.99297332763672,7.066207408905029,8.543596267700195,2640
-8.551994400145388,25.885781550446904,4.645011298677753,2.5601050532025074,0.02356651019818798,0.012916133397419576,24.915416717529297,39.88793182373047,6.6493449211120605,8.217476844787598,2641
-7.0446849691620175,27.2937368342447,4.055558078310321,2.7321891462963794,0.023495237825693033,0.014114191363781408,27.11676788330078,35.30619812011719,6.0593438148498535,8.07115650177002,2642
-5.70492661739198,28.870375743116416,3.620779864809345,2.5518815195721363,0.024105187815187706,0.014919467747010631,26.566991806030273,32.287471771240234,5.371885776519775,8.281734466552734,2643
-3.611736268187847,30.74275478470565,2.9420441317771187,1.9685372984570242,0.026015751236725098,0.016071441901303454,26.89169692993164,28.557275772094727,3.9354944229125977,9.042280197143555,2644
-2.3168500231796716,31.542328647040357,2.583023898622822,1.5074389851254202,0.0268802820515871,0.015653989669173952,25.518569946289062,26.4224796295166,3.1792378425598145,9.326725959777832,2645
-1.1738303070034979,32.17607859881854,2.417125813982319,0.9068065560024954,0.02694054468992568,0.014654743353588878,23.967910766601562,24.892807006835938,2.388073205947876,9.802788734436035,2646
-0.17408328452824876,32.659455933187566,2.366048924944233,0.28586777807891134,0.026325956491949534,0.011816099240801941,22.152894973754883,24.718008041381836,1.6887270212173462,10.188750267028809,2647
24.94900499078959,17.55127959606508,2.4632505107138862,-0.4754585349398875,0.02538284239749623,0.0026503034237303456,-22.89133071899414,28.144474029541016,0.436130553483963,11.221273422241211,2648
24.65845508493413,16.29369967381826,2.7997823882315864,-1.1922068917590403,0.02652360594097473,-0.003158134436827193,-26.7448787689209,30.7799015045166,-0.47264865040779114,11.861863136291504,2649
24.637733534470165,15.182785637078744,3.208700292131733,-1.8153900229769968,0.028124515855437182,-0.0017118332621114168,-27.35337257385254,32.65379333496094,-0.8494709730148315,12.623684883117676,2650
18.97553566615625,18.926187261948726,3.668027274629902,-2.369016560299995,0.03023844653980729,0.0012041303841048765,-26.932415008544922,37.76850509643555,-1.186480164527893,13.397671699523926,2651
17.695872995661507,19.512323669488765,4.213470332643817,-2.5272412621814038,0.03197052401124001,0.0041234890269340315,-26.740886688232422,40.23257827758789,-0.8497114777565002,14.028303146362305,2652
15.505486886824897,20.151254143818505,5.0956000018332706,-2.7719827020007397,0.032266926135658,0.004586790539001177,-23.377824783325195,43.72862243652344,0.0763121023774147,14.352889060974121,2653
13.776413437768442,19.410392243648193,5.3841413188193545,-2.6794364774066235,0.03019753361080631,0.002113109750264498,-19.53789520263672,45.49052810668945,0.6368048191070557,13.770829200744629,2654
11.77977537963521,17.97499409487725,5.93882214309914,-2.2492496096926953,0.027981754396722007,2.8959734635090184e-4,-16.30757713317871,45.14391326904297,1.3319216966629028,13.462124824523926,2655
10.616058251920087,17.652577639065537,6.15548359634621,-2.070530804379585,0.026885878858566303,-3.0041657708362385e-4,-12.894144058227539,46.385009765625,1.8356865644454956,13.0935640335083,2656
9.356401851759284,17.292412783912336,6.412420623323749,-1.7245397889453196,0.025842470075252012,-6.615204426410913e-4,-10.069955825805664,45.58050537109375,2.478473424911499,12.699979782104492,2657
7.463766902830814,17.525580167964318,6.5952500033591495,-0.7479612850981974,0.02458443713104321,-8.055294501186668e-4,-7.882457256317139,46.49869918823242,3.2624776363372803,12.268216133117676,2658
3.8165832188055298,15.677809143716942,6.553338401338886,0.6058630621594168,0.015361988523043879,-0.008244842868538695,1.9489164352416992,39.13987350463867,3.9848432540893555,9.8422088623046875,2659
0.1484888114777018,13.843132801799486,6.434697501680683,1.7330009615582205,0.011079871139730756,-0.011902150184394947,4.641097068786621,30.428144454956055,3.510807752609253,7.464602947235107,2660
25.860691913619064,13.91259404890775,3.7014921832297554,-1.5768611752825998,0.02955244529396839,3.9600799487494575e-4,-30.175582885742188,35.41987991333008,-0.7140719890594482,13.16686725616455,2661
25.491710235771986,13.748295365869614,3.88822399856789,-1.710620197041633,0.02993526353919631,0.0011817893611903805,-29.639083862304688,36.08216857910156,-0.614861786365509,13.517297744750977,2662
16.652323173613674,18.22350891698851,4.5214046168540225,-1.99480334161103,0.02855934091830389,-1.2152148158582572e-4,-22.91043472290039,41.18841552734375,-0.08643078058958054,14.000012397766113,2663
13.299405110271527,15.805226014221084,4.7207430529807315,-2.018319400532844,0.02391936287480271,-0.0036885243925993457,-19.313152313232422,40.27854919433594,0.01850319281220436,13.082990646362305,2664
12.833569425163613,19.094208978101634,5.471810691377948,-2.003414186223152,0.02926149731703344,0.0010878052500125283,-19.0894718170166,44.96998977661133,0.9174466133117676,13.64990234375,2665
9.305508923662098,16.507869695201244,6.245102279207538,-1.4578034007388376,0.02189916609006793,-0.0036230925205037387,-9.245800971984863,44.84184646606445,2.45814847946167,12.237460136413574,2666
5.832593006016589,16.576363861618237,6.582748763582538,-0.6111299419242167,0.019360227211612898,-0.004455964531496971,-2.906682252883911,41.96982955932617,3.5076780319213867,10.879552841186523,2667
3.3899664076823868,15.060797145394924,6.403991096041034,0.8785268938702322,0.012447243016627424,-0.01129408792320451,1.8109512329101562,37.72057342529297,3.7400853633880615,9.219552040100098,2668
0.5671325644376747,20.054655915024483,6.069418303987812,1.4745216047924734,0.021869237636655683,0.0055288452552340875,10.2899808883667,46.552040100097656,6.216133117675781,10.107086181640625,2669
-0.30959283581398905,20.214146734729002,5.682844512483905,1.708623138682244,0.020813822806866757,0.005334201601746209,12.610471725463867,45.17392349243164,6.326187610626221,9.20724105834961,2670
-10.167469973048414,25.71926658173509,5.452263228914569,1.97067996622741,0.02034346852378201,0.006558290099328007,18.409217834472656,44.18132019042969,6.539474010467529,8.597136497497559,2671
-9.40937674767791,25.7854080001899,4.904970996401142,2.235371080653069,0.022403741824175975,0.01069497671286981,21.814550399780273,42.49262619018555,6.701831817626953,8.134671211242676,2672
-8.850727904670675,25.663606696959967,4.801042907259296,2.343441454188225,0.023048988362422283,0.01230577105046858,23.18290901184082,41.180809020996094,6.820557117462158,8.027368545532227,2673
-8.055745222314892,26.076430356349086,4.475316398165058,2.4475547945660328,0.023118583192022264,0.013038396265327008,25.508338928222656,37.399471282958984,6.703120708465576,7.9388275146484375,2674
-7.696452859930226,26.451414797579144,4.298210017702411,2.547316995875237,0.022956168894839767,0.013265066328588534,26.593942642211914,36.804969787597656,6.402431011199951,8.0335540771484375,2675
-6.444924256412629,27.451881354539,3.904588096163105,2.6369232809704517,0.022897524159959163,0.013533021831808968,26.043519973754883,34.13475799560547,5.836506366729736,8.091343879699707,2676
-5.885598702381052,27.40491408682962,3.691240184328388,2.5980720198315357,0.02184538580116349,0.012358934334618108,25.29464340209961,33.06673049926758,5.46024227142334,7.731987476348877,2677
-4.44650057118382,28.49130537361656,3.2679921317313423,2.4125785505932544,0.020644785713288295,0.010506959070435428,24.341005325317383,30.685230255126953,4.8880839347839355,7.913976669311523,2678
-2.092958913107081,29.714869956058124,2.746749036333393,1.8419727957409597,0.022780870175988018,0.011541407239235043,22.809022903442383,27.8896427154541,3.230360984802246,8.67388916015625,2679
-0.8729510018414866,29.474805698789382,2.5373412299369087,1.4558550989788748,0.021947962327775024,0.009703755054609936,20.28050994873047,25.907461166381836,2.401186466217041,8.672215461730957,2680
22.281806283236154,18.830354290505973,2.3963988948081245,0.37183096768080953,0.018464192272900137,-0.0018590857028837552,-9.445164680480957,24.99995994567871,1.130352258682251,8.95236587524414,2681
22.000893638445945,16.70825972300405,2.5471645522330513,-0.7337971949416422,0.020760855819531646,-0.004615131491818882,-18.61954689025879,26.92413902282715,-0.006655162200331688,10.012031555175781,2682
20.282932713244822,14.837487236020785,3.544349067232441,-1.5831306302386545,0.021042773665696568,-0.005968785315774487,-21.61296844482422,31.191619873046875,-1.0761677026748657,11.054905891418457,2683
17.471636240139436,16.942485497627622,3.97317969085915,-1.965339812024238,0.02529261915060238,-0.0032473630110602418,-22.840112686157227,37.65998458862305,-0.9652841687202454,13.038945198059082,2684
16.092830484311225,18.34932851848378,4.690305106661151,-2.094419630749824,0.029473353626930966,9.330632580983429e-4,-22.514556884765625,41.06505584716797,-0.15302331745624542,14.041927337646484,2685
14.848084062667859,19.31226302164226,5.061257712862323,-2.077148827298286,0.029941822732661112,0.0018993230446315416,-21.60484504699707,44.320308685302734,0.39735737442970276,14.345710754394531,2686
12.704665477283424,20.04536263403824,5.478721969148944,-1.8203690373736643,0.029777508590552143,0.0021230993463422464,-19.654842376708984,46.09362030029297,1.2144355773925781,14.326176643371582,2687
11.346542393078488,20.283489873323976,5.697240703127216,-1.5860069119769358,0.029239259944234118,0.0022391962649569532,-16.6058406829834,47.210479736328125,1.5710564851760864,14.167582511901855,2688
10.09256743673511,20.311525539168503,6.108684413454364,-1.3047451102572702,0.028913831838118048,0.0023403888146524008,-13.921684265136719,48.209625244140625,2.321981191635132,13.805388450622559,2689
8.680569127377842,19.680210022050566,6.435120933077167,-0.9848971688586496,0.026197643273881924,8.622829001296842e-4,-8.689858436584473,49.104305267333984,3.4237000942230225,12.992727279663086,2690
6.370691533362637,18.68977309922507,6.859307639620136,-0.40171632034957644,0.02384999600486873,-4.009970971543446e-4,-4.473448753356934,48.11232376098633,3.9347591400146484,12.33689022064209,2691
5.616169565607181,17.951254538023345,6.882045142671894,0.05301084877669576,0.021749547158084026,-0.001783932625454312,-2.7341883182525635,46.28835678100586,3.942657709121704,11.860051155090332,2692
3.952910014499858,16.774477524592694,6.825454585573505,0.3695470369023061,0.018765861682619248,-0.0038772975684834366,1.0682846307754517,43.19229507446289,4.296175003051758,10.600456237792969,2693
3.1334467478214583,16.34922523376981,6.835469119570087,0.7554303085964895,0.018008223167793044,-0.0038426298309116335,2.572462320327759,42.08079528808594,4.346347808837891,10.282617568969727,2694
1.7020868481087505,17.146218722433314,6.752818458101581,1.3748413002651907,0.01849332529908255,-0.001531154719259795,5.706771373748779,42.877410888671875,4.951532363891602,10.034976959228516,2695
12.519315524990258,19.866766591515393,5.430395953676532,-1.7348651015597605,0.028777171157666412,0.001549645687536944,-20.321414947509766,45.71254348754883,1.4162392616271973,14.242812156677246,2696
9.650715087248173,20.072114974095363,6.0330341983054385,-1.3318184339839243,0.026663546369264473,7.957921152380143e-4,-15.301549911499023,47.29131317138672,2.255316972732544,13.722530364990234,2697
6.902961919361305,19.366298534323555,7.133461349031757,-0.13949299095452067,0.023991588256400243,-4.686874331769447e-4,-6.112712860107422,48.869224548339844,3.9020044803619385,12.432157516479492,2698
5.233450305152111,17.02356490691191,7.236674182436298,0.3099496638935781,0.02064724907167246,-0.0023759774488624186,-1.7529481649398804,44.5025749206543,3.928900957107544,11.472415924072266,2699
2.937239290115591,19.43644129680724,6.828344218752216,0.8575124418896414,0.02146238211139813,0.001609169757826755,5.662186622619629,47.47735595703125,5.603024959564209,11.024197578430176,2700
1.7114198701773817,19.206329669437782,6.773608081362079,1.3150539076489187,0.021028031155323795,0.002582674224657489,7.815573215484619,46.600223541259766,5.791821002960205,10.436591148376465,2701
0.1407601014863671,18.80968458688978,6.235658519289325,1.6652426397961355,0.021021754019959604,0.004290484989591237,10.249101638793945,44.48763656616211,6.070445537567139,9.615398406982422,2702
-6.302248868883047,19.23441202904815,5.867902152559589,2.0873715555828785,0.016570811174755302,0.0016623628288687411,12.571162223815918,40.29166030883789,6.046684741973877,8.432682991027832,2703
-7.558372134302923,21.93747057182079,5.283577315828632,2.65571996332824,0.019263630113184303,0.006680899582799606,17.970306396484375,38.653526306152344,6.67271614074707,7.2273125648498535,2704
-6.478019017446963,22.043694243836466,4.880972259065937,2.898245540873406,0.016070351716689555,0.0025076008592719422,17.353864669799805,34.340721130371094,5.974294662475586,6.492725372314453,2705
-2.903965534311773,24.764154725577875,3.6641930270407905,2.6180090582531665,0.01545542036855267,-6.840915219587296e-4,18.009294509887695,30.462234497070312,4.140552043914795,6.6065192222595215,2706
-1.2685974801964222,27.083551694180162,2.9957827258322944,2.034157005564568,0.015563366239130304,-0.0022312603323294384,18.238697052001953,28.414846420288086,3.572478771209717,6.860287189483643,2707
0.4666386377612489,26.84848500716448,2.353898637316059,1.0847593224209524,0.01567490314747997,-0.004450529324255805,-3.663207769393921,23.352842330932617,1.2253882884979248,8.177865982055664,2708
21.886154416196717,18.50958000559988,2.4032670188163032,-0.35328153757632014,0.016659335011861853,-0.005572370821047691,-11.735333442687988,24.904653549194336,0.5750266909599304,9.008893013000488,2709
22.27486418037614,14.46941066382371,2.7894042659018745,-1.5103947245913767,0.01892232237362877,-0.006695263160138179,-23.100221633911133,30.560104370117188,-0.8671382665634155,10.923242568969727,2710
22.231685361331994,14.535097423274406,2.9530647921775093,-1.67327013848603,0.0198951866444586,-0.006728904797300186,-24.15338897705078,31.828018188476562,-1.0395615100860596,11.475719451904297,2711
19.03560478058108,16.667932217970037,3.5950516391013374,-2.510362895711067,0.02296426801128193,-0.005159125657184627,-24.196725845336914,34.7139892578125,-1.5652072429656982,12.341132164001465,2712
18.606401196249383,19.894680803544507,3.8728693652365913,-2.725258620961311,0.03252655472405235,0.005245602686419729,-27.64424705505371,39.981998443603516,-0.9693481922149658,13.797802925109863,2713
18.0293362918565,20.377773207405212,4.042968146822284,-2.795824798329475,0.033389691625953934,0.006845262282951492,-27.861530303955078,40.29315185546875,-0.8618651628494263,14.137038230895996,2714
16.095792510197693,21.023395129373217,4.912090175173114,-2.8085089051562573,0.03407639159316313,0.007795332179398171,-25.85294532775879,43.507293701171875,-0.19716337323188782,14.594204902648926,2715
15.41404418695818,21.015523946373015,5.252753131410907,-2.78527501462281,0.03367305497647554,0.007009269027216018,-24.337724685668945,44.754032135009766,0.2786747217178345,14.397929191589355,2716
13.718918267729745,20.041472918299178,5.574672572634052,-2.645354064686897,0.03127752094584634,0.003545200005410944,-19.959163665771484,45.458370208740234,0.652414858341217,14.089186668395996,2717
10.456309013109022,18.286867729654492,6.2412789988730655,-1.905584248288276,0.027850867985323685,7.878723406212925e-4,-15.384994506835938,46.215824127197266,1.8897106647491455,13.41579532623291,2718
7.131805974578352,17.178834647003292,6.677300326845478,-0.6223864728051447,0.022340859542996975,-0.0017504698701193454,-6.094862461090088,46.04477310180664,3.4113054275512695,12.028511047363281,2719
2.8612176741060074,17.178665831248072,6.757789962313007,0.9433267986935354,0.018260272428065848,-0.0033551295981115985,4.611226558685303,44.784027099609375,4.9819865226745605,10.398122787475586,2720
-0.3223139589567878,18.583384124564684,6.3927472758506045,1.9732677614849783,0.02042778145435433,0.0038760564862470115,10.941548347473145,44.67223358154297,6.038531303405762,9.503782272338867,2721
-8.687747986610042,21.09307473310248,5.894689433595966,2.490982023493645,0.021441920539927464,0.007592700055734924,15.967036247253418,42.67904281616211,6.496777057647705,8.863020896911621,2722
-8.958293507818285,21.979017740451443,5.761687629244159,2.6596166765850757,0.022061371464709118,0.009759282611221241,19.27105712890625,42.68819046020508,7.25184965133667,8.243940353393555,2723
-5.402190466703438,8.956800506983889,-1.4576740336205254,0.9768923199337698,0.005772706318068647,-0.013712904369789673,21.44780921936035,12.698163032531738,-8.114541053771973,2.3245737552642822,2724
-5.321478349624512,9.16912712894178,-1.492027111032177,1.106437531725762,0.007460453729792017,-0.013443648567172927,14.39511775970459,16.267868041992188,-7.283846378326416,2.580451011657715,2725
-7.06314059352988,15.779564765037748,4.5850032496665225,2.1431154883068775,0.009893849268904733,-0.011542618571453351,15.879847526550293,29.58323097229004,5.339188098907471,7.430053234100342,2726
-6.814701838084011,16.47623201595068,4.452705256960224,2.3426301157635425,0.011240139344005131,-0.009475156232102072,15.57934284210205,30.51982307434082,5.083603858947754,6.646202564239502,2727
-7.58542466291883,27.674446773471878,4.250641696474384,2.5314583456677173,0.022294372270517344,0.013122582839776463,27.237716674804688,34.6986083984375,6.088862419128418,8.12414836883545,2728
-7.223390558204387,28.037369782415688,3.7916692424033394,2.6849736845654224,0.02137717901426949,0.012254206824205917,27.192153930664062,34.06382369995117,5.8303937911987305,8.18693733215332,2729
-5.795829521647458,28.368734014952285,3.701751582643818,2.684320417658684,0.02120155073575466,0.011651921688324766,26.591922760009766,32.97919845581055,5.312349796295166,8.043560028076172,2730
-4.027801901982894,28.040504373670977,3.4549645114157905,2.4629916823071216,0.020395209939514585,0.009891690785718232,22.46377182006836,30.43688201904297,4.759139537811279,7.479586124420166,2731
-4.579612161164623,29.360398560191,3.41417729141457,2.3576936400097583,0.021350110301181002,0.010541037842436181,25.47540855407715,30.71843719482422,5.013016223907471,8.354101181030273,2732
0.15590553168203486,28.230759107225683,2.6524132418845405,1.195692149416802,0.019604778507347362,0.005857337697546075,19.130765914916992,26.434215545654297,2.3980817794799805,8.246313095092773,2733
1.503423743041456,27.807178525494187,2.6363989043448677,0.968536821619866,0.01636491267176957,-0.0014464809375147475,13.66916275024414,25.275177001953125,1.7505470514297485,8.223875999450684,2734
20.070906841893223,12.535913363655338,3.794926993868183,-1.5402795398074411,0.01633079209843697,-0.009601809922382952,-12.494389533996582,25.70633316040039,-0.41705089807510376,10.078351974487305,2735
16.80086144748236,17.17999274851198,4.418359153292011,-1.9423163258868479,0.02663932280455671,-0.0018755971832807939,-21.595029830932617,40.15342330932617,-0.21872390806674957,13.651833534240723,2736
15.531461269030617,18.7989061272925,4.75229059936745,-2.0872446620303418,0.02946973584458865,0.00107764779132279,-22.983074188232422,42.739906311035156,-0.02603013440966606,14.13566780090332,2737
14.693916144910713,20.847148033550926,5.141190402529071,-2.195428403599861,0.03286792041799483,0.005425305775512539,-22.91152000427246,45.047935485839844,0.5643725395202637,14.558340072631836,2738
14.252142478844206,21.13869916257934,5.358471744081806,-2.183250459416511,0.03322238608733747,0.005896234717012392,-22.85660743713379,45.50407028198242,0.6166718006134033,14.598563194274902,2739
13.687311652595309,21.01309234378922,5.552612655184101,-2.221491726620796,0.032872169414772945,0.005514753190203964,-21.6988468170166,45.900901794433594,0.8830264806747437,14.552682876586914,2740
13.25868752254806,21.572955683960043,5.681798808595966,-2.1849822127658154,0.033263024106340994,0.006157106123550723,-21.637996673583984,46.76358413696289,0.9302722215652466,14.546794891357422,2741
12.847705823985644,21.403862209279037,5.950658671877216,-2.042191895230415,0.032120964602243826,0.004889703144958596,-18.917882919311523,47.13038635253906,1.4013967514038086,14.21426773071289,2742
8.607317839575662,13.698410456657353,6.381034247896503,-1.884314569218757,0.01878422737881936,-0.006650888625755833,-7.426591396331787,42.330501556396484,2.8954899311065674,11.875566482543945,2743
0.7370373600658169,0.2393105503586501,-3.5081774067665825,1.373436895624993,0.002851906585703715,-0.014511128866033828,5.523293972015381,10.638564109802246,-2.6403634548187256,-3.3227615356445312,2744
-10.514421906866465,25.924267493498533,5.381222598573993,1.9375376379650808,0.02143904889067596,0.00857638439504792,20.122024536132812,45.11867904663086,6.95349645614624,8.78039264678955,2745
-9.140859328681596,25.724097959899026,4.834638946077655,2.2921042120617603,0.023033556637591178,0.011976158219235276,23.085586547851562,41.211875915527344,6.797272682189941,8.217706680297852,2746
-7.366847642934259,26.34797631497932,4.256006591341327,2.5735759413403247,0.023082706244048144,0.013412535924390762,26.53664207458496,36.06837463378906,6.247653007507324,7.822983264923096,2747
-4.985468134774074,26.352875390410432,3.632563941500019,2.5936586535137867,0.02016625895641747,0.009874402439899097,21.577850341796875,31.316940307617188,4.787802219390869,7.048987865447998,2748
-4.599311740207983,29.877208793088418,3.1691981482718696,2.207605329768059,0.02373376493697829,0.01398957083616656,27.19148826599121,31.186311721801758,4.807698726654053,8.538692474365234,2749
-1.2547831798538223,30.502248218931037,2.4488023448203315,1.2207054770153738,0.022249998663002653,0.009743708070516258,22.49816131591797,25.768693923950195,2.5815749168395996,8.722658157348633,2750
22.668950166874488,18.192207973507724,2.479976050875019,-0.27749201892197367,0.01998991381507282,-3.4841340895824785e-4,-13.71798324584961,25.705547332763672,0.8205345273017883,9.766712188720703,2751
20.707149452947856,14.583039774632368,3.437157504579853,-1.4843348586398386,0.019812221667194038,-0.006647277277210904,-20.262752532958984,29.71476936340332,-0.7636536955833435,10.709969520568848,2752
19.24503499121307,20.51139202329011,3.8310350108359565,-2.121888192875984,0.031571516548888845,0.0038507779766048388,-28.820270538330078,37.8792839050293,-1.0292733907699585,13.750564575195312,2753
17.57153837704123,21.594159307480833,4.5035470652793155,-2.3313914859133984,0.03376633606859168,0.008191927238974113,-27.969343185424805,40.72156524658203,-0.5885263681411743,14.272528648376465,2754
16.7125574085557,21.899797579826558,4.819405906221698,-2.3534097993212963,0.03479706640244551,0.009909156043442918,-26.938867568969727,43.254364013671875,-0.22753605246543884,14.786087036132812,2755
15.981307156128873,22.474407204565225,5.158869140169452,-2.3296877467471386,0.03496334363799413,0.010142224777364598,-25.99333381652832,43.99925231933594,0.011731654405593872,14.813250541687012,2756
15.515489916922581,22.42385168544121,5.419585101625751,-2.3124493682223584,0.03491970265565978,0.01003621386702718,-24.909923553466797,45.477745056152344,0.27140262722969055,14.86551284790039,2757
13.401228189773002,21.506120724336512,5.623742930910419,-2.1909283721286084,0.033294419696997,0.006235977735453805,-22.36515235900879,46.20664978027344,0.8288336396217346,14.526111602783203,2758
-7.086378092105295,15.778932496764016,4.816002719423603,2.082776275889275,0.012886257690301071,-0.006970843319462902,13.720263481140137,34.28097915649414,5.358922004699707,7.900754451751709,2759
-3.812540872600387,18.7040431271597,3.710498206636738,2.771691528574822,0.011761564405552007,-0.008377320904104936,12.420694351196289,28.01943016052246,3.926546096801758,5.88422966003418,2760
7.326143477365202,7.117522557067603,2.678454988024067,0.9408266222637869,0.01287752897175253,-0.008592277615319978,-1.452056884765625,22.0716609954834,0.3586854338645935,7.116607189178467,2761
8.166200962410782,8.144891155654763,3.634117953798603,-1.4752093875247263,0.011947949614358638,-0.012945245547523727,-7.772363185882568,22.302791595458984,-0.4616880714893341,8.415229797363281,2762
17.397056309115886,17.580150957487042,4.063390605470966,-1.7209806763964914,0.027032295762512034,-0.001750645955201239,-22.74533462524414,40.2530517578125,-0.19969786703586578,13.913115501403809,2763
16.383009400719228,18.371249973201493,4.612373225710224,-2.1348210894900586,0.029519830843960978,9.81879313378635e-4,-24.10452651977539,40.698482513427734,-0.42043551802635193,14.0785551071167,2764
15.645041251027477,18.292684779949337,4.802706592104267,-2.223065646870735,0.02927228180303095,6.902543976341577e-4,-23.095979690551758,41.69887161254883,-0.24150675535202026,13.965229988098145,2765
13.33073451529252,16.00605601022045,5.23758923294289,-2.316021116955879,0.023576567734883327,-0.004005221310090256,-18.67372703552246,40.82107162475586,0.03605498746037483,12.456360816955566,2766
13.439930678481478,20.40686859532388,5.564977996370624,-2.3410252654391552,0.03190638306421138,0.004169626602333865,-19.683908462524414,45.60135269165039,0.9240548610687256,14.018447875976562,2767
-0.3058880623760833,14.94807979486107,6.363046042940448,2.1401266729992603,0.012059966865201183,-0.010730856145879009,6.802640438079834,34.040348052978516,4.169297695159912,8.041619300842285,2768
-0.02831319367428513,9.177973909802311,5.684486262819599,2.8440506136578296,0.00695366235789048,-0.014413702995920586,4.253879070281982,24.420000076293945,2.6312057971954346,5.7155375480651855,2769
-8.896991338473013,22.167431569319955,5.726705901644062,2.7941419756573413,0.0218515568509058,0.010486160186163877,19.7868595123291,41.25065994262695,7.245965480804443,7.913571357727051,2770
-8.650510095302769,22.108720190673548,5.6018818545554385,2.9918427145642017,0.02125772417500232,0.00995554686791683,20.00908660888672,40.748409271240234,7.2617926597595215,7.521164894104004,2771
-7.8777983391374065,21.76429157847959,5.573107593080829,3.0231468355816578,0.019743606206104946,0.0077776471988251885,18.390331268310547,39.180423736572266,7.14703369140625,7.186807632446289,2772
-6.8331175703614315,20.82919145147364,5.548598639986347,3.0166265642803882,0.016457522905430278,0.0021556672624319703,16.30107879638672,37.01713562011719,6.188514232635498,6.496163368225098,2773
-5.891785567447979,19.658440417657932,5.539962165376972,3.0094179785412525,0.014514068699234002,-0.0015307155073618925,14.581308364868164,35.311283111572266,5.244793891906738,5.986875534057617,2774
-5.477860921633603,18.647103829020182,5.558873527071308,3.0001358664196704,0.012518425045985411,-0.006047109361274131,12.422383308410645,32.244232177734375,4.896673679351807,5.944862365722656,2775
-5.985716855591407,19.70954067293225,5.5432451892112,3.0120758688610767,0.014554591237600936,-0.0013971541290168923,14.54465389251709,34.432594299316406,5.2695088386535645,6.079256057739258,2776
-4.363079539742142,16.197688531195602,5.4853938746665225,2.969638315455315,0.010496074601968346,-0.010193623859475138,8.622404098510742,26.988426208496094,3.921220541000366,5.830810070037842,2777
-5.430327774718839,25.84640730599761,3.840322368166279,2.6339256441754078,0.020696901968253575,0.010816710068329473,21.642236709594727,33.28926467895508,5.045530796051025,7.176952838897705,2778
-5.731268324727951,27.994160770155908,3.6137846636985054,2.5626146471661304,0.02230696957131439,0.012959613905243217,25.427074432373047,32.565616607666016,5.186090469360352,8.100869178771973,2779
-5.409772171332944,28.748746970168796,3.373115413210224,2.512997118250725,0.021598605382667026,0.012235694986021346,26.50130271911621,32.540950775146484,5.372737884521484,8.131499290466309,2780
-5.175231008552126,28.669173371952585,3.226424090883564,2.551671472803948,0.020086889367534742,0.010432817424624433,25.69624900817871,32.590476989746094,5.278712749481201,7.970948696136475,2781
-4.369935670909564,27.688119068863948,2.983248345873188,2.741172519938347,0.017234699264974934,0.005984531746509154,24.07222557067871,31.875335693359375,5.069689750671387,7.386776447296143,2782
-3.9140346943757978,26.89872808101938,2.7921816039298286,2.7856352007549976,0.015000997888674419,0.001793241341488585,21.898977279663086,30.74871063232422,4.770474910736084,6.849908828735352,2783
-2.624688872367125,25.5837965835117,2.663820855638813,2.7919995463055347,0.011593704024971138,-0.006717372304010542,16.365116119384766,27.775588989257812,3.9159560203552246,6.274458408355713,2784
-2.1310501980868835,7.0795833925596385,2.5509346652243843,2.8031074679058765,0.008767929175714837,-0.011506240853501264,11.53073501586914,24.187204360961914,2.6276965141296387,5.566842079162598,2785
-1.6422311579917903,6.7012840113840895,2.5097104239676704,2.7955155050915454,0.00701337297892158,-0.01352489024907618,2.3107776641845703,16.53236198425293,1.1584172248840332,4.8596625328063965,2786
-1.6753171632617863,6.678133560960235,2.507352464220356,2.8418793356579517,0.007099633423976621,-0.013258518009511484,3.52321457862854,16.21759033203125,1.6051816940307617,4.920713901519775,2787
3.6729434750826147,4.144897057471441,2.4637693095420112,2.778086630122063,0.0036078067861914946,-0.015331913681354463,0.03402179479598999,14.449527740478516,0.30511432886123657,4.424998760223389,2788
12.652364582195816,21.635745140576166,5.989148967287372,-2.007149490101936,0.03286025224548451,0.005738311979875386,-19.011886596679688,47.61490249633789,1.2430775165557861,14.2720365524292,2789
8.276452958769575,16.951032034174013,6.451603286287616,-1.4941565120059275,0.02283756830710456,-0.0020745695520684665,-8.384909629821777,45.66657257080078,2.9870214462280273,12.30798625946045,2790
-0.47151793375785633,12.95511975783075,6.5198858905051456,1.420689789072869,0.009540514388691485,-0.012925130000830213,3.3300275802612305,28.41034698486328,3.1962568759918213,7.381577014923096,2791
-8.701149017998079,24.111917451350767,5.011367671511005,2.8956882631939624,0.022896178793784187,0.012830793346112252,23.089580535888672,39.48394012451172,6.997262954711914,7.743064880371094,2792
-7.730811844408991,28.68099148981156,3.412548415682148,2.930350033060906,0.019418490510123274,0.010766952260130646,26.719263076782227,35.22588348388672,6.560609340667725,8.170795440673828,2793
-7.639119689535298,28.899309014146485,3.0726050067160835,2.9369363463085865,0.01907487305327594,0.010341414920532789,27.232120513916016,34.49326705932617,6.1284098625183105,7.929993629455566,2794
-7.525694915699042,28.96055862487022,2.868537061235737,2.931075779215691,0.018333729185967637,0.009119486122801609,27.12833023071289,33.92864227294922,5.8726582527160645,7.803598880767822,2795
-4.2215260624312725,26.428966433417855,2.6696978736136665,2.909598556773064,0.01608883805049662,0.004757075502071435,24.739971160888672,32.55740737915039,5.309042453765869,7.2579779624938965,2796
-3.445226917877111,25.750023951568718,2.6145332980368843,2.9006812250775074,0.013640779121430458,-0.0014712639513192497,18.773038864135742,29.617965698242188,4.537452220916748,6.542939186096191,2797
-2.603688409732764,7.334718507455169,2.574101321718525,2.866401878611443,0.010650612476383988,-0.008407445829609707,14.574662208557129,26.495561599731445,3.539555549621582,6.02189302444458,2798
-1.4661796040623287,6.552172319299762,2.5095978903983345,2.821705070750115,0.00602836960300147,-0.013997446572693015,2.317866086959839,15.2642183303833,1.1515141725540161,4.717637062072754,2799
8.691529524961195,12.95854638945308,6.376294963381122,-1.8749953830081247,0.014650536767151182,-0.010192624473195841,-7.913407802581787,33.22114562988281,-0.5583269000053406,8.9771146774292,2800
-2.4533121432631946,12.895897041655374,5.070766322634052,2.1794829046887134,0.0067179721326795765,-0.01380882724414144,6.538810729980469,22.681461334228516,4.059386730194092,6.0717997550964355,2801
-7.823934038465761,25.761878584583837,4.386810176393817,2.5343198454540943,0.02293797685416215,0.012973671824520082,25.00765037536621,38.1715202331543,6.736124038696289,7.814260959625244,2802
-7.513629386420118,26.57451929172798,3.8874577212546577,2.78396007181823,0.021461119419828274,0.012141712049330367,26.03689193725586,35.79754638671875,6.309366703033447,7.903231620788574,2803
-6.300876903020143,26.545030496611144,3.4604061770652046,2.8942820704144214,0.019472446834917587,0.009559989106358654,23.937463760375977,33.67289733886719,5.892064571380615,7.406667709350586,2804
-7.502472653806872,28.82663759078448,3.1380118060324897,2.9498409903210376,0.01910700290394646,0.010419013348534532,26.78617286682129,34.0047607421875,5.976166725158691,7.967005252838135,2805
-3.9886107219094775,26.202086294086747,2.9054831195090522,2.9259032881420826,0.015860430365468737,0.003543665635182393,22.713626861572266,31.489683151245117,5.055943489074707,6.87523078918457,2806
-2.5253230701049523,7.370265428037032,2.6688553023551216,2.9008085405987476,0.009926679199151129,-0.009975836206298577,12.985671997070312,25.85323143005371,3.537836790084839,5.790044784545898,2807
-3.5341738540602234,25.78516357322046,2.6284807849143257,2.888116804377434,0.014089805634204885,-2.568089034024134e-4,19.47093963623047,29.561328887939453,4.477432727813721,6.593689918518066,2808
