x1,x2,x3,x4,x5,x6,x7,x8,x9,ID
-0.5161653890064863,1.2486427740433101,0.22904804233446163,2.188026583746422,0.9995255039605645,1.6519760912129622,-0.10468002163216286,-1.0876312657395026,0.2890429072342046,1
3.892508169672919,-1.1062480661662444,3.672434011910025,1.070631516063979,0.5288990928227633,0.899475824601246,-1.2280090360120004,-1.4239784565946043,1.5120323406501581,2
-6.094234475771688,-1.6787427346677355,-2.2273800557560435,3.141234818558055,-1.1246786690166377,-6.513371005407216,0.4228059769326774,1.0464172542153236,0.06560048423382958,3
-4.468351929508303,-2.75911188480444,-1.1334757772635444,1.8844835699739964,-1.20417052023121,-7.26084903067027,0.1363930134557099,1.3013438641050026,0.3393295072566621,4
-5.745351826630031,-1.9953714997400942,-1.9233335416944066,1.9341827296995713,-1.3557369367012688,-5.610855210143573,0.713208050119811,1.8057314940978533,0.8798127556176991,5
-5.931670312591791,-1.299708035495245,-3.311096025342177,2.2664095918015352,-1.8439385230614107,-5.17141143180291,0.00726046353611688,1.0356962964518657,0.047690873556594765,6
-4.602199467486135,-1.56802244381283,-2.0898560650320244,1.9482181349635013,-1.9718768646368061,-4.959866398116928,-0.21415857999797522,0.92811693768559,0.5364135364167817,7
-2.9500466776454157,-1.6281582322104153,-1.4007232175080482,0.895803089963501,-1.4199928877474586,-3.9418584612777745,-0.09185407644494673,1.0016397446052119,0.5119060620730596,8
-4.074137040188668,-0.5236955780124796,-2.255872474053471,1.204101932399576,-1.180052458004702,-2.907451851959567,0.4208792726051794,1.00767402895539,0.2584515180986279,9
-4.01401956529195,-0.5836624141755693,-1.875056552240254,1.098250279563891,-1.266004809094607,-2.228906688637098,0.5824093124334758,1.2060643201005803,0.7857796184899268,10
-2.9872394244788887,1.2491328688654721,-2.6540908449300233,1.998582381891167,-1.09839199636407,0.17036327144581198,-0.7438693837410427,-0.5727623467410009,-0.22915065697687148,11
-0.5448772117834487,0.31177784608179304,-1.1181873790759858,1.088918701046118,-0.7881123343621245,0.284406714654255,-0.8130475281981581,-0.7188826209510076,0.061165522981270794,12
-0.08745418031585081,0.15874354413200503,-0.4450549671713261,1.0009106749550203,-0.7427161244641322,0.16157960826541007,-0.8430112733446187,-0.6687952749226593,0.2521421218446987,13
-0.19559045521248403,-0.0977384870112831,-0.1354377876411515,0.8888082210760472,-0.8139045710606508,0.5628763364540821,-0.6526816355900572,-0.3526447951151472,0.6853544087919561,14
0.6959298010069643,0.17852947462308877,-0.03651539789213121,0.3610734115348364,-0.3371141606471762,0.5556422943887684,-0.5448666848130501,-0.49203302218795497,0.1403855007542723,15
-1.8809805795464123,1.4337846737260054,-1.6691858055657016,0.8895463122872057,-0.11291879331292792,1.6388369641078508,0.2111992333193549,-0.2133971591371794,0.040760572145928146,16
0.5252788390665165,1.4182734419234018,-0.0630094366151891,1.2058583291188902,-0.5260603579271467,2.6677454181724256,-1.3861974978103397,-1.1899672597151902,0.35650901414162284,17
2.1954158006062467,1.1174216522390263,0.8913288054760798,0.3906836562074784,-0.060905911839083005,2.1865972258549076,-1.5213147174871793,-1.239901528607956,0.06484683772197247,18
1.3945499422671004,1.0683546478887813,0.44032507932372456,0.7541659376551986,-0.024312867286382232,2.6145860172828423,-1.056284864303067,-1.0258755573847118,0.34422594894907843,19
0.8443651269135403,1.5000609438494534,0.21075218946291094,0.8453321124355209,0.03469466170819504,2.79655679726923,-0.9524476372483708,-1.1023492342841141,0.2487045081207275,20
2.014181794449021,1.0018538367945318,0.5731403875885952,0.2834703781727843,0.5298308106553842,2.830781282018409,-0.5088525623935399,-1.0903265334822754,0.2699297619445552,21
2.393096522052106,0.6227158289890417,1.1744603872781536,0.14081690063981755,0.3879747609379646,2.377717707397138,-0.7185849053842026,-1.0241444778357907,0.3549826531612478,22
2.2762667465096817,0.7623821993061961,1.1059018905806839,0.3509760329571348,0.4260934289230917,2.410989813199157,-0.6693144127365541,-1.0210740969823344,0.3776930791749383,23
-0.2995131047446558,1.527789655922819,-1.9379009500091324,-1.484814445569671,1.585796046111089,3.4014577474094816,0.9484462673471615,-0.2426544392901864,-1.1371175820284045,24
0.8840686933162816,0.7359563910334882,-0.9367685398717961,-1.6470104539436565,1.4624263862475368,2.73542232325599,0.6922580949635622,-0.3614217420360914,-0.6633366887417244,25
-1.0275259728226465,3.1554933667644165,-1.2649491197801301,0.7412798111877421,0.5444916408227523,3.485187947305995,-0.6372840491790044,-0.6468779853081965,-0.8820091657343249,26
0.9788744839741111,1.913696986934308,0.3233121138791972,0.49216208161730907,0.43595290257127134,2.80514005528572,-1.0533513121549376,-0.7371476176917788,-0.358941595057841,27
0.8275039810129846,1.5202078368979675,0.3437834147877213,0.5881214326249548,0.2728125064139463,2.8475913139296756,-0.7181030535164182,-0.6129014635928799,0.1014350825526989,28
2.287556914434337,1.400228779214335,1.0825614663011274,-0.012515102621481073,0.7781229869404556,2.716208730390637,-0.9765743004170804,-0.8909796956403331,-0.20647570662069328,29
2.5069234100651387,1.001013251616633,1.1478010169498345,0.0960857161528741,0.782148894707287,2.308448287338815,-0.7270114391842489,-0.8826273767785344,-0.08425308867118768,30
0.9604020824503284,1.6015149511998663,0.32208241079009864,0.4446235898050648,0.7856160722881407,2.7556861705470657,-0.4059483071478049,-0.5905706668080414,-0.19194168148108812,31
1.5969934411624767,1.3640752772298959,0.8288526401530076,0.3601015732391022,0.6936264346132966,2.5799297724049532,-0.5568733133845797,-0.6628387329697062,0.05394135574898903,32
1.8094085369928776,0.8224861144831805,-0.4383653140300689,-1.7914854399850435,1.675987425834577,2.604283631061599,0.4444922763241629,-0.37314445137666125,-1.0530693322408313,33
2.8726733918707934,0.05613247831250172,0.37894809803532875,-1.7344971392750288,1.5823545442537614,2.143112231343435,0.2147683957975508,-0.4540691086807126,-0.6675392103743625,34
2.951744733204474,0.513592580546992,0.03652291862683998,-2.248015946447291,2.1254703449201102,2.6585808261932793,0.4561431634085746,-0.49209521557010655,-1.0787777029348953,35
2.0735537967225866,0.4453346099906322,-0.17511003802501904,-1.6840019121767682,1.7215881868186143,2.1951840283032107,0.4640258342561629,-0.3701086125765986,-0.8293578176442968,36
-0.7496991978159924,2.270399879063348,-0.6080686568489787,-0.13881758073126702,1.0086778547628206,2.9749552076405394,0.4163733468785066,0.16366566648687494,-1.072385828270827,37
0.1588531031490398,1.7571260638852706,0.13659853127822863,-0.1705824772572796,0.9330093476671103,2.4928910052265323,0.08117578593672269,0.03391684488285303,-0.8343304778615931,38
0.7907103584397012,1.4077337342754697,0.58029844974353,-0.18315586377464732,0.8996960975050952,2.5118986499300666,0.004937286370788882,-0.007384918368616711,-0.6527630500546809,39
1.3824503524748029,0.8681410186366498,0.9370490015915446,-0.16131905347076303,0.9544081224283004,2.106016999131505,-0.09964691524156126,0.08674520444758209,-0.3367419323744563,40
1.584741146620916,0.7578100464963696,1.1416343059763359,-0.12266174922503992,0.8794824597714548,1.7923924306415082,-0.2955303823383883,-0.20236936285937007,-0.308053126158799,41
2.275841221047846,0.3000251257557574,1.6115152174830125,-0.22132473300828984,0.7945507447739971,1.5692480849308976,-0.34445062267434395,-0.23592931053326663,-0.052087670651382825,42
2.6802863227405824,0.5296211032734522,0.7166935689526162,-1.9983964024452385,1.7783073101690998,2.0138837955948494,0.34334872526215054,0.0026178347310570646,-1.2038632912401983,43
1.5927700236789175,0.45922106720995887,-0.41312418207903573,-2.3123424579652223,1.768705016074671,1.5424031888367593,0.5191217258844336,0.2809593063345012,-1.6214577875610487,44
4.209466269830397,-1.0013283267012225,1.1114121350820678,-2.4628043579076504,1.999970881591416,0.891583133733354,0.35088679252774596,0.18767358173834023,-0.9425144549101565,45
2.5369286842115777,-0.10371391215616392,0.29129632085226037,-2.1317887904279567,1.5389689117764902,0.9461458228520105,0.16733698656263932,0.07660699310014031,-1.0748103667818316,46
2.812833176209037,-0.318808891251493,0.573379775376053,-1.9055409081771884,1.4393578650811667,0.6479611797535791,0.0720562919158979,-0.019680194816283452,-0.8902874625140881,47
0.9642864688543286,-0.7971228844038326,0.4840121576408365,-1.8711230295218944,1.0706056423803676,1.2561501522813472,1.3049354371732653,0.7971064802153387,-0.09916955115007803,48
-0.6178363485962319,3.147060647275809e-4,-0.2560306392517401,-1.0761513741059066,0.8058386174050419,1.2571721851918771,1.2454109428138187,0.874644877419066,-0.25405382079988403,49
-0.03149097761243231,-0.041682039735374515,-0.09420815102257218,-1.0302566743862411,0.810760794003578,0.978413827130714,1.1205761763788837,0.5826844356641132,-0.3076679783929027,50
0.8983870174694848,-0.7106849650986143,1.0379447561298978,-0.7869412043158646,0.4204649076162258,0.1844735685618058,0.38749655376263475,0.45581449377214156,0.11890211348002458,51
1.6537164210426762,-1.2637846624413662,1.7250373133660502,-0.49261412029825524,0.07751817938254275,-0.34718687117900093,0.12856931337191063,0.3384836487049096,0.6098059948639802,52
0.4363968787516903,-0.7579322499419087,0.7023607776461576,-0.025486984665554088,0.09890909266343284,-0.0915213747077323,0.4912870494262913,0.48590965114586226,0.27732528339161366,53
0.6580952379420641,-0.9972110089322328,0.8521600263349597,-1.1264459852507007,0.12094436632465341,-1.0183366055971603,0.29413355350334347,0.8511663420095652,-0.10480860852516793,54
0.9914834439101319,-1.271136919090796,0.44398539842847923,-1.6006615163790339,0.28504032836596743,-1.3140196231782508,0.3284832070915605,0.4651722323693599,-0.5235343008625712,55
-0.15689141326985132,-0.9865665204780595,-0.1372501225968809,-1.0122850658165663,0.0037695383325709814,-1.1880790923938132,0.3683293420406821,0.6825544353881288,-0.1579337041438379,56
1.3009469663111037,-1.4466717597132381,0.6718796961759501,-0.8062755943729544,0.04343937157831794,-1.6925494859616739,0.09778641844923532,0.34773700050680845,-0.10601013229278954,57
0.699171286722905,-1.1479674103093804,0.2301419610681483,-0.711434775462138,-0.10662973568971228,-1.7016304421006665,0.10857135008708446,0.3772745506926734,-0.12631835470558794,58
1.1229204875338081,-1.4150002384520017,0.641270460747595,-0.8169622066863728,-0.28783748038495793,-2.0565411267758154,-0.025930806336917252,0.27940886727663755,0.14008008107344452,59
0.9120286142947656,-1.1193815538389444,0.7067842156875178,-0.24156996867893646,-0.498070224119538,-1.8901182255451456,-0.35275941823351736,0.14253797466331541,0.271855808580065,60
0.4707950853073748,-0.966625310233135,-0.10498951501289987,-1.6239561116005694,0.8690958900822771,0.9639295881364613,1.2920075837228215,0.649390169527385,0.4128271324328999,61
-0.326564052373531,-0.6945686120129337,-0.24635539531521788,-0.8560581277805156,0.4453490858624353,0.5959902144384343,1.0139207838046682,0.5909452274623155,0.5275755353755981,62
-0.7758234359285594,-0.6050737148811529,-0.1468067847784001,-0.18892050295104978,-0.007883735361705184,0.1666269693179729,0.710271445161549,0.4867683380395202,0.724504106998873,63
-0.28104795263784,-0.696071940367273,0.380672259381997,-0.011650997630092173,-0.21806532852672084,-0.5628138362759737,0.30498289674648277,0.22320882834496633,0.6848194704746738,64
-0.7793263029611891,-1.483726214676061,0.3522139153612393,-0.2311847160341634,-0.6189341215579673,-1.415151897333385,0.36145111120024825,0.4787258639810146,0.9822568107925634,65
0.30205040799141436,-2.026778221746975,1.3955476726669365,0.03202528140874347,-1.018947674298193,-2.3926935075808426,-0.26040711172646075,0.1868117064442481,1.2549998443827928,66
0.0862704365219313,-1.5779546915154894,0.9171954450630879,-0.07868704286126564,-0.8475552483133201,-2.4243245630950017,-0.3193148099276569,0.10125682006061887,0.7464386606244862,67
-0.45603644122367437,-1.2434089860028499,0.6162004807194977,0.42040362478221993,-1.0324470283848053,-2.3919243655970757,-0.40577668710764564,0.06695736632564596,0.7678812179356637,68
-0.3307860959204882,-1.2090516195477028,0.8778265798650642,0.7064181209099779,-1.2355528382328838,-2.827763188825205,-0.7460648202991197,-0.09236879053222347,0.7828678967796197,69
-0.5486306312023781,-1.1083904532664801,0.8798665611214745,1.0836824984567057,-1.4652920913548433,-2.9689277818262574,-0.8962702035118891,-0.13607895023436334,0.8801608620444972,70
-0.5425225116017849,-0.9668129049994231,0.7410827338867577,1.0720411320026706,-1.3619429231603264,-2.722391871699777,-0.8579288392413634,-0.1256427280215175,0.8377846110606166,71
-0.7017538401382494,-0.8421695912597896,0.6927991996470477,1.2882080406744034,-1.4245624386741762,-2.6598948129402102,-0.9325264784476432,-0.14271206209237977,0.8854926761072646,72
-1.3165105835727917,-0.2951519577571508,-0.31353986949513935,0.4428448887105046,-0.4402076834685503,-0.22724909992273223,0.2246734750986798,0.005075717272454128,0.9271761887410811,73
-0.6768103749601698,-0.4851878505450784,0.6636592701538742,0.9056851394326058,-0.9480274590075758,-1.3234620188924986,-0.5538208510172329,-0.3943652017591273,0.968721665968885,74
-1.1419670681374756,-0.25376912902357873,0.5489326194887352,1.261273465468183,-1.2473496454744093,-1.885660036736439,-0.8454566089682759,-0.4367750813791818,0.7808210956097165,75
-1.4340905514327056,0.04177988351702782,0.45964905509953596,1.7323074197381072,-1.3235808177344186,-2.0046708934096658,-0.9762400891831428,-0.45230823124191527,0.6722714346977982,76
-1.5612674750449689,0.15676886184590896,0.5563590529756539,1.9925019753956401,-1.5240377221894439,-2.2633463137457355,-1.1665233329924356,-0.5357826004157238,0.6831686580283155,77
-1.9049450339134433,0.24482008931006663,0.5045168959323015,2.450878237017392,-1.7385952377471,-2.43901011022915,-1.2446097641027065,-0.6021373276355795,0.767624718548321,78
-1.7127053459333657,0.24696385125041737,0.6372106411577204,2.4708398966051726,-1.7533451560739655,-2.523234796868183,-1.353664320917337,-0.6359619131587695,0.7238123195105247,79
-1.4169838226419031,0.19761217032862619,0.7984899980988028,2.488653658124073,-1.752036188591056,-2.5874180310152592,-1.4507859574212836,-0.6710580058455695,0.67803272501637,80
-1.4406789473813486,0.26137719653336944,0.6098722985600349,2.2794322776048705,-1.5785713145850337,-2.2415402698900997,-1.2791248894511662,-0.5812936014356117,0.6242712715346421,81
-2.834209403285407,2.540487044408206,-0.754711349781765,2.8784907360814214,-0.7275504044913518,0.14381788391328454,-0.8598713647166286,-0.5341471214924036,-0.656749540556995,82
-2.5618691035920635,2.1877860047360596,-0.15273735946658262,2.9898519750764403,-1.0491405195184178,-0.6479950919424015,-1.2552874188536127,-0.6572653821206713,-0.4478382967347297,83
-2.75470173017325,2.2359900197245137,-0.019160803279536797,3.630614432615374,-1.4167950342791475,-1.239530907662142,-1.4902518945000827,-0.8008799115240363,-0.4171656577962092,84
-2.8832615977892884,2.124720921276017,-0.23341552942572585,3.2127632672945485,-1.2976576410199716,-1.11819266930117,-1.2696777832051436,-0.6384496438733982,-0.3333262911939516,85
-2.9347291822892934,2.0795173040115755,-0.08638489880475256,3.4901474721663357,-1.5057858123213552,-1.388107094676851,-1.4436665288158395,-0.6859929763129538,-0.27091230228903124,86
-2.29293320361125,1.668764246596223,0.06696488611336719,3.0817826704066795,-1.3234348281924369,-1.3762844634819102,-1.2923297845518982,-0.6247796187372251,-0.18992790202100876,87
0.38477228568787875,0.9683581745700707,0.8012538655078163,1.8305465758478805,0.6869326238348696,1.787441264678946,-0.3095928498324723,-1.0199945455363952,0.5017707522059873,88
2.2467784580629364,-0.011518225755455745,2.051521760813219,1.1307005722676846,0.3481724257830359,1.5443733380909863,-0.7337148177397071,-1.0087367699201528,0.9262286461329539,89
-3.944515992248603,-1.5111544936722032,-1.352228948226762,1.5754521726599755,-0.847874429711828,-4.882302092187217,0.43372184384174794,1.2619409704108517,0.2775571310461311,90
-3.021995168295921,-1.6138858473429247,-0.830400131760695,1.227583332418046,-1.081603782469506,-4.495610741645791,0.23929340476305452,1.173711874753813,0.5781642926308322,91
-4.694636027588625,-0.5098501135258674,-1.849862619745526,1.3083586740898727,-1.1532595061276192,-2.9404101557564553,0.5661283043228148,1.4928249132828513,0.6366643197393604,92
-3.823571914279679,-0.6170943739134062,-1.7233606205861236,1.4914210107699073,-1.4269393702159572,-2.9247766547116294,0.011960069933414757,0.6486679827239978,0.40790806785651035,93
-4.019674111468893,-0.5369883713629413,-1.7585247251544749,1.4471826409875572,-1.4166075207989597,-2.3385623920184284,0.14179931994599596,1.0125899187417227,0.7749740703269615,94
-2.5324775022205297,-0.6913435173985041,-1.2179004252800583,0.7965968878027783,-1.0549705671100964,-2.394282906733734,0.24907432293595638,0.8018021360823061,0.5659945092849916,95
-3.8017028272076963,0.08762566761526051,-1.964847770093571,1.1585726303959178,-0.885312221482342,-1.2722059316870353,0.7092317378986307,1.047312845169956,0.5210929906739864,96
-3.984356189434277,0.5248590270842269,-2.0287620950331857,1.0776790747242295,-0.8384836380578866,-0.9250112720901712,0.7378174319234412,0.9543875862613187,0.37918412885974906,97
-2.142888310191404,0.8089378928219687,-1.4844083917440927,1.5263598484812513,-0.7780710567432997,0.5764447494644181,-0.2548344008846249,-0.26386966141613494,0.35876070360718143,98
-0.5326180019939741,0.5370221762271523,-0.6109919197598377,0.8273732035226626,-0.500405647524006,0.396735766413955,-0.48957712342950027,-0.4936534540555638,0.17258808956282456,99
-0.9522143133653532,0.4463013974294178,-0.7205778822254996,1.0723062208456533,-0.578207825814814,0.8044875541829425,-0.21817586256618507,-0.23133869085764888,0.4961173838759777,100
0.5177925280273655,0.17008971648964677,0.06249516556346644,0.41232137201257546,-0.14576055719084813,0.5534620327054836,-0.24010424784835846,-0.49380304158352967,0.3314196040336446,101
-0.31063391152852876,0.3751787844835692,-0.40739192088436366,0.5734375973487584,-0.12475293112310398,1.0094697027364241,0.08948262933729761,-0.2887786853796705,0.4397955736379831,102
-0.5252847699058072,0.6079774161225672,-0.32264341920911993,0.6084274741454035,-0.16780630969727056,1.141712829278979,-0.02306348266146843,-0.227394163320654,0.43756279234143564,103
-0.8686965863457605,0.85402940071653,-0.5622838455975683,0.7159194925842861,-0.0833746624245475,1.1632715134171432,0.14584511905225148,-0.15883870406638265,0.31834977436946826,104
1.1298120180301532,0.638166743494477,0.6651053026175311,0.8895277394271767,-0.3772369514957038,1.6582670056851088,-1.0682566549562655,-0.8411119543184622,0.6066520283739785,105
2.109216138092018,0.45301852719733704,0.9888719886524125,0.382845264642562,-0.01707989275898009,1.4484034643233017,-0.9801196781868181,-0.9746413709076365,0.33984238578864917,106
1.2310473807934041,0.9478737204696985,0.46041870772661064,0.6023124299668853,-0.02763813323385516,2.117666238647614,-0.7831641244555138,-0.9158390860725338,0.2884511230366613,107
0.7590853181933543,1.0153261586879343,0.3912060184809231,0.6909297978054991,0.0484220801958543,1.8889032593514148,-0.6987640004160062,-0.6889092272877999,0.30479759095087766,108
1.3724503141600968,0.8198207526587347,0.5423073900839981,0.26594947577689226,0.42041508782238074,2.0102809744220127,-0.5629413458680962,-0.6946028176316115,0.22222449631757568,109
1.9052211618453738,0.6333140548104556,0.8945836108041938,0.36223710353642335,0.3498688480422461,2.0809499549670467,-0.5278135200841088,-0.8394088711461752,0.34249703818115734,110
1.2793877004879763,0.8342936346543478,0.5050494347951089,0.5057327619897474,0.40708055723370057,2.032301937483901,-0.21750026473593972,-0.7242525956885332,0.21739297975093155,111
0.8226614901191477,0.6062939311768413,-0.9083203624980686,-1.325185791850025,1.344991216991862,2.5994747607031394,0.7969960459871095,-0.3138570633870085,-0.6468392122737612,112
0.6164290423841023,0.7219541829609015,-0.9340076874238992,-1.3098221592843515,1.4468411313146476,2.574485831238313,0.873246971560198,-0.3813276313618848,-0.6241668959836384,113
2.3269054988995292,0.2803958157804098,1.4616703300540723,0.103212042424459,0.21202638109588554,1.4465371083274357,-0.9394043916109225,-0.6795461317922719,0.26081932106448297,114
2.3627166557617363,0.05557740434711476,1.6371511947623756,0.1878444770487342,0.20827105887459196,1.6156284457247794,-0.8990293244403796,-0.5223260007695518,0.5868055179766455,115
2.5159101942224447,0.4258937103332057,1.3482606858650135,-0.053521519093176824,0.4937763339933578,1.7346727269060578,-0.7113104754667225,-0.6571015324200049,0.09812322209397696,116
2.933206121958337,0.11465489962229876,1.7498311728606104,-0.07167968456333068,0.46252197401897155,1.4407854717370556,-0.7945830581416409,-0.681289601964956,0.29787407408582905,117
1.4454887997668846,0.8930020428713188,0.7957749557563852,0.3526640327601101,0.5424107789581996,2.155261944557097,-0.4657156698422399,-0.5597566339473833,0.17693948964283512,118
2.807348579791247,0.38152660325541904,0.8337152674480681,-1.0182579550199757,1.2888508498964322,2.548309249446866,-0.16013761382584632,-0.561459933974719,-0.41312655659151865,119
1.4927349122766798,1.2702483816667982,-0.19734870472332686,-0.7243754490668863,1.4481791369225956,2.8164794828624653,0.19880798337261232,-0.616129715483344,-0.7411683200447934,120
2.3082563775418725,0.6043134401551032,0.20800997515235825,-1.1613004405170975,1.5618180924591645,2.4552735403637698,0.24648454677149742,-0.5331996046607994,-0.6133027036099507,121
2.4707613923177645,0.15145276526906987,0.23002180133644826,-1.5634334625764186,1.595840516467133,1.8809623358155987,0.38816892580447265,-0.33248031531978434,-0.6936787974163146,122
2.918857773222252,-0.0957511752927716,0.6047121996209696,-1.6705343153956482,1.5519151969871214,1.7915086449696545,0.22322789747887195,-0.4329398242382836,-0.5627635186820782,123
3.0904454047774848,-0.5469195813684585,2.3287219160665824,-0.7783976596769383,0.42105463534867094,1.0718172057857018,-0.5447014196436833,-0.23406606490839832,0.3295955627116228,124
3.3653695513313817,-0.7195572191148133,2.388750506769374,-0.6686296982101498,0.424267792509158,0.9364276471744198,-0.4875217661379896,-0.13949114658119105,0.34417214687325215,125
2.4339171247691294,-0.13851390146028228,1.605297683633003,-0.3325264660076592,0.6211610782483578,1.3655337359275814,-0.3602445088084667,-0.14620786223950086,0.10920076869624035,126
2.9077888407657535,-0.4711170484768805,2.034546772342274,-0.3484798484440402,0.4866588466059838,0.9149792981917588,-0.4564231095997131,-0.13862385239770517,0.3433068505506246,127
1.8678672065352562,0.4018517977990293,0.9972578115727834,0.07987107102383864,0.6119328406813804,1.4547470471432187,-0.1644711923026313,-0.176852314044851,-0.05584408997646342,128
4.410783528165455,-1.0131970422623804,2.2292120873127272,-1.7852697968065765,1.2547825717570142,1.0156937819798937,-0.20852741135457306,-0.13318970292080481,-0.2514995908181853,129
4.294514396548588,-0.879111948149959,2.033789610574882,-1.7014059612982688,1.3899748959235552,0.9464660382266024,-0.014579159180796194,0.05057454219847002,-0.39165609483933683,130
3.388476909782243,-0.3299263955203708,1.1096407324825381,-1.663364929344147,1.529656323636714,1.2259011184971227,0.057739243632555594,0.04955689326496993,-0.7906882419681466,131
2.3590744356168614,-0.412755296256735,0.24750450116315545,-1.6724170522179695,1.4049766761458875,0.748766969821559,0.3918506659211842,0.12752485277117226,-0.8859430004570152,132
3.4775273029354206,-0.9354616441465019,1.1076450180998647,-1.7986380779311815,1.2982487443130932,0.33489093894326727,0.06955022434710223,-0.06056455768039149,-0.5722294077109119,133
2.6012174905539567,-0.4972694028526915,0.4387482705552586,-1.5563451789182834,1.2463354049435416,0.3967920915437789,0.022362346703020716,0.06779673944306766,-0.6195212971376112,134
2.8249107165377576,-0.7395809837835523,0.825574423713969,-1.2758012470979263,0.9386484503097613,0.14857265306996786,-0.027867263349039325,-0.019964436120870066,-0.3257849761546145,135
0.8223149804970289,-0.5912601765743182,0.2005696143934514,-1.3515707493575808,0.9063237809336929,1.0408714593984387,0.9194822741783567,0.591519323060894,-0.09353547215651094,136
-0.08527929033016106,-0.08552444423999497,-0.22980813818950224,-0.9582227645640604,0.7483282125713014,1.03391712757359,0.8541307486270009,0.6893322328709134,-0.25876076200641385,137
-0.3254359063092312,0.05179210345062531,-0.19471974659670563,-0.5888612865573578,0.5985410188994689,0.8069608285261706,0.7543168811672606,0.5625682761877301,-0.07976824363371791,138
1.1126648170876121,-1.0477514860665609,1.163512039892067,-0.5915171320174628,0.10761932756233555,0.04232611444216134,0.12751982923731103,0.37560608136997936,0.5091631974513364,139
1.205172719057258,-0.9301009332823964,1.0173436589846998,-0.43553829681448936,0.25781588125704447,-0.03974747808254704,0.30525920593350936,0.38733471165676,0.31007474318478995,140
1.129910604613541,-1.3743311527867281,0.5218432091363289,-1.1707338576279807,0.42803490523114335,-0.4843243930709917,0.6887820155931161,0.7107437365895477,0.08050372648961282,141
1.7173534532887036,-1.8070830132440974,1.6462413237460087,-1.1837624974225103,0.009393487646749112,-1.2284744464748096,-0.21496088655070109,0.36459713132776783,0.35305944237793474,142
1.6780275669095421,-1.6483271862211026,1.1583732946596732,-0.9653226838103361,0.07375454569333968,-1.5768746479480402,-0.07412877225489448,0.3282530372985381,0.18558361655756533,143
0.54482723279861,-1.1844323894237658,0.6085766875024883,-0.56000182092065,-0.3145288960781601,-1.349638292654393,-0.013324746273981196,0.5594160942410962,0.3254345222317342,144
1.941170056911399,-1.75237940525428,1.3701522984522834,-0.7671081663308003,-0.18250310577641649,-1.8683761039340405,-0.3372742270629245,0.24562616122600653,0.15295529864140645,145
1.9666090838035617,-1.7483535674229307,1.0772754552021768,-0.7024175182097816,-0.10130484881999623,-1.7810448556595673,-0.2669973410654692,0.2833694754440502,0.33688578141358844,146
2.4137431021853004,-2.0104932312214228,1.5384737976347074,-0.6631868762662542,-0.253635782397464,-1.8875698801325356,-0.5733186538824384,0.2495959484217223,0.5523394460501709,147
1.2200012779022105,-1.382865486543071,0.972276284282357,-0.270416646286049,-0.5595361581525568,-1.7993211636351225,-0.6556383084974856,0.20553319322012123,0.46311324026414047,148
0.8230677235262415,-1.0005511923337111,0.5642799378969712,0.10385739816819212,-0.2753339814691522,-1.4971319997275074,-0.38516343471594616,0.16260010330846297,0.34564142514854523,149
0.41780910157348816,-0.7737683729400952,-0.5650362380346645,-1.8217186616966383,1.1514210731982701,1.6380825389904718,1.5036392472451339,0.7745518085555694,0.3034182194118391,150
0.3683104883027363,-0.8081644708016456,-0.28366229233195706,-1.4425391840405142,0.8534923340327538,1.1272395051237332,1.1961710628398003,0.6483054819412308,0.41501966045728006,151
-0.4568761681077794,-0.23984798059041884,-0.5064905793207101,-0.5702928765873811,0.44538346426259473,0.659586156149383,0.7991662573330796,0.4548932074304166,0.2884368979231033,152
-0.4996427993059117,-0.48174668492022066,-0.20866022663649422,-0.2714466786406925,0.13016631461685874,0.2806456824440241,0.6352168155492617,0.44226852303873754,0.5828409741467514,153
-0.3066251032340833,-0.531335456628191,0.15064238394118906,0.14261964858551898,-0.19522980927692873,-0.24383913920644087,0.23425389857868095,0.2304179927555509,0.6615231474812306,154
0.07620509590532468,-1.3463295351143385,0.458141769522858,-0.46107695635360885,-0.3419506526632287,-1.3159102031975047,0.23247506059254183,0.2821873443125684,0.7050254813369992,155
-0.7159811736042834,-1.1694346459096627,0.33949920966144564,0.22372253569742664,-0.8159016880356266,-1.8401817899542945,-0.04700272257181624,0.2363310207485602,0.8270795274212935,156
-0.601242270498859,-1.1615695877248242,0.4594228651777629,0.43809408367705127,-0.9458941999197459,-1.8994200393159353,-0.25294880215089166,0.19076700671215435,0.910232891011427,157
-0.17347031631765086,-1.1579991160925973,0.6702032597915248,0.3945258497164711,-0.9352002833319157,-2.111126728672411,-0.46762316000792986,0.05385286361603174,0.7685997236532387,158
-0.3541808796141985,-1.0596369021328036,0.6373586658945821,0.6967228962428479,-1.0871637580132487,-2.158965483955214,-0.558616168337775,5.644621945406363e-5,0.8489623210317461,159
-0.1613379041023692,-0.9432465925631247,0.6486621872802104,0.7370307543730547,-1.0266123217069878,-2.2188422310562745,-0.6603068120490732,-0.10858789238767512,0.7329047108489525,160
-0.36859628235938646,-0.831334325019345,0.6517315899283672,0.9464100522670897,-1.1509587552287976,-2.27291137026434,-0.7886731913110677,-0.10885486191933356,0.7643235316993952,161
-0.5018281220121098,-0.7095170740101686,0.5689263212164595,1.1159205583424505,-1.1498666101693928,-2.10148061877255,-0.7766219758040405,-0.10956899203791146,0.7816819958358194,162
0.1279318278300303,-0.8757711965179393,0.9176994692872003,0.9606467438629442,-1.1219706270601444,-2.228356677992043,-0.9131457255475007,-0.21592037571040554,0.7727754364334234,163
0.8431013813704363,-0.7512934216920376,0.6066066400796967,-0.22129461565157815,0.0697222228735599,0.41116333914569514,0.11490627287518759,0.007836622491426035,0.9058863873255526,164
0.24158653024874985,-0.4457249179850079,0.5498327407026005,0.35379339924812514,-0.28075438008992587,-0.031187415306136064,-0.16158499864574466,-0.08664140905982307,0.9089564099847389,165
-0.8228436408080916,-0.37122480441780953,0.3664589623212049,0.9322496317542702,-0.8540787762504358,-0.9631361210789776,-0.4019998000294415,-0.22961772542629127,0.9755678798030789,166
-0.7454500787674735,-0.1511711329582852,0.46229272022435364,1.1537171681051719,-0.9196959209952418,-1.3210152462397868,-0.6742392516329506,-0.3659190540538616,0.666639944917373,167
-0.8990736620810496,-0.05969162769773089,0.4537621921797523,1.3142139880273498,-1.058616123395458,-1.644300248115202,-0.7992807409174858,-0.42478247427602384,0.5732624576449328,168
-0.8903746655297693,-0.02751884252446664,0.5810207655140438,1.540057673663543,-1.1679622676704051,-1.804273414534597,-0.9501050038455889,-0.46038923309499713,0.588237832636883,169
-1.383867223920719,0.16503373942579672,0.5262234636284977,1.9967555649925477,-1.4720438499474353,-2.0661857452478696,-1.1120786487116,-0.5119155057332689,0.6705249848941377,170
-1.315446371091869,0.11558800255745551,0.48284564095614524,1.970601503625604,-1.373680063624666,-1.8436786398843878,-1.0410234403745657,-0.4308703745745968,0.6940376109862941,171
-1.1959326277789166,0.12851289635749397,0.565061138545221,1.9747878914287196,-1.390411878423285,-1.9164061718549563,-1.098911166490721,-0.46756485394498537,0.6508882740224888,172
-0.8903403437349502,0.03401597318412299,0.7925066548616582,1.9698583172853092,-1.4042946971009715,-2.033720948246447,-1.2301392868187617,-0.5157816119443642,0.6702602257808667,173
-0.9685944742069195,0.12771836574682244,0.5405757097553101,1.7560003635920998,-1.2098007892521392,-1.6786561090269156,-1.0210453971839133,-0.4045615539778646,0.5684101561526517,174
-1.3038463827867544,1.814537217428505,-0.7122502900971945,1.3601123916307498,0.07434882411851203,0.9577327342755924,-0.2814211904577915,-0.2308975234469941,-0.668029411851339,175
-1.4654873451911892,1.6286719919939103,-0.2014471650433854,1.8722173031118927,-0.4351392324335797,0.11026838669426074,-0.7075012634900333,-0.4471903301630745,-0.419530521042542,176
-1.7365541488158815,1.498629891187154,-0.004515343743403764,2.2631661499386015,-0.8139512967470913,-0.41703692998648445,-0.9093864884843452,-0.4729626952408013,-0.20220667687526558,177
-1.756357973003174,1.4509530325898365,0.14793055617163128,2.457022704325584,-1.0134768957720988,-0.7997486157203267,-1.1043334955265929,-0.49785962908790266,-0.16413256261212672,178
-1.5748960765878928,1.3166741165605718,0.308111282195078,2.4995205970086003,-1.0483617732410833,-1.0289402409679618,-1.1931811685001485,-0.586335287534683,-0.12071981197890638,179
-1.9921041121288074,1.5073538007089646,0.19654044251590713,2.750418544377652,-1.1960696359485181,-1.1735194406140024,-1.2267169244514595,-0.5624772751183184,-0.148919932233697,180
-1.8880578083523172,1.368542864299801,0.24996421594684146,2.699491760004019,-1.227119020029499,-1.2799338176586714,-1.2439681273344836,-0.5597746004655414,-0.0704062824492679,181
-1.9870711115433741,1.4199807065738494,0.23637539777441335,2.8075524775589953,-1.2838730209159586,-1.3686888169558957,-1.28083561662508,-0.5805356040554462,-0.0774453594252112,182
-1.1849871529641205,2.84760638445546,-1.7583456553445727,-0.6246759291518417,0.7660217768619365,3.9724632316795887,0.21506586873451639,-0.07508679058158953,-0.9873903903232024,183
2.803755124779981,0.9262668414923321,0.4650644392536738,-2.1928698632766173,0.8846041399776526,3.8125715886635803,-0.09355511785194298,-0.22815693166591053,-0.34480232615525747,184
-5.561263997923788,-0.4635883432442604,-3.0866004107452527,-0.5689335084762231,-1.0853423268464166,-2.975059951471228,1.5005643387343284,2.6175943827969563,0.16471344628503642,185
-5.54764169025123,-1.121708188635934,-2.7543708675427823,-1.350428440392858,-1.7140894103830726,-4.010243795518615,1.4742341703826904,3.3489546335305818,0.6215046682823523,186
-6.496981886476248,0.27077362584907927,-3.504269610877467,-1.0650013424771503,-1.5323193172296206,-2.8435594197550187,1.5901917643002983,3.289902107863778,0.27043492939981695,187
-5.409101994382156,-1.0436936133494248,-2.553226160943021,0.2089637663810851,-1.6865996751866732,-3.226310264681667,1.200812657897048,1.9940016901123598,0.879241669967376,188
-1.8967291099402703,-1.644856563644189,-0.7281489044851669,-1.0182688900049812,-1.0506348613743,-3.503605995106562,0.7683172616249636,1.5291731622795113,0.6657188317256056,189
-5.546772881813373,0.319530557677038,-2.8636252101912962,-0.5720695216067194,-1.0558236770972254,-1.8573555245115387,1.5633658780823925,2.109645269925795,0.2968959707483033,190
-5.040401207829499,0.041127930301826536,-2.2622933575122928,-0.5939987956516152,-1.279089957367972,-2.033603529899023,1.647951864343778,2.1051820334441715,0.618694962251345,191
1.5069675879749334,-0.5438699247863084,0.6608182465755983,-0.45664139224780403,-0.17415892922939896,-0.05717395130546371,-0.310254609404134,-0.5874868758708323,0.2346350180340486,192
-1.0717990551204566,0.5320040062046146,-0.9833160685716666,0.11519125032906183,-0.14915893692843898,0.9875971438772946,0.4159784781390161,-0.23104601675810207,0.21192853833182032,193
1.1538969475534366,0.23761704302045664,-0.021336793836761132,-0.8774857861283117,0.4122925628543707,0.8025002155496427,0.39874916932004967,-0.5017068663336666,-0.18530691653951228,194
0.1735855441574817,0.4336903592489993,-0.9115621469365932,-1.897323687352206,0.9662631211767154,2.1153382474781597,1.4064498193318653,-0.15673746349676224,-0.3005069239930817,195
-3.1392491840451373,2.486360227087779,-3.492639191413536,-1.4598128283207934,1.4506067060764563,2.982256570234067,2.328814743784441,0.2845755261068599,-1.2179740750503312,196
-3.212837923778548,2.0768154850028195,-3.246875461807018,-1.3150761498102408,1.2276698163069701,3.625718097396431,2.6522227499824482,0.4118029694366763,-0.5912600658869306,197
0.37398973732125496,2.1926035851759202,-0.540028753565404,0.1754322783032022,1.037485314475538,3.100969063987938,-0.05446888210919513,-1.1577187272547838,-0.7081727682799986,198
2.918117410475944,1.0436004132065515,0.6591431387299574,-0.8393644902828435,1.4544626708851933,3.1508111760829443,0.23485122913395778,-1.3509672625208942,-0.3716436554889883,199
1.986414618851852,2.371640124431001,-0.835587821002116,-1.9187941303180867,2.5499758822938747,4.368825254243136,0.8356814970637524,-1.2084997980831438,-1.6704930972944096,200
2.44698962537634,1.4634898701241636,-0.15549808862849582,-2.251476815609338,2.6250090046632586,4.853053371265558,1.1208013949690103,-1.0311771675445758,-0.9136449139612776,201
3.6914933568649397,0.6994676795556303,0.8866223341222869,-2.1256970799862374,2.4565378315928075,4.480350353265712,1.1794347731701544,-1.0289984759409734,-0.5597901945257429,202
3.4988555570542945,0.6878227888029022,0.053025304783271276,-2.604404656901333,2.725974660242086,3.315329060301461,1.4309151189846172,-0.9455886733943663,-1.3954537099317994,203
4.784197668025624,0.2083357092551172,2.0364804362904003,-0.992786595613323,1.5707388500626096,2.169425930475035,-0.58846237345224806,-1.1027727096529698,-0.4898979610343047,204
1.4058905352507676,2.2513712337057306,-0.4442077715341258,-0.27343566202000735,1.8509311808159155,3.743478571213133,0.3344846624542945,-0.8410633330154482,-0.9500810909341443,205
3.3677751014647437,1.5291218494582637,0.7096684385367128,-1.6313168436903753,2.4995225157209857,3.8861401946826977,0.09970487135745677,-0.8939377434392071,-1.1977512701229147,206
2.944505464485386,1.8144709816351359,-0.4821399284023753,-1.5624019801053737,2.770510702155206,4.167285324431958,0.8257513582587556,-0.9370065862551542,-1.5238299463249383,207
5.834325096528714,0.1211353849651679,1.8598772186461823,-2.090557426530699,2.5918302661608004,3.1276880632835686,0.1728155334310668,-1.2757969052670668,-0.6778655471737574,208
2.2992216122082763,1.1647165141395794,-0.31570340735655045,-0.9936282952129847,2.5676630956346926,3.927800532165034,0.8125590681768211,-0.5888287856467644,-0.7235061094953605,209
4.511666078253374,0.04093415009424794,0.7273217979095277,-2.412080195880704,2.724567966278911,2.6656895256273208,0.8722923736720546,-0.6731909989796324,-1.096083628927289,210
5.095048071954406,-0.5695942547036119,1.2942207227135978,-2.116663153329461,2.409255496442822,2.0068603821697457,0.5375641582030011,-0.6953282545953208,-0.609229876173268,211
3.0776572105899143,0.4030056617359105,1.109037243924127,-1.4246430109588055,1.518720985981301,1.4066276846034518,-0.09440255425106628,-0.03371699808410741,-0.9171734033720514,212
6.558153792751574,-1.2707876379325584,2.5732341386204953,-2.5239299139516143,2.0772946120568636,1.4090925914618493,-0.0626251231359274,-0.3060389019937285,-0.7391640137415032,213
7.443668084431595,-1.9587913917040625,3.2486444952547617,-3.2307529283110674,2.3422451797673762,0.35640910478406784,-0.5992309818783595,0.03068961020001994,-0.7546587496688505,214
6.969311019076399,-1.4451823888342439,2.6120754471656964,-2.882747188859819,2.3517535038705963,0.41525747360796467,-0.2659930893152956,-0.24074200002028226,-0.6288108918125017,215
8.146082686180197,-2.4789389298735136,3.2946987220685005,-2.7795853007798073,1.9792358589589836,-0.17288384620886374,-0.5339629889775541,-0.2900104968574707,-0.37230526466788366,216
4.037920192626667,0.033153723043527566,0.3412073514005678,-2.289282856095227,2.4194043009409953,0.6662982151484281,0.03951051109664024,-0.026116948739638487,-1.4684042631442884,217
4.413684249510666,-0.9129079941641502,0.9659043552778482,-2.1634643615875104,1.8363971128468282,0.1769672107152126,-0.05178035759464186,-0.12411887268655841,-0.7977569295390385,218
5.945985492633881,-2.0345160535246873,2.0010760927188955,-1.8493654354624136,1.666776174245007,-0.37804045861581353,-0.3632121704653851,-0.06844363885355548,-0.17180730069582947,219
4.494993333399256,-1.2353583963242971,1.2191670408680284,-1.6431563301791596,1.6844911496917785,0.010270618674716639,0.009020674214872078,-0.1859079538612934,-0.26898274735837,220
2.3772212866505336,-2.0238951835484458,0.9919801710475279,-1.4846100441744918,0.307358417903455,-0.2561620021520979,0.5434052910438195,0.7003882891412839,0.6352264892588113,221
2.3143685714645836,-1.668646832409434,0.9899375439917757,-1.3854779737377885,0.4373556755027743,-0.6326654297557288,0.4283041540635926,0.5870278260939736,0.26528952354651014,222
3.769824031233464,-3.1045260320410457,1.4811630328079806,-2.2343892692575165,0.655357276557461,-1.9348154008127043,0.37676043733193354,0.7136964203713464,0.27128762532325124,223
2.201096306680656,-2.3314406304232436,1.430217776664018,-1.3159851772533606,-0.08413509030253692,-2.445524960199654,-0.27920273484671093,0.914224458605009,0.2148540424497416,224
1.9946686589087899,-1.9514850938742,0.31224507683759906,-0.6559098639266878,0.24102763433154906,-2.669488150186813,0.15022418330167847,0.40736805707118645,0.1012184969528196,225
3.0068398441938227,-3.0361622436151623,1.85697308654236,-0.053000054735341334,-0.9465431021308626,-3.170139532178902,-0.6240773535020465,0.4006055558797995,1.2222126374447044,226
2.8757600910251306,-2.5487012138596272,1.217819788649747,-0.5578885561862766,-0.3405933797804223,-2.9545281332653706,-0.5441619193319541,0.1607968186154359,0.5687362112944834,227
3.224565827262154,-2.6846600219203585,1.8977298540576546,-0.7717081459912302,-0.48460120921361183,-2.973656813750171,-1.0179147568053382,0.10241846189264514,0.7494771421008553,228
1.80081787103849,-1.7285987662470452,1.0395109890339016,-0.3708808286192365,-0.40133266942785356,-2.780540833533835,-0.8771173608305549,0.49900820812266006,0.5062215475126735,229
2.592568402431726,-2.066505347134424,1.7706808584205604,0.03034305920913367,-0.863065118431929,-3.3854800781393894,-1.124214021113885,0.058874907407517385,0.9882084468329021,230
1.6972804152048793,-2.1884984073425384,0.32750557918439355,-2.155250726530833,0.649361235201012,0.33986116835537444,1.0689589623497746,0.7613556180570564,1.0048806148292566,231
1.1521121923477025,-1.7319223111822875,0.4846450668051037,-1.0758678752019686,0.08208035680667426,-0.3836807102310201,0.44899556571010013,0.4700983195510049,0.9863648838554215,232
1.1440965886470138,-2.517202505075259,0.6085476321001283,-1.3419865127252115,-0.36510916326034487,-1.8428527237428196,0.3095641574560619,0.5168006712301392,1.158549399489274,233
1.6231035819491741,-2.590852124223999,1.2869302031609702,-0.8057397094954921,-0.7773913321752594,-2.761584577240961,-0.32057012202349794,0.1764116549239546,1.2107726486763108,234
-0.08489209393048912,-1.8002176073293275,0.7436650023678639,0.5091100978847348,-1.3792433104383564,-2.9319062239603997,-0.639649356603126,0.13210906724972718,1.3342773401747312,235
-0.3507452282001371,-1.611629388978617,0.6897125379219843,0.9263331039829282,-1.6786187990608192,-3.7732438839509337,-0.9548947946349264,-0.09231450458777031,1.1324869974553473,236
-0.42676215620325875,-1.501695394466237,0.7738039778612636,1.3175593196815159,-1.771304249629398,-3.5885914772910708,-1.09509587032952,-0.14763041617925385,1.2584451670751893,237
-0.16327464583408124,-1.5059895168453328,1.020070770905915,1.286388178427922,-1.7717426805760443,-3.3948519114598232,-1.205404059634746,-0.15731751816032805,1.2989669455864579,238
-0.8451368547016567,-1.2010533941195625,0.7377977345663106,1.7408629161403966,-1.968195782029563,-3.466772489214371,-1.2868843229988245,-0.18564094400299605,1.2938855247069199,239
-0.3559306344828184,-1.1822387770362486,0.9354733355594552,1.7575132893047007,-1.9364175582736072,-3.684189832496779,-1.4296153347390708,-0.3501637524007431,1.156190737818469,240
0.03798866948830051,-1.432125265845661,1.3891931704139828,1.902477861249066,-2.089785650575093,-3.8596042118035765,-1.6473291981027989,-0.3846541872121743,1.3991127277217308,241
1.0903416247760076,-0.6164429965276583,-1.5394111257286196,-2.9860894310835673,2.055154684630776,3.5998154825541007,1.9797587791007405,0.8305538921737885,0.36786956728220604,242
1.7270012639848318,-0.9689078353738931,-0.08659530394307362,-1.6781157150902677,1.012275280966737,1.553880859520128,0.8348309963782601,0.23524974388916095,0.6358611731024247,243
0.16681297280472399,-0.9362369820383447,-0.5671647321806932,-1.0873197155578411,0.3232103113263323,0.9717947789918095,0.7175593901604163,0.2676162424525504,1.0195118967185401,244
0.21072071049639277,-0.9810213083972645,0.41714483093683696,0.17856993151797912,-0.5688782786554356,-0.7348796664502196,-0.3243850358500475,-0.23454555458652065,1.1444546455627285,245
-1.3439579897313643,-0.14108426314061762,0.10592062385467481,1.4361256373703533,-1.236242547013784,-1.4735745840248848,-0.8216305760835237,-0.389507278971345,0.9928099789391973,246
-1.654476673529471,0.2720078343158588,0.14613313985248907,2.2493208102608393,-1.6071835195604554,-2.3255913074399808,-1.2062662546092395,-0.7387097166025317,0.7752905948158794,247
-3.031525028981925,0.8430540173393498,-0.08933334501281366,3.034743059587488,-2.0449688033064413,-2.4588183709317333,-1.47183767553108,-0.6972168392463732,0.8373871363281097,248
-2.365466988778137,0.6258945017740913,0.0837296362380311,2.7131990089377145,-1.8172350406992406,-2.3178007223310413,-1.360751897696977,-0.5974230133027203,0.6541320065709711,249
-1.8228811696570617,0.4363248575318808,0.5558679851603624,2.9004872787510383,-1.9658204942950392,-2.7508144575457445,-1.5953090884723424,-0.7626560597239432,0.7832446503591488,250
-1.957680201265582,0.4517283972818727,0.7835871452157465,3.2386247095918748,-2.2536267325838435,-3.225075958654615,-1.9395455903146872,-0.882938608706803,0.8035572341680971,251
-2.3095833694049994,0.5368677851890031,0.7607861419787212,3.6707875727283548,-2.491220369759025,-3.3445261257460572,-2.038107949029673,-0.9159121515944081,0.9245531634313346,252
0.7337806241555416,2.2070249793931858,-3.5143749093217047,-3.006072132860186,3.8824459292133215,7.894744648872112,2.802480937225521,0.8929397969614447,-1.6807214372592554,253
0.22722090674643375,2.389003024709733,-1.7897903829365842,-1.049504996741906,2.3020408515568787,4.919083175948025,1.028244251653983,0.23047245887591677,-1.3967595584445545,254
-0.3515479403729764,1.623028850438106,-0.5974987241840343,0.8703086243700958,0.5683505263795138,2.263078574254362,-0.09102054562691266,-0.12506788257156226,-0.7087246755786849,255
-0.5361780441466868,1.7482882862545968,0.4118730625877553,2.1155272118045985,-0.39659708643042485,0.6188273410562548,-1.1088975086440311,-0.6403530350687986,-0.5003032698878778,256
-0.3577247966400789,1.4304291933861921,1.0125454106825185,2.3565356676068347,-0.8003671970960865,-0.5856882332297139,-1.527264079744399,-0.7430652247570764,-0.3404843153629133,257
-1.7117153546252388,1.8485403114455616,0.7635680961008856,3.4700664746439567,-1.4998440516733043,-1.0892204120882798,-1.805024528501231,-0.7610438307846593,-0.14615226846841492,258
-1.5349771869274669,1.7905406341182635,1.1590872004726287,3.849045886629694,-1.7574469444923428,-1.7931111159828652,-2.152644115562792,-1.0397639748655587,-0.1794782700026535,259
-2.3435048296660397,2.125970079464934,1.01168677264976,4.463765979659646,-2.10749976336059,-2.164691564894628,-2.354094619452216,-1.097467527652602,-0.18423231793817882,260
-2.6789012741286853,2.0639696416988818,0.6912971774072877,4.32718373945065,-2.0711471162854913,-2.1212414496389616,-2.128742521171581,-0.9595665005531413,-0.12308726034028324,261
-1.9935734115556791,-0.6876734960010451,-0.45036055564507177,-1.1110338121150247,-1.2856029062072416,-1.8438196493136088,0.48802664547166724,2.065839924540335,0.8789085494330892,262
-2.5988012056997283,0.43291043274906116,-1.6297571728853402,-1.2714864381805215,-0.6081052759287634,-0.5702154864786202,1.0830875668750792,2.0006045789156484,0.3066404167771984,263
-2.4716117129885045,-0.05031542422728534,-1.0052186848098372,-0.26927275325431466,-0.7171480586050829,-0.9281143199148576,0.9362019853961708,1.1591248793493727,0.7092877180676924,264
-2.69789970199965,0.12651684974145155,-1.07720708468202,-0.08383597356888524,-0.6031611749288415,-0.781152570158362,0.9951464522400746,1.308714312576978,0.6841988253903172,265
-3.5329462413099177,0.5008659204075525,-1.5085095947023794,0.02664131165212308,-0.6150549835774177,-0.11843433840216003,1.3269215704817663,1.460891991352866,0.7794677948858252,266
-1.8406895093211086,0.3063630367931112,-0.9136039507716294,-0.39314438614481045,-0.18150442122220273,-0.10372814535546193,1.0874535175693303,1.065797729465245,0.4490518457458022,267
-1.5641630657699468,1.085518049463586,-0.9479793506893908,0.44305136310967547,0.06793452904588168,0.9834301073065199,0.5433996226077435,-0.10458807929014323,0.09300820295261962,268
-1.0572637562761982,1.0065882537793729,-0.9130795391695578,0.12117352149689489,0.36739495785277565,1.3037302628343035,0.8310560660839577,-0.04968989851313692,0.035115932165960095,269
-0.3910579648329983,0.6837566383515257,-0.2094981885922857,-0.0946841649357139,0.2494147273269042,1.107831854784719,0.5475653580730845,-0.075736619220034,0.21872426519738444,270
-1.6881920109446698,1.0279889458480145,-1.4457718024947692,-0.675797097379799,0.7351957796106646,2.2492626398923954,1.7045660700281349,0.3953720806768238,0.02073115621575053,271
0.27018674245287483,0.842199980461363,-0.5284382939874652,-1.4796147046241233,1.177074887409601,1.9135321921884487,1.3710943498475747,0.09106189508453646,-0.3782588656789344,272
-0.0813380031983518,1.3639918934827153,-0.34252963600110753,0.4148816517725152,0.6786832135795281,1.843838941963381,0.11577934050233567,-0.5719249525431733,-0.21043846150594403,273
2.2148254243816976,0.3000903766060354,0.8515946632872449,-0.22215288220520188,0.8022175551911093,1.7216130027797107,0.19457246689058244,-0.7817303933229852,0.1131169253952527,274
1.2693725001489826,0.7268407240552505,0.4504082340612341,-0.10276941400945917,0.9021733518115949,1.7545838706777932,0.19855287408843772,-0.6233399286684308,-0.027152834762987493,275
0.6773653645031996,1.3193780540619209,-0.4935229017284572,-0.9363165700206127,1.656767971386904,3.1084261370961763,0.8915493888528789,-0.6010307621006095,-0.5527616271590139,276
-0.25352852602454884,1.7900990980846487,-1.1682045802597385,-0.3424022364263613,1.6446112641951713,3.12978462687446,1.271752035297768,-0.41034033442334245,-0.6737061307308205,277
0.48055174278894286,1.1494244363970465,-0.5597292754467601,-0.39664477761700634,1.51366868471408,2.8294149053474262,1.1578130782684777,-0.5392244891776092,-0.37066337390994747,278
1.4634755635394485,0.7283452455805443,-0.3374293097883609,-1.1056755701336838,1.8748202030830126,2.7401467823815375,1.2441386735598206,-0.5042263248549286,-0.5174693223317848,279
1.434486488216567,0.8199382988540866,0.30312744593013347,-0.18966684595895408,0.877419134962233,1.4773455614675601,-0.039692687609021594,-0.5639812459890865,-0.43703860893850804,280
1.4068218818337719,0.7402134269095155,0.4486513175126921,-0.19250806829191225,0.9471822771111392,1.6986667916441238,-0.08165570642863747,-0.4601151091056704,-0.27324302988815335,281
0.864471252887855,1.0133780014174267,-0.10104777903076109,0.19449222605717909,1.0281023932068056,1.7512809376918383,0.22042640540717298,-0.41077713838627994,-0.20936189538312494,282
0.7730488239039256,1.616497525490575,-0.8677033791109818,-0.5194322783292215,1.767970336449657,2.5281387080735116,0.6873033670994614,-0.5077940781815964,-1.0957510612234844,283
3.189591238914379,0.09872946047008058,1.147623941286336,-0.7886455983548436,1.4870428615000706,1.5436636496815468,0.04625162905637532,-0.6580479539070668,-0.322228242334146,284
2.0053266913881647,0.16071183101581926,0.3013119544958684,-0.519782051514419,1.326105395656153,1.9153212951207639,0.4578610695902369,-0.42261835863100616,-0.06450842173725921,285
2.0611642732551116,0.7330394705481111,0.03567640284321525,-0.8533071065001703,1.767838317149275,2.0700332647659097,0.5638409242156598,-0.5258602028111704,-0.6612622857085406,286
1.1696610415968898,0.8385773558901736,-0.547997905599701,-0.8587511272415986,1.6070140074017012,1.6026980075551231,0.6040389389112876,-0.25392650153923413,-0.7361843494108268,287
1.0172039087865934,0.737421838818375,-0.5117017499723092,-0.6856741948425021,1.4614369161905423,1.4056592116563569,0.543742636291516,-0.3040347835061271,-0.6211643933323473,288
1.1234873060754893,0.5090688828789754,0.1140408338690625,-0.2343434360067155,0.9445498657295486,0.9247051015048602,0.054409464911601015,-0.02166498056753216,-0.5034473768299895,289
1.6421420227139196,0.15854001579011828,0.38482082799222284,-0.23988816400890042,0.8789599941825826,0.7534190869320044,0.059645733528551355,-0.036962647908431893,-0.29473578396080824,290
1.6391302490217305,0.448452379268075,-0.39586669940427116,-1.063574269853324,1.6229955446767852,1.083253830105333,0.3405791406361761,0.030378823130935883,-1.0299304686442625,291
1.9924367598378094,0.4598881020782687,-0.22138672165740184,-0.8863820579605037,1.4965435640851152,0.7158078542118573,0.038496375707241313,0.0200600932497898,-0.874940322258956,292
2.136637056229673,0.07007762805567382,-0.0035896194339565574,-0.6764636629554153,1.2699514842962951,0.7410036904552602,0.3372381860009933,-0.09193595861883141,-0.6526741971855038,293
1.4038811048868112,0.5815636683339773,-0.4019034988181773,-0.6353171243767962,1.3340485440818468,0.573086779477259,0.2320876769423341,-0.0437040466971263,-0.8756681066370966,294
1.6791889873297599,0.18329019520221637,-0.37394610215500024,-0.45870593364270523,1.2507141948703995,0.5310218204430152,0.3950428545763315,-0.10433033492546945,-0.5599673850650342,295
1.7568804905450168,-0.12892799175779154,-0.2534685293314935,-0.5549784464027567,1.1806297233413914,0.21192658049615457,0.30701329975595115,0.010262913238427814,-0.4642397628361804,296
1.626992371419891,-0.13058636811530697,-0.186798934552555,-0.5186147841346193,0.9704630157481074,0.10429057207214595,0.026713792819616212,-0.01768896568556596,-0.41609461540817566,297
-1.462917013494079,0.6837412056850404,-1.6591858743628851,-0.43643212981144364,0.659998437771857,0.7760341799205506,0.8863417314956633,0.7348461668030281,-0.46542251140984475,298
-1.2998788026379484,0.4220544293958058,-1.5339279492992797,-0.0036504465766425023,0.43200078542172704,0.5417131984636995,0.8104054098819343,0.5214513231966208,-0.17927405753547584,299
-1.129950550422224,0.02805422622879468,-1.2166038503522438,-0.48389631156549573,0.4089577146459468,-0.18808241151456145,0.536613683057154,0.8541123038794968,-0.2581208640082649,300
0.4251360254688225,-0.5411084581920055,-0.6829235827224269,-0.5994204740935607,0.22417610318406156,-0.576432088465336,0.4212377972937089,0.33838504335657865,-0.17985132982991603,301
0.7366500184092817,-0.8313224480500877,-0.029524538445931597,-0.023015538637935613,0.015963205719808252,-1.0973160938600217,-0.04579642072455856,0.40691095973081204,0.34864769950839986,302
0.9102370130008671,-0.8564297280665226,-0.031935040523271105,-0.006151103342378119,0.004736296464494472,-1.3417682410908878,-0.07053795169734023,0.19058147042295653,0.13049546471551,303
0.4670094213323487,-1.0299588023331798,-0.11805349648660267,0.30166479470333135,-0.3345548391249694,-1.2995323422507248,-0.18640249892280394,0.3263990919011497,0.542343871278068,304
0.6967712699664136,-0.8364514948217674,0.14113189548920418,0.18389963638475376,-0.35107652273359036,-1.7247345996471384,-0.5261742764046045,0.32438790041261345,0.24473482043052588,305
0.8688470079831547,-0.8170660242139005,0.34141455450375807,0.02353105882174493,-0.23689369403148153,-1.6493323929226158,-0.5440616319029968,0.26067809508478745,0.3347078011699618,306
0.7629664471849069,-0.9926597419968588,0.30841320049191523,0.48600213226732125,-0.4585075208904543,-1.9077434089260348,-0.6705434336690524,0.14431452121010913,0.5341607633186365,307
-2.469894944891268,0.8499473098202364,-2.5876200446694515,-0.4664884955210526,0.7343087798823111,1.5237068170184487,1.3687337977247405,0.7771642882406552,-0.18701819926935495,308
-2.2590278713374423,0.7043865809802484,-2.127028473122015,-0.0804608373178949,0.39464548459439636,0.9534913955406654,0.9912347568826056,0.6081940015518897,-0.0240207252213594,309
-2.646236367956062,0.4587268565180574,-2.490699844611247,-0.15363398686736549,0.21305507913670924,0.3374015036763867,1.0539815395134975,0.6564087857630789,0.019030990326074214,310
-2.1011739997175183,0.15722180711583733,-1.6094208628820257,0.39065757180016614,-0.29267971089129075,-0.5158322065134747,0.4265417547494664,0.4298869437932876,0.2673234511574072,311
-1.0086012680790648,-0.26613694941905164,-0.650483739091325,0.4961044711751438,-0.4996440725032145,-1.0745464059862984,-0.04512960477786728,0.15908176062957352,0.47033150769624293,312
-0.9697144477948056,-0.40292828078663634,-0.40763464047699244,0.7694174150956745,-0.7644188940057993,-1.3962493738283495,-0.27332522572763474,0.1141248912156099,0.6506670740514809,313
-0.4159138031505673,-0.6248829092019323,0.1564440713390331,0.921390642111015,-0.9449483216275464,-1.8277852758853539,-0.6109252590662081,-0.04332674001121108,0.7406984453693298,314
-0.7401867697042962,-0.5078864060233452,0.013991759082047545,1.1623455809724303,-1.067258984609287,-1.9380059083553058,-0.6728395387314944,-0.05732554350698606,0.7527173154398868,315
-0.39835480150122504,-0.40242080633724203,0.4589682382686633,1.4423432962534504,-1.126199534970932,-1.844913162841501,-0.8718104820312494,-0.20417756700324888,0.8440160636678361,316
-1.2721882587437952,-0.37002642936292113,0.040743385808202304,1.7329748746351685,-1.4511461463479636,-2.2909223857886363,-0.9237605030945193,-0.12886404512035096,0.8981199908851131,317
-0.38995707965866083,-0.35498603061646195,0.3452886322268653,1.2559655758672024,-1.0511222228795676,-1.8814537712156774,-0.8778974557300463,-0.21725513922359477,0.6347272296550756,318
-1.023962113890509,0.7054793498460016,-1.9844221561706137,-0.8599427523352807,1.0617369420414466,2.1791543738264254,1.2058274317063626,0.46419926017209223,-0.12525388124424502,319
-2.2171776599023114,1.1433370891133852,-2.618750900113425,-0.408625485751361,0.7889949293809798,2.0379413820097545,1.240213170169368,0.496895014568471,-0.10707550375436044,320
-2.7168611549255104,1.301934134270179,-2.267869810619855,0.5203302505943979,0.17574916983577896,1.0532123578567048,0.6047253648635086,0.24550794541024756,-0.07521028250810978,321
-2.566796371464956,1.1968143063444914,-1.6682466482089147,1.0533891453715534,-0.2739658948926963,0.32587457043063806,0.15198227977994008,0.04236582987933132,0.07195460346223316,322
-2.6721538162648195,1.087591469608163,-1.3660262250189694,1.5464071874219762,-0.6278822765264745,-0.28280602658196013,-0.16818656642386484,-0.12826746035614797,0.21288152754863982,323
-2.1247750862669346,0.9033245707736592,-0.7345358357594044,1.6975250023952395,-0.8631827494243829,-0.8790263851670896,-0.5315781101633044,-0.2689537593547835,0.24019666876311035,324
-2.239958034848927,0.8075070890114308,-0.4239268407481242,2.150620192347559,-1.2308204497328183,-1.3115795376563926,-0.8240549398486804,-0.3472981049338061,0.46901768392822596,325
-1.6702247786492028,0.549178119338788,-0.1264343644763172,1.8846528731663281,-1.1169093028141421,-1.2618316293848013,-0.8242045054359848,-0.314595063753212,0.4529876380969942,326
-1.5592880372027191,0.3795080926484839,0.40825452838292536,2.365439807020905,-1.5732031458971563,-1.987545104874198,-1.3061182765522232,-0.4909716672919215,0.675636906190183,327
-1.1237965106338441,0.24147659200133953,0.44411040362885856,1.9919879507080802,-1.2855064339969058,-1.670642361650845,-1.0847244532100442,-0.42382408001333177,0.5908634876473939,328
0.9082866718556799,0.9645468518024648,-1.7351972676511729,-2.154209534435631,2.2949014336490907,4.446850763390037,1.5134742302669233,0.7037277644714864,-0.8187553111573694,329
0.38560363180036195,0.9178652817248283,-1.1202755154582318,-0.7762657592381023,1.3522260773562604,2.7594855946017187,0.8351847969655833,0.33329074573390083,-0.5792340797265015,330
-0.5805866153841845,1.198563686101472,-0.9836922239477126,0.24948938093380182,0.6398122584924945,1.9110768972324343,0.3308502805111093,0.08686965518151532,-0.41146617678505065,331
-1.075528667676959,1.4483130131469268,-0.7515198076053645,0.932504904311452,0.20703802177205616,1.1606282525827059,-0.1355770450612442,-0.10389339982632488,-0.5178381137356424,332
-1.7766952376618783,1.770422234895284,-0.9605373969360398,1.4351581812460612,-0.07066912628412275,0.6649310878605232,-0.25042901516550925,-0.18159208815689057,-0.5625853583813618,333
-1.965456100115799,1.7875601931566534,-0.5109619343840356,2.141878991935394,-0.5856103951022915,-0.017980834110646687,-0.728667800613201,-0.3513207241741245,-0.4249591784235196,334
-1.8304827973732416,1.506891752873492,-0.2814880236209096,2.1648144057206156,-0.7388186407336245,-0.40443492474402976,-0.8011644249869715,-0.3644538147122106,-0.2528341216468959,335
-1.8259643276868096,1.5067799425039243,0.18782423537701418,2.748752003608298,-1.1639271644587017,-1.1059559137203323,-1.2543454411098791,-0.5717457681037259,-0.1719780631015196,336
-1.8089612171672984,1.3225448430201598,0.031072353605672426,2.4180884123074855,-1.0355641835571672,-1.0028959203257195,-1.0389726849318375,-0.4519707058492359,-0.10682931650676558,337
-9.576743235009378,3.518196448948507,-2.1933217473604802,0.32620604706740325,-2.735085216563333,-5.264263304279963,2.136575335321819,-1.3329142389687694,0.31368641699734134,338
-8.080635982631062,2.95794431148852,-1.3938029817631084,-0.31548396441407817,-3.449625728247857,-5.784767287171222,2.0311617532118253,-1.2994137428099743,1.1711116743788799,339
-8.504673435388035,0.8176028170226395,-1.853269437022123,0.9298936850199748,-1.9654164327433925,-6.163822739602051,-0.33067679527941124,0.4120362356791312,-1.2976717415866938,340
-8.537514121927238,0.7777617519464886,-2.154425453789154,0.7671030410045389,-1.8589799884670657,-4.995571834369225,0.11392569324770992,0.8628221611175902,-0.5925051898135808,341
-7.610526954436334,1.0741259903748692,-1.9653098666680529,0.6148032221969163,-1.3213912257172942,-4.133180028448637,0.1080968656615627,0.8077802415169588,-1.4514398506549546,342
-4.071265277149939,-0.6468653817078189,-1.6620574174777418,1.8051523910595966,-0.062453143815746875,-1.0607918505417218,-1.04907040075821,1.0973118615310524,-0.4811939481881166,343
-2.0160770926242333,-0.899008846054712,-0.8170791786685436,1.2205343570022595,-0.012407727095442399,-0.9363589258409436,-1.0188295178206204,0.863450051880948,-0.5921148949164533,344
-3.2135157380541672,-0.7301379862681951,-1.3005944989910934,1.3640907615546711,0.040778816333257674,-0.32815858301921175,-0.7014693926423677,1.1904132872148365,-0.23868423446200907,345
-3.4854355581960372,-0.37490667846466846,-1.3857891317125364,1.3814462705163568,0.15499820649305637,-0.09536344232447623,-0.5625670073162373,1.1415715931295194,-0.31566858676339316,346
-2.8272268332502466,-0.026130906543257306,-1.2121096202582577,1.1139800197392438,0.3718314301118433,0.2468730646157322,-0.45463058286448854,0.9445493688129617,-0.9095810753220438,347
-0.04413311450934797,-0.209376424400765,-0.8361609691355266,1.4301677047211259,0.45562897723790097,1.125063931283716,-0.9814930890977146,0.27745764971766107,-0.12556379556491298,348
-0.41973205639307665,-0.2520653686348443,-0.876254360357833,1.3206541253821393,0.36040524870243734,1.3183341228986645,-0.7532933517285638,0.3667896642320456,0.4079071544846584,349
1.2221839714296259,-0.593710768077298,-0.2819170691760283,1.0576074015517993,0.5039425460711124,1.36147088399599,-0.7161638221615855,0.11386461747200881,0.31113836974121745,350
0.5160791178937143,-0.5141264193197073,-0.4060989766981828,1.0499033570534986,0.4723528971390018,1.5552509390385703,-0.35179014924227603,0.3031143146981801,0.6916045233126815,351
0.5044687693894271,-0.4257475518715199,-0.2598259937555818,0.9944638786957037,0.42473653909899356,1.3896755113439587,-0.2417284073436255,0.29265645464508594,0.7270475327829589,352
1.0390797332153325,-0.3239595575593283,0.016057906626057796,0.8179138224952348,0.6963572414986513,1.7253974010342936,-0.3319063991527481,0.06675577527125139,0.23804083895407757,353
-0.365526284191185,0.028701288825676453,-0.6915192553296965,1.0232720813877607,0.8260533418450522,1.8597748933126181,0.010288113128072174,0.36878966832024546,0.22538210207173306,354
2.937580986978799,-0.2064720651011738,0.13738705088097067,0.45362940797139295,0.04480530913892835,1.950093320046789,-0.633001855277568,-0.40095592421592885,1.5094476614670422,355
2.7693338177718214,-0.16843494237888468,0.31463765754615863,0.476857042125273,0.017402870830950035,1.8277036051955717,-0.6001328084164894,-0.37574874846759954,1.460576815144732,356
3.6486525249196657,-0.18589534326769064,0.4348209874836221,0.5037050828859687,0.2872674336959372,2.0461741643487885,-0.4516160291968264,-0.566323652325263,1.0322005213523966,357
2.2211516648809244,0.12035884963485405,-0.0012095887988786947,0.6522262400927901,0.4971311202106812,2.2189449151791756,-0.37892633373308593,-0.2909081670532562,1.1102752448543418,358
2.5408644613382316,-0.06557742419575792,0.3024717825546883,0.47619421576245535,0.33359564557431365,1.9640527370322391,-0.21093157333286952,-0.3555373888414192,1.211257032525791,359
3.2435457823709655,-0.23292567266762335,0.5905602863060148,0.5594627914776097,0.3162625359095045,1.9394816851688736,-0.11754987455761644,-0.5216822692157095,1.6140791826112295,360
2.155646785195741,0.012483728280259175,0.02698625077134402,0.6660852426709675,0.6631411970877863,2.2469879219082576,0.2743556339708206,-0.4008116785283076,0.9957690300216608,361
1.4497678345622365,-0.09873746745698915,-0.32715499725430913,-0.6137079646669413,1.8102297521601998,2.5639173189877837,0.3985151344788265,-0.17560160201592448,-1.88808747713453,362
1.1768846652091427,0.01934237826327212,-0.3349374144115129,-0.5202976430006773,1.7972958820164477,2.4001031726849633,0.3470586084433475,-0.14761800533420774,-1.8706064208882673,363
3.998862332943128,-0.08259883972673261,1.0236906191625337,-0.2088635809918569,-0.14296534166705946,1.4737089704493584,-0.19218557922594873,-0.625950815901261,1.5417419729549937,364
5.00412322014592,-0.4868414580032142,1.209550618038626,-0.3458059554552359,-0.2649536910048864,1.4921030600407281,-0.038905939991381644,-0.8153653942759834,2.3775065422334607,365
3.425422695971588,-0.013098131010047745,0.6669575467725909,-0.052941492137509025,0.08440364199444893,1.745076469309111,0.03373032133745029,-0.6611415274693194,1.7374669057539616,366
3.7192211986881234,-0.17762709655525538,0.9575735442253734,-0.1038769378985142,-0.1574794511619916,1.2853273462029557,-0.06671713253202187,-0.687447084322448,1.9775345608935868,367
3.637970766171928,0.19309390139277166,0.6968700656977466,0.09393561414563033,0.2885047636722909,1.668721977925431,3.0023728048712617e-4,-0.7266307747753502,1.1624753905406042,368
4.431484937500025,-0.08949804290678312,0.8500353817659606,-0.9475226309236306,0.8760390377200663,2.0273317026727566,0.18652846468641338,-0.8811817273842109,-0.3331367396772625,369
2.0512315196232866,0.6139594031877366,-0.4100467698001433,-0.49632813965220207,1.499375781221671,2.8271416281656134,0.5935585223652564,-0.6440429196018695,-0.7374622311537401,370
2.696730324066809,0.24460540737991024,0.03814204531673965,-0.8416548259638201,1.5616390152268183,2.303847709128212,0.5534015891935065,-0.5720525514530632,-1.0388038758857396,371
2.355809008944287,-0.04140830611438397,0.11224944091366794,-0.8708445433678967,1.1378405705600967,1.5474635083657395,0.3813574877186894,-0.5069857523246819,-0.7746483195365891,372
2.9413610109822934,-0.38038406093071503,0.47129158146543426,-0.857893964135857,0.9285703502044944,1.2295615366913353,0.4964060013837038,-0.5524640629829558,-0.43511876368930746,373
5.285569346924021,-0.8536096394865191,1.890427647788689,-1.5620921044413605,-0.25019701523102855,1.0891723591050302,0.37608363628310393,-0.6996634901884181,1.7390388169140678,374
5.9449362678423245,-0.9677851212967927,2.2925450607873814,-1.4881121623577387,-0.6037169443307572,0.528308924152687,0.2738507809834189,-0.8349999635565069,2.2342577238203054,375
4.039314267412012,-0.2940616757801737,1.4695052539102165,-0.806003019814037,-0.2122341685373728,0.9835481073065396,0.17592628275176506,-0.5652144588701191,1.558980660562076,376
4.6171157801804865,-0.4958568822270985,1.587348752801163,-0.9378354078845246,-0.34721064407522456,0.4917231149161716,0.17535478408691518,-0.6913200066019622,1.946179597300555,377
2.9685825480970625,0.22194707588046134,0.8630402454015326,-0.3373848448738384,-0.02110184797675623,0.9705079898087997,0.14049309494077653,-0.5853136248938958,1.0598030139340564,378
5.706619367563715,-0.8042495460548488,2.042296307035384,-2.177411863946193,0.08076368680594556,0.38233656232586216,0.062185425236732796,-0.86904372838368,0.43940846945502254,379
5.53421323681331,-0.6549064885944293,1.478403487593337,-2.0010633542458107,0.28684982995705033,0.580231375803833,0.4269786121996724,-1.0443240348345175,0.12865542700993957,380
4.28776609618764,-0.20094654786988875,0.895533847149941,-1.506879964736479,0.6533849035386083,0.8235763220688994,0.3655268956491878,-0.7591488865048142,-0.6082436498519049,381
3.2849551934308923,-0.07632725856584724,0.870890553846762,-1.2917117091027537,0.7706656667496558,0.2299755880629779,-0.05087633874385548,-0.5697855086459198,-1.5217629169495024,382
4.7843888088473365,-0.6017808777041094,1.409138680774476,-1.590535953819138,0.39960780100783905,-0.18397187751755295,-0.005844878713048602,-0.7980168147468418,-0.860872576538512,383
3.534043164394285,-0.285821330380605,0.90619641711036,-1.0476024516497962,0.6626865203497538,0.05777093079289416,-0.05128449354116811,-0.7006004421020983,-1.151580024851798,384
3.777106017589031,-0.5555625437836361,1.2083918294547136,-0.9982419602383452,0.17530762922158669,-0.3233963702136557,-0.18461933922825022,-0.6872367566384069,-0.6303311812251337,385
0.48586752983956044,-0.5548835398699477,0.01243785375893251,-1.3309644793631752,0.8881024632382218,1.2466869972968961,1.016731627133727,0.26368896011517273,-0.35529322296459664,386
-0.45587116395385774,-0.15297556863503628,-0.3855324673484802,-1.1853230431511894,0.984944849238169,1.4190645324285474,1.096276381013506,0.37828680203246945,-0.5427372262858307,387
-0.4534639868611451,-0.13388632134484477,-0.11830585289111956,-0.5098364903194598,0.4467592924472656,0.7056724536337511,0.7130525395832136,0.2687904276627815,-0.08086979261234536,388
2.096658401810094,-0.8674300021088239,1.227907856486305,-0.9506120693768789,-0.41522026238572385,-0.2331741954996848,0.3502463503997082,-0.0789952488187006,1.1450613138729946,389
1.7140004244122102,-0.6005448749325709,0.8593068953710721,-0.6252382537940875,-0.26910504212915215,-0.20857944395729333,0.38868390167512445,-0.09713149237910147,0.7531110953011848,390
1.4944041461886566,-0.8713915653760489,1.0262565728879918,-1.3115335715113086,-0.06305371591633968,-0.6225328130016656,0.22793855941161204,0.020044566810583427,-0.5202164737348647,391
2.619935832119603,-1.1764873981390607,1.859049640144727,-1.4871351763310483,-0.7120655284981071,-1.3138504713652628,-0.21934669097450726,-0.17635732236164514,0.16662727360640708,392
1.665289607181783,-0.7251943112595373,1.3347797808426671,-0.8130730543365615,-0.5032178751756943,-1.4650588307220023,-0.2772936991016376,-0.16197916339396537,-0.25267706113314814,393
1.2287559762804168,-0.40212471202242106,1.0389490405239064,-0.5449433950203113,-0.5116185018725228,-1.4101926841532706,-0.4105940430705072,-0.1461575353107268,-0.5068101988577061,394
2.474677093349693,-1.1157401058421141,1.316121980013036,-0.700328356227593,-0.9227874707265857,-1.6879224928706444,-0.32576526523440064,-0.23984925294599665,0.11524084991741489,395
2.790464748007479,-0.9043379232492846,1.7162383106715646,-0.6841585561052133,-0.9475045812841005,-2.0680771968512843,-0.6839441480230002,-0.2850895217554154,-0.14254223921139028,396
2.7876535608229545,-1.1433029409027735,1.5448820983145526,-0.4345238668752016,-1.130941924322663,-1.9635972992437587,-0.522320811139172,-0.32856513312537305,0.6926907873395252,397
1.5217700049363165,-0.5291053140083684,1.0236925245215356,-0.17253452081098644,-0.8769702712340117,-1.6803109584664655,-0.6151951475701624,-0.12056826716581204,0.1343924972701352,398
1.408316969338825,-0.35645669839199245,0.9023519718809317,0.005809373334799337,-0.7452194050661503,-1.4952332340635845,-0.6194650216494882,-0.16332430651092472,-0.01787403266170458,399
-1.3815728368460647,-0.8487861738081495,-1.5755397826951612,-1.6450972872244594,2.0112312430549824,2.8465229161536847,1.8519045525863997,0.8323121727712055,-0.534015484581751,400
-0.8063353678762664,-0.7139653793349777,-0.8405797468568623,-1.0462784813761814,1.1775979385617605,1.6703628608448766,1.2257889168507565,0.606676972137735,-0.10317902735111886,401
-1.8864293539771262,-0.09113211828271975,-1.0135911062400764,-0.27307256372462907,0.8279179206204345,1.213581308044162,0.8312516924992179,0.5842617466033869,-0.19099471918344732,402
-1.1959177471995606,-0.2535257543619547,-0.4309401523290499,-0.16845047633851015,0.3803846286023815,0.5708090916728187,0.5537272830642224,0.44252458568276337,0.18005437682062134,403
-0.5396619048154088,-0.24799283969008584,0.07758768418944488,0.09214086823449233,-0.0733330526888498,-0.07085319733388877,0.1819034459482563,0.2564508864199692,0.44169225098661746,404
-1.0337303661763229,-0.46835602779965757,0.32689300666390225,-0.21100777785906283,-0.23195853341840825,-0.8532260446253006,-0.03048164132288133,0.3792610811277778,-0.2765166812466965,405
-0.7134839621537087,-0.29177177789908876,0.7619369045858516,0.16605215437873522,-0.7186092934009302,-1.618982803044828,-0.518271802662259,0.21556727877744344,-0.3126451957740455,406
-0.21268505156829404,-0.39040083478714976,1.072454523342715,0.3165428922629131,-1.1302900316980748,-2.057955168791537,-0.7505077957750298,0.1000480911513408,0.15975166470459123,407
-0.23388156948863928,-0.3069876951746864,0.8889779756513883,0.3423818076377036,-1.0010614624428786,-1.858106759080728,-0.7064203902442139,0.08091335842128151,0.07570124933325136,408
0.19643834410343283,-0.2776027035585339,1.128496592407734,0.49313825569359176,-1.2027131060516931,-2.1323848135771697,-0.9316479161357906,-0.022172363880706803,0.13314007466176736,409
-0.09911595153259203,-0.09626335774833934,1.014478318638621,0.7455558849840366,-1.2754196615522453,-2.174226645779161,-0.9972326096874065,-0.03450122735848405,0.16284083651578649,410
-0.14414416421946863,-0.004656136794533219,0.9331017465152196,0.7963853314829544,-1.2535269673569371,-2.060283654906292,-0.9964207549435385,-0.02567830484735707,0.2991479715494469,411
-0.17763248263813908,0.033877498943638444,0.8747021618534618,0.8778086560659926,-1.2854430510885362,-2.015544522608676,-0.9887800677443193,-0.024364385362422265,0.3829548007089757,412
0.16176898737961676,-0.06700104658816541,0.9265465097343103,0.8318013104185368,-1.30617445250925,-1.99380760837545,-0.9590382753657378,-0.07445728078485202,0.5279313505794488,413
0.4843014927506142,-0.6025695505698233,-0.031123065602197342,-0.02598054590181771,0.06800330619273429,0.6224849897162541,0.433343094013514,0.11782771517086385,1.3065057957027684,414
0.16015948324401547,-0.32964512630122705,0.16223283022113846,0.4618693470812306,-0.29525985563188495,0.11421985099149147,0.15103372070307147,0.05669529297684898,1.4275264883248102,415
-1.4406019694120134,0.29165351802172645,0.055440833306391366,0.8749838453594748,-0.47350700186037764,-0.5822179277670937,-0.40541387834032927,0.1289506724373786,0.5754919582192725,416
-1.0041672913644724,0.4165333834513317,0.4761295083269891,1.2071880353398394,-0.8107694425733775,-1.1568778963959414,-0.8051926898794993,-0.03797077235278578,0.3221446124354956,417
-1.2465773396374946,0.5399551616082959,0.3632363749888917,1.209672824490283,-0.829891849023572,-1.2272462937165913,-0.7857996434803428,-0.01690056671432057,0.22793792469984067,418
-1.3285171081251053,0.6059707314119984,0.45600429144509264,1.3764238409666414,-1.0540423585793048,-1.4607523142551493,-0.8910590155304954,-0.04810010522734873,0.4123307972867526,419
-1.3024303621853501,0.728790588153822,0.5837824286144937,1.6041812414718337,-1.24519919771038,-1.7223124301604047,-1.0875882948205193,-0.10831274743885874,0.40307612419580896,420
-1.1621979997400638,0.710759306983491,0.6735581316018532,1.6388388030567724,-1.34306731742154,-1.8155736839744885,-1.1613444735701828,-0.10718273753208049,0.5684762046255484,421
-0.8463123863423565,0.6081316427536337,0.6163983739099272,1.428414116506769,-1.1506718650047596,-1.5831915083857335,-0.9865150068871958,-0.11326865049003308,0.4741186459553131,422
-0.673367233882526,0.5723688175453159,0.8069140866420177,1.5507532805158268,-1.389880430953436,-1.8536900797740516,-1.109711367375526,-0.15043169530642259,0.7186623194622418,423
-0.7763586152185173,0.5612875492386267,0.5824215707794458,1.3952459495243608,-1.1139229519300242,-1.477795859677944,-0.9462823388013711,-0.10833908221113597,0.575460637134903,424
-1.5140647242263432,1.3030297486555433,-0.6146951919396744,1.3697723536346615,0.1442952126310121,0.5773608232539319,-0.28037473732541185,-0.0020163807904482133,-0.07339837584109324,425
-1.2612495814083555,1.4302682900094472,-0.1466923655484753,1.8150709710639505,-0.41389456143561626,-0.20609897880247127,-0.6478588505535183,-0.18498242239522156,0.12356023441442147,426
-1.236250407058103,1.384785875059904,0.07857060083320386,1.8900992364096552,-0.6733701962401686,-0.6106249336590365,-0.8001798827615995,-0.19856791274368504,0.2406426326066843,427
-1.3177600454041496,1.380027038044659,0.1709409351780998,1.965773610167189,-0.8216812761245671,-0.8628169928808704,-0.8864613471856896,-0.19989545675995696,0.2689115082821747,428
-1.1733664769157373,1.293837021822135,0.30685371534117106,1.9283773536637339,-0.9305119878084177,-1.0359909484619085,-0.9361617426504704,-0.2220816468148114,0.3395709382242714,429
-1.4290602377532657,1.345799478637123,0.17797617895892298,1.9177190501035843,-0.852915909948695,-0.977927742456875,-0.9106716751696786,-0.17159013198255307,0.18931464069763723,430
-1.2805786618628099,1.2512562201231026,0.2511102853584619,1.8433428085937247,-0.882957285799666,-1.0398959678288109,-0.907360297478545,-0.1769687422219575,0.21782810226260385,431
-1.420063072370704,1.3065842139929955,0.2358645985702323,1.9150704132213223,-0.9329194609236234,-1.1024760195988492,-0.9453900721862442,-0.16425798427746244,0.23559361205589455,432
-11.481650289527428,4.246103199550038,-3.1800906024381828,-0.6831005534380169,-1.8108389010973338,-3.3674370240642904,1.4435181027276978,0.15727799549667357,-2.3225725042259295,433
-10.558580129421038,3.559884655760583,-2.6272915645782695,-1.6775521748408408,-2.751114356154583,-4.012792044664029,1.8092924858400543,0.23982220078404393,-0.9435137408679257,434
-9.997814054947112,1.577125868633889,-2.5238557872837126,-0.352642370173484,-1.0228692293272583,-3.7674273389917725,0.007636935418280572,1.7554729734855203,-2.739734939544895,435
-9.287997883429178,1.442074630849768,-1.8894682437226673,-1.1687529291195897,-1.2341595226279083,-4.299720420755459,-0.31858827834674774,1.9693152896282153,-3.6219078239945692,436
-9.92653767878909,2.0450333306525232,-2.257426496909913,-0.953810610020567,-0.9649157357368308,-3.396401096724319,-0.28795529390147173,2.1005462409942837,-3.7741479685790096,437
-2.687599263348819,-0.7278807575732206,-0.40733914518522907,0.2545508031042824,0.4858823379470538,-0.6716678954893883,-0.9844388604498537,1.3514452207778942,-2.3178112679639185,438
-2.8296958143760165,-0.9161585276212143,-0.6499620307621365,0.20768558792844366,0.4154532439129856,-0.17681620113704927,-0.5377007042026342,1.5947244008892978,-1.370462878203381,439
-4.578136333062502,-0.21368289776577445,-1.2963761163647243,0.6835739411379236,0.7730411229609802,0.5708869076819849,-0.35440078471685893,1.7987393502222153,-2.1070679257127978,440
-4.3760680389168005,-0.1850323230827098,-1.3163909374869323,0.2654788947815596,1.2203807033449374,1.2240705383045254,-0.03731244862905081,1.9198112461867762,-2.2431085695038036,441
0.710823302559535,-0.8411301133745903,0.10832428923973089,0.38104420526914773,0.6278620219363702,1.3117658038398272,-0.5811892492899251,0.4360090452761387,-0.26853405876962166,442
0.5942401256388525,-0.4717211463670767,-0.03366010840899085,0.4631559035000807,1.1309547495914458,1.5980688252429953,-0.37662632972895665,0.39505261237885503,-1.1955812626682498,443
-0.058171819126832926,-0.44997279017217,-0.32379933024689866,0.563171111426508,1.3561838513560074,2.1933659552281863,-0.0982703722042618,0.6627805325915449,-0.8486080651389376,444
0.07135159433838872,-0.6638787902076084,-0.21439364432596342,0.176852393008135,1.867098569098807,2.650404262752843,0.21083908415760869,0.645054780740278,-1.6356759880755933,445
-3.2556691551704833,0.5694063308324427,-1.9432000112290024,0.3734801857529067,3.128998350750516,4.045761541037311,0.5217165742350652,1.0707799953647128,-3.873147033907038,446
-1.7378209339646165,0.06007712127970748,-1.0332097839015963,0.30860671636455106,2.7693953095864114,3.5724011627312096,0.4620062917145405,0.9713021678320454,-3.1326454217139292,447
0.9604363378610228,0.6391454992834801,-0.3785347248643049,0.4385654574238948,1.654939248635663,2.8422797496216283,0.03114851677564891,-0.26297062253244263,-0.8757897405510071,448
3.120021177389773,-0.2049041946948992,0.38676773575621065,0.23889107631543885,1.3378423880655321,2.5541304557058058,0.39993076279436934,-0.5983347951462632,-0.004559478689586195,449
0.2909064207626767,0.5709117604845058,-1.0772151023755592,0.3211646970035437,2.634004011778439,4.019523342591039,0.9739171174811613,-0.1354509608314099,-1.8017564350522484,450
3.1954306437260236,-0.16544364449541069,0.30020231803024505,-0.5734184279885426,2.631497832254697,3.4397145421454582,0.6753299959953688,-0.480342926080745,-1.8704067244732723,451
4.154464855811437,-0.408296276474582,0.9321054051172405,-0.6679852818182752,2.3240459575496506,3.2037906467694044,0.7615288645426924,-0.8832549391453579,-1.2307151492283297,452
0.8784746406812632,0.02303060812274001,-0.47541838858045393,-0.4062481339175311,2.339778912330509,3.0480926514995015,0.9963041607082116,-0.1484014790259632,-1.6684776866506184,453
3.817176723860203,-0.18650372650418012,0.6697029410910906,-0.36651565877697034,0.4806208028485897,1.7185012730614648,0.2943217464595316,-0.7647520504724954,0.7518454720333775,454
2.5309011397554633,0.826698459689235,-0.014987402843293798,-0.08479985233532981,1.3650770631659654,2.307539691862119,0.34135641318046106,-0.7177486122349879,-0.8540933920638091,455
3.2397987686836127,0.5521102898515057,0.09624711309535566,-0.6061041168654725,1.895134771190995,2.778179647364451,0.4254156244962123,-0.8576583295627308,-0.8376016688251853,456
2.3265266588443048,0.7767735281309839,-0.4471862739691097,-0.6063468810823989,2.2498751527903567,3.0721885563634466,0.6405739359592488,-0.7377491749858808,-1.7217907388324034,457
4.693030683711365,-0.15629858454119033,0.7501669118589397,-1.125420469026642,1.5857121474399432,2.1642239362287974,0.7354465496013525,-0.995994240712704,-0.5120219588336404,458
3.3035093816785213,0.15580458880519246,0.29073397979699617,-0.5963438119918488,1.6727323641757923,2.2303816162211967,0.8173656495150995,-0.898023631267437,-0.9783113502294802,459
3.0232080765931437,-0.1044759542488436,0.3964852353406741,-0.6860929972501575,1.2855080516458255,1.4219988266897619,0.5926865021734292,-0.6325676448203428,-0.8862071764414207,460
4.130039357090719,-0.686084744086467,0.9240061686633481,-0.7477244178239374,1.1383649773294124,1.1701255405371136,0.7181637299618571,-0.9758585642729062,-0.2633034938652702,461
3.2443468040709944,0.08252971843168265,0.6089403731461173,-0.94544148201179945,0.45623262809568416,0.6819378613286826,0.1691409212388522,-0.6317823012653613,-0.13789201505714785,462
5.935989308765851,-0.553393143381439,1.6885983216341265,-1.9728986619909334,0.6731578712616617,0.2886851465798307,-0.04170788821138043,-1.0084829382526634,-0.46116449243077684,463
7.171355091704653,-1.087165903874506,2.0393572052239093,-2.2185939502227745,0.32367463639456506,-0.09482453846691138,0.0683813973899161,-0.9991924400406276,-0.29559741457666167,464
6.206591323195073,-0.6880401259406457,1.7106134651167118,-1.7689686596156113,0.5741307478205449,0.1786103140692073,-0.04605005535695354,-1.2398382525293188,-0.5539463195198436,465
7.112277570143393,-1.046684352711052,1.8628767237282688,-1.7587894630187713,0.1871807248796132,-0.28697992045375414,0.1837208900598197,-0.996520599093191,-0.09721271482681575,466
3.5787089396767504,0.0705950894891103,0.12522392858013912,-0.6234078679730212,1.1855484777652123,0.5347524060193284,0.45715394986990937,-0.9389282224312054,-1.6510294151290377,467
3.2861191837877484,-0.19225709359239485,0.5497462415431466,-0.9923492362012715,0.8214451058413941,0.11485418856239192,0.02894806200895554,-0.5831438019338266,-1.3414117043894123,468
5.029410260334211,-0.7648773601970938,1.2537862799690946,-1.1225637692388533,0.2187382980341276,-0.428196409105282,0.03292485555518154,-0.9608325211310281,-0.31293303232859143,469
3.5645667670912395,-0.27950408856353787,0.646648561312629,-0.8100325960624378,0.44428588185957496,-0.033859972662414,-0.011313371850240334,-0.6815930784508849,-0.7292413133442371,470
2.229200427394053,-1.070191319458486,1.0369312985633896,-1.322807399729672,-0.174158437755627,-0.5058593791873037,0.09789876821394736,0.10325094680548207,0.24345985418733238,471
1.2078147392182634,-0.6630984546006181,0.41463358749020834,-0.46940913041661764,-0.26653546567813746,-0.48309764664703425,0.266067336217384,0.021694386696503823,0.2979672407222922,472
3.5942119495605827,-1.384376824304786,1.7196537706856068,-1.515256549313951,-0.2596374854266016,-1.8195112628602104,-0.25075791401800523,-0.09511680490568603,-0.6458988637520725,473
2.2746705245791716,-0.9308874311075106,1.0927879919699028,-0.9958217032456631,-0.46915595843504937,-1.6696615958136714,-0.17255582511393358,0.012046277889709583,-0.6325336336490178,474
0.635764966849072,-0.06403435350433685,0.7771225225997378,-0.314235885773319,-0.6553547031396219,-1.64246105037633,-0.9695844199149714,0.12801170029836245,-0.8790310573969037,475
4.22548115326237,-1.080570706439264,2.1125604825536803,-0.586901154516552,-1.0729576648194945,-2.3947113224308154,-0.8190014547485767,-0.6687296546886915,0.12882638553046605,476
1.8956459829990122,-0.5817966096062036,1.0546340949813011,-0.186139554362236,-0.9304166012929296,-2.0776593640676486,-0.6848804140654564,-0.12034189486319756,-0.07685235487373682,477
3.5958540864167996,-1.0374928695658459,1.8657284548113637,-0.40821850427871087,-1.2651842007021403,-2.5325966264171806,-0.967903570754757,-0.4212424314881947,0.22275798560590326,478
1.5869763799465901,-0.4370017582041007,0.971301641192413,0.12044175130257931,-1.0817279784418898,-2.1376731366069657,-0.8816540024144542,-0.16435063330064686,0.06262860137932405,479
2.440371069437515,-0.7271901861265251,1.2850776966804887,0.026734172497703292,-1.2865789463344888,-2.3498384171195683,-0.9293216492169715,-0.25682777551567293,0.4679159855640779,480
0.5220330967398585,-1.3151927941344306,-0.14924456336904818,-1.177440268442398,0.4621995813192334,0.6514589261193477,0.761054554697808,0.47116927244223444,0.3260529239451546,481
0.5590202232550319,-0.9191458182376794,0.30723681046949125,-0.514302301714827,-0.14803557361934241,-0.25621471995910416,0.18809187626398555,0.29036263186524863,0.5308384377794001,482
-0.5963173271972472,-0.8863008511545267,0.15298639223631383,-0.5546540026771396,-0.3157044562899452,-0.8431353210606443,-0.09218162606744087,0.4770384950905764,-0.1356148585607774,483
0.4223510781378629,-0.861432870889803,0.9165210839607248,-0.0986037661259134,-1.0036300536203242,-1.8398245816447287,-0.6131009751866591,0.19921381763214213,0.32381432221448314,484
-0.6000968552643288,-0.3561158813582061,0.6342798557579165,0.5884297131704693,-1.1862801980484852,-1.9907800853511872,-0.7876266027475682,0.21177736433711855,0.30219868181680276,485
-0.8812226040377822,0.018852828036750893,0.6243467718765463,0.8795108755536595,-1.2352259132540866,-2.255392939410353,-1.1325411329549704,0.12476754188079592,-0.19527221192876798,486
-0.6455921993626155,0.009053441168513896,0.6704965629400381,0.9966729531906758,-1.3641461473216767,-2.2386979999661984,-1.1121607677246717,0.07627932611937317,0.13409606318828304,487
0.45594512038146473,-0.18765147315001116,1.1404095491498139,0.8280669012656319,-1.4925701786440544,-2.4535402848762593,-1.2121177801112177,-0.10142184198134019,0.33453098260081404,488
-0.0717818341924046,0.04890066961732995,0.9363936652326685,1.0279355478663408,-1.4496292689047907,-2.333504310718593,-1.266021173380401,-0.07046039817460283,0.22456200748515204,489
-0.083257664862919,0.08863992841708483,0.9141845856636175,1.1651523695223482,-1.496900900166024,-2.364878059315882,-1.255186337667123,-0.08218793526305633,0.37669621774169737,490
0.595395395472318,-0.11737214370260263,1.3149075790742528,1.191921440124042,-1.889881066248487,-2.804293313737776,-1.4220151849735807,-0.18553789761468997,0.829070768354878,491
-1.0809077480835396,-0.6024706732430997,-2.02350355367835,-1.1006672827289063,1.9372107802111216,3.174128073792027,1.5039683417772052,0.7050623906191567,-0.05242263310397366,492
0.22159478927373893,-0.5621715265799077,-0.6233839163292639,-0.5238022316910433,0.7890069616868653,1.4553857093545244,0.653195266487931,0.284836415427061,0.39167862365914113,493
-0.5321715408636684,-0.4622357156959823,-0.6079765514027685,-0.30729973881614864,0.6855843241980945,0.9929848200992852,0.2370416166636841,0.3109443333731747,-0.09882668745214357,494
-0.3897372785452492,-0.09293795054060869,0.06633850842050819,0.5068702299906639,-0.30880672811665255,-0.2640851603979267,-0.30718780073216906,0.06739759191853584,0.33469938848570224,495
-1.1215939466180769,0.48181439861378267,0.2176130739517872,1.253932314061989,-0.7506108944227482,-1.0493659980667045,-0.8237833802254886,-0.023330257073755183,0.2924911880993963,496
-1.8232934821441598,0.9815259701878918,0.26655412901055364,1.8742378673946236,-1.0824656329365863,-1.522060630629033,-1.2782602750446626,0.006021929423294092,0.08599089985434312,497
-2.605745334947897,1.2682992286473749,0.07590601978956564,2.1607956624131837,-1.187660642288846,-1.6428861288558816,-1.3706965317599205,0.0020601371703680305,0.11487629577257183,498
-1.9783971681070809,1.1247781661117144,0.287306062413574,2.034869000702675,-1.177006563561774,-1.747786427113859,-1.3259099713583284,-0.0843596059145738,0.061494078979712034,499
-1.3477145655453129,0.88260474692401,0.5742159235575165,1.8900782328768453,-1.4373489915563522,-1.88473743521997,-1.2701847659646233,-0.1539684260554322,0.5016154512949765,500
-1.5474422432597659,0.99244585033662,0.5672322078029138,2.081723038732562,-1.5196153964241317,-2.067301723949665,-1.3715448705240658,-0.137693625058819,0.590664578336698,501
-1.3078122950131397,1.0006022062720576,0.5992313469983243,2.031187995418316,-1.5113736207233877,-2.0090675020995916,-1.34224241104594,-0.16307938992405085,0.4918989218389465,502
-0.2797049053550514,0.32397558111515107,-2.059715542765376,-0.4719096917768998,2.0567435479676424,3.774594343839823,1.235242015677554,0.2937851977700557,-0.255545928159951,503
-0.37543852456878085,0.8400510265822101,-1.2037833598975474,0.41731903273529614,0.9824559666599305,2.2122013019949316,0.4526792895996793,0.16293849037649763,0.021782319277303546,504
0.22407221685989281,0.9109306276172298,-0.25525702947177675,1.1310843675020563,0.09971133351093708,0.8303213138719677,-0.1548909177416926,-0.2236121654853697,0.41451963242521944,505
-0.07390378686244958,0.9988232581112635,0.15754466852071114,1.4972481265094602,-0.5033204865893907,-0.09997612257024913,-0.5355739729310193,-0.26082827096908434,0.6312478082312871,506
0.15097264251553486,1.1239011266486594,0.6893565205679596,1.8822203895347709,-1.0446276015166838,-0.9217775758355939,-0.956417064150356,-0.4152347503572925,0.8270269898797703,507
-0.4690046337241576,1.4413778275504827,0.6833387430600133,2.2889847427845087,-1.264711283099904,-1.2746461043609019,-1.1872286261558649,-0.4190176637896448,0.7316677164089112,508
-0.5628252262516973,1.2092225745500584,0.5712824616975188,1.9666783995772326,-1.1014923347219892,-1.1738986364920592,-1.019150557417154,-0.3169063987858237,0.5970528325303006,509
-0.8121789413231153,1.5601824541096474,0.7539505399351965,2.4510054282138447,-1.4102196766776556,-1.6490056846939298,-1.3533235395734482,-0.4207831070925439,0.526259977253756,510
-1.2333081246106543,1.5480450048669616,0.513782396600366,2.364140348851082,-1.26890649611166,-1.4872655339661907,-1.23743332902088,-0.30719466747719704,0.4234185285843403,511
-3.1790025579263843,0.6764897839707849,0.008955346341629108,-0.1878246829528139,-1.5452600730088586,-2.145945450676511,-0.3426271789696431,1.0863435553243521,0.4581396389255354,512
-4.563027709664506,1.113545439072872,-0.932261539676497,0.12775840270407676,-1.0578625261783994,-1.1900584839525912,-0.02905776065947611,1.3520227904686946,0.21818033506909412,513
-1.1733606221022415,-0.23237587394418377,0.06225679831978584,0.853047184376625,-0.2596913706319916,0.16894964452977296,-0.22420119248792372,0.9054984907432158,0.7955920420218187,514
-0.7759056023497545,-0.09571665044587714,0.2552232784228092,0.7849018316221082,0.010990978810921606,0.2853487072675109,-0.23571989772815966,0.8195702208143516,0.33275077884390514,515
-1.349798301145288,0.03993047513457624,-0.09414062964031317,0.7743939615369446,0.04451889838157261,0.6075303151131631,0.00934671210422784,0.8496044372242804,0.5572944095433372,516
-1.1545995211387874,0.07958097410320493,-0.06918325475793673,0.700885704377123,0.01633651769893965,0.5566907240876214,0.03559916480957521,0.7664102907644631,0.5687130823649276,517
-0.47455653270223674,0.24152056768914437,-0.23478744449593206,1.1681660831147809,0.4797672701899834,1.3244614134099193,0.05117180554935468,0.29026351124636435,0.5316188053952344,518
-0.16515228762392611,0.12019189643116872,-0.037587798765768544,1.1188101582141952,0.4285736404358818,1.2559304682615802,0.10242008893050167,0.2693451089718056,0.6677493943306646,519
0.2617549280268831,-0.03407714287572991,0.033959260021605334,0.8781618398349453,0.5344391910323525,1.348411046111728,0.27951341961539367,0.23853029817847263,0.6879524522930693,520
-0.40269155744945434,-0.02485390978794821,-0.22099607746184896,0.5398246468569646,1.34607836730712,2.054762567739774,0.4969597723543347,0.5293879455797436,-0.8282118777977102,521
-0.004646249775735144,-0.158584239341931,0.03963948260717423,0.47938861661257015,1.1705912088379402,1.8355704473179357,0.51165733605736885,0.42376498786888933,-0.5376945811392041,522
0.8732751337870792,0.43173770683256957,-0.05254838866042489,1.038661355459228,0.5132464832980631,1.5670347464436696,0.20093856979328836,-0.240269843370463,0.7520417926977628,523
2.4726101247713292,-0.23822850100707826,0.8137513567955446,0.635502490892553,0.16450546215219955,1.0809381867086156,0.15608024498497058,-0.41848951470923557,1.4651547707586152,524
4.115198328929624,-1.1826292712463256,0.7760747841283563,0.5963505744166965,1.0546203268608205,2.478224842883265,-0.3590474028205467,0.0422046477678815,0.8688160755030895,525
1.531184068348889,0.13830162951388703,0.1168218986428662,0.2767946110827741,1.4023836898377553,1.9999458518560473,0.5320024251751818,-0.2594487972450047,-0.45461879389597964,526
0.864309413293876,0.41754410985183066,-0.1904570318334148,0.5779834923584323,1.542345076497539,2.125177017117768,0.6033151418444996,-0.29025472675219555,-0.6974705697196695,527
0.3564364947721225,0.22887267856734805,-0.41814042290472053,0.388443145667781,1.547995010534425,2.148907774849444,0.8358285468209614,-0.0978628041067076,-0.4871165817807261,528
0.880665486585753,0.011426184059736598,-0.1006852601754581,0.21383111123233411,1.3141325991644386,1.7458509612730944,0.7001220486968948,-0.12064322234825132,-0.33605838321499204,529
1.4426477997667264,0.3613254492171492,0.2000723463812528,0.5348118763262705,0.1962447426558286,0.9895956547555521,0.11096425167030943,-0.36205825616309467,1.0367911385157214,530
2.379265616033672,0.06975083640225822,0.5413888611985409,0.3666252191996212,0.1903729247014296,0.8946373332216145,0.17810749612355026,-0.5300742003345984,0.9220942987234806,531
1.3333895013811505,0.35054425184691057,-0.030393148032641457,0.5949166003361329,0.4088199799519124,1.084064175480921,0.34795150850282014,-0.39249575022939126,0.8958443228919332,532
0.6105724601626754,0.7583528402929419,-0.5201068547434144,0.3864653988064362,1.3363385502481622,1.923961391725409,0.5402561303830656,-0.46582490932781007,-0.6751643654284987,533
2.6113175908496533,-0.07677985609291832,0.4950530042672076,-0.09765861480752554,0.7129565576707567,1.052214672973692,0.4177245079423257,-0.5513043350032888,0.3013286540654887,534
2.6469559416798814,-0.099897756496409,0.42820312321231063,0.06655424998384692,0.7114052687866591,1.0684849671483692,0.48311447184081335,-0.5967260813648622,0.2977120748927168,535
1.584517617014201,0.18588997134914104,0.08581149183086904,0.13214885903372622,0.9369105822414653,1.065653168768795,0.3954322912439088,-0.4711647117099027,-0.15008235578764548,536
0.5513111159542577,0.326895367736198,-0.17511011246659947,-0.026257525471290243,0.8932607025666461,0.8929099529407871,0.3100725520723295,-0.24693713067996312,-0.6891315966858297,537
0.07825605172153367,0.4062450711655872,-0.43643631619414897,0.1127843564516505,0.9052302966155915,1.0333248933988708,0.34879062524705257,-0.10071081445301787,-0.5661119497199499,538
0.8677123364238362,0.39642356706628995,-0.18889730019785808,0.3956915976237695,0.16263553788026103,0.7333060783933597,0.3042711777825535,-0.23237317845043842,0.7834500069632847,539
1.8648256866039952,0.1571899851783725,0.4254766943204355,0.25216918429663987,-0.06559564023120769,0.2620256014581393,0.08410393348879677,-0.3465941258565226,0.9969039989301466,540
1.2516186783330714,0.5329107205318969,-0.13649184685335009,-0.10346979650003445,0.6908253117427843,0.6249880681572534,0.07642767642507663,-0.2773307900324627,-0.6608348643566022,541
1.3996453673554088,0.498294833544382,-0.006956594992829074,0.005181665382832423,0.6809977834058345,0.4029661830917884,-0.07943463158150171,-0.27974907508048596,-0.5022032980336211,542
1.9390163191243202,0.16943655279369577,0.04385205647257212,0.01420415830242742,0.35744638976940996,0.20917280440534006,0.1719164834349666,-0.4720171894619702,-0.2263235738550861,543
1.0659492884083404,0.5068954560810223,-0.12236326163954456,0.17332882950552037,0.4498250798576731,0.30017068454362056,0.007239148109882495,-0.3204509372772819,-0.4556089726731915,544
1.1359105397218703,0.40315809486267584,-0.1993458088499771,0.14232580295762048,0.4785376640810278,0.36356279764223987,0.07541135570292162,-0.3184306088996463,-0.5005543675504841,545
1.1336336569798142,0.1284750483188624,-0.13322280575904374,-0.01118476976176994,0.4805680807431823,0.14807863177527167,0.08662039580471055,-0.32867363784767595,-0.6183685736736294,546
1.1136208935690999,0.1436513927098893,-0.20156254921533823,0.026771868069631624,0.4582266148577288,0.07782418234174047,0.05746450653058795,-0.31886135526633547,-0.5739006004264429,547
-1.239045514085266,0.47167255744600717,-0.836197571413155,0.35690176835859616,0.3520391395354942,0.6576842185774519,0.21889491308796466,0.22674824541100141,-0.2796846558271455,548
-1.193391786274973,0.5188487254216617,-0.6926501670149843,0.42457475045766363,0.19554315318636067,0.3386568806486491,0.02346404922191079,0.23907107734247454,-0.07530050985096925,549
-0.6858353466799126,0.26063222276099035,-0.5509105923164702,0.17468666613723563,0.18069144849446148,-0.01608099687051486,0.1462330867810224,0.1639000913952103,-0.5218955044943691,550
0.10828508166276656,0.01632558460919951,0.07942261285513116,0.04049238920019717,-0.15613924703175502,-0.6218795589063281,-0.46355285840010385,0.13378877027288227,-0.3638599816257898,551
0.2868527758011608,-0.10735745627437963,0.07651882642893687,0.2515657472665299,-0.4514111362959032,-0.7005421208527514,-0.25357909087639446,0.0647152136818486,0.3083658257952579,552
0.331045212651814,0.05017561245021982,0.11136093324521291,0.3597132542830866,-0.38524810923613645,-0.7836296908527858,-0.40094176062189274,0.014264862799527586,0.03456122804462507,553
0.7459083788413104,-0.12314046833124838,0.3811019764148056,0.2665558572538054,-0.602503094140805,-1.1327588504374309,-0.516258748171327,0.0026928949286837978,0.29320276010315643,554
0.27913256104817885,0.05783007322404215,0.127795940085795,0.40986950158172947,-0.47895229340869067,-0.9524488261787759,-0.49871116668563925,0.003372532698010377,-0.047110268758942156,555
0.6383794615984629,-0.1291658773426621,0.328256840702522,0.2860313883210861,-0.5731755847611261,-1.0608102540268414,-0.49628973199924975,-0.04687749613674279,0.10560948289831677,556
0.552646415262949,-0.06561908672641202,0.25924986490127216,0.38703375791354094,-0.5908394466170565,-1.1075905573576157,-0.5561068250762752,-0.03760410657338345,0.09304921347434111,557
-2.563044989966934,0.5802819366262997,-1.5685649761646405,0.4036744945968584,0.8263239462945625,1.2711063723893146,0.45497950840694984,0.5332723642064933,-0.5885145583707833,558
-1.9680235592340056,0.501866743620312,-1.1247887400638783,0.5103163050444962,0.4887387085791454,0.7962789011718937,0.22578089525942732,0.38430214779398963,-0.35281672092546473,559
-2.780579325278477,0.6308620439438923,-1.334006851069351,0.5388430715781977,0.47414698746802897,0.5208988142783193,0.07444441072494187,0.5212352131716085,-0.8773948430603862,560
-2.099817710331496,0.5238801245963676,-0.8299643723075756,0.7098442828677776,0.06511670881750996,-0.02818829930648851,-0.2088219188097257,0.3741732156698717,-0.5638140080692847,561
-1.221508970215552,0.26562815433640863,-0.3190854875979834,0.7040021448035705,-0.3337186217499434,-0.4656996058955461,-0.34205038256849657,0.21645148150710716,0.00640639049920734,562
-0.7247773710986185,0.21189150167835497,0.024855492128294104,0.8013030993405752,-0.6069461898821668,-0.900964427131941,-0.5619489055248641,0.11001128862362722,0.15800029236272933,563
-0.4378285272982529,0.13142200715355995,0.23346614529307189,0.8042739446690765,-0.7826319206655127,-1.1077793362285218,-0.6339604587435894,0.06035882092959258,0.3519749130086887,564
-0.5958416607667621,0.20129136208445142,0.20259624476442772,0.900526425728594,-0.81838131597268,-1.1878164118165029,-0.6827096100289224,0.08333592025491926,0.29275573365124224,565
0.04746175900535194,0.15046753712476618,0.4681273661019853,1.115467279048584,-1.0441582379947965,-1.1832187007987405,-0.7063883946108692,-0.06272835641213999,1.009440234534721,566
-0.8060698264279506,0.32621234899713997,0.22610155963090456,1.0798746726745192,-1.002185974971516,-1.4519581285780283,-0.8764336498053381,0.05262374692187289,0.30411543939334823,567
-0.37622141857108005,0.2146858481422624,0.2405053611343263,0.8396478846457051,-0.7715633565157368,-1.056693049593533,-0.6452802801534318,0.0047180631668864575,0.33278773923222643,568
-1.6601460877643839,0.32039734645458057,-1.3587065523403645,0.2662348724820283,0.8273905059719909,1.5321027029749508,0.5471528284873062,0.38614860235795195,-0.03370539738737165,569
-2.41329861382569,0.6445851610903354,-1.5753848510404727,0.5205114755867477,0.9107326185224421,1.4404880767893402,0.37134572482440226,0.4383765471714194,-0.589363333037518,570
-2.762603971281761,0.8964689875439845,-1.4637577571770266,0.908139450824884,0.6074961153995311,0.9958444619336431,0.12487683157097529,0.4024768971686662,-0.5893105513371157,571
-2.4946496031748837,0.9249214677519129,-1.0479800427365384,1.075510432354481,0.21199624448975862,0.3773458232441833,-0.21127950133730009,0.3007510697924621,-0.4343965198046669,572
-2.316373013519937,0.8776822042346009,-0.7878062611155884,1.2135858412446776,-0.12047289509683295,-0.004328347690967142,-0.29540103802002715,0.2091345678722717,-0.16845106118553793,573
-1.8971706689941028,0.8270964197784034,-0.47033498846773825,1.2600412687838263,-0.35763850462072816,-0.31959294706669517,-0.4591158975489115,0.13402281951351155,-0.005942276574216111,574
-1.663545017176221,0.8575142380630979,-0.14090614298217055,1.412999936921308,-0.6632947254658925,-0.7913281183340778,-0.7470688351962604,0.03971813453555793,0.09975390627304988,575
-1.168505797982394,0.6630187355456656,0.03251809472535961,1.158493373802061,-0.6244069424286907,-0.7788366957676628,-0.6564816035450941,0.009590381959088554,0.17090348226640317,576
-0.7551339515762833,0.59043783231956,0.3532967372187843,1.2532943682287723,-0.8993718997484146,-1.1289064547984275,-0.8283752442694167,-0.0703582639742371,0.3731596457286148,577
-0.6330451784490583,0.5154112368470198,0.3951765087956647,1.2496155906384057,-0.9584150059875438,-1.1860580772071536,-0.8128877703382853,-0.08887000607488926,0.4967708441641576,578
0.03907415349321572,0.06643224877928323,-1.0235041019228852,-0.26496928309785966,1.038177911453579,1.932359613984038,0.7035418560872183,0.22424434071033883,-0.020984265461202484,579
-0.17172861673950165,0.28417698882978665,-0.7128954429029882,0.21887934525400587,0.5820157647426082,1.2556488529439085,0.3599544366919358,0.1260252086863198,0.1363949603139263,580
-0.5834345238614469,0.5464975393664377,-0.6013240331517833,0.5858841269268461,0.2935653467494541,0.8129112145862928,0.10495922187353374,0.06888304426707996,0.09677499033427284,581
-0.7438770054614131,0.64049838048387,-0.4089889858195254,0.7932716509471431,0.035404206926038434,0.3770092534622767,-0.10270717503130605,0.0319922061904698,0.10008154725929636,582
-1.3868733610923056,0.9812526322068842,-0.5333874670641976,1.133476536134946,-0.010104669951141836,0.23971213722092127,-0.25467125758256937,0.04734937086378275,-0.11616233545264174,583
-1.243484355883454,0.9883665549770017,-0.2915205943240363,1.2856632668533758,-0.2785735024814766,-0.11823220046739497,-0.4129048416104161,-0.014355288091429752,0.052481126372118776,584
-1.2086897334680842,1.0567041388470089,-0.10337598212564199,1.4461260697802296,-0.48012674446166165,-0.43293376167264136,-0.5848548897864727,-0.06624840844823525,0.10538057455521246,585
-0.9990597412516192,1.0553561145778945,0.14836391749739963,1.5594426121184575,-0.7019003137582717,-0.7620262739377734,-0.7369288055480735,-0.1334618367624412,0.21473776129107544,586
-0.9958995408696882,0.8498224509894268,0.014404577341331468,1.249733574625704,-0.5166859761489243,-0.53902156653083,-0.5504702115647941,-0.05347027571866219,0.15519550173093183,587
-2.527839316426319,-9.16720301563083,-0.9985277971818921,3.505392273517328,5.313161030373387,0.9267317552172168,-2.731764467227922,2.799421113707609,-1.205932494520198,588
-1.2694682762706357,-4.861754594254447,0.05294137678421452,3.208338128471243,4.230559777022354,1.2157302739213403,-2.8456221879913284,2.6764630991163116,-1.4478808622640849,589
-3.5974052260684792,-7.823753569261942,-1.4842925494965782,0.8100122626498499,-0.1540961500903328,0.8054638973949451,0.7761157219621527,-2.0151403445285725,-1.5026855452995005,590
-2.0351086114371175,-5.807042438779084,-1.3567892211702075,0.29205153991524857,-0.33831653119813054,0.05255061914527783,1.1142001338107914,-1.0897256921357312,0.575220750194735,591
-1.9460115360049233,-5.655281437862625,-0.753902855093853,1.0689452871404912,0.26390460091769086,0.6254293775356816,0.09616936040614141,-0.579529566897067,-0.277484513647986,592
-3.6130741397212476,-5.878586219896061,-3.8130550187954246,-3.4049749922378796,-5.667528811003962,-1.4943304814854095,6.4361934363803055,-5.982629236181823,1.7840193906727646,593
-2.893400603266044,-4.635530788119455,-3.235028939273621,-2.983286445619486,-4.853407804410342,-1.3332632302921101,5.4924372082538495,-4.949717510747166,1.732208797843697,594
-1.0506109529659438,-3.480754911576473,-2.274483115679341,-2.168017223108092,-3.8687570031525755,-1.3626850982691665,4.295480212988378,-2.839720876515413,3.2760730232717385,595
-1.1375331453257373,-1.2750165386864376,-1.3162867161926584,-1.4152347174978992,-2.828355567677191,-0.496743270755266,2.7546427631972947,-2.3188102146507896,1.0282234179140515,596
-3.939059026571231,1.5822794338463473,-4.407356952942245,-5.808061004464702,-7.869258051204913,-1.7414049427137035,8.29617802795343,-8.806571527006016,-1.1438326046899234,597
-1.965784471679559,1.0173864538321813,-3.2545457034504626,-4.297393027458405,-5.637773348121412,-1.8106898914007175,6.137173180812278,-5.412046051386381,1.2654008584296899,598
-1.9190105497428147,1.2779980506420536,-3.351547959153672,-4.61118586496858,-5.884321488347706,-1.9064101286792912,6.392733781681576,-5.598856643437861,1.3489115576728674,599
-1.5216096057411828,1.2935402904946351,-2.7804627138500027,-3.8555197654007376,-4.8607795433893335,-1.5996763988657803,5.276565531803642,-4.550105389740657,1.2098747512182109,600
-2.469183818230276,2.0366564550699184,-2.925915109188195,-4.112643476101095,-5.276072204788587,-1.1174556482694298,5.467702585082912,-5.838728790838519,-0.9156028798237027,601
-0.7766025534250278,2.4027345180118322,-1.2633268232780255,-2.207394278268802,-2.8675303829733663,-0.6046760469573182,2.727778909743313,-2.5769498231919936,0.031846285914913154,602
-4.1974680753784765,8.900406541659912,-4.2202453661065045,-7.614512649748324,-8.481609011960222,-1.580314770524499,8.342425255076266,-10.824908314069399,-4.524243703472005,603
-3.2888921362110715,7.10211392945779,-3.200637095155132,-5.849078733118317,-6.485851926118693,-1.0918655813430542,6.303216701916111,-8.314195666979641,-3.635822411127005,604
-3.4414036802162373,7.783790541323697,-3.2308413537294087,-6.212011688037366,-6.754051715693132,-1.0260368151852932,6.426225393731029,-8.748518034760194,-4.108229210939803,605
-1.362405099841605,5.316242583207348,-2.2963338451120587,-4.360080643725394,-4.4767252321019875,-1.188077180499768,4.596943384744537,-5.092362390101706,-0.7196349108924006,606
-3.502967431464807,5.872772326055904,-2.9329045623593153,-5.291115386468293,-5.817246841062174,-0.5853465921354016,5.509533594403786,-7.92566557500221,-4.11826015483258,607
-2.4545953483003338,6.113131947909459,-2.022474798036588,-4.352044021295289,-4.561988426206765,-0.3677765635017403,4.046454876500613,-6.042534636480459,-3.389673393649746,608
-1.187699501720031,4.977222292942708,-0.9961509223664455,-2.573073616251648,-2.656114167280108,-0.08393550540083018,2.1468997200529563,-3.394649707072903,-2.053225839387152,609
-2.9623862408922723,7.430770383869115,-1.43458414586708,-4.174021936784877,-3.4502310089690544,0.1607768218992845,2.7486583100124458,-6.481001752776487,-5.093982378538065,610
-3.5351602797890638,6.528220248006097,-1.0716546651993628,-3.233502266486104,-2.923088496194221,0.9928805407940152,1.936149399727393,-6.3093588662689495,-6.5626209458260325,611
-2.5997153735830523,6.481501150302478,-0.9385387260126102,-3.3655762184584663,-2.631394291310526,0.4770846030809057,1.8350674721487505,-5.304502628469795,-4.707300245110395,612
-1.97708387850153,4.818775204083089,-0.5833911183193891,-2.297471033438896,-1.765658332306578,0.5091261701063277,1.1067508248584033,-3.7129786112241048,-3.5304256576650994,613
-1.8701182770062736,4.567659339882328,-0.4306403465930517,-2.077366987690382,-1.5314014250139827,0.6073544293008699,0.8316306487158244,-3.367024773766067,-3.426022831761012,614
-2.157746205259433,5.4871121978419755,0.21789480545403198,-1.4727411431948225,-1.1200903476773048,1.3706306042245662,-0.18381791923306948,-3.2968677322915183,-5.125792771919836,615
-2.0545028260265,5.241153706551035,0.34542098619477396,-1.2675926129098207,-0.920883725050276,1.4457324570431926,-0.41803608963031336,-2.9704751165173477,-4.993595278938433,616
-0.9234553563466571,3.6604369711645552,0.5924300949131265,-0.4122502234367711,-0.07136630090342953,1.1110821612755302,-0.8904577837651075,-1.05570952921891,-2.8524551204293593,617
-2.3693046288806205,4.785049819484267,0.8505991044996494,-0.7841121540172385,0.10793984278662432,1.837598047150222,-1.5339806618492136,-2.94846111032635,-5.815399574186015,618
-2.957857880279615,4.323902285545228,0.7402734907064197,-0.593173544204731,-0.13100451760346224,2.1643603316596813,-1.4013477846949287,-3.359372831120342,-6.855679228955543,619
-2.2915280770464417,3.8353274105458377,1.0945480343481637,-0.08864216577169483,0.8375608090584976,2.19984690279687,-2.186803936532404,-1.9902935097946384,-5.63980901891675,620
-2.7430451717211795,3.3930766073655003,0.8971373300366245,0.03997204000186025,0.47926603130920725,2.298720020072924,-1.786051638677918,-2.3930147064142577,-6.336588556917711,621
-1.7213921687315434,2.6644281964030485,0.9906617519212328,0.25567472922107354,0.8905415103144786,1.8347485893266435,-1.9789131932833268,-1.0202648477320173,-4.10965952945981,622
-2.5382734197542214,2.9489733017676407,1.0055982130017653,0.3067841063420542,0.6511598813535749,2.3026776568539566,-1.9299210604921995,-1.863756990891871,-5.876233911581984,623
-1.8458617359927152,3.1931639717809177,1.517068604885782,0.8990448627741274,1.3183436035232177,2.4357509783096734,-2.6552034204493706,-0.7925106101015091,-5.345948713772717,624
-1.4262324092480254,2.3544742687849944,1.1784588852137938,0.8292224544263304,1.080045047548015,1.9217915441431752,-2.0925472657843676,-0.42673592869618243,-3.9553893404959823,625
-0.6905094909384486,1.7587529672935434,0.9736374483252789,0.8979569044795639,1.0243503053333756,1.3476771242301444,-1.7485812433924437,0.3306705769659611,-2.2782891356896835,626
-2.3926243748115303,2.230996394596297,1.3740320932748833,0.6568796853764521,1.9859672883082393,2.4815582385752455,-2.933461718269245,-0.9633321178563343,-5.166458108222883,627
-1.8564833027003786,1.6739375156735397,1.32610716541783,1.019729232095715,1.8243668734824325,2.1493617335608595,-2.7548825847731457,-0.3111834003813137,-4.270779879257636,628
-1.9171917134112566,1.4165665477508067,1.8459690267080693,1.9655580300525386,2.621297661818285,2.696561354484068,-3.679418941865329,0.2709618114818218,-5.254140199143323,629
-2.3844150595248705,1.5054603957587334,1.460400331476862,1.5145801922416628,1.7767476687370278,2.622310496070534,-2.95099197409541,-0.5702153050636299,-5.72461172901814,630
-1.462732137141258,0.8700648352934495,1.4868624907258132,1.7765367017728233,2.150596632119389,2.1565409570616443,-2.943327102432551,0.594080779069541,-3.7979159045536215,631
-1.3567238720944945,0.7230995842733332,1.447942931628057,1.7817308694411673,2.0965877572222174,2.057984839135287,-2.8327689045487556,0.7286210121556334,-3.4625922011189023,632
-2.1980554133983263,1.162910034949666,1.5255050573964728,1.7242991653601043,1.8184025626603981,2.5776058785287312,-2.9529300073048836,-0.11137795706822286,-5.2563676583618495,633
-1.835269567568659,0.9109559771078132,1.2701206525338158,1.532452734815537,1.5183053596462004,2.1761877566106134,-2.449293470929987,0.03745467327788816,-4.2215519645711295,634
-0.9946936252501095,0.8356371996120917,1.0467338723260948,1.4096529571317724,1.3911868601571822,1.5952270909927546,-1.9974350565514558,0.6254141492333857,-2.5901723115964073,635
-0.48754572358483905,0.6358364566257607,0.7205453570369611,1.0988689285247752,1.0189898459923927,1.0372397787955094,-1.4021954847955427,0.7360030312079718,-1.3101321129861265,636
-2.1517313035809162,-0.42447957114285934,1.9187615302410517,2.8737577510985814,3.9148649462811003,3.083700181166961,-4.401886684430376,1.6587612337579218,-4.962750506167263,637
-1.895571741880084,-0.4985296510852314,1.6732542306384788,2.646669223151938,3.492461717820137,2.744191851131775,-3.8795689951890595,1.6504259853090997,-4.226628778531499,638
-2.046104144186897,-0.7114915171059948,1.9732246394687323,3.0693942176955735,3.9613237957854324,3.0814180545146064,-4.367111470985569,2.0878302828524506,-4.581710610772119,639
-2.586564557213392,-0.30866824677067223,1.6428290157371401,3.0714489538065277,3.1428012033724326,3.1757483553411316,-3.7130043127668233,0.8958522266342792,-6.089165778372583,640
-1.314443182262581,-1.0372554299233723,1.9421315916447168,3.7322797977189945,3.6878802983150787,2.7554081131776154,-4.057163648765243,2.6244248494503313,-3.9286923821249147,641
-1.1768438304020326,-1.0426291653396633,1.839504020186838,3.586561958960223,3.4505333182479982,2.5550557910232774,-3.753462569768437,2.605376784738274,-3.487415939444437,642
-2.1688305493577253,-0.5769880311558321,1.866964162917796,3.580132712497664,3.064929215473349,3.044320543221865,-3.699344125026835,1.5651846410457564,-5.560777373237029,643
-1.8445310522468195,-0.5486505005854867,1.6242968436337923,3.2078399912727362,2.651032672178027,2.6478710294024976,-3.180542704037268,1.4633536728655427,-4.705789431028312,644
-1.3926283857778685,-0.4048050664937923,1.1460399172094864,2.4188400666491776,1.9012262506560507,1.9430804659080252,-2.257625835615433,1.1452002609163505,-3.265671366859528,645
-0.7535512506935363,-0.0463378232916834,1.1184074534696733,2.170064357628887,1.7732088887738662,1.5535903728071345,-2.100203362296598,1.468039792954356,-2.190093116639002,646
-0.844188395837686,-1.6400398374841814,0.6215261138996186,2.7075330310565313,2.68360141998057,1.6225986940537156,-2.239497171802933,2.403897696212322,-1.8134475041100426,647
-0.7346407990599021,-1.6044377407406776,0.6001396511150149,2.559663819089899,2.511629047272734,1.5287052836611703,-2.0194019084025356,2.34912099950251,-1.565809025169718,648
-0.7993466880838375,-2.016442678967425,0.7886599694072822,3.1661014422375153,3.105073157156454,1.7522468371247337,-2.5140546425003065,2.988093218927547,-1.7573063871558672,649
-0.6144794037548756,-1.7186087077335415,0.6230968964441678,2.7292394430228657,2.5236367254752694,1.399033666968022,-2.006445325959942,2.5617454360786183,-1.2495412326955628,650
-0.7093482129692789,-1.7823799237727938,0.7031719510151087,2.8251966172119496,2.6185273686131016,1.4635358502983105,-2.0993850562847363,2.6202434300655795,-1.3409941873917135,651
-0.6318329281008382,-1.678446364620264,0.7006269193193333,2.6806952447789083,2.401481880407682,1.2895159534937966,-1.895018452849021,2.5041346096551034,-1.0929925723315363,652
-1.4976088472716094,-1.2382904112647881,0.6502251776472683,2.7010274147134017,2.0364665030814173,1.7326727414452412,-1.7423232355027916,1.473853178316274,-2.951558146303462,653
-1.1546202824848624,-1.0894084858855286,0.7075484077429108,2.676838914083535,1.8456731319268511,1.5288734899719865,-1.6248242954633234,1.512307801704054,-2.5374568326634552,654
-0.9170315722317398,-0.8308182572127569,0.5372264132837945,2.163227939075473,1.4028281259949866,1.1902260991655793,-1.210052703597934,1.2003551798323355,-1.861732907370628,655
-0.6374904167797655,-0.6540518453085663,0.4661190458003425,1.8932988118250018,1.0738930908825775,0.9501317486760898,-1.0115479652631858,1.0754898935008947,-1.412162124445901,656
-0.26165434115610503,-0.2666034192650471,0.4006253431299451,1.5491331086521132,0.9193225580564788,0.7077684023901919,-0.8609710520789463,1.0804030883222182,-0.6755668838088765,657
-0.023649448732982383,-1.648074670188088,-0.2775803803098951,1.7694938665578386,1.3897714075139076,0.506528524200314,-0.6701056966194775,2.022268365914476,0.24127299162246862,658
0.15582986139780428,-1.4700038444610912,-0.08901967904242772,1.935270195438897,1.1995993970753487,0.47468728573867847,-0.7124478546277349,1.9786291492514112,0.19241018685120856,659
0.18384231078605412,-1.837320426748873,-0.216565028311696,2.0089491363390053,1.360464309436724,0.3966773970139082,-0.5902024963797389,2.2417733021306043,0.5553882309886619,660
0.38121602386453324,-1.6625630537894058,-0.06213968134205377,2.2178975929935048,1.2076707372632844,0.3606399233687172,-0.675141360517126,2.2750619462472272,0.4769233496912086,661
0.3503668720062011,-1.7769274096742154,-0.017966163180788516,2.4040340897026558,1.462647530250638,0.4710499652733995,-0.7326142084010675,2.1789403564836296,0.3328769591805434,662
0.3752157558792611,-1.6583059023925397,7.758044824782381e-4,2.3097912704435246,1.3169007497087004,0.35962599611887924,-0.6105773807104473,2.0526359351922503,0.4441408087289553,663
-0.4592500702649281,-1.147405852106467,0.019446253163922587,2.178610791380867,0.9214635273472076,0.735911228516809,-0.5304541411421972,1.0822736098991743,-1.3075164207750751,664
-0.3764727743017363,-0.9479726899749764,0.03922372844781908,1.986267239719968,0.7418383299664595,0.6237036259424885,-0.3911993434029321,0.9179723860963958,-1.0198267740321447,665
-0.3259513874334852,-0.7141783193820015,0.021807051088997262,1.6427042949087245,0.5549701244383918,0.4879579294078142,-0.2675965798860539,0.7306511003409105,-0.7190202172208368,666
-0.18482562082218726,-0.585274689357772,0.08123779699205694,1.5980222362398415,0.45423639905126584,0.4306721727755606,-0.28574512337112273,0.7029072396814428,-0.5903895327169708,667
-0.18488265242179508,-0.4056188314661123,0.02402114140823884,1.2443906795968098,0.31960457145126014,0.3317043837250165,-0.1786377944002797,0.5336819326410662,-0.35807368365966297,668
0.49317215831774475,-1.1062291504800197,-0.5312652423104252,0.8864775951062198,0.26556496421834863,-0.13298539913774876,0.2202391205919193,1.035963296781816,1.1632204841276745,669
0.5160935014937026,-0.8270561941642381,-0.4732726409444834,0.6396324182249559,-0.011920028369567308,-0.28638478886236024,0.3418832037683621,0.8408979863026586,1.2653830984876808,670
0.7971808518975364,-0.9152496995262535,-0.39015148875301164,0.9250972121042244,-0.0569196775034746,-0.3059004249068141,0.2500877806177968,1.0345023340005919,1.3700054191660322,671
0.7306749020139349,-0.9550203048197138,-0.4232443926329274,0.8962016995137555,0.04128954091196431,-0.3234468660194143,0.31923194395482385,0.9007804550163234,1.4235161181670388,672
1.0695965676077996,-1.0648507841878379,-0.14853138835297416,1.5770734384877616,0.16506131911454483,-0.24278038289326648,-0.060591065395589346,1.3489692550456756,1.207842036588564,673
1.0517037804746772,-0.9547548456968449,-0.14559672484509079,1.5086510018277477,0.09571237524413681,-0.25892522666643775,-0.027596901308428644,1.2214453955569033,1.2077123786342738,674
0.3810529513237485,-0.5434467473775362,-0.17108866568824857,1.5192266821573985,-0.20712881900524632,0.05092279055433624,0.11109599203953464,0.30773880247038454,-0.27335210879098265,675
0.3604930036149251,-0.4321660617813061,-0.1636663882185241,1.4196630786970046,-0.2296206679329797,0.02079935868101685,0.12605174713395673,0.24243315633936943,-0.18103819211574065,676
0.28746072278845936,-0.3023870360354109,-0.138338705186963,1.206710703143728,-0.22711083606614496,0.023950621350150594,0.12793608344130628,0.18067044044999894,-0.08584388241162108,677
0.18963206178243122,-0.1981709344475579,-0.14240110044567852,1.0139133102779316,-0.19841753254702144,0.03344612087670043,0.1314200674226742,0.14414050565699502,1.3416401808081954e-4,678
0.16539084168573934,-0.15253802681260406,-0.07391326684878805,0.9817030176186516,-0.13442291974811416,0.0602917969855523,0.033073972552924304,0.2225194904839465,0.019959049953501142,679
0.3014108107803099,0.034094600637066215,0.09551099832674813,1.0721806273010004,0.06723271591150574,0.10674001531992411,-0.2742730102319373,0.529101646606546,0.11595048274839376,680
1.4838888490262752,-0.2148741299372018,-0.0875245492333478,-0.08179873302539485,-1.3318367415241215,-1.0110403167521003,0.723482955685212,-0.052599076799359976,2.1805158273929823,681
0.5642263086774234,0.22890111290643197,-0.0318422727523046,0.17265967556878886,-1.1225170280785097,-0.3311710428348481,0.36078152797051255,-0.5420202054472185,0.2535492922254802,682
1.7520004164553205,-0.12818457029641384,0.03154857464620512,0.42017281416744756,-1.3108570289152106,-0.9229384613151407,0.487224328918232,0.06473454923272148,2.025393913070997,683
1.8654913841272889,-0.04321694936838602,0.01988082638088225,0.44710816838273887,-1.4021872502121648,-0.9551481693785244,0.4840152495300666,0.05753512214158729,2.104620731065447,684
1.0979653932508655,0.6008685276904515,0.01294227819871699,0.34400588486679007,-1.7915497004647343,-0.5991565284961978,0.47399724839563195,-0.9502345579755953,0.4128253932428287,685
1.1259426426470616,0.5508569596892521,0.04359718718098802,0.695777154518686,-1.6082098377364125,-0.47881872494752503,0.26848887681724243,-0.6586475763549787,0.2753164208201291,686
1.0114750991740629,0.4870291454226264,0.15080754258818901,0.9403675753462851,-1.2365100882334625,-0.32424225661712497,-0.05255104375268797,-0.3066397511987445,0.1267470368323127,687
0.9099431722003416,0.4985898367637158,0.09695238021212224,0.907145281176101,-1.1348508434014195,-0.2869055714377684,-0.053850167896514124,-0.2783592587793765,0.14848599939067017,688
0.7185159703672969,0.39857432098205525,0.06448134777548531,0.923856199049388,-0.8299131749074169,-0.15792237366820921,-0.12892941889470944,-0.07834048541306286,0.1220571886488463,689
0.8156460589837505,0.5771381805466592,0.21188240725285468,0.9835685023204905,-0.4849486963333324,-0.08690361504870335,-0.3700522792912578,0.27971371151030733,0.28656938377525165,690
0.5080197985050203,0.8901181128948713,0.38626689704145706,0.08514525377702961,-1.1722970714057364,-0.20979503647555148,-0.004166185043275584,-0.37930607235010155,-0.025167733226768716,691
1.1993041600920755,0.9938936340930871,0.4474988546018136,-0.17378312272241178,-1.4609803735392437,-0.6410302842373619,0.15774888518419566,-0.159584103958557,1.1461684060409503,692
0.9883938201314678,1.532044914793175,0.550640623868931,0.13120907524331762,-1.8572782910123213,-0.3666301125161354,-0.09022434926928491,-0.5814754181279266,-0.08576937219321822,693
0.9221121774353426,1.4748845191077722,0.4107129301233669,0.1904200935465086,-1.692508185741865,-0.30279852878450353,-0.1031120022418655,-0.49998431453181413,-0.03490302296189933,694
0.8825147870928277,1.2903012254142465,0.3542102899182011,0.4427906828934026,-1.4302406907342662,-0.15387638689317085,-0.19408737464821813,-0.26729598571923086,-0.05544129786002999,695
0.8318576809339899,1.1577002272941075,0.26625733856912104,0.557812793387442,-1.2724965508370176,-0.12581511318242536,-0.23679934822005752,-0.08883010243250766,0.054963682826495844,696
0.6085597196018988,0.9619276445849598,0.14259858057783165,0.5094145474188533,-1.0061119938708518,-0.0565148429147573,-0.19102264989940584,-0.0342677846871132,0.09686810314190157,697
0.8661969000549996,1.062912678289428,0.27722550917769206,0.7682620584844484,-0.7485567248312394,0.008565535455193424,-0.44133077099442,0.34002964989812956,0.2146515731287862,698
0.758370603068954,1.26168503760997,0.5737359222771272,0.43522379071742323,-0.5029062630381047,0.02147194040921639,-0.454048685087844,0.869610863214862,0.4718208205477865,699
0.7806593885644124,2.0677464036431297,0.7790739677297754,0.4056954669312787,-1.000805503527903,0.12768081977215454,-0.5828020215906377,0.6964163200721145,-0.19099092529609107,700
0.5579710720392096,1.8705783178701234,0.4278539113103725,0.17964661788734304,-1.3197034667160357,0.04917789501561808,-0.14509630615874616,0.2581767933741799,-0.16393816217145424,701
0.46403363469416714,1.6234814424889785,0.23513353789724198,0.1229908035949385,-1.1728823099395862,0.03420857859030443,-0.04228678852516493,0.2245594935230276,0.023542791726239232,702
0.38017700419870304,1.3108935308776186,0.15082577127343189,0.2699419510019271,-0.9174039421760956,0.09473441603317682,-0.0979834360662357,0.29061826481898817,0.0369954841862647,703
0.43665723582816823,1.3052487102359658,0.14377651876986,0.33892035227964085,-0.9282327846188569,0.08043151688112404,-0.14822795122389973,0.362495191094619,0.07960338929266424,704
0.26983632453417555,1.017707297695831,0.030849206002514964,0.32791031297200973,-0.6971221816985826,0.11759950892569596,-0.10369652078888626,0.3166854734534506,0.1220644243967279,705
0.16342354783235263,2.557322768156422,0.23136602274962811,0.10776753753354577,-0.9831742642668481,0.47495107147735793,-0.06522106116056448,1.3092321093867534,-0.01990214645494833,706
0.03738059893522769,1.8906138404398236,0.003646561290275257,-0.011889415983981225,-0.8021318610967016,0.31971421658128213,0.1014231766979521,0.886670654093613,0.20751582822884543,707
0.2298247545725286,1.8895735149715671,0.048862662754824135,0.019357544781408085,-0.727755975089918,0.24596690686046496,0.0373176124542263,1.0060833036033965,0.4629974690171011,708
0.12698339293840588,1.4098692702443882,-0.04716796068212367,0.05909706971300821,-0.5857379718956003,0.21055238150696381,0.08426379567458792,0.7546605741461249,0.4624181722348718,709
0.12473872305178298,1.2141661198718119,-0.027472032660383627,0.15076131052079558,-0.38840745902263574,0.21153403066261572,-0.023391559555311567,0.7605139259086305,0.47653117751933277,710
-4.513132636648011,1.6450513299738716,-0.8320959143223914,-0.32880939042205554,0.6024211383753624,-0.9737594546727778,0.23640029299234097,-2.306241863380591,0.010489899142754016,711
-3.2737219019554793,1.1431330960929722,-0.663947670410637,-0.3439712286935535,0.5081226185093122,-0.6481660905243705,0.03773882420132186,-1.5996885007068902,0.0045363809919027834,712
-4.9616207863487665,1.0109311286352554,-1.7340471738496226,-0.27234796338551004,0.9062921763997069,-1.5987378251584692,-0.1500425208928076,-1.1931605109800594,-2.5968624073748714,713
-4.614558433645555,0.9879768433851112,-1.5552426427345274,-0.4664375093370696,0.9547211505677393,-1.3530276168995286,-0.4004824542829954,-1.1181798965321987,-2.3188243251537854,714
-4.116087269637426,0.9278774959269287,-1.3408741897007668,-0.5700268878672585,0.917214948435429,-1.0807666943141518,-0.5470571784842412,-0.9749010454927013,-1.9820123042036695,715
-3.499045516597596,0.8253939574054397,-1.1098576421657178,-0.5783129647898676,0.8181101238667795,-0.8027767221452409,-0.5904366879940498,-0.7891747114428938,-1.6032815760555115,716
-2.580126911328752,0.6321582880239384,-0.8137283754798528,-0.43727080270016844,0.6143434448335077,-0.4718909791813337,-0.48988264771370116,-0.530627128055443,-1.0773342929099696,717
-3.288762685895314,-0.2437200639297101,-2.1708490997066483,-0.05527848373944476,1.0604280545739744,-0.04100377292026688,-0.6250910430878109,0.3507422522208659,-3.972020171069254,718
-3.3733243769154426,-0.1507505406015299,-2.0221473962979,-0.21749294730808655,1.2462016807593628,0.09370674828019278,-0.8358149176620836,0.23431557273655007,-3.9309788662295495,719
-3.255278922733464,-0.05457085675148546,-1.768638500057779,-0.33562032956437504,1.3293661911098407,0.21921973089238364,-0.956930954053759,0.1400897111519101,-3.647611805289823,720
-2.9486446450985238,0.035463893106521927,-1.45410785064727,-0.38502682980962283,1.2941835184767674,0.3171958188844593,-0.9668554955406361,0.07431064291658519,-3.161919407687664,721
-2.5287247226936462,0.10209432071173657,-1.1331903989058916,-0.36794512830697773,1.1655247894016745,0.3761535764120797,-0.8855953397075351,0.0433300967917218,-2.5772019085872966,722
-2.0880452470586817,0.14041714827043342,-0.855462990736392,-0.3079621083749196,0.9899724708040423,0.3987276221798728,-0.7538118395188024,0.03446358185528304,-2.005593963304918,723
-1.5415593515159651,0.1473183167126736,-0.5888810965413996,-0.18345302057024684,0.7270212983084252,0.3692799476013358,-0.5413517678883395,0.047438625597136935,-1.3291742972448424,724
-0.8875920435177627,-0.3784478038194739,-1.7593925578546896,-0.37299228715094174,1.0739065533779761,1.9653313461409594,-0.4902853468828373,0.7181119212342137,-3.7533980281034336,725
-0.8742886185511709,-0.3243967594680857,-1.5338556504983212,-0.42059892615748806,1.221923114530632,2.0253166799392517,-0.5552416620796974,0.5584944129495428,-3.702393073853451,726
-0.8422818023287647,-0.28090744683617924,-1.3082384197581773,-0.45274711477461194,1.362795604676262,2.0605323881619686,-0.5834250698153695,0.4095929513386243,-3.6056496340497355,727
-0.7745852120160263,-0.21961342694912,-1.0344826793605102,-0.4293869546258272,1.392953825470253,1.969367295067065,-0.5559641208792746,0.27011294363269017,-3.2926460096853596,728
-0.6830635899167876,-0.15625350081130335,-0.7744315165770262,-0.36853249235399044,1.3338990725697932,1.7953121115875414,-0.4929491897511947,0.15989951598411348,-2.86090927474149,729
-0.5854211511951579,-0.09687770742517146,-0.5524429746523042,-0.28078795245798244,1.198124265724146,1.5663804644943284,-0.4049364679780679,0.08714788859081325,-2.3628376871098733,730
-0.4879739601694051,-0.04465927186847582,-0.37815952997333324,-0.17318032832925903,0.9988150867396399,1.287852206246177,-0.30043143781130177,0.04585828285711004,-1.8082889054874034,731
-0.39880036649503897,-0.002412483501242627,-0.25415611041318903,-0.055546526773601494,0.7396014251311801,0.9675082826299165,-0.18947543313726006,0.03755613274568357,-1.2140941967275605,732
0.9768837178321219,-0.0881660480158965,-0.7964099790569023,-0.8478558571553575,0.8803613349555302,2.4804370166251295,-0.06833790820650446,0.38699617034842526,-2.7988971941292204,733
1.2906653537781427,-0.12751143146997757,-0.7294217670857738,-0.999408918233675,1.1464050209396437,2.8863335973929223,-0.06608944534930758,0.29603059147970817,-3.3729154132929664,734
1.5788411275146017,-0.1549860795929419,-0.5911193127461992,-1.106108681128798,1.4202216552617268,3.2066284219287082,-0.06558923590857663,0.15949036776350117,-3.861903660268607,735
1.7865272242847559,-0.1742809024251045,-0.40182693201437447,-1.1366214437888216,1.6510582216677474,3.3553669652958997,-0.04856111539891819,-0.012857796183293474,-4.1466630201116415,736
1.7414954030657503,-0.1691090502703906,-0.19888674343562576,-0.9830282686314018,1.6585261221949659,3.0889642924253424,-0.013513388560545033,-0.15025913583186906,-3.8585692592987804,737
1.5209173290950384,-0.13807786139578104,-0.04702077771923359,-0.7456658002631206,1.4985780642456579,2.599564308531554,0.02391074850056379,-0.22365341092249175,-3.247444947758766,738
1.2105450792336239,-0.09651365737556444,0.03347066397257415,-0.49469200754199066,1.244102158158757,2.0452013914690004,0.051382355088123575,-0.23203537382938577,-2.5186801863098593,739
0.90099714613933235,-0.058280660596292666,0.057209565737069284,-0.2826940824782533,0.9801131498106203,1.5518665192963361,0.07061697401407861,-0.2011176162927789,-1.8516208844520832,740
0.6554498035389074,-0.02919189627573222,0.05095993938066564,-0.1309164586942823,0.7671679095050118,1.1873611552481467,0.07856185554591978,-0.16047152004635964,-1.3482590544185065,741
0.4060933849388593,-0.0017888131686704426,0.014096178931365614,-0.0056907946527757275,0.5547245101137461,0.8615868152377621,0.07797995862518928,-0.10181718465697508,-0.882844924229617,742
2.35879856796019,-0.03238636325906081,0.18161062073496342,-1.5230666236292982,0.8351439820024659,2.336652661358713,0.1510185290154427,0.004858680803503083,-2.5563584734269478,743
2.9171348609376744,-0.09553946732652767,0.35178110208707236,-1.6825414294541496,0.9745441798839539,2.5902938401651787,0.21220729450347536,-0.09191804996098947,-3.0800216053740685,744
3.5522165044934932,-0.15721802373575966,0.5629511525119938,-1.859291855711173,1.1638742345957114,2.853656311545014,0.25610904103675314,-0.23312893837597884,-3.6772326455838322,745
3.789925111109205,-0.20413007736331715,0.7048291212416812,-1.7644901096532701,1.2456985588556346,2.793728389626689,0.2794997659128939,-0.3592918906213469,-3.831757763765913,746
3.9722686451710474,-0.23945712528255342,0.8232300874693718,-1.6490999543789886,1.3205122419121356,2.692312607508385,0.2999869792789738,-0.49567896779052323,-3.916170204082494,747
3.6716015539696625,-0.23427824892283114,0.8187590472151536,-1.3396600418656122,1.238283352886936,2.32236633491935,0.28264743522990887,-0.5425108760805467,-3.531824891958661,748
3.137645575302371,-0.20250822396718793,0.7288482606526131,-0.986062963723845,1.0750285298395648,1.8749940983197184,0.24884524763097612,-0.5200042761797874,-2.9417982402260785,749
2.672708960963268,-0.1708713858219218,0.6359703337049256,-0.7077822012981803,0.927083634419421,1.5182209166091312,0.21919978958050135,-0.48041469974286216,-2.440686103732081,750
2.10295940817793,-0.12723818969157896,0.4968562598362774,-0.4435551360748252,0.7432502325676008,1.1637584929445557,0.18212304084216221,-0.39709505591915767,-1.8715628781033016,751
1.63204854728655,-0.08930243687100022,0.37147090262914456,-0.24997475436794134,0.5907443099150289,0.8979199295656849,0.1516551404333994,-0.31645743946018023,-1.4166111772168695,752
1.2417560881940195,-0.05733555003751357,0.2637815812345549,-0.10862879045498247,0.4635350933697058,0.6971881511307245,0.12497019583181272,-0.24214545457911862,-1.0510692221507951,753
0.8140342013383177,-0.022402018635935207,0.14301195237520015,0.012021522293623806,0.3304296357009821,0.5125668137863573,0.0991852618243115,-0.150757631687395,-0.6764027829890058,754
4.604064656128761,-0.6430084178759847,2.156196604491401,-2.1898405984424403,0.3993591687876068,0.5841051482147628,0.09071767213060347,-0.5836042483407234,-2.7885150668144267,755
5.013089741867675,-0.7039280411271804,2.2491698100989193,-2.1011772063468093,0.33865306742895523,0.4620756018397771,0.06706279042943172,-0.6350069983030421,-2.9952901340279974,756
5.416709707857444,-0.756133237694086,2.3388828350328077,-1.9970983171621592,0.28482715650809787,0.3251869994393944,0.023099797180438083,-0.7047854932685875,-3.1800434404778963,757
5.388218848836932,-0.7486047909305258,2.2385362789642578,-1.7320783604210537,0.21855499335962036,0.18171495292436204,-0.022887952944191478,-0.7210527895386433,-3.0932118439603298,758
4.944147611855233,-0.6744130203943853,1.97622067109631,-1.369048726709236,0.15250291227465118,0.056753831050710496,-0.06499528547497332,-0.6774790307767956,-2.7676893724614144,759
4.348790168388377,-0.5776243677929248,1.67169111038722,-1.0216443733243552,0.09793341363351779,-0.031186997705952606,-0.09587690295591071,-0.6064962825791714,-2.3699308515510396,760
3.6549138393027887,-0.46808046545022713,1.343140221506096,-0.7070169365428736,0.05341469873662582,-0.07809919528512978,-0.11184018921662552,-0.5159836437514606,-1.9282336362563346,761
3.0721741091351022,-0.38051300984838676,1.0844974904704325,-0.4719966672291793,0.024180918985501648,-0.10450013181595767,-0.11781310381142841,-0.43252872230701767,-1.5709323808642446,762
2.468799246883777,-0.2910148210580475,0.8295644283341387,-0.2755082306244102,0.002387722304227925,-0.10233274147568658,-0.11352685232416874,-0.3432099219271563,-1.2175828138759286,763
1.9657683045805816,-0.21878344517101375,0.6248091628176204,-0.1314759347034769,-0.011329313304639004,-0.08855159384765751,-0.10472891066665703,-0.26563362438108984,-0.9307382441285241,764
1.4650585485138123,-0.15093493086514514,0.43073532093426536,-0.015450008193783133,-0.01726112860916221,-0.057633128284163664,-0.08613164182128254,-0.18595649388228624,-0.6571671546327075,765
3.4041909487412396,-0.8840665432196829,2.469564770361051,-0.979772730597642,-0.6744267422582549,-1.6590011721888855,-0.5748332447526958,-0.5077077598654648,-1.1451567687215678,766
3.3163716410311683,-0.8245559508882121,2.289080507076035,-0.7778245684266497,-0.7377089509360468,-1.6351416484276202,-0.5957853571582497,-0.4604980904083588,-1.0884737364468187,767
3.1972113008814067,-0.7598432145005557,2.1061126802707677,-0.5950343913925401,-0.7782853423725252,-1.595789772989284,-0.6134785935647455,-0.4193476006201944,-1.0206298499165616,768
3.252752277603176,-0.7369585629201156,2.0492332491008995,-0.4681385270992295,-0.8494957575419199,-1.6429756943564122,-0.6658512478391428,-0.4118743409835242,-1.0106549186071945,769
3.087547941114218,-0.6680386256034244,1.8660369010831963,-0.3175255440600712,-0.8557667295407927,-1.5772840578262453,-0.6717483571040834,-0.37787469549893166,-0.9249370472412214,770
3.0370865148589345,-0.6249243047902049,1.7661992249144007,-0.20320310161784993,-0.8821392731952417,-1.5704316697898466,-0.699292457912173,-0.36570739439656524,-0.8786384727630959,771
2.8708119985695553,-0.5647002937078606,1.6129154456542587,-0.09348867971312745,-0.871964768223226,-1.4994658383178494,-0.6983460913251982,-0.33960174100251456,-0.7957736867262225,772
2.597331754318332,-0.486859995632709,1.4135078705770319,0.005924099367301638,-0.8237000399636588,-1.3720263244718556,-0.666499787819806,-0.2998383303996083,-0.6852393712663419,773
2.292792147588988,-0.4096434211067194,1.2100848349695335,0.08765353706303607,-0.7572647947223867,-1.2239774434078174,-0.6182910710724441,-0.25721059678449426,-0.5695012052252287,774
1.9826803096909968,-0.33688592526104233,1.0165706277329802,0.14952278993358736,-0.6827902895155878,-1.0696154058516856,-0.5623381650413776,-0.21466988806021217,-0.45917318501545323,775
1.5289805836765933,-0.24477846354767466,0.7600482456444733,0.19587327646380898,-0.5560031987692324,-0.8324571200322842,-0.45920379262741884,-0.1516056363724524,-0.3143804277606738,776
1.979035372286393,-0.3977918998036257,1.9514760132255493,0.25666596909686107,-1.1595918545819726,-2.093652142494191,-1.0092524304491062,-0.42231894237514706,-0.18938725661807096,777
1.9760453297616545,-0.352965310558977,1.8964400337456415,0.3425558505334781,-1.2018011815958414,-2.0911150606365476,-1.0435156154810268,-0.411223153164571,-0.1871946680906992,778
1.99412656168932,-0.3291467050965137,1.8521897279350086,0.422058411251937,-1.254961054269335,-2.0942348224809324,-1.0679495775728174,-0.3997946248003561,-0.17992584807138373,779
2.0216729065484547,-0.30471964475685265,1.8288217831184497,0.5104511491552786,-1.2989565232889824,-2.1215112689226343,-1.1068973612140578,-0.39656463306373396,-0.1770485767447253,780
2.1592469155425666,-0.2941573666542665,1.903573032611441,0.593087353793372,-1.4094656604118034,-2.253261605235944,-1.2046543964578362,-0.41804767576983903,-0.19499954068554384,781
2.1788103609903295,-0.2650614286417553,1.8784355834247741,0.6615709352854321,-1.4478151943355344,-2.2765078365221605,-1.2414430841418116,-0.4194016161813659,-0.19075632568934364,782
2.179425356580701,-0.23716980687507477,1.8476952309994323,0.7210508330176475,-1.477363053414783,-2.283637597310132,-1.2724956715846483,-0.4157956383172875,-0.1818748717460204,783
2.1237989819957432,-0.20104210654372287,1.7747598425184445,0.7646573867663212,-1.4661208663551852,-2.2344769198102408,-1.2679088521046469,-0.4064927796619821,-0.1662147465902915,784
1.9769299093857724,-0.161068899801649,1.634955264152333,0.7780137630360775,-1.3961685829281012,-2.095736468895327,-1.2130123790923875,-0.3766958085215673,-0.13617406514075084,785
1.4501283345271183,-0.09039852404180088,1.2023861160550842,0.6775953893228768,-1.0855491191745257,-1.5746529663291808,-0.937459071577772,-0.2658763484940014,-0.056078940548818505,786
0.9875327573839311,0.3353869347823505,1.6038026481428036,1.1605447127396011,-1.3045680355784903,-2.088286429020942,-1.3107975789712323,-0.49163842557062903,0.043263425408626,787
1.0391692812364721,0.3961248344130278,1.6661432419436255,1.2461138400615528,-1.3955333417246916,-2.198959335401324,-1.4028964922001497,-0.5135851390553754,0.02417041376164709,788
1.0818047197514098,0.4180704413304506,1.6889658769385716,1.337579133447926,-1.453561140763755,-2.252899073708237,-1.4431623632968422,-0.5282798896829891,0.005957467385887503,789
1.1229768009012846,0.47150502294384283,1.7437952790288533,1.420081738178161,-1.5353458117254406,-2.3504134910516896,-1.5283877090381859,-0.5408911129241114,-0.01229472734095949,790
1.0710162320589949,0.48075285775628696,1.6570309825619827,1.4212514119737467,-1.4973467320308518,-2.260970873409535,-1.4877512604188283,-0.5201437557516191,-0.009933163508965458,791
1.113419709586635,0.5224198904463591,1.703494387890474,1.5042087061173237,-1.5651356583298242,-2.3468079087852,-1.5563239301745175,-0.5415043364724352,-0.024871850131258016,792
1.007624111481859,0.5141490198909423,1.5567622317283472,1.4457664144271805,-1.4650941622016014,-2.1692474792355068,-1.457532166260307,-0.49581561549396663,-0.016035036834593612,793
0.8286574131971035,0.47160489425894564,1.3125915449912327,1.3063379116444949,-1.2739832333066152,-1.8508769079464389,-1.260493171624151,-0.4206309914150117,0.005996289972233329,794
0.6081301386341068,0.41486630750237463,1.0252610426127233,1.1154990961332614,-1.0303519749487853,-1.4707509193201789,-1.0270485790299018,-0.31565711268454727,0.037206262744851185,795
-0.4639796339815464,0.040064718735730434,-0.09908929678144479,0.47297111605955333,-0.3226000702780751,0.33815396295127226,-0.05096999322852748,0.14379997572280104,0.36131910616956475,796
-1.2687145106430568,-3.0040885016343917,-0.6544735415039731,-0.9896202821987614,-0.9654790425355794,0.7163705902979676,1.0088184152726227,1.1238529290665589,3.5307571138748535,797
-1.1296059038247062,-2.6384815329120843,-0.6200859593630142,-0.8888560482493064,-0.7906503850521055,0.6279676529496835,0.92029425449281,1.0009668381213366,3.110639298299502,798
-0.9739605686320133,-2.202761296807895,-0.5597893798050059,-0.7522422714938627,-0.6165247770156427,0.5350078386266783,0.7921042641458723,0.8564827033598552,2.6255829990505397,799
-0.8120285533957816,-1.713085854829366,-0.4833761358117391,-0.571414584615744,-0.44776113219475316,0.4409012208198056,0.641419282469695,0.6940107748454669,2.0903558770633293,800
-0.6473619106963675,-1.194525211526899,-0.39643617282109245,-0.3617973277480545,-0.29163646958767436,0.3503555834536225,0.4730998427417514,0.5211667399498066,1.5279283950735343,801
-1.1912416583330414,-3.9306579265042747,-1.318638053287492,-2.41169286534801,0.04321487398067604,0.48050527129088083,1.8408348084101358,1.4263648059633371,4.3317104688269605,802
-1.0909650832231363,-3.6631731784849735,-1.2609193687285583,-2.310088373235515,0.12071308727377793,0.42713038206669135,1.7460828166485693,1.3397782001247909,4.008807040968086,803
-1.0136831021358501,-3.4738143554771086,-1.2213800030101094,-2.247285551073196,0.18335591984330285,0.3853788196518484,1.6800337768470885,1.2782983748585306,3.7723584166293787,804
-0.8776141198224945,-2.9341965597235355,-1.069554869749508,-1.9261627400955037,0.21342306636603292,0.3254727236713913,1.4431927677236434,1.1062434091285205,3.1924528989941936,805
-0.7482449515590659,-2.427488216802602,-0.9262108516499135,-1.6049363618291699,0.22068352976531594,0.2791448300133147,1.2206234119634012,0.9334424395734281,2.6556033932364724,806
-0.6348481142351311,-1.9264314346234794,-0.7790176860996193,-1.2706071770768947,0.21133142374479089,0.24091153319286088,0.9926282886406409,0.7670330278843368,2.137619146034561,807
-0.534186167967874,-1.4053717955931933,-0.6213274430856419,-0.9053661009892745,0.1812676489639032,0.20779315603396112,0.7475217992567071,0.5954801974569751,1.6167392549745776,808
-0.5509222653164494,-2.9780575891329333,-1.4600068913285895,-2.8629305085063725,1.247228779054013,0.04730027844346569,1.8753130083858354,1.165936539727153,2.846347110490092,809
-0.4777278818587778,-2.95224429567362,-1.4509752772516988,-2.93796551096218,1.3187756830697932,-0.0028879351941181173,1.8705767167891332,1.158197244741394,2.7356725619117803,810
-0.40795995263123697,-2.797435706969495,-1.3842047272914106,-2.851776455774446,1.3220949764267094,-0.04031398722576407,1.7891801298803556,1.105148081363187,2.5250382571476324,811
-0.3419547904040383,-2.5453714236271967,-1.2746896449323093,-2.6472365095874038,1.2658483935731784,-0.06197192610172448,1.644328448461504,1.0168149490383558,2.248928550610364,812
-0.2891513962325426,-2.3439992333059565,-1.1858115044965072,-2.483946670417471,1.219431492949217,-0.08124082249075557,1.5267009984871178,0.9467306959160007,2.0277319292891915,813
-0.2478672141684457,-2.021956802238684,-1.0451109573268558,-2.170100766837461,1.098709883657148,-0.07886125529847858,1.3322971986574743,0.8340725466326409,1.730567953318851,814
-0.21885291851672073,-1.724904086856638,-0.9155623682870108,-1.8682882354303025,0.97598324994263,-0.07003080985819705,1.1509186712359534,0.729775202683926,1.4684118978838785,815
-0.20203151933379201,-1.4264223673927696,-0.7861215815967153,-1.550565528609134,0.840451250262371,-0.05205274888824896,0.9674187959326505,0.6249581337632542,1.2205473454539382,816
-0.20144870087214364,-1.052175433567305,-0.6263763951887725,-1.128331752271713,0.6504023065776829,-0.013187696682158917,0.7351660453397001,0.4935488023936718,0.937012617200406,817
0.3318785161282216,-2.2670967430576505,-1.358907236640781,-3.477332195056318,2.2605566535288495,-0.5099304067268653,1.7957456808378975,0.9804721753139889,1.0618795253716027,818
0.4101619201613877,-2.1936192591422548,-1.290624127929139,-3.4380647158950834,2.241054020797989,-0.55741619161687606,1.7270776103436511,0.9448831428797466,0.9060674686915157,819
0.4733728377940422,-2.1134154999922394,-1.2155755805827688,-3.3833462334843825,2.212319789632945,-0.5998052743022263,1.6555103072676114,0.9144520760071846,0.7752454252791764,820
0.5238529978272892,-2.029087398168053,-1.1441418846915605,-3.3015148355154134,2.164574541164114,-0.6291898645542666,1.5804398417440417,0.8783547493117754,0.6548323319008639,821
0.5407269781630509,-1.889812234300895,-1.04866294432338,-3.1169192659831935,2.0515314342628406,-0.629288865658527,1.4641640714340034,0.8218645560827625,0.5388543026446044,822
0.5381152999077842,-1.738297276244224,-0.9537083728738525,-2.8994613112607994,1.9185821184360021,-0.6142874322225359,1.3412367720783498,0.7618120660650285,0.43719317868576363,823
0.5061864951096174,-1.5520258952548436,-0.8485699176870634,-2.611210838322049,1.7405886291280295,-0.57344141759981,1.1956078876376897,0.6896437929214334,0.35024452739746137,824
0.4512332323159877,-1.348556344331741,-0.7418042427896336,-2.2847679231222164,1.5386511908903493,-0.5148811358905016,1.0401071593157751,0.6129335190757046,0.27884250634494484,825
0.36723460685894765,-1.1194583218030936,-0.6316766658035863,-1.9001314227382249,1.3024526190678465,-0.4319383296179755,0.8692373352730349,0.526993988064311,0.22471933455035722,826
0.25599776014823333,-0.8691614435648887,-0.519743486906787,-1.4666292987780176,1.0368463610513334,-0.32575768849628595,0.6870181934661836,0.43497418726573023,0.18790893932307765,827
0.7710231570606113,-1.1440778323637553,-0.6515273387744877,-2.4697787026826945,1.8034119703097167,-0.6902015393468576,0.9871470963399276,0.5584706837557705,-0.38606725839883865,828
1.1614029874749174,-1.4892227558642495,-0.7254654198864882,-3.246689292930109,2.3053900098624514,-1.0027056888414594,1.210707466361112,0.6790159537544821,-0.6436908051963353,829
1.4900754905209488,-1.7408155997830561,-0.7555632395384551,-3.8356264029890106,2.6623990285154124,-1.25863370404777,1.3543170086047875,0.7590977270106971,-0.8804210424597866,830
1.7476491466991715,-1.9062652354367167,-0.7387807880393076,-4.240355257451179,2.8998784624023544,-1.4714937157086285,1.4277052016564369,0.8083249968025437,-1.0760057625392432,831
1.9980499741263977,-2.055453049800147,-0.7100248538635764,-4.597870619990603,3.1021923141555505,-1.6722787460388533,1.485439326720189,0.8455264475411769,-1.2672736438616636,832
1.8728623586189765,-1.865416637231261,-0.5992882225861162,-4.180536065701005,2.808503184243315,-1.5732150475342634,1.313994070108132,0.7655420051799505,-1.2135429907816975,833
1.734402266107575,-1.681171132905176,-0.5033487548184683,-3.7707476857925175,2.5256510820082347,-1.462501447986766,1.1550289816815253,0.6914299580955307,-1.1439719864290472,834
1.3679345479071874,-1.3210366447799775,-0.3929868778486208,-2.9531875705374926,1.9936893749353684,-1.1681434010158445,0.8971753999260637,0.5604526852588134,-0.9145475479508096,835
1.0384199562814238,-1.0136052986157014,-0.31245677697576574,-2.253508533019195,1.5431491513641267,-0.9024276822067696,0.6869172730454479,0.4522873585353084,-0.7014432469718731,836
0.7380074454930207,-0.7489042424203012,-0.25501477822220375,-1.6484440847117305,1.1580865568790737,-0.6628309849917795,0.511981127830392,0.3615092742568232,-0.5038355352787423,837
0.4530309444860384,-0.5073684039739915,-0.21278901190494287,-1.0975671951185137,0.8125309469359264,-0.4332707327770119,0.3614979391034885,0.28224068855689965,-0.3127387241684916,838
0.9680179497576381,-0.7353207252731729,-0.1966793735207502,-1.8450461146803974,1.3142724051606378,-0.7836759410676433,0.5132719613899129,0.3639306959037012,-0.8785489681374219,839
1.313787667417761,-0.9252117934435735,-0.1447254954584613,-2.320990513461227,1.5813838108248346,-1.056986647682688,0.5711915574612116,0.412981296105111,-1.1641739254640875,840
1.7925572841363575,-1.1885061743607273,-0.07933674619965272,-2.9614676713474544,1.946792425411113,-1.4328665479120462,0.6668322055732709,0.47545157223812,-1.5536013388121,841
2.0953186533030985,-1.3382814206755935,0.0065692278837711305,-3.316425019109085,2.1232517869684724,-1.6757823267545524,0.6857619024582893,0.5040037334689856,-1.7928502055465203,842
2.39247262575902,-1.4801852745044066,0.09019805621840325,-3.6565447497969004,2.2822780347146114,-1.9168562131309617,0.694297221755454,0.5275036043969128,-2.030049031929888,843
2.6136349207274137,-1.577125475452,0.17371224421315903,-3.870759243094714,2.3673204899213762,-2.100526757771693,0.6817078902120743,0.5352149260566761,-2.1956400966477347,844
2.508242021691474,-1.4919018480790267,0.21547072304156828,-3.629723231939146,2.1930760079350953,-2.029207914115268,0.6002659091251957,0.49641873733413133,-2.091841879639831,845
2.3498319521899518,-1.3800433478472904,0.23737159949320794,-3.329669437976238,1.9923340106577916,-1.913465007633865,0.5185746272414068,0.45383250917171214,-1.9422246312232676,846
1.93163576422608,-1.135568918537878,0.21159037987936835,-2.710938723108755,1.6217921005513984,-1.5923458624477214,0.40539020740633014,0.38372677925039417,-1.5938924563929477,847
1.4781702510896748,-0.8781809169962975,0.159506307715753,-2.0695440871383344,1.2510328501525332,-1.2394317053344346,0.3039642496380952,0.31548176696578206,-1.2189672064677273,848
1.0954650020632268,-0.662413250677077,0.10948953415689824,-1.5526604633016177,0.9529231373851361,-0.9449979483228961,0.22664504820926154,0.2619716055843516,-0.9118416322683931,849
0.687089516027036,-0.44363542752884916,0.03923490673536132,-1.0013442173854272,0.6534862048569322,-0.6157469537528198,0.15864248330114836,0.20954481320054363,-0.5744403920134628,850
2.685523668705582,-1.2712952551362253,0.8866646188126618,-2.764058281693834,1.257225644336786,-2.19462089220625,-0.038914283986795806,0.2632454847214529,-2.1427296249691756,851
3.473138000207089,-1.6076175134749386,1.222603783727219,-3.4567074910691518,1.49214450989219,-2.853570359253573,-0.12410543557507665,0.2829595936665276,-2.711900552738527,852
4.06519046985168,-1.862371715239319,1.5028180243233165,-3.9380483313010246,1.61972167924663,-3.35297073706123,-0.21822296504355795,0.2780725917213896,-3.1138481358328565,853
4.3634285901510665,-1.9690244718235799,1.6823958535720214,-4.1274144136899285,1.6319134367652708,-3.629570966691341,-0.3023887558439996,0.2673732230033051,-3.2887964911985446,854
4.434241239517821,-1.989794046923996,1.7684492257546327,-4.105359167981745,1.5583324191446548,-3.715838943015823,-0.36742023752177394,0.24160922697242063,-3.291849589169802,855
3.8692470720033962,-1.7310174972578733,1.5843502945989336,-3.5163240529278315,1.297909413326587,-3.27602672596433,-0.368193760259892,0.20445746683368637,-2.8335601463156603,856
3.2923271447791924,-1.4742311611135137,1.3735589554246848,-2.9377197211780843,1.0617166797354411,-2.8180346957094824,-0.3462708288907192,0.1744709456086843,-2.375700831891229,857
2.644552061693454,-1.1844089739793364,1.1269503271173182,-2.3254386840305545,0.8250232247007044,-2.295323938733228,-0.3097679641535379,0.14794272215265075,-1.8889581449610513,858
2.0321439663647176,-0.9192253651129336,0.8772802502353242,-1.7622426611561297,0.6218206849399027,-1.7916381341282503,-0.2579038586472526,0.12903754211653926,-1.4341239763377236,859
1.4851793439911343,-0.6827093531654554,0.6457045698975864,-1.2729344944131076,0.4541015827377728,-1.3377914329704352,-0.20294442727603768,0.1167045502774485,-1.0362561993423867,860
1.0341797476988,-0.48863364548410654,0.4499768968408411,-0.8781133173833386,0.3251083706237162,-0.9621900428587588,-0.1529272101119876,0.10811972067865937,-0.713359847858338,861
1.9905903086835182,-0.8516731714324255,1.285664547021426,-1.0799596359553758,-0.11771202645716546,-1.9332543044400141,-0.6844926962446043,-0.04890286023637262,-0.9610915389012678,862
2.253113497548522,-0.9446439119087198,1.4827595328715504,-1.1845445385892788,-0.1755802469172727,-2.201690037364483,-0.8011168185398554,-0.08254866877039836,-1.0676231070463813,863
2.48781788305628,-1.0243990721325398,1.6647804372685588,-1.2687806376359743,-0.23620454433987592,-2.4467292552121407,-0.9130515098159107,-0.11583243445224822,-1.1577666376820135,864
2.5396539297002785,-1.0310486738587585,1.7278621744063984,-1.2542243703434817,-0.280940759477382,-2.522648660306696,-0.9644603147951633,-0.13559424645964513,-1.1593082792550864,865
2.6766959640547925,-1.0705710056125002,1.8472162225121056,-1.283555569248098,-0.33452468993562007,-2.6785048198444796,-1.0444229644595253,-0.16257989726115374,-1.2006857712620689,866
2.5499426392842266,-1.0081031228780541,1.7875946001757217,-1.181772266098761,-0.35520577581245183,-2.5806727077760914,-1.0281658773033995,-0.1655245518528104,-1.120771313044895,867
2.4495612891257177,-0.9597535417058987,1.7400847583842542,-1.0986932357356183,-0.3727279126630789,-2.5048901763531206,-1.0158812906312655,-0.16782866615404804,-1.0554391748507577,868
2.2634972191447247,-0.8793437181558337,1.6289828686574515,-0.9783681699489861,-0.37374871207149757,-2.3415507488358624,-0.9654198324956191,-0.16070294025486892,-0.9546410213559167,869
1.8685628172655138,-0.7227195090778926,1.3732720863310008,-0.7700449063333621,-0.3348147359457582,-1.9760496427020653,-0.8304760203403247,-0.1261803885819808,-0.7649287276769381,870
1.489675628168854,-0.5785818308445659,1.1108003367698545,-0.5783384762720777,-0.29158639977355444,-1.6068383386244491,-0.6905380854532337,-0.09460580059605499,-0.5856735215832499,871
1.1071378300042554,-0.43436597821486544,0.8443403396217922,-0.39395323004307475,-0.23837341569949805,-1.2339360224243454,-0.5426390946441448,-0.05705006065956604,-0.4099861764287276,872
2.200699615262699,-0.6257401578740744,2.144438801704753,-0.10664588127747184,-1.179796706250838,-2.7828215580951206,-1.577398888899826,-0.4580877116629272,-0.3536992949883575,873
2.235327876819544,-0.6018664962874745,2.215651100368003,-0.06187278709578058,-1.2331489570308944,-2.866144933586118,-1.64131626106656,-0.4873801331790964,-0.3520043344223342,874
2.153969122673052,-0.5588850726714241,2.1633126172425508,-0.012886733243095699,-1.2241328317118962,-2.8036422630962807,-1.6211687024500296,-0.49031064407972386,-0.3265497852587318,875
2.157738318273124,-0.5305083586554219,2.1983900970441597,0.026444001291433518,-1.257166440441122,-2.8439595088089904,-1.6599406119515285,-0.5016524356978123,-0.32538746581454353,876
2.1318525502687073,-0.5011811772527075,2.1986153835892512,0.06645963115645677,-1.2716246021196227,-2.8389779505620774,-1.675502038822326,-0.5123070333531332,-0.3126261518592696,877
2.153912410330987,-0.4911501591150376,2.2399282042746225,0.10526836982045217,-1.312915605331334,-2.8977033856503245,-1.7160521611648958,-0.5371001974942747,-0.30623128348539663,878
2.037414755985031,-0.43684924598254377,2.1530102508762954,0.14249280373283799,-1.28162299463081,-2.7828554712444253,-1.6682233969184241,-0.5247199375985718,-0.28151315141274225,879
1.882251550346903,-0.39199903522544677,2.0122588089505125,0.18017202084046896,-1.2121822930223427,-2.607695075560329,-1.5718432347397755,-0.4912309650302928,-0.24180847374870554,880
1.7045746140585385,-0.33632136799265033,1.8509838253766737,0.2105067506241821,-1.1296307929280727,-2.4016319481488595,-1.4619443295439987,-0.4525723240613383,-0.20190822286469232,881
1.1566916233354785,-0.21451977961429078,1.3079688037657735,0.2284659577615753,-0.8294884036462928,-1.7118561234640648,-1.0636409830574793,-0.30724753712850633,-0.09259093409775979,882
1.0094591561558501,0.303300305635876,1.6974568567139923,1.058271487932706,-1.3621220711624609,-2.1932233454243355,-1.6329070161373056,-0.6028118590774784,0.08959719769793333,883
1.0394765856012322,0.34569428203699454,1.7700240030945984,1.1251561557247487,-1.4242754266306912,-2.2935505679646138,-1.7106339954173682,-0.6363430116497434,0.07398467520098466,884
1.0120395870332253,0.3673010221972282,1.7554194202776432,1.1453732193340669,-1.4202030922439044,-2.270977795849413,-1.7075207298150963,-0.6372022808381902,0.07414861186026203,885
1.0033457897339015,0.39888593045686205,1.765037375140826,1.1766363457297742,-1.4340603538944663,-2.2847127588443743,-1.7214735408873472,-0.6495779635701521,0.06899752423838816,886
0.963400862562469,0.41293200453399176,1.7304642341459506,1.1867752645100667,-1.4135359249647486,-2.246075739472998,-1.7040271272004288,-0.6391699481578507,0.06348118866198248,887
1.0047934905154585,0.45465543178235274,1.817618034785896,1.2575600395341844,-1.4856129374580138,-2.359875252797474,-1.794985646460639,-0.6794214271683711,0.05136902310839535,888
0.9335495682204789,0.45969222779674673,1.7280076978764645,1.2352995615976052,-1.4228847340117603,-2.2489623586499423,-1.7207463531945026,-0.6486951910486054,0.051843923269185146,889
0.8456154505447476,0.44680624905460375,1.6037458522015489,1.193847979746446,-1.3375633934931819,-2.0972102989271955,-1.6100365060699717,-0.605202062794979,0.05236292238226645,890
0.5505482804474604,0.3707713848612703,1.1609475670482279,0.9573091867243204,-0.9985669765835636,-1.531608410324101,-1.2048764847996314,-0.42987843527200365,0.0851925992971929,891
3.3067299009897115,-3.249003158704461,2.735372960026704,-0.21024642872347393,2.147178219967344,4.087983720962103,-1.132572434616486,-0.6160821761116164,4.426614095924243,892
5.433490980370029,-2.4789173429222493,4.530776194716133,1.2793041314061941,-2.536811215598438,-3.4123901386690143,-1.431149671683618,-1.0263538321846568,5.709980102569349,893
-7.4448091522406195,4.44826445207179,-0.1939198750397337,0.3790468596059436,-1.2966224603437158,-3.094081507237264,2.774713242205322,-5.593853519525234,6.114957795681115,894
-3.1159828164970507,2.5248714217343857,0.2949232174399137,-0.22833242371777762,-1.150991593513289,-1.5633895094706791,1.715786602204528,-3.667174126767227,4.742471403370071,895
-0.5775111261287352,1.3788274595612822,0.7942294758120999,-0.49349284784860226,-1.849765308866328,-2.088812703214851,0.9586793862969825,-1.980150629182661,4.5944844000115435,896
-3.7439649719009034,1.2370510427639627,-0.2796446089264395,-0.19711297338403602,-2.3734580795022615,-3.5200168263966307,0.8990275406366611,-1.924137092375662,5.710550183522881,897
-1.9232159056097886,0.3760736956222381,-0.8230552750092821,-0.03697912751606402,0.22865547327548735,0.2305731131819906,0.25645169707946036,-0.1619215505226222,0.7361122624180803,898
-13.85914602465531,2.5976950630481626,-4.890413471412092,2.2874498650856614,-0.3744942853070397,-7.5767954510012405,1.4909570478719867,-2.1776238669267824,-1.9649855110951526,899
-7.705492451495306,1.6639599676383492,-2.4224815417264667,0.40754469936713683,-0.3489759595243901,-4.9290390264043795,-0.6946460085330601,-0.8110242741357375,-1.1858994669578766,900
-3.756019385802703,1.0718548161928825,-0.9516144404549545,-0.06957683441650989,-0.8086292659985306,-3.472546582638306,-0.8193080374445607,0.19344242758916094,0.18386275577015215,901
-1.9143857801778557,0.4750292991916927,-0.4312603016245446,-0.27184415905609177,-1.2497734320527554,-2.0086423294172655,-0.8021725479784692,0.9528680466530571,0.7286908577912241,902
-3.59175393490833,0.5331572963350762,-2.1965296034953115,-0.6594317365497544,0.3852009611756958,1.105032292681501,0.36908137171204874,1.7033306715491026,0.856296421592984,903
-1.9199918346710005,0.24680362142972176,-1.2175686302322994,-0.16444588239249364,0.2515518964550472,0.8720941719574402,0.35787335635001977,0.7916214919618255,0.6403011941818725,904
-17.00761168802059,-0.6891352781558187,-8.941724849093081,2.7500819999596633,1.4557049561808202,-4.652699102393359,-1.9596215139991944,2.6026013506474386,-7.355615072693474,905
-17.273164099806625,-0.16888160009081046,-10.712182055713617,0.7132868149145144,4.919028157091052,1.635557306069437,-1.8080672432478144,2.6174285018452106,-9.071679254768538,906
-14.890077193550761,0.7439618936584701,-8.694738352578062,-1.0115848342049603,5.813947667693575,4.833081629449835,-2.3192171983162324,3.4035496871194844,-8.023641706897664,907
-8.860637742878572,0.4815515468152148,-4.137303172277882,0.0633699687683872,3.2037191683770434,1.7652563350076693,-2.1748335938948737,2.1647934305393095,-4.3902457542122315,908
-11.515182044162545,0.6344759981082433,-6.328843373986939,-1.0170610588795068,4.336403108601617,5.805232882893194,-0.2889571936732494,2.8776756512457795,-2.539489231890175,909
-4.905562146553664,0.1561300245268785,-3.2931029715119142,-0.08597235962084597,1.8382438468136548,3.3928057692276163,0.7000272041952565,2.447422859939863,-0.025851403318348055,910
-1.470972783407153,0.09666118615983291,-0.764394123291771,0.3853285133164666,0.14730958797261204,0.6410044682166449,0.3159070691531856,0.6488147362843587,0.9214836955983833,911
-3.6051318552915608,-0.874922615594124,-4.365953140441519,0.6375662513274772,0.3836335196351524,2.3723219761901366,-2.5537942008975794,2.6696800182179223,-5.376336651446995,912
-3.7479800583911986,0.29812027580164574,-2.583674896060102,0.46849813358688547,1.685800875072125,3.075019604959965,-3.750999855636203,2.042870115635837,-7.017418453012791,913
-2.077937511686095,-0.6473268777725614,-3.41507425755122,-0.029415098129944996,3.5508505449971843,6.686860971846702,-0.9884412470320053,1.7016056947507179,-5.139421684002471,914
-4.55751724675025,0.1947968533944548,-3.362032887271038,8.041608248131912e-4,4.013790598268319,7.0163997983919115,-0.6891013625140849,1.5754094602484494,-2.5576185019739777,915
-0.2614131961152066,-0.4145699102308752,-0.7712929853611178,0.4589791379497759,2.676902374007288,4.349267982945519,0.10100841279241513,1.256426089035721,-1.89922937417594,916
-2.3518103321916173,0.27356655012904896,-0.681763880212976,0.8086599048267717,1.8497250167914767,4.200573767585974,-0.024699586717791922,1.5068301854003598,-0.7546049729281068,917
-1.0275150454621633,0.19636412008181642,-0.8419017678264408,0.7209704330460545,0.7840953619637775,2.21615585633138,1.1768359248148967,0.7245827851607632,0.4354345004239862,918
0.326735381642236,0.8776806170353165,-1.220059416074248,-0.2700463519137468,-0.5876900372487344,2.65866004360204,-0.42284388398073924,0.8104043366662106,0.3659882799612832,919
4.301614018838183,0.08804147027054482,-0.24773670493637717,-0.4163096169268387,0.2242511035311828,4.236117849763273,0.3372910639158408,0.6115270959450204,-1.783398694677229,920
4.212163577371089,0.30857623375203647,0.09953663116156057,-0.6944558522446563,1.9998519110545423,6.240668669986423,0.28882261384163566,0.4553968903262488,-2.88201829036285,921
7.178788727404866,0.0781763549685559,2.802045652190914,0.08612443855626095,0.8611138270659849,3.4441110903668353,-0.4034608427121237,-0.42013287185539805,-2.7098176546596844,922
5.942827650166419,0.09385368873569364,2.3762690131698534,0.5640026170618938,0.7901691591352366,2.8527776865778516,0.5702990574463306,-0.6105242085620851,-1.2918483077785061,923
4.346070190494853,-0.012010371118640418,1.1501777472423518,0.5418802653093749,1.4394122561670086,3.5924801503301245,1.300813941408338,-0.16952978881980882,-1.21010740432291,924
2.17106578663365,-0.06550654046268459,-0.7907191849976337,0.2956312519914847,1.9603826812674774,4.540695500140898,2.348667083818952,0.3262221786793994,-0.9361071113540599,925
0.4110560395383854,-0.009010291115213639,-0.44854087317095365,0.35533891570014986,0.38565868409559195,1.2582697601337873,0.9486287888394838,0.21229751929706114,0.17748694808851362,926
2.6588639408914947,0.48437930933546,0.871431685230153,-1.167138894627652,-0.38306624415693497,1.4456417948203568,0.3698510935334717,-0.05415793429664154,0.5487418908858454,927
4.606257717962341,0.5986413130242134,0.24977714567074538,-2.397155261833617,1.3465741624615344,5.619289317167502,2.03194506275438,0.1094259427237873,-0.35681470904555274,928
8.670939844055479,0.4554808144179016,3.8100562896831782,-1.352685045648127,-0.6363953618676774,1.4762092881236735,0.46782720827395247,-1.0990831807310162,-0.487809209816222,929
8.757052693827168,0.10802992233638742,2.9311665575670647,-1.13796512035013,0.8918782765383418,3.1314822719200386,1.0263624119815231,-0.8335332631471374,-1.7212935484509466,930
10.330231998552,-0.08466087751541125,4.370467354472296,-0.22335719652042058,-0.6713518338133306,0.15598843678979382,0.43427019382758814,-1.497128973053795,-1.0102915460252486,931
8.41553409455857,-0.17071926435753648,3.3021226226287803,0.034222496012980254,-0.2626363148464389,0.17723170263170696,0.3920757058214493,-1.1502190886787738,-1.4683125830891743,932
6.404593180715436,-0.23693511900198683,1.5714179031365385,0.019573003072821147,0.535255302226969,1.6726999937641482,1.0596031609808827,-0.5010847302222289,-1.4072494352649854,933
3.528076032569424,0.018682599859503945,1.9086565437298537,1.0517559302715072,-2.049029382743566,-2.8006299702374635,0.25045234054092697,-0.8574544465190681,1.6895022446077872,934
6.703765205680163,-0.5151613198646979,3.761764282132771,-3.7012478694896074,-0.25498019164716634,0.49822117340797634,2.020542882527062,-0.9556392301605359,1.4210258934323021,935
9.183814792944425,-0.7545363613146219,3.669151794251924,-4.195943320208586,0.3883633452494962,1.9607817889856323,3.064115710294531,-0.9222686327343302,0.8986462402164124,936
10.09671706054351,-1.0677830757877158,2.94273338889755,-3.1936153088981567,0.8760597525339548,2.4504694743740156,2.790038818333947,-0.7307291222763108,-0.30587245440062016,937
13.830849000669456,-1.3475239575592142,4.1608971786202735,-2.77588287942854,0.6185999895192887,1.6304991356524283,1.6819350562457331,-0.9493353016278625,-2.666488651937434,938
10.286258303210708,-1.0423124231765808,2.375504716613759,-1.6801530374204618,0.7940601722351253,1.8115851667140346,1.1478018759017359,-0.4474024327803851,-2.458517302452639,939
11.872045291556251,-0.9885907715049712,4.540185718897071,-0.22823802603281765,-2.2521807812670436,-3.4893258944140806,-0.5573737091671446,-1.3087782189761872,-0.856683163119401,940
9.90922779828752,-0.7483818394393885,4.367605196098924,0.7557844875526195,-3.737445082891384,-5.568763690942864,-0.9024545859577152,-1.2684612547256064,0.5351251072044915,941
3.0236647365962503,-0.23354929431537913,1.2463920038417013,0.5010730136622288,-1.4469833304607382,-2.0822858269757996,-0.36055088872639357,-0.34710182941945983,0.3769302965405462,942
2.926184966875297,-2.1672716476703062,1.215332935765791,-3.6072147255770175,1.0194175748310643,1.173100561184248,3.1675517892878453,0.1163105657996294,2.1415914913609515,943
5.8776517648141775,-2.236959082214098,3.024020380611738,-2.1673590207767743,-1.123917172829802,-1.892448721601588,1.649659991037543,-0.37023429253166273,2.4209547873006385,944
5.991995610286755,-2.006983160358259,1.658068721313004,-1.6611706274905251,-1.0136364262195132,-0.7893890871901634,1.8972193596935125,0.01213699381184693,1.8535658232870311,945
7.414007819880139,-1.952442367791351,1.9473867960465092,-1.2135003474617516,-0.6933805643608514,-0.3999816362863875,0.38938594120438336,0.20094440306947167,-0.48782483104558877,946
5.020078440863829,-1.5554253965543337,-0.0670929432460416,-0.9269104127287596,0.22871956080458078,1.461016427258257,0.6324088767882075,0.8824196360868274,-0.9583965171714895,947
8.131865891009454,-1.3862052981281416,3.429562730467866,0.47530282654609673,-2.9170102259909987,-4.087856564207602,-1.8808316939625542,-0.2427032389534368,-0.6362662477375205,948
2.190644760074469,-0.2840036857096652,1.3489655837973868,0.731400540293491,-1.93122364178786,-2.788703157021665,-0.7362468600908233,-0.2725573436091075,1.0533792027571243,949
2.3523935329372416,-1.0381691795052856,4.177892166609252,1.3883212985540678,-3.9950900921810812,-6.170907709123712,-1.143031334242032,-1.0239769856823062,4.882994809470998,950
2.2982720971482777,-0.696226514920064,2.9097138493976966,1.7264750317020932,-3.3605793336801493,-4.526543861489593,-1.2681851269899624,-0.49636980232887595,3.5385674296883787,951
1.3006686046518774,-0.47167284016521344,1.01285404167329,1.3003298319215488,-1.817717092593525,-1.5757144203233702,-0.6930896832328372,0.1619923284463274,1.5583888973303055,952
4.490954623511806,-0.4361835938844183,3.7564360674003603,2.2162255883644892,-3.7738780723764886,-5.1163442470273885,-2.8871199034599293,-0.5846175977733943,1.1678610665212208,953
1.3528185076554997,-0.23999228747528728,0.17965068266489345,1.4253976187560864,-0.6790245494759413,0.14176397196820223,-1.0064630102474004,0.44128524351710263,-0.17242128184344654,954
2.8822289198039224,-0.15005538053370554,2.284543915956299,1.651847335784716,-2.5041066420206746,-3.390052499758377,-1.9961508074094738,-0.26233751453266585,0.31959456578736434,955
-4.950352681095916,3.2255705978370877,0.19006894095072288,5.602128493858801,-2.524968251408078,-2.4468385939365773,-1.9676155819417707,-0.985681848807912,3.3616878088918845,956
-2.2087638448856755,2.8385959131802467,1.6169079182289172,5.313203368532415,-3.11408937283972,-3.6108744601176794,-2.9923917225398537,-1.0287466412000623,1.9603320095562526,957
-3.4768096503615245,2.8204479024579503,-0.24278514782385247,4.803222226450087,-1.8394451238269345,-1.2831420374901725,-1.9861228107212632,-0.5572753717036159,1.3527857210366854,958
-1.9316434106795053,1.8224838407034007,-0.0904772742517335,3.2258264096429703,-0.86546191247367,-0.2661326022941991,-1.6870146228957084,-0.1125496929727011,0.07054890856391377,959
-1.2639570753902656,0.9881765550401013,-0.5562875254825215,1.6281965538506098,-0.01351634858434493,0.7109439040050549,-0.7076458902025637,0.15986843166885029,-0.4197073869052791,960
-0.8069481970908204,0.5158192834094529,0.07742225724072636,1.3139272642742774,-1.023177635315196,0.7455608884248004,-0.4147794511206314,0.11353502146904568,0.4320672392532139,961
-0.867015226127522,-0.3342224882548177,-0.057200940169998694,0.7483655402742753,-1.028378332876247,0.7049656569069421,-0.10234623132422968,0.35689978904544545,1.1148879332910806,962
-0.8274733024665071,-0.43203321801794103,-0.0994388646533049,0.6029006267154434,-0.9266997357973857,0.6529668583280899,-0.03272179505854094,0.376444780765612,1.1553296060501475,963
-1.8297164700425987,-2.752445266866182,-0.29414418608026416,0.17179868313243452,-2.3763353812283516,1.368704982272104,0.46099230636981625,1.247778480262598,4.006662643715941,964
-1.5172957789251598,-2.3798246231322646,-0.337661424379573,-0.013265649051202127,-1.8184576061394677,1.09782343021736,0.48452062298905557,1.0750418472505754,3.4067338579851323,965
-1.0800377795654301,-1.6309200661805652,-0.3153956350807737,-0.046512578403523845,-1.130367453797604,0.7514328277782508,0.3894360944491551,0.7671062984250292,2.3703774051771505,966
-2.3261098177380806,-5.263259336667136,-0.8610518935123714,-1.33869491629582,-2.578976978778413,1.5190286801262671,1.453730308657899,2.0549366312680033,6.6053094485712815,967
-2.033363672120508,-4.7341368183119394,-0.8628444524821876,-1.3733499508164289,-2.092434356823723,1.2937085179139387,1.3955381729271166,1.8519632563866877,5.902240080429521,968
-1.5032362213366044,-3.4408779496623527,-0.7184932086080463,-1.0628981546888765,-1.385034948358246,0.9321334252436104,1.0809375432716368,1.3748110553426327,4.32082633212139,969
-0.8728217090823897,-1.7081196023349958,-0.46092944374125305,-0.48412821798526645,-0.6331264759483582,0.5256257827219949,0.587359954865257,0.7442655423427644,2.2590139016853046,970
-2.9189005037441245,-8.593432276710493,-1.914728395778996,-3.781208687077162,-2.3018765660461216,1.625385249347881,3.0439073589084247,3.1497843230080216,10.173844218608858,971
-2.5220643681489463,-7.641655025307093,-1.821030712275705,-3.5894085026292437,-1.776020136468893,1.3681373037258067,2.8234507179282025,2.8175618101322684,9.004017149425042,972
-2.6102946507880103,-8.303032945082258,-2.0437417985480337,-4.14638755248936,-1.6638193080763017,1.373093422028056,3.1488909287397573,3.055453669335109,9.673470463196937,973
-1.628314540048587,-4.991459275184031,-1.3439289593873185,-2.5343174444925105,-0.860837333394243,0.8410602430741388,1.967108901654924,1.8758139301101593,5.863860557184277,974
-2.1037151747471317,-7.221488178726526,-2.1915365892766823,-4.287420062132981,-0.5412593229452414,0.9667484311630016,3.140690447335946,2.6624552023148156,8.411905894446694,975
-2.4956660212508597,-9.387076958558206,-2.901265746337131,-5.9479300274558256,-0.3690181563785011,1.080972752654813,4.180904007294602,3.4389175294863237,10.718678864149167,976
-2.0759277703579557,-8.13804265339238,-2.611810256611821,-5.38770850631928,-0.054961533574009555,0.8559292831066801,3.7232510462994326,3.0107151810618347,9.21118812648206,977
-1.3348708686252315,-5.100919203676434,-1.7427259722370585,-3.458469845065019,0.1160700158894501,0.5365916657265501,2.405754092336627,1.9404744352693593,5.799263510233661,978
-0.9773401924116405,-3.6009660632491527,-1.3051754425307398,-2.484795146789946,0.17864222584668382,0.3866598634371988,1.7471068283942846,1.410841448103396,4.121104297006322,979
-1.4272160520011037,-5.67818657771482,-2.1785772078231607,-4.22154741150935,0.5929470281674553,0.5212754016036066,2.90727032873122,2.1635806082321882,6.490057195816572,980
-1.1256334567145752,-4.705929558182598,-1.8817822249602254,-3.66811167570563,0.6867359739351171,0.37665251722066073,2.479596240133752,1.8264586882070193,5.3111301814569085,981
-1.567847515235913,-8.199890308389953,-3.202745349520392,-6.814734885166882,1.4746942270630308,0.39920430823418707,4.353557932718407,3.1060391504361475,8.876343321386452,982
-1.2394345763558576,-7.0260272856530985,-2.8109816576434445,-6.053900886725959,1.491179703499093,0.25477783039257007,3.8017185904153656,2.6917689680362242,7.490194013387737,983
-0.7653537734055689,-4.13261896924474,-1.7485793824881508,-3.6247621969439003,1.0062406863817706,0.15327675512225428,2.2966982881924505,1.6412036016252431,4.423984724484822,984
-0.5395548587766498,-2.6149183393043214,-1.1835327233278619,-2.3117746082101616,0.7162433566124077,0.11768687753724119,1.496655931649537,1.088292026683421,2.839977694663218,985
-0.8734907682326496,-4.3530698457729775,-2.0264654453526174,-3.9766612702508777,1.2982769880006806,0.1982712017294382,2.5759389657310963,1.745215355357508,4.774637592488298,986
-0.7308029620480454,-4.346462898960043,-2.0525565995713677,-4.1901292733029365,1.4976754307732452,0.0940438250006218,2.6228621717924474,1.7557863632769284,4.609523360022684,987
-0.8549697225577819,-7.967217511090543,-3.639782347948407,-8.16575397066142,3.040324542315384,-0.14140602270745262,4.817597926254833,3.130047294447028,7.9639781469853075,988
-0.4955659644459278,-5.023539958576585,-2.3777757241179858,-5.301207603396064,2.112951609114432,-0.1412916028595638,3.102966970772866,2.030250593914327,4.949724382381452,989
-0.3730201330334662,-5.728412316986231,-2.690552420663767,-6.276847432222895,2.581300043728837,-0.30005980674113525,3.5600871687878586,2.3011782470046596,5.433799561146284,990
-0.25622252325196426,-1.9496995751978832,-1.0419419636504204,-2.109063185679518,0.9650661998231909,-0.039455381506373066,1.2721016019190756,0.8704425568775576,1.953813085113213,991
-0.21454016689327304,-3.549457265754382,-2.047880227008561,-4.407057719697952,2.264177771432382,-0.21464783710831767,2.5334726640062253,1.5450025709344983,3.3224825776952924,992
0.0819391150430695,-5.047269358117994,-2.8181650914643703,-6.647826681864365,3.4671484089802855,-0.5632530317099979,3.60392417504845,2.1553977625502214,4.309201280865592,993
0.5208204011894761,-6.548955560865042,-3.565064860600321,-9.042503226882582,4.78593212263533,-1.016145500118068,4.680151130815269,2.768275351365024,5.140049050788253,994
0.7333281393005806,-5.974686823956338,-3.2314174183539075,-8.546457051074333,4.610090811203597,-1.1197462872749697,4.2911602413758585,2.5437927320406324,4.391900838774266,995
0.9799480330595367,-5.902685976458881,-3.151303922580231,-8.711713651873072,4.758482696674003,-1.294491309574979,4.245155455869458,2.5179838782996646,4.052971640979112,996
0.8247718746291777,-4.3241855863407626,-2.3252816198197057,-6.525169045823818,3.6346407431822096,-1.0403372460527656,3.1314691259101104,1.879223855651384,2.8337727556494725,997
0.3629817306244873,-2.1477222585991256,-1.2328445127493128,-3.2672878208297393,1.8991719958936735,-0.509810015788761,1.5940087183168015,0.9983825878671667,1.4281085294006721,998
0.48424440811430713,-1.920961298142117,-1.3639030595509865,-3.4888263128941714,2.3131457329744824,-0.5438264585040655,1.689351047942173,0.9824192533353275,1.006254200921689,999
1.247448806396976,-3.1568176787038555,-2.0197027985190554,-6.037274614381619,3.9040122565839064,-1.189966469928693,2.686121005687267,1.5257474833321727,1.1887692568361594,1000
1.618921387398703,-3.3396031554732177,-2.025610392697952,-6.6129523777287105,4.256826072190511,-1.4778276656576466,2.7925657393865375,1.5988520332365768,0.9334046239868193,1001
2.357158155518777,-4.100194089523661,-2.3197883968908117,-8.36286094155013,5.334540968314255,-2.074842673943111,3.352157497402389,1.9199159101333017,0.7614120930565764,1002
2.6595581605573226,-4.128887133622844,-2.2138957042414367,-8.618660939153003,5.474712857293484,-2.3044481633269935,3.314320743017608,1.9194298060501822,0.4620309805731619,1003
2.8782097433169085,-4.073488358024273,-2.0721081899675755,-8.665074303271329,5.483616760121378,-2.4667566853178124,3.2112311722653275,1.8792394905239036,0.18868769366005134,1004
1.4906375445514186,-2.0904463092973673,-1.0977311561583236,-4.486724820278765,2.896939216277093,-1.3043158441263276,1.6584522327784263,1.020680674805724,0.05947787019488398,1005
0.4133698239980379,-0.5782093605911414,-0.49495536472338464,-1.4777494989380497,1.14137932796137,-0.36731975879939516,0.6029016976059012,0.409345296925336,-0.10222774599532936,1006
2.34410387747995,-2.112457428649372,-1.12640105971849,-5.64070883136286,3.852128073948028,-1.8396563385782256,1.8455885782313832,1.109010700944676,-1.0712472294649193,1007
3.819462169754095,-3.063481582479361,-1.3228303862394535,-8.294405576165603,5.5061673819967485,-2.969177377479303,2.4921505710626373,1.5105091889924933,-1.9416360412087437,1008
4.27829818892772,-3.1811352611185297,-1.1523091971245583,-8.69953141933117,5.679027191067966,-3.3317779991367606,2.4441144830207415,1.522527519140235,-2.300067041341705,1009
5.365395776270859,-3.7361775922825946,-1.0949352018019893,-10.29068510880454,6.592274361916267,-4.181143069925287,2.69732711719173,1.7194488083113104,-3.0021211489212396,1010
4.720214693886649,-3.147112024044376,-0.7735554506746993,-8.706492329391848,5.5207747758434955,-3.6984957100809015,2.162042324115949,1.4323171553778227,-2.708838968873309,1011
3.587684718691681,-2.3200173898809995,-0.4922293049324172,-6.430721864009803,4.059894613070517,-2.83503541617888,1.5290842120951798,1.0633185346007321,-2.0929177084580672,1012
2.6777889833884556,-1.3372373672034232,-0.11694502500685748,-4.221165644593057,2.7129076690555447,-2.025013926374666,0.828223444417074,0.6692103985324142,-2.030003140965626,1013
4.315076334747028,-2.0280880298379866,0.11910560768570033,-6.328619096527995,3.8731714052617026,-3.273520524785509,1.0504832960903874,0.891938128732292,-3.22193487900743,1014
6.109196033643217,-2.7536477237966164,0.4664056674844337,-8.495282672948237,5.0051126385865095,-4.6654339790543995,1.2039060904939076,1.1005884089572386,-4.502268947245526,1015
7.238137644742374,-3.166288214803155,0.8089671829384885,-9.659886436873967,5.522043172844244,-5.569398095430248,1.1729690619133204,1.1783847931818356,-5.2721678051744245,1016
6.528918474448005,-2.796588559570204,0.895584228840632,-8.442251623350183,4.7204172168277045,-5.073817026446387,0.8836295483388215,1.00127435898623,-4.707562765664614,1017
5.755900761532779,-2.424379967070802,0.9093163656886476,-7.231989336754511,3.964717346081334,-4.512845000049772,0.6456198960412495,0.8357593398112464,-4.10586452373613,1018
3.3020260997689186,-1.3870518143458272,0.5478045138704579,-4.09281810118736,2.24614431487466,-2.6329564619303563,0.3272772031357619,0.5101916027746322,-2.3369081872588167,1019
2.921032742961508,-1.075233226648561,0.8813537161335852,-2.946135538090239,1.3428575203036845,-2.3119530441257155,-0.10490621288075547,0.31045112318652823,-2.104583614048628,1020
5.632154557595341,-2.008045827486065,1.9276742351042273,-5.375306747296522,2.2078880247692463,-4.484677932260427,-0.3934315229219975,0.4167557042543666,-3.92097435094573,1021
6.478097125550195,-2.2746701480242497,2.38175928039869,-5.941685212427384,2.272633275530178,-5.228293077240941,-0.6134932336503199,0.39194075431896436,-4.383677560987155,1022
8.609427974196596,-2.9761434829747957,3.3609583841670143,-7.618751896865513,2.7077362169842627,-7.020147695044139,-0.9986608336445312,0.4046954871942511,-5.682109956547913,1023
8.046806267135977,-2.7526959194125555,3.281397597261926,-6.910128545550376,2.310625882723542,-6.646452975129749,-1.0822822203182694,0.32057430479742066,-5.193961308777266,1024
9.310494360098007,-3.1392200122841656,3.9535301882227776,-7.7655168588005035,2.427790462433421,-7.7664739281300985,-1.4070116808008575,0.2849606395782118,-5.886014650485396,1025
7.022903438482985,-2.3571618580807794,3.072243300233717,-5.7100553189201175,1.6905986465147815,-5.930985468024902,-1.1662687675651584,0.19556734855071747,-4.352812478403422,1026
4.929788454763622,-1.6172565661133862,3.0683278392156863,-2.649663282769608,-0.3330497155484294,-4.583299510024769,-1.727754531639938,-0.21696991855128528,-2.1386764947145713,1027
5.1653721184729875,-1.648351911553268,3.315327083082609,-2.6316473275988894,-0.4905954270760634,-4.889533837182998,-1.9212960064026785,-0.2851892760898548,-2.1580322034813126,1028
5.122784255388903,-1.59402421167325,3.3730381051349663,-2.4770841682803515,-0.6082927073482568,-4.930991217414557,-2.003491226533222,-0.3308896251575744,-2.0659860954074176,1029
6.610114848845933,-1.9982848254261214,4.450328920073906,-3.067363065597652,-0.9203219337863349,-6.427848520783954,-2.683761817270615,-0.5050709479454717,-2.6073438942250866,1030
6.590009458097812,-1.9448187006553828,4.526015001873805,-2.9174342493875085,-1.044384967743036,-6.494608323026348,-2.7796347569110824,-0.5546564297155964,-2.5255671319636095,1031
7.518067370727781,-2.1635561787514552,5.259703744781875,-3.1959168481306244,-1.3211647172238983,-7.492216456611044,-3.2761481437180273,-0.6976346389095174,-2.821008503939084,1032
5.68678680104775,-1.601138931165998,4.049857527594956,-2.2817243209769105,-1.100642981187885,-5.755167685607554,-2.5744218680111057,-0.550778451613323,-2.0586634846484837,1033
3.3759840040560585,-0.6573034350464635,3.169064487771936,-0.21351705837471585,-1.7435054825134315,-4.146800407007383,-2.403744056004956,-0.7089236442026611,-0.4429635218099628,1034
6.768496075976415,-1.200707002918055,6.397323501645903,-0.39371921684976485,-3.5356132106002263,-8.309963204936466,-4.8452983016301685,-1.5493012665933898,-0.9875351951771475,1035
5.042984903202631,-0.802273904303132,4.885661760955615,-0.10093026967824491,-2.7755316248246187,-6.353524025014665,-3.770420433810051,-1.2024262486608954,-0.6727189678852691,1036
6.560235632430449,-0.9411669685858861,6.438497097714484,-0.008705770935257456,-3.701892006509429,-8.352501303891582,-5.001812917358435,-1.6433025016621756,-0.8906305727811783,1037
4.746470034954197,-0.5979281797165025,4.767581374295991,0.1716966213378387,-2.808262483711694,-6.197542020544828,-3.768047364880347,-1.2300064609575696,-0.5881428442771868,1038
5.5448136017171,-0.6209652661821148,5.639287716786446,0.3044182936806533,-3.3541332754457476,-7.316187041643985,-4.4834634645476505,-1.4926302078112965,-0.6899300617367272,1039
2.973040610792287,0.9864954462310771,4.444941660009471,2.3984050991168546,-3.4332751761397207,-5.724623756825273,-4.231371454620815,-1.6446880473549483,0.06691440100448523,1040
3.1564745797256366,1.1852978532113605,4.828279198966474,2.708292716418803,-3.7583444339000116,-6.249152173706778,-4.649482461445313,-1.822984460230668,0.03179977814696754,1041
3.871955403246233,1.589572097712785,5.993288883295495,3.441861218590915,-4.674145357809332,-7.7472681967333745,-5.790735351608892,-2.3051987147087734,-0.04208265225916111,1042
3.513029657756092,1.606043976371388,5.577326540296283,3.3534520165383306,-4.38712897555736,-7.229761640278212,-5.443698115595166,-2.170631184066657,-0.05977288066942598,1043
0.47024055119705904,2.525765142609995,2.5998663468584877,3.508862851967382,-2.479807886964419,-3.6447535886121485,-3.274100691145658,-1.3728689480847236,-0.4993575329354715,1044
0.346407777461743,2.291351129357385,2.2637335668655423,3.1686991479759614,-2.1845467078849556,-3.1944260352924863,-2.894225639285053,-1.2051527668379975,-0.45688380063113093,1045
0.2905046837816227,2.258028308170957,2.161605028383816,3.0981341118139993,-2.0991913507725783,-3.066152409924952,-2.791700987320414,-1.1595839992801271,-0.46704092349913157,1046
-1.571345811646475,-0.37670845357871013,-0.19977650504634412,0.6786515323277397,0.7659017394864003,0.37208397755734013,-0.7715681923318481,-1.1953926369993473,0.06895980108986244,1047
1.2357771599650393,-0.9134311583391512,-1.0559522395285328,2.375726813394403,-3.7128572255631216,1.5724534225232103,2.9712285405584766,3.3404786858478697,-2.6404137209588825,1048
5.37602498746943,-1.263765729815214,-1.1277473816066634,3.4753416347220134,-8.55601209861806,1.5692938288813922,7.1481659386346665,8.35711623495045,-4.621693194244777,1049
-4.310592716308595,1.1182471376220215,0.6439388664495419,-2.350876618548923,6.76384502461371,-1.2204120801986316,-5.743134538761929,-6.611869642793802,3.772536077518557,1050
-1.9419710565028627,-0.04543240798258781,0.1519952375038565,0.005168718826521872,1.4757977440753574,0.3126150986611958,-1.6355649556289182,-1.8375006067216153,0.7243119326242071,1051
0.9883890334092651,-0.9811976119639991,-0.6245251048459346,2.3496149459766595,-3.691740702029408,1.6449481405111595,2.986854891368452,3.224050593678837,-2.6257151472515936,1052
5.677222955657134,-1.357603801380747,-1.3245481774051011,3.9549943510030667,-9.0980981472109,1.6614822249050676,7.641408401310936,8.83210097910291,-5.00295996372676,1053
-4.780027938137251,1.196721242771069,0.3900232093460615,-3.034272998089423,7.850726458832383,-1.5137444230905746,-6.760971151749053,-7.56921792075815,4.059952877978294,1054
-2.078412607614223,0.09436553296897948,0.17231099379425135,-0.36189775480091935,1.7471532780625407,0.3006143349875835,-2.0744471675167273,-2.082790684325499,0.9183636635202242,1055
0.48407824982516995,-0.5787976135944956,-0.2981233368505845,1.5206392356495824,-2.4926783225756792,1.1924576899913877,1.9525372320618402,2.191487015694642,-1.7085662376429707,1056
5.688778651954859,-1.3920143696167657,-1.3155900018873183,4.054130991596345,-9.176589954479647,1.6662103105485992,7.7743066156452985,8.897146896758985,-5.07894176732255,1057
-3.9923380841358993,1.3915940870362364,0.9757676263846391,-2.5215685225691105,6.060800177786424,-1.0050621228743988,-5.3505747874743435,-5.900472670104377,4.136420763006125,1058
-1.8122813770001793,0.13523549007606409,0.49739507757251666,0.2128192578489622,1.1914643421255589,0.37340204492686313,-1.2360607653743136,-1.5992561306265447,1.106424890424109,1059
1.1549456682066426,-0.8842788640167077,-0.5420971510462227,2.7521731701424375,-3.7608376066778533,1.5566022404591093,3.2846537194093566,3.307159146478207,-2.3718015151267626,1060
5.76357923552839,-1.264527686138534,-1.58902280876675,4.280974472573841,-9.112039740519332,1.6796016773100693,7.562903857284129,8.814970667935238,-4.844308583440733,1061
-3.3709238967008175,1.1376366981202917,0.520702373975622,-2.618782418544569,5.443231047408982,-0.910716514848233,-4.83939696320683,-5.153976154505846,3.568967649789987,1062
-1.5807983210886254,0.3043907444957639,0.4726980209406824,-0.20742057544592452,1.1519944148963859,0.42775675259954093,-1.4154126625239005,-1.3967055593446724,1.1168183873343263,1063
0.8084177637061142,-0.7036057228841877,-0.14971524579252213,2.1759048529934977,-3.119882260313414,1.3701347334961334,2.6519515927634933,2.75554650836131,-1.8390694591858867,1064
5.459370476011378,-1.1920064683185234,-1.5126100658045087,4.193003721970667,-8.676003358549575,1.5573890563475776,7.250066343182585,8.375291341375792,-4.640730496836952,1065
-5.431968708226036,1.2665978301408056,-0.4324771769132526,-5.518539944031463,12.138896740178568,-4.184668415451007,-7.846257576118457,-9.081631781557295,4.3627587333494935,1066
-4.3589706493832665,1.4733230142903873,0.51162816135744,-3.662100367359278,7.307993833941908,-1.3383695750343498,-6.6318758204981725,-6.91434237049942,4.3938691967880015,1067
-1.8714239182361925,0.29538003973396587,0.4366342312116364,-0.47040191408569415,1.4860146211682494,0.49442289549237994,-1.85488631406146,-1.8287103205651163,1.3431291721204577,1068
0.6428702369968217,-0.6155013558868644,-0.07269129445846016,1.7564314196803226,-2.611021230090047,1.2518821218410041,2.370761052136583,2.355733107819288,-1.5691824451217729,1069
4.601519367634462,-1.0449094904347214,-1.2698384635642102,3.6283223407046297,-7.386187126261891,1.3281806357886168,6.237631668464724,7.152489059187561,-3.9332714967875173,1070
-2.6558036857550085,1.0705047720479304,0.6013356675813196,-1.9632791864439285,4.076038237301783,-0.5737114228717751,-3.6128303083079554,-3.8440763507160085,3.0692953921686748,1071
-1.4887526556776987,0.27348340473428556,0.5939569445927296,0.1279888269440216,0.9789984232375984,0.44002969172601614,-1.041971265711824,-1.3096037843946116,1.3043052948307907,1072
0.9182032088486581,-0.7086001131075348,-0.32867513075613064,2.3600513205902494,-3.111780918187771,1.2967411221529697,2.8859748574847193,2.7932775573319923,-1.7151045186381237,1073
5.4349342976254444,-1.145078602739261,-1.6320711808911783,4.244559092135012,-8.546920437832268,1.5825307470305312,7.094558763055809,8.235886151083196,-4.470122778923229,1074
-3.911983684505542,0.9380853169526282,-0.3328927706843266,-4.5296324815299664,8.783889945776208,-3.074861056143386,-5.688368804233489,-6.348837790070152,3.4192608983816304,1075
-2.57732750409551,1.0283209571908092,0.42147468937466176,-2.235502976027507,4.14599828504026,-0.6637838214092656,-3.828516905309623,-3.8479506797373944,2.9741112812777555,1076
-1.4484040446602129,0.3881576339868691,0.5958509740876141,-0.1911309826245556,0.9569637531173171,0.5398362496095511,-1.18620337351612,-1.2425990337941526,1.3580561492377017,1077
0.9032319431190281,-0.65000803207956,-0.0323667771316857,2.2828850880577036,-3.2225917035311213,1.3343130032151809,2.929587761119763,2.862864233590364,-1.7408565229169064,1078
4.689361925427093,-0.9921968097168872,-1.4149084356774677,3.7984083194903824,-7.442014854571043,1.3428825869317118,6.240203306841619,7.175993118749875,-3.878148709007418,1079
-4.226857661520736,0.8873361136965724,-0.46748677016013773,-4.551172156352183,9.598848619408983,-3.547682128344055,-5.935387851709974,-6.904180796633891,3.389523939341005,1080
-3.402967665610113,1.235458253720422,0.39168865501560474,-3.1543859433682666,5.667283421096524,-0.9741180763793755,-5.248216461542292,-5.304816179721404,3.765391427044543,1081
-1.7327112589201539,0.5211157950400174,0.6653694360733783,-0.5425326485671835,1.1695773787105852,0.5996008220709249,-1.7278266266709004,-1.4587508178962165,1.4319649319367884,1082
0.5760772106826876,-0.5127246332628808,0.014638729614403413,1.65470259270824,-2.39564699054716,1.0092604943117518,2.2070746041088354,2.1683384295009085,-1.3068249459428725,1083
3.985578098207924,-0.8641167516257897,-1.1836919256264578,3.287846494136955,-6.379693114397779,1.1526123422458954,5.402281098238786,6.1812628171652975,-3.3147727930556816,1084
-0.6423753720951472,-0.21391350985532642,-0.312999164234483,1.0085432468811988,-0.37861546082059205,0.5224759943013861,-0.17606344465953255,-0.06509244106481056,-0.6905460690176862,1085
0.6193675597088788,-0.890494772145773,-1.4895627987951179,3.176832866651849,-4.207739623028978,2.1018417389875705,2.223830446694092,3.1624245471504726,-3.6313840900904424,1086
-1.2866603901164222,0.40305560231175175,0.16561061270044777,-0.4247664737989816,1.6987444107689769,-0.20344730928789564,-1.6328367118855593,-1.799494909744019,0.9936468879766608,1087
-1.046179682998649,-0.18896375515721411,-0.04532336757858279,1.0366116321230439,-0.34170162812719146,0.7633164404598691,-0.6694130137305102,-0.44871329042704267,-0.7657254909672307,1088
0.49596411632782,-0.9121787373503957,-1.0763853677091082,3.0345642740318475,-4.003285970446135,1.9449179036253208,2.3022518885785574,3.002327548303779,-3.403742764832271,1089
-2.2078446657424373,0.9390675413195855,-0.005466504184217397,-2.1061574581472478,4.9240561976286825,-1.4319475943562234,-3.4538485951120905,-4.126752569849255,2.7897669373246026,1090
-1.73289139972706,0.56322864272078,0.10756612350847011,-0.9181476692763064,2.6292247763960335,-0.41369928279949314,-2.5145665256233958,-2.6959767825468104,1.4445419795553194,1091
-0.8633741437868078,-0.03496485644383043,-0.031003489414441112,0.5300226531357736,-0.10529234343820583,0.5713222268921616,-0.6371609080695078,-0.37520263804579923,-0.32635778439003926,1092
0.4690967800241936,-1.0037027954107873,-0.9195842521310563,3.087219988671662,-4.166467288337652,2.0171468584395678,2.484465766215973,3.1245823102847616,-3.563953962479871,1093
-0.7939676335678819,0.3600827405139402,0.17822842489070712,-0.1578065621812366,0.8903809252513042,-0.02708107757216996,-0.7871854891503857,-0.9150794660073409,1.0081810908793198,1094
-0.526882415712521,-0.04784733725682359,0.08531437148884,0.9940184236952619,-0.6084761858638849,0.5885544610258785,0.05101092326952501,0.15035258255336814,-0.2938682196531634,1095
0.7165491769910767,-0.8435023550180771,-1.1356082311585711,3.3153113495558264,-4.051407013546796,1.8396816220355685,2.536574747925753,3.11110617898948,-3.140706550387239,1096
-1.1112193513452668,0.7358727888093456,0.048887047212879876,-1.6864364254093696,2.7934697396525148,-0.8246855791291254,-1.8704509103229985,-2.0409312206179857,2.238460220909357,1097
-0.8276153186787293,0.5094383981119748,0.20242016327935533,-0.5818546114090607,1.073382546119875,-0.08176675401696187,-1.1084163167611485,-0.9877769310196043,1.2154916209684095,1098
-0.4477345142225175,0.045936557406947555,0.13254744182074138,0.5821751710294775,-0.47494523256672244,0.5267937066837307,-0.0044384995805588304,0.1395826554750666,-0.028684031849334168,1099
0.5667376969244222,-0.7603663080313497,-0.7639086845710553,2.8917900977230766,-3.6117694148847534,1.6147902110717771,2.3905273472472803,2.8124608788676335,-2.7120608913812707,1100
-1.1138278760118507,0.5858061536593443,-0.10757154004816642,-1.5845651030537968,2.726430407786183,-0.8497876202128256,-1.7962902328951706,-2.0188261905010063,1.9912020611073542,1101
-1.0096781903560865,0.6069419754173185,0.19651604717251672,-0.9231219061869818,1.4318270753168068,-0.15249445636243197,-1.5755690379641079,-1.3563847477332138,1.4544250349686094,1102
-0.5538844301353065,0.09140662674125465,0.20176761406562238,0.5536718718574462,-0.5916694468714159,0.6925758962793719,-0.1758058835930587,0.16291164530038282,-0.0791269487260861,1103
0.45000787294558536,-0.7138760737059132,-0.5957717124295547,2.5818347074058092,-3.289390838009515,1.4823359140641716,2.2239127443065105,2.5792396875035424,-2.472773710430611,1104
-0.5830964278536994,0.5935223450020466,0.07021981656251118,-1.130989358437964,1.5023528767178185,-0.4111378183750008,-0.9495359953598586,-0.9502431936630127,1.710733746434087,1105
-0.5129755134743827,0.5463784566120603,0.3353698925972242,-0.378942611535346,0.5952634612908363,0.02315163619189904,-0.6148464443344243,-0.4918618954461243,1.2424739089761412,1106
-0.2580243180830015,0.07865642301556275,0.3457169082352691,1.0537254380330356,-1.086534268712478,0.7265279268824759,0.4464392943724081,0.6263364981540541,-0.053637626530219945,1107
0.49980240859798114,-0.5355721473389825,-0.7016150910311815,2.4275569554203345,-2.811556741803376,1.2485042132264408,1.9641220410545406,2.2466268082259626,-1.9208675806270277,1108
-0.6101310020642133,0.5724454171734397,-0.055301013606565363,-1.5786907830933468,1.961465609820265,-0.6610213929988091,-1.16205294030661,-1.1605868311480676,1.9646853927010992,1109
-0.48921448618533336,0.5401660005733457,0.21618611212818806,-0.5680100192255897,0.5587527113023388,0.0424016769507822,-0.7037972160401337,-0.4275158138709598,1.2255999079253697,1110
-0.2509578343076165,0.11759368366177309,0.1752550043994861,0.5683400736404134,-0.6796115175665177,0.5433018746046319,0.23911978485270946,0.46514681091799803,0.10316421358206351,1111
0.4143026998505077,-0.49806160361516544,-0.5229311255693351,2.180711729519533,-2.5809225883567213,1.1322951212860408,1.8678679734924422,2.0927129948547223,-1.725022033454466,1112
-1.5994750371020388,-0.03476347331507982,-0.9259675761813587,-3.871333256474921,6.5460953457190465,-3.5246640092249133,-1.953653104623924,-2.9179848301585194,2.513925059097752,1113
-0.7086214753047264,0.4904146078027749,-0.12191110566012998,-1.6216544603766665,2.096879774022346,-0.7655377374399467,-1.277873466373684,-1.2946459866521027,1.8665734452098988,1114
-0.5341532020712555,0.5189595500235712,0.15073514478385763,-0.6619383452068497,0.6509699731691365,0.05657670846791981,-0.8363489877718682,-0.5569081564304158,1.2148328329795757,1115
-0.2919535006401863,0.1696085236875457,0.3759579545224054,0.6381271091466603,-1.0670652388686974,0.8177153715454507,0.21103968710553228,0.6344783763402464,0.0457006497865688,1116
0.8271172143560965,-0.8947903345365389,-0.6505066490436924,3.401850651313657,-4.273424101805781,1.7669248888136289,3.1171826081203817,3.382401947009625,-3.0021080725200373,1117
-1.7568966744859664,-0.026962594784563757,0.11922922952891402,0.16524177917273816,1.446879316643541,0.2781002402754914,-1.398794214567252,-1.7225936883150015,0.6805332896426446,1118
-0.006168253092068904,-0.3450606590768852,-0.41889973346787895,1.1218658294876171,-1.2712577847993598,0.8000241680099536,0.9827732771199688,1.0520587994953003,-0.9042659866519054,1119
3.8305868246311463,-0.9438169444494799,-0.889673807531149,2.754620781575768,-6.312798066328727,1.2511511496767913,5.100156830565598,6.032777588327235,-3.375317576149003,1120
-2.9450094388268675,0.7757338888913983,0.33987092502434396,-1.5486902947575674,4.2456123141137905,-0.604061248345475,-3.7840705479629633,-4.189894444955741,2.494488040994058,1121
-2.1421601750187658,0.19751335382908955,0.2953641602288819,-0.30555591096181745,2.043879964101918,0.2914649426309153,-2.0794179277494584,-2.3294443611958924,1.1830190021007525,1122
-0.07229477209215558,-0.5774966083329397,-0.22613904314602695,1.5275734610282727,-1.8307961310266276,1.2135247817186752,1.3895644409730756,1.3993317101869396,-1.3880292872932787,1123
3.6468878490839027,-0.8908373000794292,-0.9320864620121551,2.845902650990947,-6.068783152411248,1.2207836336005076,4.949790224862418,5.780198099987285,-3.280461481829311,1124
-2.691940056157485,0.6461895966910327,0.17819599232687042,-1.525223061424491,4.059487289153181,-0.58150235644823,-3.5614805172816615,-3.924774985427311,2.2649167828667744,1125
-1.6309088925989996,0.17967716722996624,0.15224830373550557,-0.300271234179204,1.5005545867754992,0.23385494810903926,-1.5995494081324597,-1.6733189195536697,0.9171461625101572,1126
-0.22002593881475566,-0.2986876052526791,-0.1052798944081764,0.8396017656583877,-0.9337093919804811,0.7522852023627921,0.7360862307201339,0.7686588310710474,-0.6397901796281493,1127
3.3533864020076463,-0.828380852128776,-0.8701870519350872,2.7167317610757333,-5.6296640926993655,1.1214218895047705,4.638324800073457,5.36857170962307,-3.048419949964097,1128
-2.4641876096245525,0.8090526845532113,0.4677148898265853,-1.3981303087755215,3.468963782694086,-0.38399937276326257,-3.097296378763772,-3.3779853985196615,2.4199690752290355,1129
-1.6163959527397171,0.25062589967219545,0.38798549929826814,-0.0913110460290092,1.3476116211880824,0.2588781361160226,-1.3580147852360696,-1.5021135358009587,1.0766130166563805,1130
0.004710260236725314,-0.3986309273599766,-0.1883017223375468,1.5201353981839842,-1.5222294491169455,0.9685785804380578,1.317076139678933,1.217385044243483,-0.9439296264146358,1131
3.435075386170457,-0.7503920134196086,-1.0693397474686748,2.8361339569496526,-5.636734151937094,1.1417044422836167,4.549497046685619,5.352195595218303,-2.929463295643186,1132
-3.7416903303336024,0.9584864546570178,-0.04187830969725872,-3.538220354442679,7.360095755934011,-2.1613695139511053,-5.27983150409944,-5.794574148284058,3.175034602585119,1133
-2.100630347147024,0.684315799546708,0.2367460920316241,-1.3430246745728902,3.025748840066919,-0.3329330921929,-2.7593946714936117,-2.8785159194355927,2.035153800128213,1134
-1.3408749692959603,0.28325265904014746,0.2671740033552906,-0.21351988211854458,1.070735880179194,0.27232622144005375,-1.1754357861021862,-1.1884883016407837,0.9616413811822621,1135
-0.1291669125385402,-0.22801869751769113,-0.026662801689422325,1.0068020761368808,-1.033997019535638,0.6977928819902101,0.8801058992280552,0.8536477063665002,-0.5261435022418134,1136
3.4410867922109154,-0.7702646374784888,-1.0661541155913616,2.9357794466014626,-5.648909746293311,1.1119347857394817,4.597135562645066,5.3564529533093355,-2.944709781836226,1137
-4.078895978476161,0.8809740126581895,-0.18135327257009176,-3.704339440788111,8.292891307498406,-2.580019525353907,-5.649144438144262,-6.469609397752874,3.2220915072442975,1138
-2.6096657573979636,0.7888849349673169,0.2326475136922259,-1.8196913427099441,3.8641398035646306,-0.5244953846483121,-3.584364539038679,-3.6854597923270287,2.3965706757274674,1139
-1.6754740305219562,0.3589518387281726,0.38884734195328197,-0.47705749315907553,1.4500691618076502,0.3147675266227349,-1.7238174023963726,-1.634024285328004,1.1774075351761029,1140
-0.13796522818188703,-0.2821736954776839,0.0445494936273319,1.066687838702637,-1.2016438119593427,0.8254639967813092,1.0285812653422455,0.9791577903623869,-0.6752591852037007,1141
3.7073832765381343,-0.8247168664528475,-1.0969604084558147,3.1629744330013736,-6.088908033128992,1.160068600560708,4.978410054561819,5.77168022883827,-3.19964469656646,1142
-3.755144509776958,1.0788553032657753,0.06444981590494314,-4.014061248840405,7.295015633419361,-2.0395503343011643,-5.452542985650993,-5.736480548118169,3.4901810984934944,1143
-2.153577044013454,0.8201282154610997,0.44287601800129006,-1.455842324571565,2.9707056037979402,-0.26496612200649206,-2.817501073364956,-2.844063720713317,2.3086074457480565,1144
-1.6288400226958906,0.3960893549185913,0.5717782923824443,-0.1923346728576737,1.3072683041356787,0.35570151966430535,-1.377129178539884,-1.5430406471608422,1.3516970577040415,1145
0.06063290103443658,-0.38369493320264697,-0.003540669205096489,1.7199824035772988,-1.700494146392301,1.011029894963103,1.5607860753967708,1.357955271360294,-0.8836210383211746,1146
3.629181639954643,-0.7391895365691629,-1.2210853017453684,3.154909458747982,-5.876089857718913,1.1740569175599485,4.707537043213776,5.559801564744706,-2.9871107254152904,1147
-3.3471415806610683,0.7098531894618043,-0.1606844007780255,-3.464464156046331,6.798048755631588,-2.1734315343829587,-4.62517149789088,-5.146736220725221,2.8972794146492284,1148
-2.0473955332911875,0.7358798030785749,0.30585043549236496,-1.5100519921541373,2.9005332802684674,-0.27765935288587074,-2.773517247207399,-2.7304388883864665,2.139917668906086,1149
-1.1288844660323305,0.30723351538773863,0.2930902079358663,-0.14347179159221507,0.8334243590749122,0.33229717282648236,-0.9135275720739209,-0.8991322673953411,0.9577920878065216,1150
-0.0413366850268882,-0.2630935987302696,0.07689887336108311,1.2758981863013519,-1.3252196816279695,0.8328249586678071,1.2186834841102037,1.0878927230078603,-0.6212141121683465,1151
3.0872170983744267,-0.6273760040695753,-1.0487449429600093,2.7874711697277728,-5.046926133387629,1.0002908627493383,4.09348444784569,4.784482558902892,-2.546282050784188,1152
-3.178054664846108,0.5825512749376898,-0.2529552103366094,-3.0384365891181004,6.494947816784389,-2.110054365353711,-4.234899093206307,-4.877706706969279,2.56570027114606,1153
-1.9862498428451276,0.6528296916825965,0.1991072646663168,-1.4428060551785147,2.8132532055320154,-0.32417098002547345,-2.685008532757471,-2.623362500136951,1.950339972077657,1154
-1.1442252915362365,0.3084398186405748,0.26493829027477417,-0.19779073993379898,0.8131567300085678,0.3241385902512966,-1.009304571780529,-0.8948815855965888,0.9158871348813606,1155
-0.07576730538471423,-0.2108707794148189,0.08982164779319696,1.0486842464614483,-1.1547535215469737,0.7373207250984753,1.0309658706154823,0.963242189882151,-0.5214347347437968,1156
2.5766837587627087,-0.5371762186862428,-0.8807630392291967,2.3934655121959043,-4.286963979514474,0.8502297677457664,3.4989143349777145,4.091665117194914,-2.139711905924591,1157
-1.6281475507924867,0.3552976135665869,0.13496406398134456,-0.5779249297962877,2.3337474784507184,-0.3984376251525567,-1.9303743941262899,-2.223886818142375,0.9527184122648183,1158
-1.3043018000363977,0.0599906273292305,-0.10317352038473626,0.08833596319973147,1.1969299946106509,0.056421826141102714,-1.3188196631055058,-1.3369412542532126,0.08467443425322294,1159
-0.4275285350918271,-0.5362183132441676,-1.1037491287591568,1.934194743417593,-1.7737185605736123,1.3050480172650802,0.47953683415709214,1.1026071449010675,-2.406718202053096,1160
-1.5403228478204756,0.5344603486521013,0.033359295516992314,-1.128428606892431,2.775997701121999,-0.6344588107566997,-2.1170159460478843,-2.3459738237529497,1.4673294266118844,1161
-1.9312886228952357,0.5468800308610655,0.15789512817692164,-1.1460660805211675,3.0664868976088657,-0.5616726616434904,-2.664520137333778,-2.869457621035974,1.4090251924241273,1162
-1.300766118354,0.16243392505318469,0.005094877636515785,-0.17498730421823827,1.2808254456708719,0.01717429375107885,-1.4179263673393374,-1.3652915537910069,0.34259756060897767,1163
-0.5911371856472519,-0.5993675684929131,-0.8238065531274117,1.8691507981113118,-1.6065519237480204,1.2352814174692155,0.4956748644098851,0.9367634417609788,-2.369027048481816,1164
-2.1856779806989914,0.710530817024244,0.014475558349060275,-1.8822893953707842,4.2783280188573825,-1.1023152654945412,-3.2475493805534397,-3.6267395486230063,2.0568250211174814,1165
-1.605142254251037,0.4586059412351453,0.021294757986382924,-0.9745297810548901,2.52600363833433,-0.43507486906902765,-2.212590180484657,-2.2911283466528576,1.1916271795598483,1166
-1.0838684991664913,0.15768478745287196,-0.0035416061074814353,-0.21354641446727796,1.061854339915624,0.06684551809736458,-1.1874703083424651,-1.1019364537541023,0.35147212265394906,1167
-0.5061864172092208,-0.3186489401085354,-0.44050276864597954,1.0853963335108836,-0.85794085191815,0.7503970256340431,0.29708693567726996,0.5399499756874712,-1.2458808985742102,1168
-1.5543807472530622,0.6547231091609896,0.12418469002149607,-1.429467657309908,2.895567087943775,-0.6505342666781824,-2.2252449477608196,-2.383945390856731,1.7403960395128646,1169
-1.4836288948926986,0.5312556441023141,0.21357086158324468,-0.9137254849737588,2.299662295358541,-0.3816006879189721,-1.9751086719353914,-2.067862825171613,1.3029410578940255,1170
-1.3401303328517888,0.22063086844472804,0.14878134491503298,-0.14383007354932367,1.3629966812710375,0.009484325051110451,-1.420572175187419,-1.4396678082054988,0.4887450160503097,1171
-0.40665254349858126,-0.41086246876579285,-0.7503376305399699,1.753629902631435,-1.3224039030292207,0.9587713232867793,0.5360369258287876,0.8203506905744488,-1.7230921430135577,1172
-1.4200332914688152,0.5240889585968507,-0.007492572432938769,-1.4073921567720657,2.7452194749024623,-0.68108528156462,-2.0681119214548516,-2.1713780730507404,1.5630994443839505,1173
-1.453292508294622,0.529003946247632,0.1278468303650591,-1.0825087049069675,2.31506110121446,-0.38375095236732887,-2.037952168798121,-2.044579358384405,1.3602177192938925,1174
-1.2490837274176463,0.26414149967192524,0.16046016143461903,-0.2916397860340304,1.2650799752413593,0.047947570798881615,-1.3762782972385366,-1.2968834076640847,0.5631137948301022,1175
-0.526850584163218,-0.5867400916587767,-0.6707559239932116,2.110266351695161,-1.6454692977262821,1.1521454824840134,0.7616103452673645,0.9977522421696635,-2.2428264918177327,1176
-1.855042884117873,0.36495763331726033,-0.29792773924152055,-2.159111552373736,4.374797508778726,-1.5460140728070852,-2.5256783573012576,-2.9367014777857436,1.7639491590768848,1177
-1.3974765134202136,0.4519742011029413,-0.08509111642086484,-1.3635313967271376,2.7657315888400675,-0.7005446154883752,-2.025799224957683,-2.1820796577596537,1.4918480313472762,1178
-1.1039404479328478,0.38016212761335205,0.010181731470334923,-0.7389850648447174,1.6465152036386113,-0.22464556278658618,-1.4622424353908507,-1.4139335533190172,0.9719283417949147,1179
-1.2212596325002145,0.2686459321805717,0.14159010039752623,-0.34636054430164787,1.239099722176897,0.06862435940112956,-1.380148176715447,-1.254471942192985,0.5583824636451031,1180
-0.5573539983978444,-0.5797243101760949,-0.5245746042625153,1.918965031503982,-1.5244707729169824,1.0945689586216119,0.746614071543115,0.9380127495300034,-2.101735225924461,1181
-1.7094492969242392,0.7797924770982618,0.15270298562888324,-2.1801382955448143,3.570069037635815,-0.9212634614699408,-2.7240046658535557,-2.7722656376100705,2.2522232405667464,1182
-1.1771159191319958,0.5126564078330889,0.18432136036698643,-0.8834896839801988,1.7853088800923613,-0.2609966707812534,-1.5672481852846925,-1.5255515855767001,1.249878789938646,1183
-1.4648989130918892,0.3781313699358736,0.39043939899837693,-0.3415628329546961,1.5522071187507274,3.2624906322619395e-4,-1.6240299027186245,-1.6118066991768585,0.8221139522906571,1184
-0.3979193237174045,-0.8305982812186186,-1.0822582214435819,3.4054664418898986,-2.547968140548299,1.5620989216039622,1.3280744191868092,1.5439969098781745,-3.173488588902622,1185
-1.15772011994691,0.19726772753973218,-0.28038884587997653,-1.486895175908443,2.724052121609783,-1.0033630982634953,-1.4520159907435048,-1.656613227624762,1.232656079331434,1186
-1.2169402488574346,0.4606269105318592,-0.04344880957530068,-1.4333341914188071,2.4476215346111774,-0.6331117057119411,-1.8111794545609352,-1.8313042862206137,1.5087291032219263,1187
-1.1499329529385895,0.4929546890895974,0.1199031966193158,-0.9875635762525844,1.812170172865463,-0.26099329819407086,-1.6305058762289064,-1.5380059393382184,1.2566632676236038,1188
-0.8937763521758765,0.252344393561212,0.12440189697230472,-0.17377658601643114,0.782343031628578,0.09236287247805895,-0.8467731819251711,-0.7625832870037499,0.53099443187238,1189
-0.3862341452715389,-0.5119787966413338,-0.5466824091112641,2.077521950264357,-1.5318061570052561,0.9970069204439802,0.9093400708540625,1.0050682033473772,-1.8645424358955973,1190
-1.4504453727104014,0.21611043483619677,-0.33236567688234764,-1.851618014536537,3.5449382397632867,-1.381087859364382,-1.8573150998122798,-2.1800628201926644,1.4496549592660906,1191
-1.535503104334815,0.5225284656824049,-0.06486145526241287,-1.9441246731515984,3.3214273087219106,-0.916870852649247,-2.4287348873727406,-2.5561197032443586,1.8793780504259459,1192
-1.6991179904660556,0.7091594605936125,0.22172214756679615,-1.710012309329191,2.8868303966226194,-0.5046698901742275,-2.658245981750058,-2.497971153302107,1.7918217458265697,1193
-1.4107682477096277,0.400061826839096,0.343403119297235,-0.5556993073084464,1.444431794797185,0.07673261502044464,-1.6745202243991528,-1.4863691924244262,0.8020308607251553,1194
-0.4116670110823557,-0.4318875751475196,-0.4117806094896073,1.7289811643189819,-1.2983053392064232,0.8682648698258956,0.7893210819043728,0.8717653112061953,-1.5810414510309838,1195
-0.7002106666959637,-1.599111285564783,0.2207453468956018,-0.3216804113130987,-0.196261622745048,0.24458181391546985,0.12993596779061217,-0.12799805441987547,-0.9197388385270588,1196
-0.25311419562035337,-0.7398972784176349,-0.5129034695235243,1.2156247948449899,-0.0076184994062081,0.24547008768140055,0.25091642996744246,-0.32816416209302984,0.3125850975815853,1197
-1.7045120959370693e-4,0.551176934364785,-0.3563401246234304,0.7512246865187755,-0.1484077017130297,0.27837999827506543,-0.02730353074453163,0.20164657246567622,0.8238688757810202,1198
-0.11743773131987024,0.5262814762965172,-0.12736376891452614,0.9675173172042524,0.10818175807074246,0.10327747982988901,0.15866055572641,0.002318386277312747,0.7447289175720698,1199
-0.46947481270100255,-1.1786965580520847,-0.12742560042771872,0.11218570517564667,-0.06411957481366676,0.2141230173072185,0.2122239515712685,-0.1185914671000982,-0.4449193938531224,1200
-0.3090607386532124,-0.20955101528308723,-0.21045529534936674,0.17384233307896008,0.046919435112432836,0.13379934382099692,0.0706060528403414,0.019318589357776233,0.0199035703604153,1201
-0.06298500410379794,6.10276549928622e-4,-0.4978581558921623,1.2462241086373096,-0.1030963967667475,0.4308181848790992,0.058714707563370286,-0.07246029744386594,0.7260376702773487,1202
0.11276073969989163,0.467683723215358,-0.6389341879802508,1.79229250574264,3.1620329570890667e-4,0.351167607775947,0.1960380062319602,-0.004166060165876391,1.411773162545359,1203
0.13579572352582586,0.42585544578876455,-0.667250388050093,1.4347904934373457,0.13806962429631975,-0.04319536432210956,0.44094133251568995,0.058039883440344886,1.1801700773903572,1204
-0.010526048607060655,0.29170054915751753,-0.44304687193051734,1.1693803322028389,0.17969235958899066,-0.12395091266224688,0.38026060857878113,-0.026267377403294927,0.8211753280842612,1205
-0.36299007468266864,-0.3768575323908237,-0.29040678732274683,-0.15589714342092104,-0.02768209275745236,0.17959266705776028,0.05331711424931333,0.140932213654528,-0.11741269641009701,1206
-0.4147634033863452,-0.18932726175410905,-0.09480325046810523,0.28605242300317973,-0.019590380521212283,0.3638826953031469,-0.07893777404161115,-0.003019482635273517,0.009060580128166282,1207
0.011604759798095768,-0.1459009590129635,-1.0057439817390796,1.8321265878889852,0.065991726336087,0.07232833666969908,0.4662548511697415,-0.11624750775499804,1.2905119978715076,1208
0.027209010782570084,0.45223348558807147,-0.7108536132530003,1.820874986027133,0.22820894847726222,-0.06663380176683,0.3226123736855672,-0.11447376638427934,1.3578456845419324,1209
-0.2883375506911683,0.4794014212029269,-0.07081510742547888,0.620897772490734,0.14813080579276436,0.10840306126646987,0.032648328184797494,0.023937988170761586,0.3955994627682854,1210
-0.46796851332173545,-0.17767343183056905,-0.03593843886687097,0.5367170262802176,0.20127301054976515,0.0727589418282374,0.0976629771539637,-0.18589767756667164,-0.10398499414675494,1211
-0.3056299432890185,0.047109914837042854,-0.2530892072320987,0.08133367322870133,0.04710276269271082,0.22210324169649626,-0.002760617462081236,0.129622685820158,0.13853776508820073,1212
-0.5176582977017747,0.597847890016038,0.45164998543799867,-0.8408532858382729,-0.13290188725730065,0.4569591268773064,-0.498337066169071,0.33911410995847674,-0.2716276962757766,1213
0.1439676698130436,-0.005782495567468721,-1.109133133790933,1.592674135336464,0.15936041865012265,-0.09167332495139549,0.6043919793820682,0.023255203865185568,1.3327103390216892,1214
0.197222571024209,0.3879060598769133,-1.0730817949377907,1.81669984537642,0.3860969457955674,-0.3480428972814226,0.7346244883125553,-0.07072328608687957,1.5040858657405443,1215
-0.19865955989751724,-0.19237370359911335,-0.44214779653321673,0.4136860128510786,0.10642632681503855,-0.23180756361807756,0.3724279224296498,-0.053983709134352846,0.1301991511925537,1216
-0.5464782695229938,-0.47880908829610924,0.1879640722435259,-0.46340035390610385,-0.0431407469598892,0.16023247864267554,-0.14863364762015566,0.05790851994221112,-0.6440266658323882,1217
-0.2195348231563143,0.19193673023254285,-0.3255343229614828,0.01926211501299243,0.060569174243412724,0.05252807951576065,0.09099578017327899,0.23092624996883301,0.27499692456252417,1218
-0.25939373818162004,0.40291279596707325,-0.32625692839244563,-0.2871959194518814,0.09550855738572267,0.012294044934962669,0.0455109053458897,0.3435495949808677,0.2515465612459999,1219
0.11741460125626293,0.02772514259079646,-1.2560817993090585,1.584201976009639,0.3664792299202013,-0.4270678040965599,0.7995174640692208,-0.01452745009128734,1.3403164339423412,1220
-0.24552366132854636,0.015109225034230551,-0.48656114680417,0.24710774237856817,0.2161030992663022,-0.28955258039616333,0.3495359236402141,0.09202530039800719,0.22835208905248888,1221
-0.10377517221946732,-0.2532596006338923,-0.788208318524335,0.9447190952242245,0.2738670981778054,-0.36089139478002774,0.5132824748524933,-0.04369650362299718,0.5522058508914606,1222
-0.5619405537515447,-0.600748601599146,0.20595149200219626,-1.2127879067921405,-0.07929140781905465,0.21986632917149923,-0.14063916957842132,0.19452498062836682,-0.9967603229373213,1223
-0.5565290246206664,-0.19978949331929846,0.25747985265524564,-0.7799435141006912,-0.12489487777695421,0.407634667771273,-0.21453522565958474,0.18814387804289795,-0.5742128165345817,1224
-0.42136168017518094,0.39670404996928216,0.003550738248908758,-0.2873618002966926,0.14421077001855992,0.049704032959539554,-0.056884651909547154,0.16913090519098165,-0.0023614246639269794,1225
0.11862538817203333,-0.5496543505032423,-1.4138466060582908,1.4173685444352588,0.3291888215586587,-0.5302820186125565,0.9672786340103516,-0.08089387789653486,1.0306428697398367,1226
0.04979886167596693,-0.5562621821247761,-1.20204040033744,0.672418212544639,0.29948669582509285,-0.6156568716368312,0.7997792986615458,0.10152099052562058,0.5477218972930721,1227
-0.4646964880808955,-0.5503493567921959,-0.12234946870111484,-0.9601365703634495,-0.011082167051064419,-0.011505572420530446,0.01690605791201708,0.3201504465174585,-0.6905549956361821,1228
-0.5195774688137015,-0.603884606879249,0.17133132244287552,-1.3234040144125991,-0.22299814660958076,0.2802701499030461,-0.19172608602703584,0.3791922043761402,-0.9165644660262537,1229
-0.6977224333763878,-0.568879785446892,0.6672896243038912,-2.1154043383089283,-0.6333465174209882,0.8669944443671029,-0.7786001254612215,0.5835096835329969,-1.3236979741818307,1230
-0.24145689856446823,0.18819760615775244,-0.40082352036826274,0.355034734996908,0.2307641013948545,-0.17329238556787457,0.26166223151002915,0.06715179610387235,0.3514756612963562,1231
-0.25311190629677,-0.14173628916165051,-0.438382432433217,0.10577215543287677,0.10700710554162357,-0.12919148490142074,0.2537618840312867,0.14102268299465834,0.16734280472788338,1232
-0.335696404210307,-0.7232995891596632,-0.6049970635602934,0.07500950573986391,0.114654690853674,-0.29495024878457726,0.380102332520233,0.03563968710229683,-0.15083014931732117,1233
-0.5913660694631078,-0.2995001537779581,0.3429786112064532,-1.5474893052920933,-0.2205347049006408,0.3394422645417304,-0.37983367826406766,0.46696335871217814,-0.9556678879379704,1234
-0.6156453121434803,-0.07848756126729602,0.8830428740593395,-1.9896357384357175,-0.8201148335300246,1.2103936715346717,-0.9199167336437402,0.7443120417176942,-0.8538579201680938,1235
-0.24214846725490394,-0.13151600685214357,-0.4349411909712474,0.6728868838064213,0.1522186778568217,-0.0871115683336171,0.28952369178216386,-0.0455844180740765,0.3146166241645806,1236
-0.5847909102474627,-0.4962512943533657,0.5111354401163848,-2.5153686588325463,-0.49580554635854385,0.6014592133815815,-0.6163388026876588,0.7350810682958578,-1.3818256874756119,1237
-0.35320100495034185,-0.36678302933781814,-0.20900287030564701,0.025526811594134845,0.10371375396501041,-0.03510963444779017,0.12799188124611546,0.04649638721478472,-0.1693537013106364,1238
-0.49414346399448467,0.6257590992278654,0.859583121027682,-1.299656119777431,-0.6323263924127411,1.1203051711759782,-0.8703895094923507,0.6090828246511494,-0.29822473517846704,1239
-0.36950081781963584,-0.15801580186013423,-0.03746877365700546,-0.33528591461228674,-0.08005281399735291,0.20091818360701677,-0.07625103838548328,0.18546207718291513,-0.23524072541109733,1240
-0.7023954424569847,1.2920083336730355,1.6096876127920872,-1.517817356784924,-0.7037778978953121,1.5104867098042414,-1.2637665587043663,0.5994581615994812,-0.35503065182191773,1241
-0.2913753923444654,0.9567057808184046,0.5529160518567884,0.17328284261776133,-0.25071529938736564,0.6527347856959532,-0.2631899101875822,0.3330570961849436,0.6594237711050326,1242
-0.9304243985302463,-0.23582814725849865,-0.9611073097210874,-0.9031522952336348,0.1938356699354939,-1.961862100438549,0.17418367398250859,1.3995736695263463,-1.4575893149577641,1243
-1.0574658481086223,-0.35586805818697453,-0.9851548535823026,-1.091771779587726,0.21318059769978062,-2.159196202230435,0.05832942540517135,1.605555351518019,-1.83351227984738,1244
-1.1203152600149617,-0.44381258926615036,-0.9277258426915962,-1.1950016758307502,0.2581716624667857,-2.2474031551380222,-0.09442548025345948,1.7138666305198944,-2.096700889004518,1245
-1.1602449160122823,-0.47229395928852447,-0.8582503339009754,-1.3012699391139404,0.3256348031656868,-2.3906244703484965,-0.23581781688132347,1.7961807624163098,-2.310587723213017,1246
-0.9237395714878338,-0.31724993191745443,-0.6433808825253058,-0.9493431973407075,0.30328370574030195,-1.816407110212642,-0.2084824484698287,1.3429295403659571,-1.7193518836523796,1247
-1.061429597130442,-0.36459829135572636,-0.7431441081823498,-1.2587217467220198,0.42133048272704776,-2.4392076598784764,-0.25772579833386516,1.599668803556639,-2.172960377758541,1248
-1.4362339658960728,-0.4743399352568471,-1.577337871948875,-1.8017880369347077,0.30645722216378174,-3.5839444459005905,0.2875609581066408,2.360034853662345,-2.7676032287779115,1249
-1.1719952990075588,-0.4299259315060871,-1.091574907800245,-1.34582745658872,0.22895392924055105,-2.5237846839775604,0.03501602072207547,1.8437922372407647,-2.2184802809811917,1250
-1.1392672214607258,-0.4704142218667717,-0.9072548729575205,-1.2647030531986505,0.2662182295091688,-2.2914374765716605,-0.1279681040526053,1.7819479038496193,-2.222204995468428,1251
-1.2392085533211281,-0.5496198727306635,-0.8747774308054157,-1.4718305191923688,0.3673855232113209,-2.5865241567179944,-0.3179143756593843,1.9710521363219522,-2.6173581052854535,1252
-1.1108217160940688,-0.4660138989390314,-0.7507752747815895,-1.2961685379065622,0.40381071424018683,-2.3988581977584653,-0.3203223714152191,1.752050717067681,-2.3657808325328062,1253
-0.9696390038383842,-0.33756202559981474,-0.6501223738471615,-1.1013195634277655,0.39033397895023225,-2.145102922417497,-0.26468042385555457,1.4645858088600252,-1.9705471779812362,1254
-1.2694845884056645,-0.40228931700884074,-1.4213378635008402,-1.5773231467896396,0.22821773109338833,-3.121628919078095,0.30089553116264817,2.0598739256253094,-2.4501200084129673,1255
-1.1293380086383273,-0.40866039477695393,-1.0258809519676348,-1.2982080900340647,0.1940143391106731,-2.3688175124840303,0.03216137697055952,1.7524820111389499,-2.1355667684595527,1256
-0.9505595948748764,-0.39250492753549093,-0.735632794391436,-0.9902396981642099,0.2072044343149947,-1.7730221106588901,-0.10336796770161086,1.4429305696352703,-1.7771405872164954,1257
-0.9580547143283231,-0.40328925643071173,-0.6317354335322954,-1.0072644475727655,0.26253951371903617,-1.794088767884364,-0.24742610460976694,1.4561975624402352,-1.8689084669143603,1258
-1.1556086889845498,-0.505704304541288,-0.7057035586697633,-1.3930428560427552,0.417061797113513,-2.4877744007654155,-0.40804623564259385,1.8410510225900787,-2.5193969906769524,1259
-0.9900287463643512,-0.3740352368886637,-0.6224335565461963,-1.1594221699786824,0.4128799919304762,-2.2393099335258535,-0.3272889921187275,1.5482333421477241,-2.092474592599893,1260
-0.9846007781301532,-0.2639992811700513,-1.0393046790429468,-1.1062682558745491,0.15129888309933046,-2.1991080766522964,0.20044950040804677,1.4820517361052272,-1.7046543220201174,1261
-1.1123651600179496,-0.4172044143750093,-1.0001074335274964,-1.3151336787975652,0.17596746803492788,-2.2917754927950846,0.04549275192327042,1.7007509655623556,-2.1288510594875696,1262
-1.1188944392469802,-0.5015917554443022,-0.8201951826630892,-1.3309676860264683,0.2366295610634365,-2.2120357825176913,-0.19971496210068984,1.7748204548523072,-2.319975077313748,1263
-1.09882047386028,-0.5477005288263582,-0.6893759908981025,-1.2907477447199174,0.3321154319284887,-2.1808553137360187,-0.34168750681509946,1.7523257774017154,-2.3660598326106363,1264
-1.1254132408919049,-0.5193639408892675,-0.6474027773769699,-1.4060801952601314,0.42662472935598383,-2.4401307213051915,-0.4624440499988234,1.8404866279238041,-2.568076355313591,1265
-0.7763258474390304,-0.28014391320197385,-0.4762398378756003,-0.7711877821108772,0.3137937325772795,-1.569084926766015,-0.23549362689552333,1.165598864529923,-1.4894489279726588,1266
-1.4337556972991323,-0.4538691139883598,-1.607813424606516,-2.0619726225056527,0.17308532432277077,-3.7560093204145804,0.32153209969203655,2.332107029609956,-3.0047203641834836,1267
-0.9185580119819167,-0.3417127972023389,-0.79544648586742706,-1.0212483329885405,0.12319186156485126,-1.7452732345438702,0.033477034410013456,1.3255902286380201,-1.660734084086631,1268
-1.1051132684868585,-0.5278767437280519,-0.7537619038141743,-1.3220274985482088,0.2251218580660948,-2.104182361967952,-0.2064518296082759,1.708056345871185,-2.300633437267161,1269
-0.8672423973961323,-0.39195638938319016,-0.5005366255351659,-0.9278211721929742,0.241997546852355,-1.5283240673946585,-0.2789858398117695,1.3350775788213323,-1.7308321214679743,1270
-0.8401768860567446,-0.3679594623145716,-0.4546480210253439,-0.8836060580159582,0.30257460318558355,-1.5603970965029639,-0.31598889763729576,1.3005787685985615,-1.7005826111366973,1271
-0.656017955232131,-0.20333310961908257,-0.37945625890477586,-0.5550269572272212,0.2481988949585187,-1.1682166413696347,-0.21344383910159198,0.9460780110411751,-1.119454001993107,1272
-0.8904571109932458,-0.23081828562572348,-0.9483776890087724,-1.049188692145065,0.07147571690679343,-1.9335985774792495,0.19828360382456905,1.2903554920331746,-1.5534322019329747,1273
-0.9450755737309922,-0.3308745432467233,-0.7773799001868855,-1.1426441003378776,0.11539002546193759,-1.8159927219615979,0.01543298781717951,1.3806028066526592,-1.810816824075792,1274
-0.9495449593090862,-0.46219837895068316,-0.6081104534433861,-1.0942934365843504,0.18904047084825656,-1.662925107062935,-0.16095378639685573,1.4294708509364007,-1.927281980445553,1275
-1.0156504139685103,-0.5966227801100757,-0.5436416067757093,-1.2837413149126757,0.33764610953203,-1.9623494337172493,-0.3931896818290437,1.6966652001653002,-2.381837155435434,1276
-1.1875244687331628,-0.7058073780987352,-0.5707949222979707,-1.624621561321886,0.5196854487156178,-2.7348975489574747,-0.6307987263094889,2.1301007701284234,-3.0786243399149775,1277
-1.3966244374062582,-0.7716633701032548,-0.7204301232214546,-2.0418727422816625,0.7274749512822666,-3.7669521418316503,-0.7803136130317869,2.644297048561017,-3.789994704639045,1278
-0.7987248692764656,-0.17113667494678725,-0.8215352494457104,-0.8805212214338192,0.04241558188535116,-1.6110231987012922,0.17834195782796672,1.0673482686552156,-1.301950739472391,1279
-0.8967431636761363,-0.3646610449846092,-0.7350562177397679,-1.1075886725429824,0.08582949322435697,-1.6736868098833184,0.04464054991423152,1.2626750814171905,-1.7385360746095897,1280
-1.0983072386574466,-0.5975711534538757,-0.607551796832984,-1.4449441499387656,0.2236251643148349,-1.9697731058151542,-0.29144968003427135,1.6777108822429319,-2.4624128546767783,1281
-1.1069303257653158,-0.6769002420631524,-0.47424119863191616,-1.460372449589019,0.321998373840327,-2.0718995637457422,-0.5044369662757038,1.8364984900821133,-2.683617528666216,1282
-1.3088368583204748,-0.820857530040353,-0.5173433110830206,-1.8525879924042374,0.5933907856058613,-3.009830615142483,-0.7938511490392537,2.3911044333787563,-3.4716258405852622,1283
-1.4278716980016655,-0.8962031655004253,-0.6463892821735692,-2.180388000569119,0.7804629815040159,-4.0051605560275885,-0.8755298006652202,2.8522402407448015,-4.087085955015018,1284
-0.9409499825798973,-0.4464023109741606,-0.5474096758081638,-1.2258073369344353,0.4948557342993177,-2.6009660804688544,-0.42827474970781704,1.738125565870086,-2.312627847222853,1285
-0.8120186817009446,-0.19855567857852682,-0.8698749943802384,-1.0070818925912732,0.010700162774909533,-1.7477908647437532,0.22016745750099267,1.08481674766213,-1.4272452329884087,1286
-0.7892228066295967,-0.28506602069765036,-0.6006369889535226,-0.9213039654663061,0.04227204009063891,-1.3067750782479188,0.011805542542278662,1.0058180568216326,-1.4037463539548116,1287
-0.9485578175024758,-0.47965542820245,-0.45623438784787984,-1.210677968793598,0.15968774567558938,-1.4907326212531409,-0.26429683034885787,1.3428165893543211,-2.010557438854441,1288
-1.0654775505528475,-0.6932750809812592,-0.3647767039313394,-1.4658300945829412,0.355193078872223,-1.9484909787419684,-0.5785885886290955,1.7890462504487,-2.6884552975874,1289
-1.0932898754951186,-0.6979363007246079,-0.3487074853060246,-1.4708488380988312,0.5041045936559551,-2.3836710444772846,-0.7321762410214627,2.014134945788947,-2.922621030345719,1290
-1.2063411714408268,-0.7338993193800775,-0.5130834710132133,-1.758857802782293,0.6557603365162978,-3.285189755642805,-0.8176017516495833,2.443330144267431,-3.389710048262805,1291
-0.9418661408889221,-0.4902704162131704,-0.509475234543169,-1.2321812931012754,0.499036664903182,-2.6691507671711037,-0.47705058508885906,1.8116789578462982,-2.3683409924643843,1292
-0.8608220994177461,-0.19973312718664438,-0.9404289596835089,-1.1385413213596522,-0.028476045564295453,-1.90517343054023,0.23869798201180564,1.1099653340131164,-1.5979342259597222,1293
-0.7229539919544288,-0.27882065063135236,-0.537887478651298,-0.8661715678573194,0.0057563506751070114,-1.068052731093824,0.03324717511628059,0.8769511740086358,-1.278549429289786,1294
-0.726227600665044,-0.4120674238871226,-0.3037172630345311,-0.8859547627003439,0.1057626157204763,-0.9774043984728834,-0.19794513778783382,1.0222923861405588,-1.526138990439085,1295
-0.8701193090028125,-0.5522742535299775,-0.17555263424256481,-1.1123099941595878,0.27424587731845473,-1.3846492123673289,-0.5355487215114263,1.4287934507101674,-2.0856488211122355,1296
-1.0332989341045615,-0.6896817175918556,-0.26151678396445255,-1.3638831451198294,0.46065988521368534,-2.10167948550346,-0.7178610191797478,1.8989930026832136,-2.671690899223818,1297
-1.1537416916556296,-0.7447460954923335,-0.40765553196423693,-1.6361347202536969,0.6387900619222212,-3.0609720867874906,-0.8115142698793041,2.331125569813505,-3.2471397609784844,1298
-0.8422609326161078,-0.4664213356864196,-0.4487056804419929,-1.0505713558090493,0.4665879991949348,-2.362903101383241,-0.42485469748301397,1.651005484813407,-2.113947112034009,1299
-0.6839840029981491,-0.12730993733974258,-0.6882008901393364,-0.7928973926954896,-0.07081024336916918,-1.272170825483933,0.19477570199511177,0.7323839784708075,-1.0706592926825669,1300
-0.6819900007090153,-0.24125359070873814,-0.4625762891598226,-0.7538449585723289,-0.02845959711077938,-0.8470835590492602,0.02132353224947967,0.6891093438020363,-1.0859672270744154,1301
-0.7277631803722184,-0.43498512994821487,-0.22767071727863603,-0.8814262619837547,0.10267683459586117,-0.8193678733550247,-0.24863823518842135,0.9016910166458414,-1.492503854584104,1302
-0.7351750345856031,-0.4995489422208347,-0.12325666564953618,-0.9049850335880085,0.22695528059469192,-0.9851676945059136,-0.4580218951637156,1.1538955385904295,-1.7473117785221557,1303
-0.838269163250123,-0.6040114901951249,-0.14768230488830553,-1.0547106504350725,0.41536482447353706,-1.6148087535408047,-0.6225424577329924,1.5728558422618741,-2.178068254962483,1304
-0.8894809565032431,-0.5831820053153316,-0.2867204083281142,-1.1243180800196728,0.4643095418835193,-2.190119543593985,-0.6244033171192366,1.7670722986170233,-2.3188708792067847,1305
-1.0473198267487616,-0.7154588379386227,-0.5032263780642969,-1.5206006111996662,0.6202889166580643,-3.3699479181631617,-0.6676039446506357,2.300967757606364,-2.9939621191355403,1306
-0.14450958663930985,0.173162121217557,-0.1869787917957297,0.02079365510122318,-0.33947511382193735,0.4442787218100393,0.17277883718907688,-0.6572134139927849,0.39331211828964696,1307
-0.011734611054925827,0.150104743980101,0.14930152682451414,0.25983064563323877,-0.22684153603301607,1.1930987702941274,0.09648312363797684,-0.8227472707844702,0.742217583848522,1308
0.017428991014207935,0.19319192427679682,0.48508388524890067,0.37876848284746334,-0.12403881726735021,1.6842963885642095,-0.18777364390551585,-0.8796270636243497,0.9049854591621048,1309
-0.09174382433473982,-0.0793706090410921,0.43768109949628786,0.2893055517323891,0.03880869717224563,1.2163840912266852,-0.2754427419681867,-0.24808069826081297,0.4282095983528005,1310
-0.24173478542992838,-0.1390016029787762,0.2987155150003429,0.03230116463380852,0.09571632649258596,0.21099806270681182,-0.33894162501687447,0.39233145295421556,-0.18025483398607953,1311
-0.40525931173573243,-0.29567319236847783,0.1270937210085594,-0.14860621844206084,0.2231762665192106,-0.6731449612863695,-0.4231734003003229,0.923114841483254,-0.7184049330365221,1312
-0.4323659335312557,-0.25483543047329454,-0.06638196316678355,-0.1874912755820904,0.15676890624754836,-0.9389129454077596,-0.2923634842494246,0.8893224595824565,-0.7116736636453715,1313
-0.0837655674043554,0.20072545252213,-0.13103495498414802,0.15573885312164512,-0.34250993794193957,0.6385861280028126,0.16649817805777067,-0.7728004387827901,0.5728847250140783,1314
0.07013754915650526,0.28857627322941753,0.26245784788596255,0.44932222698612634,-0.33380350308455276,1.7338446881338967,0.056082685119273876,-1.276171373027613,1.1658248292458195,1315
0.0864262416294912,0.2136217792364293,0.5026863507488137,0.5676280911566091,-0.1782070715947027,1.9939991792962826,-0.09216981923744731,-1.089521659787738,1.192944750537575,1316
0.0015505039455905834,0.03422569741522675,0.49381365285534584,0.46766636138811696,-0.028870630873867383,1.4952619836529406,-0.2066813894814908,-0.48621137952307336,0.7302171482902593,1317
-0.22122283893879408,-0.13682731823293193,0.4041105537552313,0.17123738105578526,0.09087386384725854,0.47525730185375686,-0.33430861859714095,0.22606394905046032,-0.020177294460289933,1318
-0.38208550178575673,-0.36888396435317194,0.2008314700168587,-0.0725757968507564,0.25236361552979364,-0.6778156294462802,-0.42800131165886585,0.9611978503686818,-0.7249887520308388,1319
-0.4761927168142478,-0.4436521364464888,0.0030439888607293173,-0.334870630510671,0.2302207899040942,-1.5188164228818986,-0.4352279676912675,1.3255215230765485,-1.1731478241033224,1320
-0.05799501033205172,0.21895899251010786,-0.0915712423080093,0.26486552214891745,-0.31816933422981136,0.7635785384799907,0.1523495080268249,-0.8076752466671547,0.6999038997105719,1321
0.08094591012538839,0.30274523856236957,0.2386947085665559,0.5367858947844483,-0.29667141600354174,1.6981139457524737,0.05817749229539796,-1.2138344703472281,1.2341711605108838,1322
0.1902113058162248,0.3013908929782452,0.5777186482856912,0.7584735547643737,-0.21323316783277615,2.3763728837907445,-0.06609714975712551,-1.350157607173055,1.5504564584727816,1323
0.0845271256863748,0.11372931318150661,0.6093072007800278,0.6255199519825881,-0.03314476196128819,1.8132121562138535,-0.2097949922095313,-0.6954703878734604,1.0531642786517441,1324
-0.11472996279121156,-0.09768417633612717,0.45994312904340934,0.3237051003114603,0.0962119907793655,0.7167592040755381,-0.3156976426622219,0.16408160026028376,0.23465544147634715,1325
-0.29344070008567036,-0.3652022076832953,0.3038888417045428,-0.030163853764222228,0.2115863787649145,-0.5967679946634987,-0.4691160495436311,0.9762970259798908,-0.6432942768790171,1326
-0.3904365825344954,-0.31229639756542377,-0.04770751846878444,-0.1302978192024163,0.13789245948270848,-0.9616121150718743,-0.2617750424364386,0.9255195198721776,-0.6767632467633581,1327
0.26603669049355444,0.45205513970711053,0.11263297807604992,0.6688962958610665,-0.6423320550778592,1.809794926889211,0.22143097459743957,-1.9492995201452903,1.644527702713218,1328
0.406856967416826,0.5725178038323447,0.5106455067877788,1.0757316057709483,-0.4798306156712814,2.9933936620980113,0.10330481298939963,-2.2685444409822075,2.3512353169049596,1329
0.43867147559074143,0.5261752237413756,0.7762962602130618,1.233170206024298,-0.3015958334793472,3.370434395176562,-0.015166011813883619,-2.0563942490831,2.4821604360146505,1330
0.3045067942437923,0.3079320103360209,0.8216589080696799,1.0763410831447573,-0.10653957848074894,2.6764805320265235,-0.16089088182119907,-1.2453241051734159,1.8848011198979109,1331
0.07687501159707985,-0.007535205704768065,0.6773042750496359,0.6760818836850175,0.05613720025478339,1.2696522534549084,-0.32296772037439786,-0.1402417707810553,0.8278894636621494,1332
-0.16742208181622656,-0.39981889463569387,0.5198148333591667,0.21204774609261498,0.1820288174060487,-0.42839867598371456,-0.4997093328538018,0.9764866211538368,-0.3551479014890836,1333
-0.39803587077058017,-0.5029769919702737,0.18075265185928702,-0.15929578439964034,0.1818716614937795,-1.600813876818356,-0.48339634445205,1.4326185692499827,-1.0593470418803468,1334
0.4923493243704489,0.6324853840686886,0.2600055578358447,1.279421579482492,-0.6858258418056489,2.6257981835566513,0.234366104395788,-2.5136539534122715,2.483163069398664,1335
0.7083922527079705,0.8892972313635555,0.6254945175949886,1.812059272083556,-0.561559711359945,4.089404601329746,0.20495358116682974,-3.0833495552554466,3.5447932752564895,1336
0.6482104980162129,0.8429749125842486,0.7413350064253489,1.840666049210198,-0.35365504979988743,4.081134016202771,0.13385660819036152,-2.5852077487961007,3.480060400575909,1337
0.578976162806248,0.6950843233659827,0.8608893276227962,1.772766726662095,-0.19628162797405457,3.6486790260556585,0.050463449258452975,-1.92960692192551,3.150902977920298,1338
0.30137846080649827,0.2650095527233133,0.7060969906419582,1.2767905710728265,-0.05212227326108135,2.021414250980604,-0.058413150773290345,-0.6744938177137998,1.8917590481776834,1339
0.04567302777327646,-0.14929327232971834,0.5837870384317787,0.7703964501265006,0.020798472469688196,0.2650131215623666,-0.23152701451819563,0.47137686329165046,0.6198939401870668,1340
-0.24706260130702876,-0.438465241004226,0.36468483513956595,0.24467363590544594,0.04463446439724007,-1.3208279128374896,-0.37566470140629143,1.2642268457151233,-0.5326172615822807,1341
0.9345787574031292,0.9971959147720786,0.4406154405258146,2.442173415872848,-0.8234008083118406,4.156958478290306,0.40216216294101526,-3.7409905541152075,4.098905771967536,1342
1.0164863873053211,1.3276948503578132,0.5599515856564874,2.8033698582030357,-0.6263307676647478,5.266264594429923,0.4227925865297825,-3.9390581058282126,5.037720850359321,1343
1.1553730576236882,1.5604724114018103,0.7214085370770398,3.2758396529702623,-0.5032444305330152,6.130446801109676,0.5439107965701577,-4.006753088543496,5.8992357508977316,1344
0.9367058716105684,1.2637226290818504,0.7023110724487885,2.8428224463767933,-0.33246313039740016,4.906047132012652,0.48805389336131055,-2.803810501848312,4.985020251794914,1345
0.7522141223341479,0.8591305886137964,0.8196943271199837,2.518370559076029,-0.26753474150099044,3.4896087353068457,0.3948228409255527,-1.6340086861857759,3.996275542375847,1346
0.39493124585028555,0.2450598785821618,0.7665976336365566,1.7483663198663135,-0.19618422973672167,1.1444190771343508,0.1625811938211582,-0.12722335615097985,2.1394899186157263,1347
-0.03778060023184392,-0.22063324770137813,0.5523512568388251,0.9045912059132177,-0.15315887210345722,-0.8333735674535897,-0.13339073984368283,0.8601450744694427,0.38394502983405915,1348
0.47703753508146823,0.7432614831553971,0.11940876313282936,1.9564963954157912,-0.40498470601121417,2.737422026605188,0.4022140614134958,-2.22024124936157,2.87854506193579,1349
1.0943955054971641,1.6797410958635146,0.20364929204361198,3.648801530389069,-0.5471647007094464,5.667094512111658,0.8025860750794678,-4.06794721737403,5.892204237270637,1350
1.4955213928926183,2.3412150539811827,0.17015280555993614,4.8632707239511,-0.5419322448324883,7.49393677504856,1.2884744631426857,-4.891948907183067,8.086318454435983,1351
1.3147983606222082,2.1373141141680274,0.2858708417310094,4.410426375544457,-0.41907923941566516,6.355834987075983,1.2781445768230895,-3.7576321652024136,7.370812939440826,1352
1.1007441260443254,1.575299345149052,0.41395929230510936,3.7871559119333145,-0.4044318569420994,4.446058156011083,1.2309451291742968,-2.345903772263797,5.93094016507777,1353
0.5563151168126288,0.7136095660775301,0.512530529084462,2.535549417945426,-0.34014068432637057,1.702716143480003,0.7518939117602967,-0.7103238581482099,3.2981999109941644,1354
0.04988860241711897,0.19046853309419096,0.4924873821505904,1.4942139940662054,-0.30069592530866684,-0.2436983459668727,0.2191300997376927,0.2746218043053055,1.2318690561429266,1355
0.5311090557625494,1.1319271158513675,-0.3248023257290624,2.6683193529983296,-0.17266712801142906,3.2868314561206886,0.9994985153280647,-2.1043158292005675,3.6760082093632254,1356
1.1911305328971313,2.3493049082947315,-0.6642981070340582,4.869555060314539,-0.27795208177733766,6.098680831549938,2.0070197608512035,-3.6710353904504927,7.248457484416656,1357
1.2420865648108204,2.5384497448966097,-0.64325704918272,5.163815976974723,-0.30180682327439734,5.953920931286945,2.314625255919934,-3.350383771861876,7.792268375449753,1358
0.8853195076174988,1.9459181391479892,-0.25558478631389747,4.1577882830103325,-0.32790979770581435,3.8777344317183267,1.8973771356103126,-2.0949360761809186,6.026153706140798,1359
0.34954985404785954,1.0883076349300689,0.11885639599059676,2.652652111321447,-0.3072266340207825,1.442552556704193,1.0566369564755953,-0.7953994889464497,3.2903093471730984,1360
-0.06705099021535194,0.5786035397814633,0.2584159043554534,1.6232300074271822,-0.26255593918408543,0.005469988616067677,0.3568601191717272,-0.0967162240872202,1.3487449957228017,1361
-5.190902851645783,-5.818590111220284,-4.4268545305861835,-6.289328118313496,-9.317943049265715,-1.2503036876140627,7.836411931761728,-11.34098146189305,-3.133827711590126,1362
-5.212317654294399,0.4219871897970445,-5.298630739024349,-14.946660850893329,-18.653281653855778,-1.912041266148214,13.324353368260086,-21.01721603330431,-3.913795172293703,1363
-2.9385920928557945,5.811389768059188,-0.07583234851588531,-15.631906141764649,-17.848505059199642,1.8251965484508748,8.274191087886654,-21.49416088168705,-5.071548318979668,1364
-1.0879995080232752,6.2284324651030385,6.620168298104283,-11.552220392932483,-12.496949679336259,6.910094400663171,-0.04962349363326036,-17.28073658334069,-5.9244098930739035,1365
-0.06569085129714608,4.381320752136731,11.258886803337136,-6.34728944435165,-6.497403013972064,10.211520861670543,-6.420046602297464,-10.976608972846442,-5.805606158223881,1366
0.3275685684374575,2.5106612791916225,13.37773843538173,-2.0242845268288083,-1.6778041580226852,11.320743470722261,-9.722340056557295,-4.604788364855905,-5.083735595923521,1367
0.28109563917429103,1.2493616464321085,12.854031729509122,1.0195343839668092,1.6380035167682632,10.237942917217868,-10.026660162834446,1.0845682413676656,-3.8414858381672876,1368
0.0528105463493286,0.6837048436704881,10.488226295241416,2.6139213423290992,3.3067506721347155,7.8311279313889655,-8.261414375504593,4.9926715471797225,-2.4103625624550475,1369
-0.22118545664548828,0.6704904218398421,8.41501154953164,3.3484012718988603,4.053737518925364,5.7386732756347305,-6.370347439714025,7.7231519202529615,-1.3258262462968706,1370
-0.6014247890985132,1.2140828637270884,6.907637628062598,4.136608165249113,4.972435363507338,3.8023429942063167,-4.515667496457135,11.619770362823722,-0.29455129365882987,1371
-0.9395417518814435,1.8375739055792741,3.0821755241582824,3.324161803489714,3.987267053925486,0.5772543572603057,-0.8707757854098753,11.758144207601722,0.8669045133622943,1372
-1.1793871728968413,2.4827314843881743,0.7526480400004452,2.6380833365121092,3.1992689923411084,-1.4398827078623013,1.5281888614100205,11.788739983065664,1.5803275867058308,1373
-1.216712039601819,2.6721406521072524,-0.7387091187019387,1.8057533463600006,2.2158220487105393,-2.4198459511752564,2.8075689336395904,10.137755392263733,1.8279646986332128,1374
-1.4266839321854847,3.41917246893693,-2.074212025629912,1.3489042107621727,1.7216396477166431,-3.659228466040282,4.407615225399076,10.458768218798573,2.381919983829747,1375
-1.0057854769012227,2.354758187488484,-1.8750784480707898,0.5976453749310764,0.651484021324742,-2.4348499427560677,3.218542888163018,5.712357004690658,1.733208209151963,1376
-0.3409078759745369,0.07687765591704154,-0.2621139305708556,0.1621588031089356,-0.014023634296447566,0.16312096078121746,0.05649689719828175,0.12210255911957947,0.11707038893284544,1377
-0.6659432424373283,0.1762680621901305,-0.7948436274215465,-0.0752252746162785,-0.2762428103468802,0.348460649122338,0.11832272360931094,0.08787232303812047,-0.32672665135026324,1378
-0.3703302361950382,0.10119649171791441,-0.3316347611051192,0.12728106653178287,-0.09694749062078567,0.280120878380129,0.0481370980568049,0.052727595359207215,0.03875016892095142,1379
-0.3300757938609597,0.09613942516201424,-0.2777888357719836,0.15330051418562818,-0.11619192118609073,0.3632174985655244,0.021081586892299962,-0.0135489936830989,0.07444370191430173,1380
-0.3940482237056822,0.19137859359329226,-0.4564366850867141,0.0622727307286267,-0.4973573213234665,1.1248048635204233,-0.07989567050866224,-0.5061168800145078,-0.14635325021346696,1381
-0.29693676250111273,0.23124755496752178,-0.3789918199169378,0.10339661697616072,-0.7808979676315932,1.8956013324613388,-0.2195309009008016,-1.0621921627818272,-0.16720733528147777,1382
-0.18398342907886306,0.1468650845202324,-0.11917289947211183,0.24094724021559338,-0.5038626690836532,1.5333522219604288,-0.1987077032667996,-0.8640368893685538,0.10046635081926492,1383
0.11268377104577235,0.21945518523710844,0.22379997607926297,0.4735450892928617,-1.1991808798876111,3.8146548532390945,-0.6426709208914555,-2.520677504182349,0.2298630621435147,1384
0.5580357625826914,0.2646907162132549,0.8770229955053225,0.8892377356819942,-1.9876553905386751,6.794663962168713,-1.284651958683504,-4.720351566842423,0.6181134755888676,1385
-0.23777288725200083,0.06144220388953682,-0.10755015176484072,0.254360051376778,-0.02550572162936884,0.3677024645164793,-0.004900238514129318,-0.054229198728925315,0.24120637227633496,1386
-1.52691244021026,0.3174475071536779,-1.8093028139451872,-0.5357377903890295,-0.26703904858028615,0.3474059015947264,0.42190877119890885,0.4279261797893968,-1.019197332090018,1387
-1.3457396356510811,0.3778225707253704,-1.7812061568655975,-0.5193322821232697,-0.5262237101672693,0.6586864976824525,0.3096863652262043,0.14993537305406934,-1.1127268967741524,1388
-0.7957356222243066,0.29536596121063,-1.061191009235268,-0.21414977392993562,-0.48745764487150706,0.7974515434742592,0.11287814760384231,-0.15007626719826503,-0.6018892039715791,1389
-0.5823059344222655,0.28236384302279893,-0.8176987025720422,-0.11208410625365922,-0.5505932062217415,1.095732431936166,0.01777367545311632,-0.38799109807834214,-0.4701128828292161,1390
-0.4703902536934563,0.31672986926641056,-0.7046377018963539,-0.049217877711703724,-0.7821811931918813,1.7013273005992033,-0.12292864714106233,-0.8649741275789407,-0.43353338937644115,1391
-0.31275484428165723,0.23788731876516805,-0.4085114014129469,0.09641317955193425,-0.6470824487323488,1.6224541777045194,-0.16096134506852253,-0.8760665516911891,-0.1645610754457475,1392
-0.19784333971355572,0.18833473338721227,-0.20031717266484772,0.21195832906363768,-0.5736931426994623,1.6615277347069348,-0.20281080323910125,-0.9530150124353302,0.02480608848334063,1393
0.18223411334349968,0.3687771362457408,0.1250676291079623,0.4675384629686043,-1.765123056130371,5.185959866443304,-0.8571177608762569,-3.5177845246971597,0.0476879982367064,1394
0.37833012816078837,0.3012818279358051,0.510620737974418,0.7137257638097146,-1.711995915749404,5.58899074223997,-1.018957319816573,-3.867303425990137,0.4046751719595442,1395
-0.1004049876442115,0.06771475749245101,0.0872247272668416,0.425432301545764,-0.17283047044633795,1.1001424289730561,-0.1689918131378901,-0.6048309207276569,0.43069689435133973,1396
-1.9458132265170496,0.4406074451168766,-2.0473677312390803,-0.7784808558718777,0.24427221177670397,1.1434229002078313,0.7144180819920557,0.5177442738805148,-1.1121120718685331,1397
-1.7060304861052904,0.5573956664868203,-2.110715215555748,-0.7494912372974932,-0.18033959173259353,1.217224081848825,0.46408431714617954,0.14237546363841982,-1.4115352665561425,1398
-1.033629593204291,0.401369388568662,-1.4214474931910601,-0.3669638914009269,-0.35034616948376046,1.1137443008571721,0.22778846698854122,-0.1394047156515794,-0.9292046702768925,1399
-0.7502583403949215,0.3808094240613532,-1.2401680884399229,-0.25455012749769695,-0.5926662291476353,1.4329033299375074,0.11276800711282152,-0.5139737001031313,-0.8244665435540537,1400
-0.6007200361979611,0.45435538913713536,-1.0054206244580182,-0.17540714108584884,-0.7617375866980542,1.784541774363373,-0.05383863678279871,-0.8602600527307083,-0.7294022620927555,1401
-0.3932906486787702,0.40531633513431525,-0.7437880992522463,-0.026484983972677446,-0.8971687748239988,2.183761939504556,-0.17451328325381732,-1.2433334346117728,-0.5060220806802864,1402
-0.1726439217508997,0.6209188845144363,-0.7256489054154601,0.05590432896334362,-1.8421649985186617,4.627446614974708,-0.595691650102019,-3.0281937323694494,-0.682292887660137,1403
0.17307702685367043,0.5910944276898681,-0.24800832785225937,0.35834766933339063,-2.196949456281991,5.96007717494884,-0.9061577531122199,-4.1047294666518654,-0.3243428352792692,1404
0.6311088455028049,0.583969821920219,0.3459164662904437,0.7886321321562882,-2.7503670276278984,8.075989294859566,-1.381492124650714,-5.7593226728205495,0.1351256881897672,1405
0.38862533425577833,0.07935490719535584,0.7078365383808186,1.0109357751379926,-0.7715403481146795,3.6279475728680817,-0.7156196136250531,-2.570809003336188,1.0242064505847666,1406
-1.1807439433139064,0.30480405672263794,-0.8565614053098128,-0.3903240655397455,0.790939722699915,1.4614299136706597,0.6157433318615794,0.38517462118650997,-0.12236517577687289,1407
-1.8163599591795463,0.6730528338726062,-2.028365135584722,-0.9109526457241451,0.7748390407672725,2.012999576405554,0.7427233989788729,0.2980793101108167,-1.3278816178148094,1408
-1.2259507801729712,0.5729129495332006,-1.503598211361567,-0.5508942081379461,0.11508043697728812,1.3402602720345445,0.2818130319589708,-0.020751169389641656,-1.1087167826120767,1409
-1.1614875165973848,0.6493876811280077,-1.6426202641395007,-0.5949495827268342,-0.3799742515848266,1.6200205175712854,0.21989382486166326,-0.38232054318393194,-1.3584864765071212,1410
-0.7070122020759207,0.4807107590978861,-1.2582614205688312,-0.2670042093190865,-0.5319370240397228,1.5431052071239988,0.05446566365278222,-0.6427448299712679,-0.8752214313951437,1411
-0.6471180222588754,0.7619979267370199,-1.5816516402186926,-0.37769791525686036,-1.2546646085634192,2.926265823472857,-0.11143402169893618,-1.682391864850603,-1.3280860750992924,1412
-0.36768088849627595,0.9561078701759673,-1.5713364489807853,-0.263152443059446,-2.1406673729472274,4.82884968987376,-0.45798455749894096,-3.211680701471058,-1.4293036100907732,1413
0.03354336434700975,0.8888655563101503,-1.0520225985305542,0.07548430811124873,-2.5842098583905937,6.116574823649157,-0.7874748193926916,-4.2846602708107335,-1.0035905209938525,1414
0.479815078129314,0.8238885452476739,-0.4387735036792426,0.5033743779521375,-3.0171943991221775,7.596018862600858,-1.1636367848412261,-5.538119998602853,-0.4837803268928533,1415
0.5019832640678299,0.098264874359016,0.7235824971199228,1.0910501670387092,-1.0050204249697772,4.014012882592181,-0.7856025356833465,-2.9500899303085246,0.9957478714234491,1416
-0.026051849015228556,0.05679405155763782,0.16983380416109298,0.5362574025490042,-0.2763895867648495,1.395566178952313,-0.2326370434246697,-0.8659223385169217,0.5253805464966507,1417
-0.27448458377527357,0.06155487912064624,-0.14839959745970038,0.22047018143888703,0.011610283083694932,0.2010158603479242,0.023093255645793963,0.06830587657966444,0.20325803031487819,1418
-1.0135664835106677,0.2999881266848158,-0.1921073637077928,-0.6499394601335312,2.118887983328633,2.9964857270733876,1.29365210861399,0.6808504317609779,1.0276180039786367,1419
-1.1561629999270293,0.3902442659128523,-0.9480328890622147,-0.6215310630376022,1.5319175498750277,1.9515571958925895,0.846970092308214,0.5687259921409653,-0.28878084239882945,1420
-1.2360699745104908,0.5017223786277001,-1.5358748165881824,-0.6419945419398215,0.9522958259984127,1.5585020217199161,0.6334798897632163,0.2994418140402671,-1.1064710981297383,1421
-1.0204921293817284,0.5249861596137437,-1.720143228735947,-0.6006715709415826,0.33093671822675064,1.2883467033276474,0.4822476560139633,0.03981467670682625,-1.351136302394154,1422
-1.0426479260436605,0.7510934141031034,-2.122914437440929,-0.6864588116084505,-0.3060372526898679,1.6433896226903015,0.3157188642116297,-0.46884981179431856,-1.7737895839298705,1423
-0.9543758339099058,0.9833316800359758,-2.5282597188712344,-0.7616539261146866,-1.1034350642407826,2.5239492393056415,0.1715170542975928,-1.3190854227827487,-2.1940258150747463,1424
-0.606241006714952,0.9751393233147807,-2.2063019132536676,-0.5232137809697269,-1.7088750831601178,3.273794795439219,-0.09165857572248608,-2.132998692695499,-1.9010075915550533,1425
-0.23680584993438836,0.9372587652264732,-1.817344568255531,-0.22287355914865922,-2.2451224400439087,4.259492610742738,-0.3519060504381032,-3.0947025047197254,-1.5525470837103796,1426
0.139403537455859,0.8078816462568106,-1.1691857164557098,0.14065864229090888,-2.456100394230637,4.945667668068936,-0.5935813073852921,-3.744162843088839,-0.9625529796240602,1427
0.7522077603867622,0.10039167769379712,0.8387144633642389,1.3096006060928678,-1.6569545165149697,5.070485509183472,-0.989259252780071,-3.9927130621471876,1.0405950771751862,1428
-0.15703739756857166,0.055007408077306974,-0.03239299279886932,0.3534284924598689,-0.13735344624271306,0.692481247095128,-0.06843026582511554,-0.3392930653034241,0.3230851203633924,1429
-0.22900680582671906,0.058309759006028104,-0.10371163541696758,0.2747922709840725,-0.040638953087360034,0.37474451906445627,-0.007325177515231676,-0.07480370830049397,0.25454920770720885,1430
-0.22625283723191614,0.06049541027555763,0.8098667234135863,-0.6582247578904701,2.561373032042496,3.1744210169230636,1.3889069708420427,1.0246163555956294,2.2808404912584574,1431
-0.5787011572564288,0.02977057989486837,-0.05978733770723408,-0.48892899978656473,2.197435645075346,2.0505462747956082,1.041989585815997,0.928500940174583,0.768910327552926,1432
-0.8554241840492249,0.17291369802821463,-0.8384551264798576,-0.525574169563929,1.6309720319636165,1.1903077969393412,0.7563090527186184,0.8156274132839337,-0.3788642549123684,1433
-1.0462374833363883,0.3677389460991761,-1.614858154961681,-0.6968503197020401,1.1257182447453289,0.8138348951830309,0.6692819442809437,0.6970526820947898,-1.2695025752425635,1434
-1.0616142219460718,0.5551466182952802,-2.1649938432073106,-0.7586007276231503,0.3524413493113457,0.7027078595466785,0.5588289427768052,0.3272557899874479,-1.8322393558971215,1435
-1.0284243327575417,0.780231583155389,-2.740037034168602,-0.8655297635737782,-0.4425652160132003,1.0130034586867527,0.44726565274801094,-0.23988273331932464,-2.3721747045078083,1436
-0.8035845154692707,0.8922414462554432,-2.734105200199083,-0.7463410561949105,-1.2548077189199687,1.5512074922197459,0.24475132972330957,-1.0069261317948754,-2.373916090340758,1437
-0.44974505532096143,0.8266969519202992,-2.353938970014148,-0.4342875505058236,-1.8210240605971482,2.148217964062902,0.058594589787848456,-1.7126305296640436,-1.9858175522714734,1438
-0.1396082395485693,0.7741867224303761,-1.837396008550297,-0.11689963401564869,-2.1911808706070226,2.873053421816166,-0.16508114700140114,-2.435414923557394,-1.516786323726362,1439
0.5822303917934539,0.10818030158650435,0.4974801006022228,1.0751090928204086,-1.6805545098913788,3.9802274225896905,-0.7739085748428205,-3.3368010218913065,0.6383544653045914,1440
0.20543729677009834,0.03388471559880094,0.35223422221260253,0.7854406829298737,-0.758238384339837,2.2146659559347546,-0.42094236079756964,-1.732129918997245,0.6063855785226342,1441
-0.07525896141526191,0.03850796219125983,0.08126778434764037,0.48197796659491826,-0.24676182488859558,1.002400080020008,-0.1473746974889531,-0.6355166523688331,0.41420310090255014,1442
0.4375671438279054,-0.24241506053442655,1.4357068633313295,-0.7491908435984194,2.3016250871785413,2.8295656750282463,1.382774258527221,1.148129263627857,3.2484316808256657,1443
0.013821379236342975,-0.37891599989403146,0.6598545802057931,-0.3266672488610444,2.1078658765095586,1.6437848883965178,0.9519971176041546,1.1462638042506281,1.6968603020868342,1444
-0.41258865205937667,-0.23803826742769374,-0.1012270457140589,-0.41324285456478677,2.0440961457820697,0.7703926425193538,0.8352728339167156,1.2447890909827022,0.4716412871159142,1445
-0.7508611607298179,-0.07379115704160984,-1.0488222361123978,-0.5908393926798334,1.7522692310283055,0.08889413259373265,0.7925400781145573,1.3658437961508831,-0.6914311073471018,1446
-0.9430989827126766,0.16725359262671494,-1.88637055648829,-0.7246559779387146,1.0023172433352057,-0.38948560123837644,0.6895231659932943,1.146133614157626,-1.5952803261360322,1447
-0.8802092385031184,0.337609593090019,-2.1869075847970096,-0.6847333216763123,0.12423815069185434,-0.4687891457865626,0.5281860238407539,0.6692581058094051,-1.8710583199488646,1448
-0.786107242393248,0.5003176614601332,-2.5381714883535405,-0.6389233307439286,-0.6885012099625527,-0.2571186591568187,0.42858113323197855,0.12284608064436725,-2.146525094651645,1449
-0.5841441464373366,0.6063412567367381,-2.4518776972894085,-0.512385027025691,-1.351421937339329,0.1778565405248583,0.2475455016916165,-0.49567325742194024,-2.1197887587917337,1450
-0.353350422003567,0.596442150261362,-2.0924266138725014,-0.30795804881318,-1.795138529180984,0.7980167738083066,0.06106474257126507,-1.1282841334484084,-1.7481303411873284,1451
0.4513307220801584,0.11389287917465464,0.2363797523557438,0.9303400922377112,-1.7545453591999034,3.0279202705943735,-0.6163142522277706,-2.851102195065785,0.299547303416132,1452
-0.1479575155797751,0.05754907786286646,-0.04154932468983576,0.3530123386074453,-0.2269438286445441,0.6502312093696063,-0.07593925850625169,-0.3848311278092736,0.2539258331984923,1453
-0.01222165047597261,0.02773954077609971,0.16246788969214376,0.567203995918931,-0.41723586583765226,1.2055019757608616,-0.21877038051895104,-0.9052368524807792,0.41955250090213275,1454
0.7500988969976773,-0.47598590756225273,1.6592641615364623,-0.5145924155654353,1.6696070720158969,2.0619892722927085,1.2486436035213793,1.1592242534401014,3.58126761274954,1455
0.40527550426358794,-0.5867759686729039,1.210524313184567,-0.2870627300754246,1.8686001843150324,1.1579500295435852,0.9085564951687897,1.2410467968468473,2.4042578267162287,1456
-0.12506940161385377,-0.2671949996248498,0.2293390033189927,-0.0034110638230808515,0.9735525079830922,0.22469596820840115,0.37537276077457177,0.7554568406828043,0.7494825807726254,1457
-0.31066566833067677,-0.36893831695797097,-0.17768902912581824,-0.12715794461249316,1.292602432947808,-0.3859013861791676,0.4755154036910962,1.1869783589425678,0.1870966940485061,1458
-0.6222424272834708,-0.3151385697345163,-1.0263697970775854,-0.3897397704077967,1.2725997698022695,-1.4122823801426427,0.5511905437938581,1.6616089799146807,-0.847793019975303,1459
-0.6932819512596538,-0.06200195650917455,-1.521715181868434,-0.39819359966594914,0.4169451220528837,-1.5265169325456158,0.4178238104018886,1.2192033392938286,-1.332949431294594,1460
-0.7011465795834885,0.11201608743950371,-1.961737828295695,-0.4076288466980509,-0.27534186628819146,-1.6361769779828264,0.37192829556997203,0.8799685434230167,-1.7529530452680253,1461
-0.5932370227530065,0.2652343610378958,-2.02890964785929,-0.28985711197405517,-0.8763827630073983,-1.2133586984477873,0.29036539105192427,0.3164006798992243,-1.7500866351387527,1462
-0.4838045269326775,0.3525957164191709,-2.0614683237713964,-0.2413289526695658,-1.4731183664958636,-0.8680412348277907,0.19109275994678265,-0.21121278768042714,-1.8028215340776454,1463
0.3309748642173549,0.1633655033174674,-0.009348365812550566,0.8430763813020512,-1.955332245816932,2.1387109005829736,-0.5284049851797754,-2.526033958891579,-0.07707628502902492,1464
0.3853321872403051,0.056354073977751114,0.39968804338357644,1.0397260685465688,-1.627175697782414,2.463377016529896,-0.6116575555916511,-2.5997158054086587,0.3192069898225274,1465
-0.10566455482370486,0.04973215982343199,0.05155163565322814,0.4592806450831255,-0.3159231021104792,0.773781963149553,-0.13896362728697267,-0.5697988508770424,0.2917405605364187,1466
0.9398157661333651,-0.636613188015617,1.74633049966009,-0.4385794853199903,1.0581564998902526,1.4237623517534517,1.0144559577174537,1.0781833853452802,3.711819817432553,1467
0.7757415783653183,-0.8625820027106461,1.764554507546592,-0.19701425332712558,1.6461614081738973,0.7714490101136736,0.8566541017755374,1.364906911204702,3.2116114327760954,1468
0.39571129425147133,-0.9310427364148864,1.2971356535552794,3.383501928057358e-4,1.7594419470298834,-0.14791559027749698,0.6100990951270282,1.5405203267388008,2.117117799828221,1469
0.061281115769642965,-0.9216521792125731,0.7043939400317125,0.05824247026519079,1.7117895100678042,-1.210149521525762,0.41408346234687304,1.7766028799875666,1.105660914014166,1470
-0.3055372800690744,-0.7018485086553725,-0.15639651881340316,-0.022013674009491786,1.2350120333913457,-2.037284714435307,0.2924860538891739,1.7683419124732027,-0.06113606900229912,1471
-0.532499503985488,-0.43395325945212987,-0.9264431327111775,-0.03514268683838179,0.609607268224262,-2.4758588138473208,0.26700787299701834,1.5637723968927304,-0.8773802979930286,1472
-0.6821161588346774,-0.15585513888420943,-1.3993366113047152,-0.0809646009392137,-0.09019141483580585,-2.6459458193137775,0.16986288920452008,1.3097168313444028,-1.3864910879801318,1473
-0.6081131798039275,0.03279050563062433,-1.6287822822698175,-0.038345045019632144,-0.6457093460986968,-2.3627948710668076,0.17395698492066672,0.8692425974583784,-1.5699453192930422,1474
-0.5415256955398271,0.17737916438299273,-1.6295189044186473,0.01445084918941881,-1.0701770024976691,-1.8385477483087445,0.11302988163927365,0.35345209105770975,-1.4776644843798372,1475
0.18841980086372903,0.27352504748269396,-0.2575628677811335,0.8388999498553532,-2.283540495218819,1.1412758148455007,-0.526582911089947,-2.2912781295028566,-0.5238229645233224,1476
0.13983910359946952,0.13829382195323392,0.14789758916387458,0.8488247086453259,-1.4403838460899416,1.3584746570812802,-0.4634259701307931,-1.852661324020622,0.006083559605699205,1477
-0.24162019438535046,0.06276607244207386,-0.11462185593113529,0.2685797206357334,-0.07500662497023612,0.2740781148741373,-0.004698711491557333,-0.054603235024998975,0.19562144324862107,1478
1.2260171099613275,-0.8261524846812267,2.16917515384638,-0.4246415034396325,0.6588809867466651,1.077507331332646,0.9734984835173836,1.116216810495714,4.456849818984503,1479
1.0217033192477472,-0.9731374947327329,2.1795285908786814,-0.004837980951165422,1.073778491574828,0.3380320933461693,0.6646280552810102,1.2286980638652807,3.807709534317342,1480
0.7473388009453344,-1.1307114440138237,2.0442398174170755,0.29427826275639285,1.4150194791009996,-0.6605743763556433,0.3486200729289236,1.5217157910506376,3.0290737930822766,1481
0.383049598142113,-1.18472130287988,1.5251442715719543,0.4971230019898094,1.506611913980309,-1.7231199588957888,0.14650924165857562,1.7292141857485495,1.9005919311827102,1482
-0.01714884663632194,-1.0299316561943213,0.7890964284565378,0.5274277401924248,1.2510997209890304,-2.8502909625794834,-0.03955566108585916,1.9106340985783934,0.7482662665716246,1483
-0.40031456925543474,-0.614712041682439,-0.06833173841895099,0.41610935849760466,0.5446411917025666,-2.9914535808447815,-0.12153943635656266,1.5630807633850519,-0.21703830743872385,1484
-0.5580049796622648,-0.3178221964842569,-0.6378059982608087,0.3794575331815396,0.011034439550782135,-3.058860855214818,-0.1375502875086762,1.3020311767120833,-0.8205218745649887,1485
-0.6445864614298071,-0.08785223215611215,-1.104463211138026,0.2343320291795557,-0.5501957175736829,-3.1942828029545454,-0.1036536882307407,1.109081149955252,-1.2800396281871538,1486
-0.6316529795544328,0.09229902227995622,-1.3622640697691024,0.36367320046123036,-1.050844237738374,-3.102194294788848,-0.12979105420226872,0.7280289969328044,-1.5400750703929276,1487
-0.09232516690832498,0.38260516809603273,-0.38612142058330445,0.8225748475272485,-1.9941648634624118,0.003043265800049582,-0.4746333085640505,-1.52848266470746,-0.7387931244569212,1488
-0.009348147770810632,0.2618171561131078,0.062131757187707096,0.8683779112593847,-1.4473442331604414,0.7256888982078998,-0.4815391464638594,-1.5830915031170985,-0.22576749582478298,1489
-0.00318513707023215,0.17344553720642222,0.25753243718060365,0.8577838876133269,-0.982947839757915,0.9560260530912364,-0.4380916946772191,-1.3903127604349093,0.07513347885979653,1490
1.0787990703916874,-0.66128761765882,2.0161398080893633,-0.1636678243624985,0.1120678081302734,0.5261033312860603,0.609167926378536,0.826508624990238,4.0275082360505845,1491
0.8845659412672825,-0.7589422470851849,2.0240582013675854,0.258520333141049,0.4913606203322988,-0.09467848820392695,0.3315498844709006,0.8872363629084091,3.4581443753482506,1492
0.7708627615945931,-0.9955021102974092,2.2757206596501773,0.6397779820729199,0.8498770079998743,-0.9421479525901402,0.017715650858801814,1.203923627759077,3.174952133800204,1493
0.46910359143498154,-0.970324129184147,1.8520932908881003,0.8892211859078617,0.8981764109519469,-1.7891939606163376,-0.21603640823084932,1.293258113899421,2.2563829852279587,1494
0.037761639996385765,-0.8862263257223989,1.4417259399699311,1.0797256159795223,0.8145848967669318,-2.989630008941992,-0.4961994963812406,1.469544695017942,1.2847160776003077,1495
-0.21460367290275742,-0.6105168703849003,0.6400281277045206,1.065072570983276,0.41809615032185,-3.26534796085974,-0.467716720171272,1.3799885175380382,0.2705422106876542,1496
-0.5125828886126121,-0.3266645444274978,-0.03940983251802365,0.9268706543171832,-0.009758934733907,-3.490199097394979,-0.44735408894034073,1.2383604007060927,-0.4736873740871949,1497
-0.6465111798655658,-0.04507476546939591,-0.46015215769728823,0.7563908357108972,-0.38679626459491495,-3.2602367807988015,-0.4106881080953502,0.9947190482330921,-0.8428880039303603,1498
-0.7327172509298342,0.17516373912410854,-0.7464629558031686,0.675704151633358,-0.8742489229707756,-3.2284362623093634,-0.4231713369243277,0.7257938438071688,-1.1029046061338341,1499
-0.3594711336352608,0.6013930451492824,-0.45355561927495924,0.9396228079214853,-1.8234601701395141,-0.9805980381064323,-0.5404406308162002,-1.005178224990652,-0.9815255296778217,1500
-0.20950255071296697,0.5559201279412177,-0.06801405813251205,1.096916373516984,-1.842109164069456,-0.14547869450936318,-0.6557149290544839,-1.5513902246419193,-0.7147596330176785,1501
-0.22979860622664997,0.16283188830751044,-0.02932664669029082,0.4700525793285346,-0.36448420980034557,0.290800332496149,-0.16483100641462714,-0.3881235535314704,0.06811463131399793,1502
-0.2757906605388959,0.06214029450967048,-0.15753242931192163,0.2155401639816854,0.009379001689404611,0.1636842200527122,0.03180569387294553,0.09475281459217152,0.18849934019670897,1503
1.2384477654974595,-0.6405211472475062,2.5331436032325625,0.03522072388275867,-0.386254896535976,0.20780683532657118,0.45351315902343636,0.7298038772709904,4.773968155978172,1504
0.9945944199237737,-0.6385818235253862,2.555301394070378,0.6462205066237361,0.014692798234411776,-0.4612483643235807,0.02702353127553837,0.7571888314374526,4.080662588098491,1505
0.7413039560212915,-0.6750482286636355,2.5320481621434627,1.062662039995921,0.3113010188452498,-1.2163102252193172,-0.34062375200597256,0.8189251622138929,3.394942988964238,1506
0.424849529576,-0.6921915992149413,2.4578794777106223,1.464793780493091,0.48711839531381196,-2.2993740709425454,-0.7449242585528938,0.998072105465627,2.5706923860938553,1507
-0.028343631286493202,-0.45805890765215335,1.5567328963714795,1.3974070313118656,0.34332188556285675,-2.4736879037482904,-0.7254824213253023,0.9202323071229209,1.2736337143270633,1508
-0.3035763122315846,-0.3177618477613893,1.155979095137249,1.4764262296749517,0.12306883856238571,-3.3397225485239486,-1.025566754989737,1.0561686157708532,0.5601067103969196,1509
-0.541009191993055,-0.056757874401138,0.6056420147137213,1.4686398208579563,-0.16921857980864624,-3.531390284961319,-0.8835082856338838,0.9509624634206584,-0.16029978564118627,1510
-0.665959532764992,0.142430492222174,0.02294754216009231,1.2951912281566504,-0.43808718544386954,-3.393242303745079,-0.7540468269030237,0.7895782275429132,-0.6290738050598935,1511
-0.7157900152788127,0.33888611060425883,-0.28662923745021063,1.128742215191006,-0.693438949999982,-3.0930815377807304,-0.668848944334563,0.5954297293760206,-0.8695224512432538,1512
-0.5749056705351125,0.8563709113805412,-0.4507066877425004,1.2029274486542936,-1.8198169518717113,-1.620347662907741,-0.6989440289203407,-0.8567302514079866,-1.2128294719965964,1513
-0.38987334327939627,0.5513577622211107,-0.154652182043142,0.8726591108816467,-1.0322781528272105,-0.4151968831621068,-0.43054585676223117,-0.7133596902449691,-0.5107053884109046,1514
-0.27740308844536327,0.10701876080484467,-0.1386391418307849,0.28664409505669436,-0.09137097359848537,0.14833440098157383,-0.015757822957829702,-0.011183519131883238,0.1325659347095952,1515
0.5021576314439272,-0.14234308123662986,1.4252262549231813,0.3703050550882154,-0.4388042813229045,-0.0673989701330163,0.036007200607876516,0.28227710908303316,2.705592493870893,1516
0.5234439737537973,-0.14261164520359151,1.8551107020829187,0.8185187101414696,-0.3076419649582189,-0.527445765264477,-0.23877541509354575,0.34732075873072377,2.838111932272206,1517
0.4492250843462643,-0.19604121370317062,2.084906711341899,1.352492409208782,-0.09373654258443066,-1.1047628462815542,-0.5244237019594427,0.39099353273833015,2.664998635449173,1518
0.21361202196893736,-0.12961406051254934,2.224382967863444,1.8285459061099305,0.014688953177308187,-2.0081534203220106,-0.9412328170785066,0.49073297204507477,2.1841576844306148,1519
-0.1137281230916731,-0.007545592686359194,1.533078053521863,1.7001882243382442,0.02409125571565118,-2.110852682482561,-0.9256094339053976,0.46850171309291266,1.1882822976912608,1520
-0.3449327520270336,0.12177442115175063,0.9926158056141752,1.566580387581245,-0.05410931965774534,-2.1803885692757703,-0.8670917724756766,0.4559016061023054,0.4997991692809938,1521
-0.4722077588872402,0.21776622937313053,0.4482129222073189,1.2367186703629243,-0.14827568437345892,-1.8564146512865363,-0.6725903685978726,0.3838614232576624,0.04645532947089377,1522
-0.7027800758614542,0.46177991732813806,0.3606135135768167,1.650078993815116,-0.40377455193510187,-2.892752905885359,-0.9521140739608566,0.47782030150036137,-0.44270087095143285,1523
-0.7718728726666548,0.5997286247326125,0.038875855089797746,1.458546092056314,-0.5819152298652784,-2.7373073170531064,-0.8558955859056073,0.3856232191115832,-0.7151266419006282,1524
-0.5374044213785186,0.6112438185948421,-0.2657347850188933,0.8147737725338046,-0.7337061253159557,-0.8669876519262635,-0.37200529600948345,-0.22129572935199252,-0.5492020872955026,1525
-0.4405735794163149,0.5266973863982047,-0.17005207534255745,0.7570298702218287,-0.6614804345086057,-0.4363855996319158,-0.32794430685154097,-0.3598549434069585,-0.3961064257049638,1526
-0.46437092351756576,0.9073825083398173,0.05724871509729738,1.3590049541900184,-1.3352508588454581,-0.39396566854328186,-0.7351247786568146,-1.188881953416545,-0.7923641692821145,1527
0.32433558521951517,0.17558263352697004,1.406039914728272,0.6835909444724346,-0.6682785006064957,-0.26298238071456953,-0.19334759910590305,0.11150770212226793,2.4291004074648,1528
0.38400867108519016,0.26855155651536916,2.0073042616502383,1.2788691325777763,-0.5984915594502157,-0.7995793154801312,-0.5487553470269791,0.11374161732042089,2.7646733730576,1529
0.09804021535243451,0.271772127833594,1.5443168739945707,1.3741124075114954,-0.3064806878625358,-0.9456715783139742,-0.6265046563240123,0.11638961764929126,1.8137127557834627,1530
-0.09916688472731228,0.34760375253442327,1.4210099991703289,1.5989322238229864,-0.20069751901189548,-1.285701031450735,-0.8097190289932731,0.1256257231768464,1.289570800322428,1531
-0.3039594315012227,0.4380237382877981,1.37676600852095,1.8778123391686337,-0.17454530673079838,-1.8108615109160269,-1.038456921346525,0.1841975428496096,0.8578130760832109,1532
-0.492856877638829,0.5764794195725326,1.273890216923882,2.187103077084627,-0.21746533140110827,-2.4224665858146928,-1.2442874558295065,0.2399005987845922,0.39337377253874345,1533
-0.6040108496507158,0.6177228632323293,0.7256888005960744,1.8232147958400222,-0.24849479083867498,-2.105458355168889,-1.0164383269673058,0.21855572297550324,-0.06347807153131918,1534
-0.72466171040017,0.7110766618571513,0.41788706761123373,1.7158381484079335,-0.3563119384536823,-2.219093220244732,-0.9683282747537837,0.22879577458355732,-0.39342840150447733,1535
-1.0207361176896241,1.137847507391284,0.3548061889102786,2.2568936409287454,-0.6868133010808599,-3.2948250337323746,-1.3359178052027088,0.2591337249908564,-0.991052195840647,1536
-0.7618731456675361,1.083490455722837,-0.25483086704247965,1.3061023544535886,-0.9091211184789796,-1.3733893031470354,-0.6431333179672247,-0.30305348635124885,-0.9901256580663692,1537
-0.46962967605078226,0.5432508202319887,-0.1625677153955625,0.7157769035363809,-0.4124120896912498,-0.34148477626228285,-0.26805589139842545,-0.1879790914563257,-0.33215293170201887,1538
-0.3174377932895462,0.1891355984939724,-0.14465249572890043,0.3491532534485027,-0.09340727487213843,0.08786102563162677,-0.043641847532704954,-0.011628887003728177,0.056219369999420156,1539
-0.0292920236794677,0.3821586376555793,0.8160696795701524,0.7544851611785787,-0.4981425526661979,-0.23625663806451555,-0.2717025222818695,0.002675393701907582,1.3576833075207442,1540
-0.06487223835172272,0.5076838832283901,1.006919186215634,1.1064283221958076,-0.44451114362321975,-0.4968133325538377,-0.4543687641348422,-0.029192859077838584,1.3210160194950802,1541
-0.06529796619341455,1.0059498770454378,2.083630116822264,2.287931111284068,-0.6648892585307172,-1.467734553450531,-1.164134114295568,-0.1454532054634015,1.876141513420222,1542
-0.2986610782134777,0.7889892336917347,1.2573684077541232,1.8186159119302312,-0.33465176505942695,-1.189885084972638,-0.9261979040215501,-0.06586053012484164,0.8725762188152095,1543
-0.41725288957696527,0.7202367179208748,0.9483215265128468,1.7167147812432604,-0.232329600742886,-1.2361344474024023,-0.8735210421703087,-0.009110717034606088,0.4410696441803636,1544
-0.666913374335369,1.1150507637611926,1.2020876632675974,2.43957173679364,-0.32808379913292157,-2.0800853364377554,-1.3558870702789458,-0.021482454420041163,0.0748432540774934,1545
-0.6700599532493261,0.9069166659420849,0.6088412497018918,1.781197745026607,-0.2597745282876408,-1.5312269153607554,-0.9573921681316723,0.02604170486026909,-0.20724791489857888,1546
-0.36949598897869373,0.2318727844966451,-0.05069900456185604,0.5092443729361668,-0.04464528054111805,-0.20369971331629522,-0.14351639356764798,0.0973475323092229,0.06648219854123129,1547
-0.8378320422079744,1.054302112476247,0.2719497223816348,1.7435111944839643,-0.4094349347950091,-1.8439449857346872,-0.9425418893986086,0.05600090382180021,-0.667732916015445,1548
-0.5020825194327669,0.5489150161802571,-0.18441219078446766,0.6996164717199083,-0.2653096229996925,-0.40915573601227667,-0.24160908122734184,-0.024495994015258104,-0.31303290376035137,1549
-0.28550881551552565,0.08444766437267805,-0.1635254167966218,0.2240870603607738,0.0022643481071242242,0.1429731697317436,0.0293006049499729,0.09488386877827011,0.17089764851856123,1550
-0.22102328740273608,0.47405049744373845,0.43509933204460716,0.7264892218245274,-0.36812869660793657,-0.15517287613642539,-0.24761934855604054,-0.026402277241900453,0.7271421845066465,1551
-0.26415145250069805,0.25463080637322494,0.09715548584025101,0.47780845632154256,-0.11332935950397989,-0.009181270628201954,-0.11029586633048963,0.04936703086360767,0.37213751781723164,1552
-0.386607946063531,1.541561906318411,1.6325103349719634,2.4406279064822147,-0.6916680132837231,-1.3081169341463836,-1.2150686804852568,-0.30293422706249995,0.9758392652740553,1553
-0.4353292514400309,0.9031325561550705,0.7230686104497512,1.530505929397885,-0.2902710899305029,-0.7568907805934231,-0.7159027573170006,-0.1194557410847846,0.3406064059727081,1554
-0.6831856542711454,1.4977748092446643,1.1899287762232378,2.5279072959129545,-0.40976354807240395,-1.583415993563261,-1.3059230171752236,-0.21310538612806382,0.057596161615180885,1555
-0.7033899765330431,1.2466210546751846,0.7876342800395787,2.1278895612751376,-0.3046872279659976,-1.3855148586118982,-1.0642240702732857,-0.12461984921913043,-0.21043932228615833,1556
-0.5138519795620365,0.6253509368609933,0.16954671790863537,1.042682478569827,-0.11946903814012551,-0.5569406629402289,-0.44502067142900215,0.01895294930479126,-0.1256331626450411,1557
-0.5592758122242459,0.6842264245380899,0.11441270530804691,1.0769379115517725,-0.14720735416638486,-0.6383358180473034,-0.47421862383518953,0.019025714839749505,-0.23871275799725922,1558
-0.6329991649802129,0.811013218958654,0.06456565387883234,1.1890202731163404,-0.18784243407764306,-0.7804677636227457,-0.5232490749067492,0.009535715131634297,-0.41484975195168144,1559
-0.34642979781220423,0.2098022491382827,-0.16560710692779118,0.3509932995343869,-0.044891183492017955,0.014143322355928899,-0.041337235639370785,0.07701977545171247,0.03837990215176759,1560
0.7081655888979165,0.17645642816918816,0.19047600804119758,0.17168649621557464,-0.12091266295796035,0.46070964852506263,0.3905741763189477,-0.47283711471097045,0.40124382205739545,1561
2.700299387494625,0.480417904021221,0.8710907145085217,0.044725177606909604,-0.44591999729683635,0.9849048893081631,1.1315559348323705,-1.6210009855281124,0.8114637859459429,1562
4.17524990738082,0.8642025131095629,1.273050411375913,-0.19129703685597066,-0.782034970131678,1.1494713810960953,1.791307722497245,-2.4322073935575106,1.0803950985883768,1563
4.509174169276333,1.2436079665309663,1.2299092341570295,-0.4834924557839849,-1.060258916655585,0.7929636278665767,2.1022897610153235,-2.5843776687880005,1.1214396390516839,1564
4.206421312993877,1.5585372820991938,1.0157121872115733,-0.7057805307575223,-1.2663021419804892,0.2424678197435629,2.1585879629920486,-2.424265667044346,1.104876964342839,1565
2.118670250404275,1.1409460887351761,0.41987037666541466,-0.413171202609717,-0.8643424288377556,-0.12516828275858896,1.2719995175200864,-1.3111120912094247,0.792176909259204,1566
1.8473780659956174,1.5651837830563065,0.3435303579368495,-0.4009226679891467,-1.1017962554825658,-0.5842587926495391,1.2681682623991377,-1.3857367394895002,1.1228237045329956,1567
1.0234456058780017,2.0493830837846017,0.20295793594126474,0.057515120128716984,-1.1698899877456932,-0.9084107907772236,1.0193448013516344,-1.342864000444261,1.7385581546771676,1568
-0.7036668699246015,1.2204211243653298,-0.26172215810869826,0.9113488524919864,-0.24683839595293133,-0.20409623231134696,0.24943907485490113,-0.3127572560128854,1.466483117281721,1569
-1.317558553004495,1.1189521828411229,-0.518762294829293,1.3934389771047206,0.1030030537979164,0.09405935127226216,0.1812057288484446,-0.01419914466610317,1.6637805262079477,1570
-2.5941008258510454,1.1079868760739537,-1.3309599085305381,2.6768554821443966,0.8839836337008523,0.7932053650565294,0.4259243093656252,0.5316693040023159,2.4802946255088503,1571
0.1360626689112458,0.017485548499574375,-0.01564952170115665,0.2055498395313873,0.016773000934558312,0.2979947171395531,0.1377618641523791,-0.09007339124287704,0.2975869915161124,1572
1.1664331329765412,-0.05737703098714499,0.33218314577986974,0.17900016698433216,0.006429197478761466,0.6097340389444098,0.39651613928728974,-0.5594379590931268,0.5540272858698156,1573
1.492048560381329,-1.221176786451624e-4,0.39719063442440045,0.11468077655426713,-0.024185612969767765,0.6113599116121158,0.5202806029431284,-0.6801238455998221,0.6057050030184212,1574
2.2579929177867277,0.1445216267303239,0.5479863508759575,-0.05082171875406494,-0.10375385153323936,0.5982812569421629,0.8104565995270364,-0.9676588854442119,0.7407808458084841,1575
2.0942587419435506,0.3462750876490467,0.4173631191440987,-0.16484056420466348,-0.17196013405709346,0.32197109945705754,0.8442357455247844,-0.8586621562078298,0.6874203067240172,1576
1.228167059290746,0.4268206524463462,0.15095888900329935,-0.12265737822722071,-0.17403144048540545,0.05150830141460809,0.6145612784117298,-0.499786518183538,0.527259600052763,1577
1.4966043941416705,0.914480167982554,0.14667603895826523,-0.2629732009255708,-0.33243948764137404,-0.3636772057518816,0.7958407665545049,-0.6618739460293375,0.7919671086707493,1578
0.6408019353499869,1.097517588957658,-0.03974069437404328,0.06686586293530129,-0.24539613728922113,-0.49056909154041983,0.49804409645146164,-0.42620763612120893,0.9617117839983781,1579
-0.2922805246906432,0.8612429511195622,-0.23786998476998703,0.5122711960572538,0.013616139896389797,-0.18883804031116694,0.16147352979221083,-0.06334181387649623,0.9015968700476955,1580
-0.6168408686930477,0.4965292848246666,-0.3354001425668902,0.6230331446943488,0.16710726658470254,0.11363157902360276,0.07612000451940656,0.1460986301392061,0.6816669060014419,1581
-0.7180958581529008,0.32778347697258126,-0.4368936783021892,0.6931652250063083,0.25493504854673277,0.27144375407487836,0.12619714704368684,0.23269355938730893,0.6290970347016958,1582
2.150749851352326,-0.0033605084916093968,0.7205916033695451,0.5313980497923269,0.8645354695963766,0.906281422457592,0.052655483983865846,-0.6126248020522503,-0.31402795722774074,1583
6.258756670305484,0.01098113676529679,2.1462620136646002,0.9765922239127137,2.1878573460653965,1.9746182114633897,0.17568667062253063,-1.8192989136128817,-1.1647500125871397,1584
8.959439370468601,0.34332707653148503,2.9121386869947803,1.0261997005744723,2.7379832295208213,2.1642707874535154,0.48780469286841455,-2.623176614698779,-1.688023394426735,1585
10.230137611796172,1.0268370105708602,3.078075937442565,0.7282451655683038,2.512025154267527,1.4828835236601752,0.9332778501349299,-3.0880924167111385,-1.8348044585327705,1586
10.596196688004298,1.8623684126413054,2.985490546318733,0.39501462430196,1.9170191296328156,0.4762948544566662,1.297230365647339,-3.40880514215303,-1.6939074653467372,1587
12.091851510994474,3.755976221378766,3.267501883726234,0.18047054344580035,1.0483264760871034,-1.1790244253725444,1.7525624357164211,-4.482971906143783,-1.4019443305715198,1588
13.372683777017205,6.723045150527888,3.703800464610915,0.5817147017560079,-0.039759821394222246,-3.143995395743414,1.8648642122478072,-5.959904509300006,-0.6456141284987076,1589
8.766281604128812,7.7101893496852085,2.661165352212532,1.7291564535310864,-0.8307549722692424,-3.4391506506909413,0.8505193080037428,-5.057934813713145,0.7736340929738785,1590
0.12024841323425019,1.2211268589562196,0.022599058867836586,0.7756355681942667,-0.06696959817080936,-0.16996198017042294,-0.04028743164056749,-0.3499586593183118,0.5287793077022838,1591
-5.060589387678163,1.5310496358187538,-1.8577609767386722,-3.12444954126015,-0.6623543778114891,-1.755114662587941,0.17314855900635284,-0.39053826655969925,0.9289000866990303,1592
-4.746249934147755,1.4096978279691055,-1.7095366010888875,-2.860508733583864,-0.5567777550515045,-1.5652140569831112,0.1108656485808951,-0.32325042908827184,0.8572417738230885,1593
-5.034925507991489,1.3807533931504845,-1.7679141928514825,-2.961887500107808,-0.5252444712972922,-1.5878685254160398,0.10636456609937026,-0.2769959476892238,0.9047051124984891,1594
-4.207747742621898,0.9742301018708194,-1.4509535142895889,-2.274569527920256,-0.35296106528890586,-1.11994390837036,0.0848060643215911,-0.14984712537684147,0.7785033028433161,1595
-3.751805487902277,0.6913548518287619,-1.1871934172016478,-1.8456312250933267,-0.15026211703884731,-0.7932627339953847,0.022544737006610548,0.007424938671939416,0.670070130455997,1596
-3.328713100919652,0.42669519395866484,-0.9861808960280078,-1.40424110471751,0.022965142166518692,-0.4444882072407956,0.008301578913098226,0.09098668984089289,0.577165994586738,1597
-3.010577978344092,0.13098619386018873,-0.7981528504184824,-1.0464196552715528,0.1891630406748567,-0.11423625694031221,0.024064045955004814,0.20786129521088903,0.5018306493599772,1598
-2.3679446158138124,-0.13831643938160598,-0.5513738936289809,-0.5431265276568813,0.3491384749148488,0.2705100581721662,0.046099554473716324,0.29165226093437174,0.40166756432510736,1599
-1.9100953767280033,-0.42007770609316125,-0.3407499462420116,-0.08195985731953874,0.5883772218570253,0.6703081584649052,0.09551316582609065,0.3520636321674465,0.305567140806283,1600
-1.2777470981624401,-0.6597744132730177,-0.14597836707605424,0.3871110378749789,0.8028348438680601,1.042759213028631,0.21476290780041402,0.42271740951314696,0.16467076631567587,1601
-0.6877760288583344,-0.8387980537004813,0.06069006975710021,0.7839394185684904,0.980593507909098,1.4512409645043105,0.30879663673571583,0.46339903431549945,0.007481444484027562,1602
0.11324852352170589,-0.9195896356346337,0.177525981638367,1.1395079774053747,1.0185920596361193,1.6373233190422385,0.4392517349317069,0.4056482908096895,-0.10292628166011865,1603
0.86197256931552,-0.9147230686704598,0.3109802038341831,1.4172313468911828,1.0598336792532257,1.8631367900655809,0.5323032747308766,0.358627220754017,-0.25492445502161415,1604
1.5280379744067851,-0.8452805811795405,0.3554354739974994,1.6652132761729557,0.9860851548987737,1.8720757099857452,0.6152607127698929,0.31603245830226623,-0.3549908488854593,1605
2.295234517813383,-0.799862988295882,0.41185737615885887,1.8645062696981427,0.9261011395436191,1.880504448279157,0.6717854235548225,0.2537579749322137,-0.49070776419369366,1606
2.6723101434300323,-0.5876391725137999,0.41839889393529983,1.7965182770816515,0.6767379221012424,1.6171616288510517,0.5542202609831567,0.2215286121304395,-0.5084841356224609,1607
3.192428586547873,-0.4421019802366901,0.47721479282553547,1.864643411855064,0.37902834109232225,1.3753314842390876,0.45808770182651054,0.18181041832145303,-0.5582993457338568,1608
3.2440545220341823,-0.23938337746896457,0.5113899010859361,1.6853637215160078,0.09546448190463425,0.999956224446039,0.22844262498502174,0.1749953496468033,-0.5298007223161316,1609
3.9193855615719464,-0.22306180836624345,0.6120320917320996,1.8684436519843877,-0.26521049005925934,0.7089182087454582,0.14308644642180493,0.19459235984763543,-0.5084139424530705,1610
4.613426689278581,-0.1578013361694926,0.8436517115069592,2.0542045289417037,-0.7184604723479686,0.294227045822483,-0.11578980654703337,0.1662369451887006,-0.5178430883650671,1611
3.8970538734385824,-0.030425090941077478,0.9016302448542063,1.7226707306778417,-0.9335741480310954,-0.13015331925314588,-0.41125530782031383,0.1828970702442833,-0.3109293325187332,1612
4.155673470330613,0.014609251174123265,1.1633703498022423,1.9410393608954462,-1.42791640954646,-0.6059057438616279,-0.6146326107450586,0.15957915631739278,-0.17074266083718415,1613
3.8965924490571555,0.06573592051204842,1.3387223238156076,1.984849620396065,-1.7281239382642015,-0.9504009158149302,-0.8414372093735928,0.09651909233735927,-0.004700640554248747,1614
3.7419537294299867,0.20678905634133918,1.6190975084168246,2.2424534411691854,-2.0650599929087297,-1.4265947356238229,-1.0794019488891864,0.042364773138811894,0.22361228221564716,1615
2.9960641892956263,0.6130766501709761,1.7674560558401247,2.3565504850328547,-2.21267106571144,-1.7318852545861336,-1.4302671257367665,-0.0909813210210238,0.35819926650430844,1616
1.9474499355995096,0.7649757578553209,1.5224662261377513,2.262322644600286,-1.8700911791729082,-1.5859615439250119,-1.314585792367286,-0.18897402460050375,0.3368849690394526,1617
0.754418944814632,0.8129101807755228,0.9146540145588206,1.7276200962500352,-1.19207899237854,-1.0471971500574233,-0.9464009063298497,-0.17260496258997243,0.199016777075984,1618
-0.05882233570927774,0.4977730452242487,0.21697819640860205,0.8782888020620776,-0.4142107676982671,-0.3037293176571158,-0.3727265227652632,-0.03164847175997615,0.10603781062484084,1619
-4.204111600701903,2.042103110667791,-1.7774414912251721,-3.0684968733519016,-1.0688963831155958,-2.2762299878851073,0.13817568644259837,-0.6728440773415536,0.8965279696358004,1620
-4.123158958234676,1.9193112212020689,-1.7516893166498604,-2.9633761600479143,-1.0559060856193274,-2.1103665787123194,0.15615991670695925,-0.6469053268308926,0.886380729651059,1621
-4.3196758420987775,1.7802683618678927,-1.746506571234013,-2.9585442016210135,-1.0568808649396175,-2.111731935071302,0.052790907863080265,-0.5623413171078496,0.9940492010687066,1622
-4.403238234428438,1.5948411708807047,-1.5876582644340815,-2.751714586276939,-0.9522904975749089,-2.028419311790167,-0.16103767605444,-0.35667576114457233,0.9682462113549721,1623
-3.9758182538438893,1.0922122266460808,-1.257189006307105,-2.187086992373923,-0.6986517281780388,-1.6056179377763793,-0.3023281793940545,-0.14403831677954348,0.9502426998015105,1624
-3.6649812245630016,0.6976560007352316,-0.958985885946307,-1.6849097280702652,-0.49068996601247444,-1.1801723715982442,-0.5101832276498991,0.0628221706336698,0.8008335194750762,1625
-2.9969152735114983,0.10705898060577267,-0.6342885949101309,-0.8735654616465413,-0.13365785460769108,-0.5922762878286435,-0.4163979409774424,0.2698657507902754,0.679679112645328,1626
-2.270742123408926,-0.2892991375945055,-0.2170281107407464,-0.1767655082435062,0.1497265405415987,0.04344984371608286,-0.4479163214860448,0.4696405481383486,0.4689424726966565,1627
-1.3668782535145654,-0.6724843296177112,0.10648883817826754,0.5408321324318904,0.49716480538137,0.6249417482910516,-0.34415867913507187,0.508211359392436,0.3542920521733444,1628
-0.05553652687452483,-1.0521060133937918,0.5889198035327179,1.4462030399322643,0.7303794181715549,1.3050244589693525,-0.19018577920055182,0.6520968032536271,0.0749448742435931,1629
0.9971934436139932,-1.2601262188938591,0.791469875535387,1.9894273790221157,0.9005396797900137,1.677064953479909,0.023221783187295467,0.6001906625745822,-0.06858864498052457,1630
1.9031169758451119,-1.4051505838096652,0.7715721854642926,2.4031134677843475,1.1366416889341888,2.1909931395385915,0.41419996042984764,0.4839963375833367,-0.2880885910709357,1631
2.52479843926877,-1.097923366595136,0.8924466837150152,2.508024911086371,1.1216951080377284,2.2473169276676344,0.5070159287977939,0.31317971288465685,-0.46465802189604477,1632
2.807506888442135,-1.0784865801197374,0.7523688980678709,2.4557965118544494,1.4604978712398942,2.666225732888863,0.7937142147357508,0.2236443488350987,-0.6516007345077134,1633
2.853278578492319,-0.8799388207581892,0.494388824369019,2.2589325409884897,1.4691811115735158,2.5725050218448886,1.0059957742548924,0.19906978381638774,-0.6433896877100831,1634
3.4822254776292145,-0.7096232291808382,0.3563691440450444,2.276060171947082,1.2291231021601718,2.3722642866454,1.0579503460565993,0.01524460146549513,-0.7331445573550801,1635
3.35279708569908,-0.35285186991481193,0.18880852859718705,1.7811368704764008,0.9675434020330668,2.023647497834875,0.8713851156283707,0.08755815872759423,-0.7615325859940696,1636
2.920401576401113,-0.2562552013032096,-0.028329667735197288,1.2524925778823786,0.6785452344507286,1.5127624082327602,0.7051661595573516,0.13545708406892465,-0.6968408193986153,1637
2.9358634757731354,-0.08659386324973643,0.08443590034963298,1.0121441043336565,0.11478091024654291,0.8384216580276469,0.3121824706815499,0.1281312459157353,-0.5576827575723258,1638
2.8913125582671335,0.0015642823835608289,0.2615070719303954,0.9394955662661438,-0.5469640889247035,0.12278854827735201,-0.12471959768355702,0.18952966554882597,-0.37481459454552973,1639
3.6733838917410444,-0.025790068374863986,0.8937428179427138,1.4565380743919671,-1.17446404625635,-0.4332773095676197,-0.6112385320923822,0.32219742945091917,-0.23026612203353666,1640
2.437236436939722,0.2006149344151031,0.8997602437978641,0.9056532292872861,-1.853153531854921,-1.5009843509109841,-0.9468791338931247,0.26015836826868144,0.27567191172125866,1641
2.0305853755748395,0.2555754317838716,1.2488057361295135,1.22573421171911,-2.108313364289792,-1.8652827936890477,-1.179776765189063,0.16923096635350957,0.5229059033786667,1642
1.2650763433851597,0.41710972682426856,1.2748335264636674,1.2864354794146484,-2.144226269527914,-1.9708464495103206,-1.3866586987996194,0.017454378842619616,0.6574923122237187,1643
0.8701406415152926,0.6727446829063367,1.3921655230168448,1.5505816114412365,-2.1027707383293985,-2.0413763517909147,-1.4220572709193957,-0.14456189387992707,0.6934743963546577,1644
-0.3624277004022218,0.8847401342362913,0.944995862037791,1.2451176296411253,-1.5535297703278341,-1.6705628368931067,-1.1943047466259467,-0.20849416572456175,0.6192486056137088,1645
-2.5225617940856417,1.0294040424803825,0.11685949913906431,0.31786351837331117,-0.8489792906140571,-1.2993167401587329,-0.8487581464995144,-0.2162859760850575,0.6306954184665851,1646
-1.6114768524782244,0.9062644396446417,0.028161136421105067,0.5937077026166716,-0.5127625239088133,-0.7261836743467859,-0.575091360201451,-0.1538546325330368,0.2607675260599762,1647
-1.0572870968582564,0.42926659947781803,-0.2168821922266507,0.23627921232954374,-0.05984363543129762,-0.10558241181826973,-0.13349807053902307,0.017437341337609224,0.1507844569298962,1648
-0.5170393933438548,1.3487292163834685,-0.6587434687646654,-1.9578778357137727,-2.0812474760691337,1.4030071989332726,-2.260963087673844,1.3932751739238156,0.47177676375781186,1649
-0.6297072009982893,1.1422111342444479,-0.14145726630561165,-1.7347844008025481,-1.7323692671855264,1.101508899329006,-1.8166459837278375,1.273485834161882,0.49741202437044857,1650
-0.33026567465876133,1.0728435796093625,-0.42005089571187104,-1.268893048078041,-1.5313964679431389,0.8591666625971516,-1.6615363890665935,1.1249586391412623,0.36893774652717737,1651
-0.5998349010918248,0.572819283651522,0.3660712720788568,-0.4961551027472634,-0.5834964296817938,0.5445727994946673,-0.38410696463647775,0.63691015213598,0.4264734263231522,1652
-1.799204611354192,1.4290759972632288,2.8444837351204573,-1.446397633188052,-1.3470848026285651,1.1059871721381487,-0.4022231422060316,1.7434208202624861,1.4603706435889474,1653
-1.055194874120276,0.7452666259286921,1.4708232982887661,-0.5089575716681819,-0.6850807922826493,0.732321817683852,0.032633752270635294,0.8526474633514357,0.9066134497984002,1654
-1.579057699601007,0.04798252385486996,2.89493705974196,0.4126770225611572,0.6085740191160223,0.30631001576993905,1.9860503935433,0.27875544367563104,0.6460073232128536,1655
-0.50670135589727,-0.6204820817236164,0.43889550238382385,1.284373522347059,1.2606083459367117,-0.24734457548104136,1.520952914144562,-0.687420900802469,-0.15543452627775084,1656
-0.22288430191075617,-0.5170134874219019,-0.1959589272665683,1.0217254473377149,0.870648813602726,-0.23088928675872636,0.9379073026053195,-0.46908553734327585,-0.09057556128450699,1657
0.8692678826422973,-1.4684107483557545,-2.125650362116799,2.619661210019496,2.2456114587750458,-1.0170452512504955,1.4245370183706978,-1.689472890356836,-0.7175068337365167,1658
1.6725632188322483,-1.6575618771096419,-3.6910841952239104,2.862760876276948,2.177830807085338,-1.4749804159843922,0.8072486387831117,-1.921646221147749,-0.9853835977504215,1659
1.1623470151225317,-0.7549556319773155,-2.571102375100064,1.4943224193390785,0.6875533058917991,-0.7505620080526622,-0.3604009257283434,-0.7607489251417567,-0.3043356255175491,1660
0.883466675011811,-0.17464668088891247,-1.8224712643599337,0.7628860906690853,-0.4588345256891944,-0.4978604525588401,-1.203387078107244,-0.21739975905595296,0.12212009954765196,1661
0.5782879184600819,-0.0022415571046450434,-1.2207114069123304,0.5816632575350132,-0.818937259113926,-0.4899108286310239,-1.3641230484321158,-0.029226124341712133,0.14928139840909282,1662
0.2269468838784095,0.15226432953550748,-0.7783237743836022,0.36884907580660004,-0.7199640338872103,-0.2194889139660316,-1.0484646933225685,0.04077291348122131,0.1427713140881224,1663
-0.06572870039305101,0.18747592325366158,-0.43545109187995074,0.36126667981826377,-0.46237416356491634,-0.16966113507783726,-0.6686279434123961,0.008308548955859515,0.05913748378415111,1664
1.578422615405614,-0.10157406556684187,-5.603962525874385,0.6094146930374411,-0.2929946238587011,0.43905563803651865,-2.2183142655200814,-0.2917721622235501,-0.3069284409892343,1665
0.459045421006165,0.8589836318069807,-2.54649250872062,-0.9812937841734601,-0.9055229237382304,0.6613690388610843,-2.2601481214799666,0.6168743512089283,0.04439155850984229,1666
-0.13525557352234868,0.42272305954291756,-0.8645336969469645,-1.5974437799925916,-1.4233777514118457,0.9603753027374733,-1.485718455845242,0.7491875393138852,0.036456628006592204,1667
-0.17204152022942748,1.6552206527651776,-1.3109079665580585,-2.706214512348176,-2.8310452858154083,1.519462309809668,-3.485127494037825,1.951121965116076,0.7293947999054184,1668
-2.652862936754763,0.5030619447757403,6.354057926023338,-0.7244114902164462,-0.18240057159594672,1.259121833496052,2.577395337936976,1.7669029299977435,1.5744863987069375,1669
-2.7163943482407387,0.5645543114349119,5.064549432057726,-0.6441783857190986,0.06645530376853223,0.7238145135929447,2.051913041499075,0.8900137131967127,0.9954528301049789,1670
-2.678427090980823,-0.1921430917874263,4.358993554631408,1.213981555208646,1.6711389816492694,0.19080069349136308,3.0582818180717024,0.03293993611786451,0.354706275493354,1671
0.42164107292308867,-1.8653911068955102,-0.2852015048819148,3.2766454467682964,3.1061959944071074,-1.2754768528812137,2.761193662062275,-2.2050967615774173,-1.1389938220110276,1672
0.5086490776601639,-0.7275777508887589,-1.9563211474627504,1.8036202630456235,1.2784641242388302,-0.3944648423931769,0.718438415554461,-0.8932902590496873,-0.2707094961854436,1673
2.046790106594929,-1.5932079450322782,-4.382251271414489,4.399150324090194,3.2387553606678097,-1.47214761051875,1.4600468963055526,-2.382114732745842,-1.145234091853696,1674
2.541485762570612,-0.37284428375849066,-5.628550190165311,1.3846388012586466,-0.19614765740380913,-0.5963407447857391,-2.3372847708805833,-0.6746341051299828,-0.3433758217625465,1675
2.5718254962061766,0.2958621016683037,-5.277754224400999,0.24080158239717345,-2.1277499862893636,-0.32486488694577037,-4.716497514322772,0.10075554394616126,-0.06944180576607718,1676
1.1078330550554483,0.15224588584662097,-1.8223011386482952,-0.2836046099673118,-2.452857409325856,-0.5842587079399417,-3.265432456170569,0.4308338447368651,0.332013738195827,1677
0.27133196821888805,0.015301005406527467,-0.5729889373845176,-0.009999433105614557,-1.835053399259162,-0.87136670815527,-2.247946136944362,0.08047629586273784,0.011657287390619109,1678
-0.5224174225530988,0.1085272276736476,0.6145901676175233,0.2733219548273704,-0.9331528129242734,-0.7188091980852769,-0.8951532649796206,-0.10016875667509838,-0.14527098004220237,1679
0.1363532677476805,0.3844403836485004,-1.0742545533846408,0.011396072707974535,-0.4109148860620848,0.610124003262308,-0.7473347201428625,0.6834956395676739,1.030851353048455,1680
-0.45745115675893855,-0.08687440637591715,0.10497376398980524,-0.4031772750854433,-0.5193496477558164,0.3056254820860633,-0.19672805962368584,0.28654009483153314,0.32849555769349936,1681
-0.6943782784570321,-0.5120554023300447,0.44992855689703853,-0.4333234517627858,0.05231144332104886,-0.24268282946806863,0.04372535702558822,0.05731454786947556,-0.11430687552802551,1682
-1.0670633407793653,-0.08107173714870791,1.3275122867236826,-1.018967804030614,-0.7961711855023138,0.1311453383114356,-0.2079566137378622,0.7149528606131376,-0.12648432175469834,1683
-0.2356775419100326,-0.10249404625046056,-0.07031876151873467,-0.1406619567049374,0.08603513932234073,-0.26828607810142563,0.16058822944808687,-0.5774848427090293,-0.4452328591931675,1684
-0.6492963537807522,0.04359055604757471,0.3553046313038904,0.10478575914709767,0.18768784528653723,0.06152001733343891,0.21642278530078632,-0.06802683263295928,-0.18723250339603492,1685
0.4985320117816028,0.24314169154535212,-1.1320789240608613,0.6890774690238505,-0.04005893899478692,0.43983326001285133,-0.17337659757466736,0.10694946849481374,0.34809583029814417,1686
0.7075857189733097,0.4420527708523146,-2.307476400355728,1.042575529996324,0.3191459732835835,0.4091694269494241,-0.42682560316610074,-0.039677569647518784,0.5167860713332548,1687
0.34246739815796795,0.38624898969256494,-1.4190442889166877,0.6430554065740234,0.022008150353363006,0.46417156422853745,-0.36681583998270567,0.1763377329372593,0.530049517222185,1688
0.5699568478617111,0.02822857355125025,-1.7902492028361894,0.710541929416251,0.19489049453244137,0.5306977146164333,-0.14835407569126063,0.2997435011468562,0.8485703586636621,1689
-0.5607240171487549,-0.12791295267634875,0.3791790275418388,-0.07247928787389415,8.589574294421238e-4,0.2776618196723036,0.4445374895670571,0.25724002069554175,0.3969695737932489,1690
-2.143576169066766,-0.4291295364786912,2.745784798844215,-1.0023078544811066,0.38218393475771606,-0.026002406661095257,1.589337168431709,0.21939139895631957,-0.16445474397557125,1691
-2.807207486411829,0.018476026253140817,3.596746408172868,-1.0171446238218824,0.4746320261512733,-0.21400754007098707,1.7762460121134427,0.15289327472870815,-0.5333030704686006,1692
-2.0645556734510553,-1.4040132492846615,6.271888953028498,3.6961561017733975,3.7343954118237526,-1.2382362737816128,6.243956773256785,-1.4113467217744173,0.5778013158402867,1693
-1.0309827238400127,-2.273725070711639,2.945187560884955,2.8801060011179693,3.193803359030517,-1.6614910751290906,4.471054385846898,-1.8320630176042494,-0.3046134598446344,1694
-0.3737693657830639,-1.735534839790076,0.36833102125514405,1.4608986391794268,1.705083468336194,-1.342588359807885,1.9985443545406736,-1.4771046645852726,-1.0725744768735077,1695
-0.08229376665592138,-0.6457772395065301,-1.0245615376088764,0.23391818330015268,0.4137065449710088,-0.5173077368555352,0.020959108778519638,-0.5128522277692324,-0.7818397388630411,1696
1.9729746265166683,-0.2230833736948047,-6.053201930257367,-0.0032371889453422322,-0.7224101901813741,-0.6806891372873692,-3.9300157728881144,-0.4956717942632778,-1.5537580502357768,1697
0.583644103611517,1.0002841693512698,-3.3524661993186577,-1.0257572073711911,-1.0833165898083221,0.7807727616140335,-2.4891646216077676,0.7357796917391294,0.052173513610697615,1698
-0.45804617466005837,2.574159002447967,-1.377728604935016,-2.332535342879908,-2.3600286772584465,2.245499499876468,-3.171753305606252,2.3057002239839512,1.4444194927179563,1699
-1.749835456666998,1.0640601284786526,3.102568957030216,-0.8290419590333293,-0.7414502374484567,1.1509891947786166,0.5324088688946487,1.315821435448351,1.2273475968777805,1700
-0.9900129960682094,1.05673819833613,1.1141936406642745,-2.0462343748357927,-1.9319730872811045,1.4397721378272228,-1.3007780487436444,1.8176006247660588,1.4036356385332291,1701
0.8072518999693693,-1.4276774352190853,-0.4647740409813622,3.88515434916516,2.4146210661168994,-1.6669318539303677,2.440500325729207,-1.851917871616305,0.06821723049296373,1702
1.4508491531110141,-1.086739469600994,-4.056001763886492,2.333119803903907,1.172218634293053,-1.3817828923259856,-0.17275205538249222,-1.9250002013212626,-0.6224567498205857,1703
1.974815205620932,-0.7169502812094568,-4.735657115215444,1.8462780228664721,0.6206730360302697,-1.119670138703239,-1.3170604956254937,-1.193437270870776,-0.7308510967593946,1704
3.477178615428495,-0.38203660103922826,-7.310609211495848,2.386847102300352,-0.08866287123423526,-0.6913128629544089,-2.666109522318434,-0.9853448004609927,-0.06416495290218138,1705
0.5923091975942875,0.21437298704992044,-1.9683505699375121,0.13332494297578443,-0.6910671524426529,0.4019837532600834,-1.389647088416645,0.2688310706259467,0.290989512665467,1706
-4.27618860233014,1.9523942303388195,7.150422155871949,-3.430226830525605,-1.5390192817338493,2.0384568284047573,1.060670372127712,2.4983600160966053,1.3430322684817733,1707
-0.6434865119338087,-0.0073618262555361115,0.429878994350898,0.5306171720117131,-0.07354100662463638,-0.5284931592458685,-0.0071147266010576065,-0.2546439249936243,-0.2539392227266668,1708
-2.3055368099387006,0.23453503189947825,2.622431623211311,-0.4270123520966236,0.5733953314927456,-0.26197749714678026,1.4271252757060229,-0.006519032508972214,-0.6466128322006366,1709
-1.1768880812661835,0.2503333220266404,0.9628688313505067,0.03473422687445687,0.2653069451574784,-0.03932549020153494,0.5953640853059199,0.03751466490225037,-0.2307700370958549,1710
-0.6248860184583336,-0.37295382678634903,1.0736657720738934,0.29325387241780865,0.2698908319754094,-0.12501880163103296,0.9014021727663561,-0.09909055560475391,0.164854970468526,1711
-0.36974280660693165,-0.02460766625930903,-0.2348920597683919,0.34136933500940136,0.27308318901863127,-0.1298248228980229,0.1679817386714942,-0.16197076632153434,-0.2064093686863081,1712
-0.7637030312578922,-0.02952896219858138,0.2771385228776672,1.4719677634997848,1.3065957495955487,-0.9803525959963295,1.1329385335812612,-0.9520197531632378,-1.01642927694528,1713
-0.546072975315448,0.2940979278647047,0.11080888181969373,1.1739480615056752,0.6388872058285142,-0.4412147743528924,0.5393273912447433,-0.4233824601088932,-0.42622885998471954,1714
-0.40291178756941637,0.23879767599536056,-0.020853932021239748,0.6266329277327465,0.21588140069121958,-0.055193522536696286,0.2027216672012598,-0.0656826425564618,-0.053375287172796285,1715
-5.419955802188704,1.349702608346073,8.827603683782192,-3.4805580460935523,-0.5974781926041716,1.809362212996631,2.879121633844203,2.0258265022429955,0.49689204651076463,1716
-2.137499757971509,-0.1159658288696336,4.167274456794694,-1.2691692330339743,4.5250669636906103e-4,0.8830532780699836,1.858324866361965,0.8276338388648747,0.8944434129734672,1717
-0.8147055789956551,0.17324866631979047,0.4744945452164327,-0.06086425303288888,0.05036719644972536,0.15582112613879195,0.2673221902430859,0.15198580629574576,0.009943872042925633,1718
0.436267687492046,0.47392414930887306,-2.7459937144706568,0.8413311980130049,0.14812504899433543,-0.1920236496497661,-1.0438237232257246,-0.2584689025321268,-0.5500545970783621,1719
-0.4362426963642271,0.7763331004759787,-0.7501106344453681,0.30258111681317196,-0.05453702655611201,0.17059899854358035,-0.44291945784618214,0.16682552927359515,-0.3172563705089593,1720
2.0581631296513154,-3.636105971732039,-5.055127635773741,4.786646157921422,3.746822568778127,-2.626698462853687,1.966964421434703,-3.3352225633648453,-1.920179231620873,1721
-1.8219633943431812,0.2001724071360648,1.509959742752879,-0.8880335568005862,0.2239312784366502,0.5887208922329383,0.9554095659700436,0.22373650455156802,-0.5700497202866585,1722
-1.3532172712094666,1.8406813358701868,1.5790559599491443,-2.3719445481608665,-1.5443648741752887,1.231039109614895,-1.3970416097622922,1.5078318201735392,0.12726709298285951,1723
-0.122560969660379,1.771607012824276,-0.6362088236821739,-1.1381020135828934,-1.9833852199483955,1.689750715899863,-2.2857273914826224,1.6756626699224846,0.8205753139853693,1724
-0.15892216512627522,1.6427801496435488,-0.9349288160883824,-1.7329803225622733,-1.8177985471116902,1.5616057919662742,-2.034687081593777,1.5899972569167702,1.0303882660279577,1725
-1.2178042933176305,2.0901066541569007,1.5289000181690213,-2.550188305386791,-2.021519567519573,2.132388018360851,-1.3835467383173363,2.354735306300844,1.881469335529538,1726
-0.19304381798249093,2.343818963118415,0.48805942651351747,-1.0031236101070728,-2.1253938713471987,1.3840282231789105,-2.4140763243137235,1.8832211379377535,1.991155800926794,1727
-1.3005520489863713,1.0743284328555558,3.4155934176912375,-2.330305138460174,-2.442497065827206,1.4805881574924689,-1.111429397201529,2.057672318319109,1.2871912783540966,1728
-1.8120630395748452,1.000138904218189,2.981979876849034,-1.3274575896764966,-1.2109408097858732,0.852332792321768,0.07719856612397331,1.3503407985240443,1.0190680497150386,1729
-1.198818947428218,0.036864725714452345,2.4071114291105253,0.7118360324275137,0.22127373432537767,-0.07599558930476866,1.238057727326158,0.1692358391420969,0.5722538562905952,1730
-0.48149469422194757,-0.9620596791046616,2.069689110442858,2.864174143927536,2.0548836593075617,-0.5911937617471886,2.69346991001073,-1.3481998801860733,-0.211008169592213,1731
-0.44151471230622374,-2.194107309962798,0.5939031649245904,3.4791491263986307,3.183856340016867,-1.553454441858214,3.8265312669298743,-2.2672489541536627,-0.9096247007812569,1732
-0.5734746480899544,-1.5866251477492364,0.05178993678503679,1.7396500788001124,2.2224432809278483,-1.0179039979324311,2.153931636476472,-1.5000759452378811,-1.3114775884531646,1733
1.4798034908251947,-1.5869159959010057,-3.534197384815058,2.394163945584475,1.6079448836841894,-1.2807807014489758,0.7730059134367072,-2.03385058039977,-1.3535809829686454,1734
1.1154151734601685,-1.4649823613958721,-3.56499683921089,2.1868595236459014,1.758551212811363,-1.148820104169733,0.5554657918891436,-1.2025913187450648,-0.6230342460639894,1735
1.781481586209503,-0.45747432084938777,-4.112501411746258,1.2533667629310263,0.3927051890328475,-0.3952150928932173,-1.0632907942272756,-0.6786342302612706,-0.20975861542344706,1736
1.042875567784203,0.39689756765919654,-2.4933599107360895,0.061865556087198084,-0.7556037617840744,0.24974981987976844,-1.7823668649774458,0.29833980294213447,0.31337019986708936,1737
0.9874551681232542,0.2768551189665153,-1.981237177453855,-0.4438391254537146,-1.3653405684957405,0.15261358090305457,-2.117277333915372,0.5777047822114602,0.6040030227542011,1738
0.5136601398438047,-0.2791739619921124,-0.9660363443879786,-0.29360042625962807,-0.9756813463897345,-0.2172577071190166,-1.243110289768402,0.3043977645853873,0.4802229045441979,1739
-0.04921007202649289,-0.5101899840389669,0.008263083912630495,-0.09245412967151076,-0.4996151623762129,-0.37304812671909304,-0.42924659641235524,0.08112277921454082,0.2960667599048042,1740
-0.6945190205108479,-0.34556463460785514,0.8693025142636748,-0.30113041980499733,-0.26489903874191256,-0.27090029052976594,0.12672266650995462,0.11273214788067122,0.12722024547638772,1741
-0.9256570041422902,-0.3124044178483693,1.1083134885819896,-0.12356707003036972,0.019309195456252586,-0.2795232977160538,0.47152944286779314,2.1879179188771995e-4,0.010106488133340025,1742
-0.9534325389780434,-0.12458709573047304,0.9605181173018581,0.036290029228613414,0.19467925776309952,-0.1735802371467372,0.575852004816881,-0.03444479821804736,-0.06131860172938547,1743
1.864234718417443,-2.621977369402303,-4.35317284188,3.204664177057958,2.4644247482745256,-1.6792888655234748,1.073505950260146,-2.4823932455858535,-0.7453566936762674,1744
-0.8611836548892764,0.468867447167025,0.6281505276689858,-0.8436250916456534,-0.31383795007717114,0.9191416851240385,-0.04287082315274009,0.7419159615043747,0.4920117521921627,1745
0.4432368061160811,0.33864814443427615,-1.684339689804652,-0.8812939727982468,-0.7687772016178158,0.8100769454281234,-1.1456713055301186,0.5717817230082722,0.2933456984402259,1746
-0.15966243943381456,0.455426020454239,-0.518963873568616,-0.960348420548417,-0.6026471264468634,0.9592218760499206,-1.5176432511724882,1.1261494586505978,0.22260758441452957,1747
0.1576918246907448,0.295064938852909,-0.8990788883433358,-0.5162999117350069,-0.8203364354373677,0.5531418891144624,-1.0495567055672503,0.6163336041452722,0.5246762810055935,1748
0.7882176800824678,0.497551414481237,-2.3884595661892467,-0.6819394943140608,-1.7359562690142216,0.5619526417592534,-2.4479041509669774,0.7650319516724267,0.43380667515042887,1749
0.24692207790765944,0.10143193937624446,-0.8651983426847454,0.050625779279663365,-0.49944673583369237,0.4530049252967016,-0.7324760761602546,0.4358545702879693,0.7515029051216638,1750
-1.762848993234869,-0.03195665077245033,2.89427877230731,-1.1305905844812156,-0.2011491853563409,-0.32797580375816404,0.24471697684653468,0.6803140548053638,-0.568350017117568,1751
-1.6176099073539703,-0.5057977133757559,2.944264699552554,0.8151946281038351,1.091273571064402,-0.6397290489632764,2.089320071340738,-0.5212905547805191,-0.42558433195781803,1752
-1.796816788833318,-0.12001157208873091,2.5515293513924426,0.2072472972971666,0.819631856537627,-0.3200797039656268,1.6555167781004831,-0.2413898199133312,-0.46046744044000604,1753
-1.0378387101112898,-0.8944884024563453,1.7186804105821243,1.6604267580660526,2.00794492342275,-0.4959258941374568,3.1395585958370202,-1.1147178892358476,-0.6838722388797286,1754
-1.6469850533527473,0.22626110038128067,1.5102293981842954,0.4236870802654126,1.1108594265301441,0.024988711851679214,1.8759562997957024,-0.14099691917511326,-0.3235967139081973,1755
-0.5701053432754218,0.15020277014098207,-0.910112259305361,0.3389012019946865,0.7841812292063542,0.17694864388905387,0.7263086154753181,-0.10456989466571306,-0.36296175566964434,1756
1.0872427579361634,0.4044931419940072,-3.0420497017508366,0.7193939641513716,0.2476729838496755,0.7338612184375283,-0.3602638627528205,-0.03845942510159594,0.40752765026322785,1757
1.1307675723995612,0.7888437410758814,-2.7903555494666237,0.30010128190709945,-0.701672328302527,0.9041976900912809,-1.5894709009308365,0.6110668662488039,1.0313326586054947,1758
0.6570617703170897,0.7407183924007389,-1.3733567640516782,-0.4986635177044993,-1.2632633259231738,1.0098312513454721,-1.5909796746740996,1.0643160061731056,1.3467690602637545,1759
-0.12260943871947641,0.4526005714891606,0.24666455800326298,-1.3430241228567286,-1.6910512572612377,1.1756092982597006,-1.1687107255074696,1.2933058798735593,1.4153021980706268,1760
-0.6608375987128592,0.1742308936768596,1.0609119804113938,-1.283421037338842,-1.2524945184471592,0.5994432671549753,-0.6769673901470954,1.0199610984789114,0.949678383667855,1761
-0.7924948583186711,-0.400879005678066,1.1309439598282363,-0.773001391653109,-0.45295452484176135,-0.04950838582266764,0.06759263160066778,0.3593589506489159,0.40325531902300976,1762
-1.0933440842136466,-0.6437610841731574,1.3532397732449237,-0.4774362441841436,0.05442314194190527,-0.24924454436167062,0.6913241530126787,0.0388296772879034,0.03970727958201432,1763
-1.2991031884459612,-0.5125723902542283,1.4807265564570475,-0.17790557776732122,0.4534164462483144,-0.3341976490316801,1.0704695298782152,-0.13481876930195086,-0.18214506522903998,1764
0.2520862254088409,-0.5605573378017755,-0.6135908659538079,2.255397688895126,1.161260088071626,-0.5350061248790572,1.1129178992296243,-0.2656345025269427,0.7177644901696945,1765
-1.697871245673896,1.4147706651829846,2.5112857210674413,-1.1091496195796984,-1.3851053919406722,1.279242642553897,-0.33970916810640467,1.5594764372251944,1.4153812957063967,1766
-0.41961114142493156,0.3273581583832726,0.08487250301045804,-0.2889276567613277,-0.7698573669368999,0.5903564661517938,-0.49417009903605985,0.6749070718326674,0.7814400660651251,1767
0.1324172235638422,0.015245664685263697,-1.078281815879187,0.3125265909149523,-0.49046097233768027,0.11561055017335331,-0.9135525227060473,0.12371122133556156,0.3726938878448775,1768
-0.31129652838698185,-1.0932609478942714,-0.2706509197892269,0.3010574660244876,0.5133124635493828,-0.4662490336504597,0.5814661388676687,-0.5081894175405037,-0.5219732767609745,1769
-0.9050631178128066,-0.6968226677238609,0.8512102766947724,0.25545414237256164,0.5322046273803572,-0.46741305679171546,1.0847528779037,-0.40004832890760444,-0.4338204490593696,1770
-0.018243488680289986,-1.8833577138351483,-1.1186178221228278,1.2806910492075787,2.108461147234452,-1.2263835276403467,1.4521407514426399,-1.631447903092188,-1.1654999849494425,1771
1.0072787033314607,-1.2521418093999586,-2.940244711021862,2.1938246175995375,2.046989831469653,-0.6915697111821848,1.0983778316535688,-1.4368227255724362,-0.6592057368244778,1772
0.266566574916853,-0.46076682171707833,-2.283208444688026,1.2129074094626446,1.6719423489770289,-0.7053686825991333,0.634066063479556,-1.2439813379380202,-1.0421270587787332,1773
1.3090491711924293,-0.06945123862517151,-2.876265796986105,1.2922579333722606,0.6283355654631776,0.026165038956449064,-0.30264221588067836,-0.5738388648322708,-0.18314489728436828,1774
1.036819601169392,0.7365218666732974,-2.681182723745852,0.860260362639131,-0.1828373958009614,0.529057387220613,-1.1476354362062446,0.24960182958249275,0.6607380087419233,1775
1.5122829361537395,1.1725512754708778,-3.530721158877904,-0.04915264996974939,-1.2472294560415456,1.2365414482528356,-2.4344529885600026,0.8840116838004346,1.1539808731991006,1776
0.5606912414354083,1.7396272319712003,-1.0666206895637529,-0.7838118341070742,-2.3010034742252166,1.2027780777265868,-2.7336219642505117,1.5270203789329246,1.6922820145258661,1777
1.1545834258223515,0.9709058394768829,-1.3646656434365487,-0.1429679771323612,-2.2737049801476057,1.2126682776536148,-2.4723179903365065,1.3267637468242008,1.8631337408215711,1778
0.31772509104459684,0.6762887576525386,0.1956581278738082,-0.6255162911881966,-2.0948734542199725,1.1780384088989053,-1.6827983091971441,1.2697963209246654,1.6721920903244722,1779
-0.919101440372663,0.6418874434162918,2.58374593983839,-1.1341814706728333,-2.0161852540833247,0.8939128713211223,-0.6454548044401188,1.3718350261148933,1.3941886739852167,1780
-1.5266536397418191,0.38026702247821204,3.3712998867948323,-0.8856393265666916,-1.2899768293283835,0.3143330301056789,0.06468345276321513,0.7913042439409773,0.7788699139735799,1781
-2.518647969852839,0.7718335195810322,5.066482275698878,0.0018330508075326162,-0.10146868589265239,0.11937666755902798,1.8309268027998173,0.7033998616758089,0.5605626894362167,1782
-3.00982656895276,1.6591347168879793,5.588078676964592,-1.2306359253247967,-1.262114630794659,0.7998132840766213,0.7365846425243603,1.412563857528748,0.8360606880442651,1783
-1.4739032039111901,0.40146907486999545,2.486053616358031,-0.05416426161442335,-0.15422136377162887,0.12684620400428626,0.7714394978274061,0.3724152432200358,0.1462038129916987,1784
-1.6821786136887829,-0.6879860026755913,2.4594868578731126,0.2864862990232298,1.1001464721480676,-0.8494672989070098,1.9544585358209217,-0.7096161128425839,-1.0228963454480708,1785
-0.5164799215473328,-1.2018279083801457,0.0029315120739794014,1.2578828176072903,1.8314134218872475,-1.167356159412175,1.7452171328116364,-1.3975963175749828,-1.2445751448817206,1786
0.7509556062193276,-1.107641751631183,-2.6391478005170916,1.3968850094827998,1.5047359448348636,-0.6548375824494923,0.6348967383336924,-1.1525833428307948,-0.9006174469263093,1787
0.9294147465706468,-0.12733735764944354,-3.610128774820846,0.49456259721025225,0.69411521320952,0.1426831534853622,-0.7690068028990544,-0.299310209978102,-0.341680797381974,1788
0.9956264138516444,0.6989037283518686,-3.4363142033216603,-0.47794755366749886,-1.0429785683655393,1.2165290041131758,-2.1064340422888606,0.7120231816109017,0.7831246646081134,1789
0.6352720375884962,0.562933398696296,-2.0882635472781668,-0.40621820566911643,-0.965718515218558,0.910386072101018,-1.4919680451381017,0.6303635253075359,0.9424283797803935,1790
0.25080985443803977,0.6991082780067839,-1.3886834957900152,-1.1412320944013261,-1.516290950495037,1.3286080958658837,-1.7018824265689627,1.2689350948405418,1.2164870055634323,1791
0.25069083701312406,0.5690025040623028,-0.7454605484083129,-1.0783596766076982,-1.719763723520675,1.386013249357523,-1.600475629281585,1.4152373317907714,1.5634476743996273,1792
0.3570628639444535,0.768334543983816,-1.3734739790046864,-1.9692669530007212,-2.0351530586265634,1.2542495226113533,-2.4039212005912742,1.5247252714806983,0.9910588687245953,1793
-0.13641199518793687,0.15820852400582125,-0.20673228983657901,-0.7772996463232626,-1.0620708552923592,0.6501330766479411,-0.8996931286502251,0.7234630234516808,0.7770639709981172,1794
-0.5987192735533935,-1.2278451016008376,1.677669656781061,0.941590738208216,1.3172067826491707,-0.6449234903423955,2.148680049668255,-0.6239243329987283,0.014949667904250797,1795
-1.2157443708614042,-0.21884112404516404,1.9860508590540091,-0.10947363497813745,0.5939119666712971,0.052907728161069645,1.4930230607889714,0.08472721576516744,0.15728954497399666,1796
-0.09912477881106799,-0.7352175920857684,-0.5395336703811825,0.6967008260264004,1.05383830933804,-0.560604983900013,0.7911114665492733,-0.596529592469109,-0.5256872191094825,1797
0.5294906438131874,-0.3609254913607182,-2.0544817973843936,1.1557743932088496,0.9699880445296536,-0.49980762289351416,0.1033308311502732,-0.699937890640402,-0.4248000465505539,1798
1.0990941449160354,0.08509489199160107,-3.2938326716754744,1.033735873443208,0.3163972967462601,-0.09705670926809425,-0.8973318481194588,-0.3127202080854719,-0.04111383329706687,1799
0.8206004638514016,0.7969460597728205,-2.900972500348608,0.04313497611164802,-0.7112124977872623,0.5344955542189654,-1.9807444340713747,0.4768597414800357,0.5305996015274574,1800
1.2301385376524006,0.6566381555474183,-3.1519681248317797,0.08490033422934015,-1.2346128445182458,0.7571780602105229,-2.275811556156856,0.63940930817363,0.9734239530590126,1801
1.6284906696503014,0.44696590551835597,-3.1754232110197687,0.29128583075193626,-1.6186990803003467,1.0229742748694037,-2.3860477622957377,0.7915631401524476,1.5089262870673343,1802
1.7273415818280513,0.001277990639898006,-2.724907179100643,0.26531460800590956,-1.6818600413418736,0.8433159264058598,-2.283985752119204,0.7466705174141773,1.7546130568745608,1803
-0.6262543132532007,-1.0671892658787878,1.2301726821014336,2.356010954802173,2.2959338525190627,-1.3414249505015132,2.8553642027428863,-1.2903231475888104,-0.31311612402666794,1804
-0.38313048923216325,0.35050053754834426,-0.16040322220531367,0.7956519999738808,0.4995305704972949,0.08750428483929253,0.5619345393306121,0.0446824164044285,0.3950996930884183,1805
0.9866947763402015,0.24387994248401187,-3.065662570424788,1.105348243211969,0.10364980839185813,0.04695151241048416,-1.0224818531498676,-0.13215205218094234,0.32712161128282635,1806
1.163602667473689,0.12272360563315222,-2.9460863992402486,0.44589957324597346,-0.366085021990089,0.4592426658852864,-1.28038312815299,0.16993462847098292,0.5794516497978216,1807
1.9477865293880468,0.005344145697747975,-3.991876232451144,0.28463408513149474,-1.4649411428007488,0.8245145522966546,-2.597358084016332,0.520277414113057,1.2065517818865956,1808
-1.3291030807371802,-0.27943008151619125,1.2890036929524977,-0.01735571284907307,0.6444433875462389,-0.21079531293269102,1.1630819341270504,-0.1509087425530105,-0.2823980137914272,1809
-1.6212268653406263,-0.05100944018473541,2.884429811796154,-0.08603026300151176,-0.1344213040297318,-0.38893452074483953,0.8984219407624815,0.011426950352687027,-0.04326408814665273,1810
-1.5797370573927234,-0.05205846166016167,2.124989845159675,0.27231224059157266,0.5598732707171693,-0.5236123794473169,1.2316616669878833,-0.27211101282437694,-0.43551088053196874,1811
-1.79115475598529,0.04443952473087787,2.117504490298144,0.5367215988541361,1.0309667379007506,-0.612529993672252,1.6376988647559425,-0.46750229497176216,-0.7671914668040382,1812
-1.051808620000096,0.08756650284858727,0.9035475588182877,-0.25388896202623884,-0.012299650092947144,0.1339173022554874,0.3468510343471216,0.21162341634747375,0.05585066513344784,1813
-1.932069761378354,0.11021888097303607,2.4459134802644384,-0.11479931679844649,0.8047270371666795,-0.06073577392949929,1.6862198939384854,-0.057768900249703145,-0.39664084188043475,1814
-2.1872879407175496,0.26718816774649357,2.4479715459396747,0.16888310472258133,1.32903000705136,-0.17065872117288758,2.122483793904695,-0.239325526368062,-0.6950476638625919,1815
-1.9830759027532023,0.16238138704431407,1.5089271462890876,0.8567574487126653,2.1901277862050126,-0.33736298221180344,2.5913465274306295,-0.6109500761141201,-1.1270474678631164,1816
0.8702062049453749,-0.3952220990291874,-1.1768614902958605,0.3515607069270471,-0.989897377427688,0.38392687639603573,-1.0458315330757049,0.40896059951382596,1.2854254166597636,1817
-0.6105121887295658,-0.314957291943809,1.1631103110644456,0.03233666553587298,-0.31105919892694717,0.3103620051869997,0.43141271717293883,0.28370402574733766,0.7278689045779189,1818
-1.7540396370763986,-0.06371455287288198,2.640184276001994,-0.12129439428679618,0.4633943517711844,0.0941611665361645,1.4958338499404864,0.06706285090082445,-0.04514273525916055,1819
-2.4327282203449214,0.20805454061917886,3.2162278135654185,0.3982743371536861,1.354137202318107,-0.33973010267361914,2.39032400186994,-0.37046456493189633,-0.8112466592333187,1820
-2.032920375567154,0.5720634327668105,2.000883012985064,1.3320134507901624,1.7924064980176828,-0.5988367331402523,2.219725136043336,-0.7104209825951365,-1.2578719007372818,1821
-1.244738275686013,0.8514989538477744,0.34492554054686964,1.8053622374411449,1.6438067225418358,-0.5296324805188042,1.4304825922651443,-0.7077133603408725,-1.3084555187321902,1822
1.382983882487344,-0.17448747036064535,-2.5225393741829074,0.1371446608018806,-1.440111148193913,0.7008066846628146,-2.017880951307317,0.4433795264030614,1.2151520477666211,1823
0.36811094879824247,-0.12868102392383726,-0.35729370600592575,0.04134447286903184,-0.9850916412112171,0.45016928559280994,-0.7065424306907199,0.36004207299263163,0.800999501819917,1824
-1.7815027175467295,0.036908342142135286,3.0954061705549845,-0.7739788011771371,-0.5549048800802983,0.2085318740628105,0.7222646321094036,0.45944185308673324,0.1945312794912089,1825
-2.9915406615288047,0.1490452015023394,4.719240435271831,-0.9432566676324723,0.3843931548353704,-0.07552976435741551,2.19171486570683,0.22827819744411856,-0.5358407523225959,1826
-3.7239026117857104,0.5004381156380675,5.166790751030996,-0.9200664134928871,1.1725402499646833,-0.2020829202189889,2.8824438973657323,0.05936901064438407,-1.2599183457522976,1827
-4.118528641847987,0.9396502148315542,5.1203229336625276,-0.8977860279764086,1.6443888689803645,-0.18870613339324818,3.1714823025426013,0.0368116813087506,-1.7532894308195768,1828
-3.461344897832163,1.2885648180464404,3.595008918514835,-0.2062895869297514,1.830224932287959,-0.1872082391748438,2.7136391908363637,-0.06549513004215526,-1.935675479057495,1829
-1.290012869552496,1.0874293486540063,0.2377669820316933,0.5959635307042462,0.9481005486762648,0.040381961424393424,0.7814899316328129,-0.03014195275660568,-1.146865891960006,1830
-0.18292088569066572,-0.11558827033306292,-0.5839756372921698,0.7637577998238241,0.1579228766658857,-0.057716155725451725,0.3292841453195599,-0.027968052517930622,0.5338036382082576,1831
-0.26340928541153863,-0.049591956041227125,-0.23627553439698357,0.22292475817099192,0.04867875112824642,0.07219211092746143,0.10539299549053274,0.0897014750753889,0.1502030720316691,1832
-0.23077155665960125,-0.188514339344323,-0.6200416781376944,0.6630899586415762,0.17577421832155915,-0.09302648273374307,0.32969345354628554,-0.007861430024912557,0.4703980005057584,1833
-0.31273696837626197,-0.0785054893741931,-0.10381181608542332,-0.15287399740866392,-0.05730458576745543,0.1776827984835532,-0.01932975696708605,0.19006446317541953,-0.04477282021400586,1834
-0.25521447410150344,-0.20777587281856982,-0.42120001996082634,0.224675902614672,0.06777890965032965,-0.01566678261759229,0.19557622024439625,0.10743890585422189,0.16979276401970766,1835
-0.3161580146668396,-0.05341499673948145,-0.08725716188039873,-0.23625854228057305,-0.11599148635914541,0.25166449196904916,-0.06801309757581246,0.2615385084304082,-0.039843836435199134,1836
-0.3092451756662673,-0.09291940968571467,-0.20610755772226907,-0.013788028967487495,-0.013345447812875704,0.11501846995844858,0.043806915943995745,0.1531841206333523,0.049338862788611944,1837
-0.2810097068041589,0.10806075345600015,0.029411370338878636,-0.274021273262633,-0.1742480435989392,0.35493160216471237,-0.1261906942061351,0.30235228145798376,0.0363486333642599,1838
-0.3090726827752708,0.07565445618156828,0.0013368025011237755,-0.21246512575489188,-0.13305776708660158,0.3059023293699061,-0.10003984644299718,0.262770752034434,0.03171494134835132,1839
-0.26104367182453864,0.4837658091786859,0.3727640672571321,-0.29067810803597033,-0.353462524390495,0.5763025018828711,-0.23121247829607464,0.4817201478580104,0.30711511097289673,1840
-0.4180174471264286,-1.46553552227792,-0.24518935450905838,1.307358936814029,-0.09556204137092665,0.48855106492309974,0.529004068493152,-0.5762336292090836,-0.06723279780049138,1841
-0.28454717946941194,-0.9486479534542982,-0.4571959770267129,1.2708712033207694,0.003566621955842909,0.3623237746628437,0.5155659055061207,-0.4031565411225653,0.24630620168673253,1842
-0.19744933005244897,-0.6246654461627231,-0.5913937789548328,1.2142376749310715,0.06975467049378195,0.2759133913635859,0.4987035529371148,-0.28153639864734187,0.4376860500350154,1843
-0.12330042634310402,-0.4896918781767844,-0.8004528986224551,1.3449834041918032,0.13957459537182887,0.1915966298518564,0.5688267309010848,-0.2398038454075243,0.6566621790720809,1844
-0.10370308135255041,-0.3876828691264834,-0.8434686828089166,1.2897805519112098,0.1584546043192878,0.1364406656140534,0.5656923057025259,-0.18760846914053717,0.7133600579698647,1845
-0.11573491383312101,-0.27716513771863444,-0.8203999868601071,1.1275958274898492,0.1629200448638553,0.06920510845391045,0.5116500852983757,-0.10882199690203465,0.7046925389667121,1846
-0.13667383864088545,-0.19389676780787898,-0.7331974505779152,0.9348168017080186,0.1476447774923421,0.0584968706904574,0.43331965642782877,-0.04877939322654745,0.6392081625119712,1847
-0.18091396689584224,-0.1258631158389778,-0.5929682578017252,0.6802660483212144,0.11711029198131773,0.04787139914786486,0.3328392082102539,0.026943415128334345,0.51000143732057035,1848
-0.22916989879001592,-0.058298724451479406,-0.4232057181040361,0.4503651732461663,0.07755179125847855,0.07516134202958644,0.21914744793414312,0.0677322688768587,0.3703653697344065,1849
-2.343848641074782,-8.829123565427563,-1.5293396117411848,0.051281230027507646,-3.4812539895733914,1.1026591758040374,2.448935654400958,-2.4688687062867434,-1.398544407667009,1850
-2.102845555485469,-8.64392806590551,-1.502600302941082,-0.010684218509388268,-3.3296616676146025,1.097707346475743,2.419593823165918,-2.3930895832093695,-1.253842615224576,1851
-1.6107818105353695,-8.252750392754049,-1.4475780421480882,-0.12177739478513125,-3.030050414892383,1.0898704960494783,2.372400508206499,-2.241789478680309,-0.9679913515239842,1852
-0.8740511806723167,-7.595988204131634,-1.3800485391347912,-0.2765108392774779,-2.5958914818088634,1.073915334551551,2.3273427472257966,-2.0188084250497758,-0.5395592236723514,1853
0.049193667620791304,-5.711943824596756,-1.1749068546110586,-0.38778206819947764,-1.775504578781952,0.9258038548015335,2.019454143619134,-1.487343741679453,0.04575685867135942,1854
0.9095893706668806,-3.8840800211948348,-1.061428074794451,-0.5076531607615071,-1.0685211338726521,0.7723124720552655,1.8468953697683517,-1.0166075430237629,0.5796774685114875,1855
1.912473624239289,-2.2633531021616835,-1.1684615813261836,-0.7646180218317091,-0.5366466910188971,0.6455398580072188,2.0109790036750894,-0.6712094524509437,1.1489783056397869,1856
2.0882114286757565,1.6061145601069693,-1.208616370295129,-0.8373496901254782,0.30053742187872823,0.03013862560394679,1.6626692084960688,0.2482452497975014,1.3812069219779357,1857
2.4670990074360692,3.5517808239068884,-1.6907711949073327,-1.2336480489819794,0.5715447021618669,-0.3676550214737164,2.0866620122722437,0.6907383382853487,1.639486301761302,1858
2.09059513618684,4.695411844125639,-1.9486357614044254,-1.3827749063332786,0.6631874757750503,-0.7228663588538706,2.1487024790184894,1.0515709486483238,1.5364300410222178,1859
1.7988777783151535,6.044819211984839,-2.4161266876495318,-1.7163106159590003,0.7911297622994573,-1.1702084509811626,2.452854792474761,1.5138756308195933,1.5598691661255664,1860
-1.3050808410637615,-0.6980403973127302,1.294417630047081,0.1948152361348717,2.878844541245369,-0.5022964357334923,-2.6903867061261635,2.8446061598963754,-1.2544318264004104,1861
-1.2300553671454948,-0.12128325933657245,1.0367678474462103,0.036084241893958965,2.644069395872195,-0.5763521712916464,-2.3247718140905476,2.5194797552471293,-1.0411843397015645,1862
-1.4799732908482426,0.6924526648436632,0.7064404935986967,-0.1285171626607304,1.9559680388391127,-0.8336414428536018,-2.059011588867964,2.2520641470710383,-0.8824366849167641,1863
-1.7266845610607766,0.9997695028788189,0.44921776927108165,-0.28698568708097744,1.1439162592750145,-1.0070810515056756,-1.4612752666420128,1.7953352288886166,-0.5849326968809083,1864
-2.159056131395665,1.76541194853295,-0.3197187299713341,-0.829242663950126,0.016553104559855432,-1.5393611316913898,-0.49945305538626833,1.373172900773581,-0.10100190827900038,1865
-2.9180086303961064,2.678631050588707,-0.5896456598784289,-1.1909546683597199,-1.3791758361046775,-1.9589922108697788,0.04498534169081964,0.8919734800139792,0.19928159130577436,1866
-1.5861135545214828,0.8627268117425024,-0.4308573810803503,-0.1532496035746068,-1.278818074270889,-0.6004205137781817,0.3981663670240287,0.175651706347332,0.3854385382713578,1867
-1.981342283023904,1.911998248549543,-0.6184196544510758,-0.004292856717056826,-2.4453403933277995,-0.16589528440592505,0.8434493536755655,-1.1791137068957194,0.6486289964714321,1868
-0.40600771379206013,1.1540961889638977,-0.05882801349860825,1.51994517420222,-2.1563918746441395,1.4929178481743046,0.808277690259,-2.5436158508161344,0.6768971277779519,1869
0.8422676449462038,-1.025599985084076,0.6176999385155613,3.134732960085405,-1.4359559416327845,3.16349914654594,0.22833873330518403,-2.954216264240795,0.47535504664993594,1870
2.304188827517416,-4.6596200544687,1.8911362279494872,4.661784451669076,-0.06769484198711366,4.777772427977488,-1.518699349216846,-2.822443426450697,-0.11155779565997968,1871
-3.8527216654080014,-5.141749041860314,1.9629835907050979,-2.5033720687990297,0.9275786398412766,-0.6477668720673938,-3.182344343599944,-3.1828606384096325,1.206946654794275,1872
-3.412179724177695,-2.660565274846085,1.2284753037693499,-2.4507886887480272,0.6158702434683326,-0.5479062943816145,-2.279829498707797,-2.5670928724183937,0.9030841590536107,1873
-2.895553503488243,0.9691936348938092,0.45664786513325467,-1.5798605987089664,0.15615968080661263,-0.6109835845764603,-2.2231745183862226,-1.3243693147540399,-0.05696745142053687,1874
-1.778649793607734,2.473846362353382,-0.094443353709433,0.178441632954467,0.26689167670503,-0.2100554286508256,-1.4954997962994083,0.46513289340295966,-0.6787571416432807,1875
0.3777416210124895,1.5474775236498786,0.03523395211114706,2.302514436178753,0.4680863573363034,0.9586770934309685,-0.4968688184574655,1.880461573815378,-0.7327117569222387,1876
2.663356742877121,0.19919045079644795,0.19829286783736064,2.9917855841507954,0.1694248363516172,1.5178296220233656,1.2860891611144467,0.9293336386684123,0.32015398848781784,1877
1.7537276423132575,0.0992535630690129,-0.04061305434205892,1.7797752448432804,0.24694942812745072,1.2558089465623672,1.0912488586720275,-0.06494822334935887,0.27293395225607286,1878
0.997418621249063,-0.3554846779195546,0.21303557168882797,0.7626794176670145,-0.43059512023867336,-0.12628364120568533,-0.4779608194046993,0.018279747034386007,0.4468917773816044,1879
-3.7676381306371987,-9.622636666673415,1.0736632495225387,-0.32575174200945556,-0.3959813534058202,0.9393466103144614,-1.5125234148452558,1.6406285242038863,0.08443454529179835,1880
-4.252068422115418,-10.166783693070986,1.0212635700182289,-0.4762890704107558,-0.4303223876724522,0.958335934620846,-1.480722219467993,1.861035511462044,0.11107754392485103,1881
-4.242955450954413,-9.062472228709423,0.914135909717594,-0.6911145720472005,-0.4172375796905935,0.7706038345244137,-1.3423003043864552,1.704709113213356,0.08355726701921083,1882
-3.174943618593469,-6.319009067762713,0.10693380460515647,-1.0614075959699236,-0.7917047559376532,0.20240546691546057,-0.20803698034924462,1.2008103046789163,0.6827795587100516,1883
-2.0602375653540905,-3.977513168363564,-0.6757140820506002,-1.014187655038928,-1.1249790221353657,0.026114164861976163,0.8875136323809362,0.7462735160921513,0.9585083772167403,1884
-1.1176333511616598,-0.6246342272886173,-1.9791786223968848,-2.1344259919409,-1.5950647418486859,-0.8371232357607309,2.6138276336256565,0.6929523302233013,1.5848604089671825,1885
-0.478055086103169,0.5483031550064513,-1.1504340525006609,-1.357475289985751,-0.49653485209372455,-0.9412580145744928,1.2970358454647604,0.9260460233115873,0.9272409883040966,1886
2.9204737222016264,6.262163602268192,-2.956344237147483,-0.54820845822770925,-0.4547272671420652,-0.38737013804962694,4.049736147002757,-0.18107125382523379,0.8025720433513885,1887
4.754680971960564,8.312432334348365,-2.7020039931308877,0.13959194151230891,0.7441800140799252,-0.17935700243920902,3.580473978948482,-0.7700774952018078,0.28222370448422474,1888
8.080237589177404,11.305635594431525,-3.09915510290534,2.103981097218307,1.440195523242444,0.4300821183651188,4.273825119122439,-1.1821843887945254,-0.15282024246180553,1889
9.427655950920116,10.117677920421041,-1.754653875112036,4.317532475236865,2.7451134081064876,0.8967208921438996,2.524181217356191,-0.6156907561483291,-0.906797958698722,1890
-1.6913074312759866,-5.4400438497510395,-0.22741260677472291,0.07620298475207825,-2.193065806387393,1.1963112696023641,0.880320527585565,-0.7383388581168072,1.0060874691909625,1891
-1.698680052708573,-5.874602408526893,-0.30296371683002504,0.007755901918988724,-2.3244446587596683,1.2754946446249371,0.9490428537612116,-0.7850447484084734,1.0931457356794312,1892
-1.8705904729011342,-5.821678845106465,0.008216754384420374,0.3073587911184663,-2.1589424241538127,1.3877139747120537,0.5413929254524885,-0.8205758306024797,1.1314127899373851,1893
-0.7253888151922994,-4.3294361848468235,-0.33170641820217833,-0.05442867027573758,-1.3651356182262924,1.1079467051972207,0.9289772930412027,-0.5852454917607331,1.1414333981763713,1894
-0.29943352731439443,-3.5476343981362133,-0.3494357444708893,0.02285348000209606,-0.8593254779793005,1.1113720812520562,0.8340538792250235,-0.4809249401452039,1.0621856986865714,1895
1.2408536245544448,-2.099123964125683,-0.8178417685504555,-0.44872000647526794,0.12408656830401739,0.9144737986413641,1.3996496876054552,-0.02179611745567593,1.0799213040646791,1896
0.8266988622122261,0.2941425789818518,-0.37181846713029,0.09028859356229647,0.6106701087241375,0.3319637664928103,0.4158518081191808,0.23764732778257566,0.385480305924719,1897
2.487828259762127,2.563490483043088,-1.1111327297873659,-0.2933880161828655,1.6268584552905212,-0.17890060144809822,1.0764161158390715,0.8608869475946034,0.227959045696013,1898
3.3216291814720207,4.858289363011199,-1.7974921236285084,-0.7709585436299239,2.0411149454928523,-1.048425981049243,1.8489615625511204,1.35353117260617,7.12906791836633e-4,1899
3.7199786314828494,7.3508692146592365,-2.252362992655907,-0.95351684384054,2.191321296248037,-2.0677067853367164,2.218762093828467,1.7818097468404877,-0.19200107940914996,1900
2.9774923748498336,9.813796000931232,-2.322845779491068,-0.9105472123071429,1.771527598167474,-3.1272733653467366,2.009669785985284,1.9705644374920839,-0.32097978960455736,1901
-0.08845183605825747,1.787249213919981,1.3253252762627867,1.0615713184863247,-0.037812233691807605,0.8120807388817485,0.11783954688327967,0.4394848975195549,1.1764214957815877,1902
0.06908927263024806,-1.4310116781111544,-1.8054871540426907,0.8089174915996542,0.47646475599230603,-0.867635729819682,0.22374688124974482,-0.4187197361168035,-0.4270575433329923,1903
-0.7462322085749737,-1.0240756798129647,-1.0820153505080639,-1.284194014427259,-0.06132647912761154,0.08210501299416212,-0.08507472585062212,0.10384665915599725,-0.3578414811986355,1904
-0.5570758121007681,1.2496987555498615,0.9032918531537933,0.022269695060644024,-0.34772454823212623,0.6533564387182967,-0.13808212819076315,0.7335694362072032,0.7248522689534959,1905
-0.03401267851004669,1.1782224301169053,1.1254242145720912,1.4221331223942129,-0.05035650636356417,0.9094753206595827,-0.15703474606075768,-0.0071742787969690525,0.8921469464068643,1906
1.5417076219181485,-0.8375122121375156,-2.3012204271197296,3.2341785126977523,0.43532071672386563,-1.02424903416321,-0.1437020047290764,-0.9546368965658675,-0.17459371357800918,1907
-0.6823849727470374,1.1301969773981566,0.7659879365434668,-1.2596517475942306,-0.48598159543842556,1.3224256657224407,-0.14004068015810023,0.6961719259039565,0.34834425947844055,1908
-0.8133872033745764,2.1972938208717956,1.7576081603099523,-0.2670240694726041,-0.5900031894772102,1.3221483437332882,-0.08153231650087152,1.229472702509026,1.5298145464295325,1909
-2.4725964842177475,3.4147278469935483,4.24647876793347,-3.906561136947212,-1.7805475271572009,2.821056079230494,-0.7205148889990143,2.9148331233101734,1.8450611240333212,1910
-0.8281142456725672,1.6805223005302843,1.8898093344898532,-0.17521732501547368,-0.6676674248726673,0.9667408163881127,-0.06685439037350288,1.174308789747125,1.2284723499806192,1911
0.12274639737569101,-0.9136177266574789,-0.8607339192181167,1.3461557305240321,0.6591919998698902,-0.8646973146881,0.6468687551038884,-0.5119441164387012,-0.18134752025037854,1912
0.9772753335195032,-1.816606720680609,-2.151016653844949,3.42609235839198,1.5105814972652316,-1.4616330037316405,1.0728711205193746,-1.7298009175377118,-0.4863756329060917,1913
2.1619809144580984,-2.2797442271345,-4.397428991850367,4.309477196122349,1.4230573984618484,-1.9802317099820934,0.07976407673195665,-2.3886673592702428,-0.9016732206144916,1914
1.0789534641004417,-1.0848337563486,-3.0046040329378916,1.4669404472097511,0.16789896766727525,-0.78411850654014,-0.766381144932097,-0.9350084232566359,-0.46376630941642993,1915
0.5639758817971644,-0.4602013271986756,-2.092249901159638,0.4161204819319259,-0.4136312353176211,-0.28090894562538604,-1.024702924877573,-0.2753442639946845,-0.23196076041490174,1916
-0.039914089614957356,-0.05863809228973482,-0.7648441766259885,0.06143917258419321,-0.31736099936288836,0.04530083604807168,-0.49146981325371264,0.08823838534413456,0.0671524137590946,1917
-0.7278694824995032,-0.33785398251994725,-0.572783347145428,-1.2815551124739002,-0.4977175439615495,0.2915164303377544,-0.3768021642644501,0.4891126681045432,-0.09208778470018779,1918
-0.17484420240125814,-0.6973245374619675,-0.48872970001687077,0.8296178657046592,0.7168914185719217,-0.31861495406870793,0.40220185895094474,-0.3758205974254466,0.07474254322990427,1919
0.3072684484336354,-1.5521039419673774,-1.464787614592737,1.5168617179046806,0.915366874756117,-0.7570525316084171,0.904378590664486,-0.6904642961666145,-0.5419919485933181,1920
0.6195766959040183,-0.6875040467709229,-1.891000746415363,1.6224440935983917,0.33565156010051456,-0.828855219575412,-0.19695918714319374,-0.7340388824625541,-0.14071901193427536,1921
-0.3750817928154405,-3.1054619351960415,-2.730129353203205,-1.5132483885929242,0.7495479916464222,-0.7520570909844555,-0.34741367854960414,-0.11122286178742616,-2.0780098047007725,1922
-0.012768787640543301,-1.2053067005246836,-1.018958442019037,-0.40913690306051753,-0.3856132633417506,-0.4931269775896726,-0.275313311141924,-0.4796206973860446,-0.7330138344748803,1923
-1.499011736419068,1.3945135662963,1.8697029525950102,-2.453438975875087,-0.941218721662164,1.5493751153558168,-0.19601595343316422,1.4039307071740148,0.5939489782301647,1924
-2.4800605243067473,1.0351319487071755,1.713304366525656,-5.489084951316345,-1.8384797730336,2.10318686652506,-0.8942543020262919,2.367460247020395,0.23800720443898676,1925
-1.7935142262048378,1.037815200326653,2.423842561496402,-1.3177496438729217,0.2182956579514343,1.52028027519951,1.0329174024424006,1.166210076854024,1.0834384320959922,1926
-0.6017411190045815,-0.8238715021542075,0.38024178403426045,0.6279823040054184,0.851752242393067,-0.10933106683854117,1.2142275418121646,-0.35633606679894353,-0.051040050127721615,1927
3.082843634313992,-1.9904944590490596,-3.5517666850231673,7.272570116251007,2.261070584123459,-2.084070966983534,1.1188189495668053,-2.999145636164208,-0.376547921660305,1928
3.195759500953229,-1.7439854967501973,-4.456117313241636,6.558781629925585,1.8216085602787178,-2.395799336797304,0.3212596176090048,-2.8993279211749954,-0.4715609479810942,1929
2.770221878133496,-1.7477714728331282,-5.527001912919245,3.530638205498719,0.3783709638020649,-1.7830802867868036,-1.4625482365177518,-2.0292235685368927,-0.9356863678952302,1930
1.5653584182880798,-0.7966321722357677,-3.622631965290448,1.4905051461036585,-0.4340310799164442,-0.8229547052146101,-1.5870342132692181,-0.8011475329572013,-0.34964061792657003,1931
0.3711908613775112,-0.31617818494243427,-1.6150472116478995,0.254068715597892,-0.49224968232816024,-0.218382821622138,-0.9694811304187237,-0.09551085719936275,-0.06335624928429492,1932
-0.08372860001235505,-0.08344181633849528,-0.6740695181556693,-0.001075784714758952,-0.4140812362189339,-0.024074097052204108,-0.5545890424882409,0.10135270647384255,0.042397002415021666,1933
-0.010877222132484371,0.133798032111049,-0.5902789453794446,0.37700157285922353,-0.20951219417099018,0.06563932366516825,-0.33744493005676507,0.16388669232962608,0.3935480853905731,1934
-0.5847909457900848,0.4417322554450469,0.3456123787417025,-0.14604886434942918,0.015687126129128277,0.09940712146095562,-0.04829142443026601,-0.13815600952477008,0.12390416543765582,1935
0.4005926470499715,-0.2994115645308967,-0.4368803831362404,1.501035939029637,0.43876067795661894,-0.3424132757475952,0.3848231493250424,-0.5762521992216199,0.24124639629054098,1936
0.8517129502618388,-0.18743617550728287,-1.7856085713196321,1.6782698310184387,0.040813465186451486,-0.5593146643593898,-0.5131006808991768,-0.5139675820596776,0.2434068093825558,1937
-1.5232244982641407,-0.22407073907163869,-0.45520410579467374,-3.3463665722391536,-1.0012611506950788,1.1286342667141984,-0.33094066542968464,1.2408374647782832,0.45007284898250444,1938
-0.9119392555480066,0.11507233302551552,-0.03987316265408873,-0.9791344813176932,-0.3465796323833476,1.0694395966926953,-0.021488958017276207,0.7046516320133099,-0.02022475329637112,1939
-1.091787124149799,1.1121153014750502,1.2688144775466987,-0.9968953226974397,-0.8488988766924456,0.6164636058905415,-0.630162834031497,1.0441557080899388,0.3935648134913932,1940
-1.7540635460501033,-0.14878432626125868,1.2798084457424512,-2.467962936809552,-0.48911440745863394,0.8518821307688281,0.22003060460574322,1.062125621023592,0.07644042556524487,1941
-1.6163992479402598,-0.5535165338390798,2.567327444636565,0.8895108771299302,1.7353432003177818,0.4838512681449185,2.825858091274825,-0.2815612260346274,0.5880634094898899,1942
-0.5691474720091649,0.13837602038641475,0.9840298442207338,0.9368837780124533,0.9921299759131937,0.1259336120422991,1.2925769659330606,-0.2312713823711569,0.24143323698265284,1943
2.1016612987118264,0.18913115977698994,-2.8221081959064467,5.081882931858021,0.941463386661423,-1.1441841760438083,-0.7040079821109585,-1.460982109421133,0.33652502775436755,1944
2.636095524748306,-0.2193288915299246,-5.1098513361202595,2.924646764950005,-0.5652893573528599,-1.104567869120888,-2.313884480323456,-0.9944566333428703,0.026281042297355436,1945
1.8215087752924028,-0.3726975057246355,-4.388135636770079,0.8871945620144626,-1.3201883290966787,-0.6787942015855082,-2.7150788513961692,-0.26869146248700726,-0.018867269442868696,1946
0.287882079188587,-0.2952826228024467,-1.7275378164461301,-0.38422391923558435,-1.227757304202013,-0.268483652614737,-1.6862273888005708,0.22359773842871897,-0.0018521443226403424,1947
-0.4375484781054157,-0.17455195044525834,-0.42027719606620795,-0.4418383653298021,-0.4428408045166055,-0.025432470992333412,-0.46638248644635205,0.2074248032909213,-0.03187519774204842,1948
-0.7232203702700585,-0.03360575485701335,0.8000968622211762,0.20327753387534883,0.528932891635683,0.27573087656981127,0.9858021514721211,0.02547962408660258,0.28744286686412246,1949
0.07279491442078574,0.0019553862196209472,-1.1600802602326483,0.0697054939282286,-0.5687799671157802,0.053427740729837386,-0.7610815846059499,0.12549882187825956,0.1542330761797145,1950
0.5897695434033485,0.21010959427433895,-1.3233278530735324,0.987039592328313,-0.207594873665726,-0.11349091178531706,-1.0068873532492704,-0.13793343567214375,0.13340077149025492,1951
0.1086260672420398,-0.2262232492905932,-0.7888170589388553,0.3091004745587117,-0.23223512460703405,0.18224965351939704,-0.1858730340862616,0.03945501973919117,0.174896414711459,1952
-1.5403720151417313,0.4727290262379821,1.3193172322449627,-2.075606293111639,-0.8527196304743336,0.833520761337428,-0.2080148646435885,1.2701081389976605,0.4585138759816981,1953
-1.360070653154381,0.2895415534037111,1.6547915445836165,-0.5166501476687226,-0.08870529571123939,0.6303254293169783,1.2360016992329828,0.21790398643727643,0.17858396030268425,1954
-1.553192615827722,-0.18766406235391708,2.1187332013681037,-0.4677921596278151,0.9598687811120068,0.24326248520891194,1.7697265315530828,-0.054609232145804015,-0.08778599818869089,1955
-1.515236013055426,-0.2185154470138566,2.1783840533211603,-0.5863694071654816,0.8579413542923862,0.4490333201341912,1.739071675527931,0.1832651883658166,-0.12965250238732914,1956
0.34685836861301783,-0.8268005708816626,-1.4820131746353804,1.2854800074049484,1.8561050873578593,-0.06172562128360858,1.3327570091745784,-0.5919585577827381,-0.45585248703026665,1957
1.1124395011443153,0.42348051377694546,-2.29508415110501,1.1883694130225122,-0.10039590216798332,0.007384702305560336,-1.1430464262107642,-0.12882599430443312,0.3115569385580837,1958
1.6366185427801025,0.8129480027106764,-2.5194313104058255,1.6428531259402417,-1.345440777331752,-0.22545248307398388,-2.345492650945732,-0.07879004857182717,0.7279431535864639,1959
0.8351666194262034,0.8498005508236401,-1.4477611135310253,0.4182442119896039,-2.2000206280476107,-0.23721480008805568,-2.6974179094412,0.5458556155664701,0.6976106559063381,1960
-0.4056009190966398,0.15774121906059518,0.13464197105987882,0.2772509269848558,-0.028825841659387372,0.22979676820955874,-0.06770475922746483,0.1099674867431623,0.19586542489813558,1961
-0.26757545363795426,-0.17220522160365279,-0.732231849874278,-0.10660805044805191,0.2984858166106223,0.18105882027215517,0.014078694674238274,0.06058237726826051,0.04118647916767848,1962
-0.15898423551830843,0.755973053383794,0.14954651017485582,-0.4043360710926202,-1.223490502141309,0.9331310007704404,-0.9250011866303437,0.6369487921750062,0.6971212955004467,1963
0.031092734124300008,0.2194098672617996,-0.37942534484680746,0.489968962061194,0.07221201134671366,0.06889074807901166,0.3641300686648619,0.08244163185832797,0.28609923463655923,1964
-1.8679815255507688,-0.5240643482224131,2.251613194009782,-0.4473292522670792,0.9418184045112578,0.03924418682025315,1.9956129205931472,0.1388983535721358,0.15170916467271092,1965
0.02883265155469623,-0.2702190382594909,-0.14407966209857526,1.3536218206829091,0.8190812748540421,-0.38235592315776884,0.6928392900137946,-0.5461090330062645,-0.0867849736163056,1966
1.3898377401700492,-0.17680584948047867,-3.3232428715957263,1.4783892157072844,0.8372504440015992,0.1606165442140102,-0.23829348526277241,-0.48314106058950845,0.13625855101305911,1967
0.5929785955252925,-0.023034861062297247,-2.35014834521902,0.824628626319316,0.5628425489798424,0.3415697811174058,-0.06534510734606064,-0.17879816052992645,0.7019749623045389,1968
0.4312862736929882,0.11027179611053797,-1.8550360126269454,-0.001504832953997164,-0.5276663194841498,0.36639098756974653,-1.0188694676917596,0.31660029422382674,0.5511856373138434,1969
-1.1970929500581646,-0.041314986812741504,1.6947594872909204,-0.46977490954950546,0.3248781989929531,0.2784981419249126,0.9249741541160742,0.19867589539361155,0.01926010883412779,1970
-1.4040477417271362,0.15023225739984852,1.7242198811641227,0.04002025706400275,0.34929805528006647,-0.10203459996138942,0.983915299347615,-0.012820685023264618,-0.25135584625111707,1971
0.07324082172749104,-0.17359133305074148,-0.5129640797678219,1.209746150350253,0.6260752650769889,-0.26541752240055094,0.747283979688046,-0.2417831626690237,0.435271274610077,1972
1.287223044049236,-0.2683391097032775,-2.731119238661694,2.371470949600563,0.9577696385942494,-0.3033058412874085,0.18744584376008294,-0.70415615902139606,0.6791777046572924,1973
-0.4825157758799102,-0.05992934778826789,0.5335204021797224,-0.030127455977023123,0.18882412586014227,0.429286003117687,0.6248578650525792,0.2609363192410593,0.40901244388221286,1974
-0.2111335095180753,-0.26265007676272517,-0.5464447869401992,0.24309379935236025,0.5474906662361897,0.03351417747638664,0.30729798595750174,-0.11549129100709388,-0.20143029048195038,1975
0.10171522808720843,0.12833739802628152,-0.9206477440548195,1.0282217448073034,0.1888146716916505,-0.045111697127084835,0.09523430019957663,-0.08824189695059101,0.2880461380293278,1976
-0.4416325128274891,-0.0065754448399328305,-0.13852117743727868,-0.10262684539769902,-0.08936975284421785,0.11340858585189513,-0.048621586115022576,0.16433007875465466,0.07320003502632333,1977
-1.4176233317921914,-0.08741403505516301,0.9165622259127248,-1.9427383045852722,-1.573569370267706,0.04357681175757298,-0.8388626605184858,0.9006002011732268,0.13414222409044937,1978
-0.892659165656103,-0.0428546441101034,0.5627981588447107,-0.3212586040528254,-0.2823225554208006,-0.121841508135252,-0.006516459943775633,0.17760264442270365,-0.0931024206400336,1979
-0.5129225741065713,0.06788134188614775,0.07501898035585894,0.04740255388401305,-0.04199303509633927,0.05525222891965294,0.04124708149116985,0.11009724769189343,0.04122814350442323,1980
0.307599685059514,0.574309754199406,-1.1059495613430992,-0.8189262509563265,-1.7046299180551758,0.7606044015399887,-2.1129496586238417,0.7131244141526195,0.5023769578620522,1981
-2.3770920178114743,0.8806664017406793,4.101344310265438,-0.8681129693494455,-1.2724181282629006,-0.25976195888585824,0.034738802246701006,0.6194351883031096,-0.12508885924320787,1982
-2.6194990521004096,0.4511816402420633,3.2541224910224718,-0.6865026266282881,0.1418379460972606,-0.38461921507892877,1.1381294418591672,0.1942769547279592,-0.6383295090973398,1983
-1.3416849649355316,0.9858211479748648,1.8051188618992686,0.7201543842897553,-0.2743780020738783,-0.47812111096494786,0.16927138070133396,0.049939350747996124,-0.24713739714292804,1984
1.1636373044400166,0.45745706389223173,-2.55091552753391,0.7614043925502951,-0.5109966295983754,0.17333805283895515,-1.763092085447172,0.06933498299644567,0.4834223838131864,1985
0.3480358545968365,-0.208493050443679,-0.516210014039068,-0.36592112935544385,-0.8082960979322961,0.6910768391563714,-0.7498497386929558,0.5178688262200933,0.8477557267725275,1986
-1.5656731787970766,0.22997809148842674,1.9391411075716254,-0.5773037131021815,-0.009883786107072481,0.025764630958961313,0.6160642693880147,0.17346822462323241,-0.3123513555339872,1987
-2.1089871966326754,0.16915733879973124,1.869934161057003,-0.3845247310250088,1.2280815400404637,-0.08466953085067565,1.8135738010956415,-0.10261613472700123,-0.942377771962385,1988
0.41377457047611227,0.10393220494523144,-1.2543657018810994,0.5689546883992896,0.09466429783972223,0.32683955003956194,-0.20354478398570383,0.10201288778794565,0.4164526924936014,1989
0.2277245189301955,0.18928268574073429,-0.42471803218619764,0.4063764956013505,-0.7291332549366053,0.15626284007499586,-0.8448516801557012,0.26289730126657945,0.6894665283457484,1990
-1.3390168064047012,0.28685880011031256,1.1218441022272043,-0.44653796882397795,0.29846945185934665,-0.03532727702998713,0.5068449565214119,0.047066438194900716,-0.6544205972831252,1991
-2.0919172228978944,0.22892856698551398,-0.500694839376311,-0.2843854508274698,1.046783771566285,0.8162868491719416,0.4508514854851612,0.9114818083845422,-0.5718118082459895,1992
0.6458710644240586,-0.334691516169684,-0.5620567944948704,0.7782081739320023,0.6777720529599028,1.2782671080405141,1.3817320658368404,0.32850702530465015,-0.028926209749145004,1993
3.2709437893874953,-0.7443128810909033,-0.3393457047687453,1.3061565242474509,-0.9736597608853775,0.08757658392663173,0.661398502620345,-0.14026674040630213,0.8315527401976874,1994
2.6232746047805384,-0.5389333871473186,1.1821845455288682,2.195892126942595,-2.470554250579876,-1.9822642341852554,-0.978910871763418,-0.3571617491562574,1.4069226769138352,1995
-1.6280518990677026,3.259471113182276,-2.1101652577217975,-1.994248720121095,0.9913626915293295,-0.4976670993321168,1.6152943241256734,0.06212853853846139,-0.4279866944569766,1996
-0.5575633319548569,3.1385373324011567,-1.4801508945683277,-0.3702634774284303,0.9969852246970023,-0.28168347775354047,0.94463213173448,0.023304729729742762,-0.45777119570473823,1997
0.03414362101952709,2.1369218100019576,-0.7349471535233523,1.3377870180926497,0.47070030539881985,0.10386069938357446,0.3771742685950429,0.13822708819902516,-0.04951461212926518,1998
0.1196303290124211,1.0769889011484737,-0.4679635436715406,1.8700982848920742,-0.12372488313395268,0.44010709717744595,0.2923654793196829,0.20637300562571118,0.438268479922809,1999
0.3744676479293223,1.3910618828841566,-1.0968456079336417,3.066189393709413,-0.7721329288630442,1.0213543717441735,0.8622320945426791,0.511927672399728,0.9698515639366099,2000
-3.9281719472010646,-0.3715551116579491,-0.7135520789759214,-1.2634167445024056,-0.03144366352660384,0.9606000016340237,0.019347356473295472,-0.735985268983645,-0.13458154903135214,2001
-2.219459107400797,-2.0209040155963525,-0.1400113358315756,-0.08831509414528542,0.519020186620633,1.6526698471743284,-0.40180724815993235,-0.5641564019921318,-0.5225036884339603,2002
-0.12322341646006836,-2.900819164176802,0.36758251842356604,0.6982495800276507,0.3548240173938964,1.3165131600213529,-0.3948053359069694,-0.3633213013046689,-0.9418120407763244,2003
1.510779228582326,-2.393529741267941,0.7412610539441002,1.025355632255917,-0.6315150039528019,0.4289581252461923,-0.3126033658740101,-0.4565530342660442,-1.056084489812873,2004
1.8269416048582328,-0.9034548940710657,0.8395565664097581,1.0121515932532112,-1.3875300350458346,-0.18517556399148843,-0.5259810079744465,-0.3844070049606027,-0.7104141073968276,2005
3.138330741117108,5.180608501471649,-2.0847625432851524,-0.7589953299835955,1.4242298613308666,-1.9197231434996247,2.2560933471207347,1.2498331684386992,-0.21046901164045762,2006
2.6078913744648538,8.780546511668767,-2.4122035889039766,-0.27868486517241675,0.7956739924949318,-3.147110169270586,2.283513567687193,1.1062401104205775,0.3442340087198371,2007
0.13081643721370223,8.965234033996493,-2.181984983661963,1.562591504929517,0.3645619944861967,-1.8545032612132533,1.415156109357487,0.9094408328487924,1.6157788885824294,2008
-1.7683691851853596,6.550985842398741,-2.382517581955394,3.7571788764808685,0.5113478905211765,0.5976877427578082,1.362395352968574,1.2287502379240438,2.6590094820489134,2009
-1.0940158619355789,2.1384264471887526,-1.8643628523834428,2.6299320837766964,0.19504324633966577,1.2886206306923955,1.2972944978407097,0.8781310368480291,1.6439018408899595,2010
-1.3549521472563,-0.011549042558191922,-0.5743156706676038,0.8974226962663183,0.3384842149097484,0.43409112745503675,-0.09195894995208033,0.4885385560728725,0.5239061782728609,2011
2.4284113028260474,-1.3654516906091103,1.0244515432248078,1.2217594776020742,0.5846111104740961,2.6836186491661738,0.5663134389113673,-1.3272455455620178,1.332855407525774,2012
6.671571471291802,-1.5723286098571871,2.2794776129812817,0.7620640764637953,0.4494669230342457,3.628791916692482,1.7262769826013205,-3.030003574227874,1.9720262354450004,2013
4.213161805086813,-0.9194900609225182,1.0847251661490223,0.573023809284393,0.35737438709347497,2.27013828647736,1.314581476619183,-2.0900405813419622,1.268921353861656,2014
2.1216203978547354,0.7346140454643382,-0.37563530259736805,-0.40654870617674416,-0.346402567853088,-0.22052628923701562,1.481492660901704,-0.5459315579249856,0.650489207802805,2015
-2.147198150473575,1.35131282684036,-1.4602445480526118,-0.4875986560219681,-0.5382998768263564,-1.9717184587827603,0.5166130674479166,1.284415703702468,-0.2920957675028785,2016
-3.5890276684048423,0.5745530802253626,-1.2213216200375168,0.4336439788419634,-0.025712482365513385,-1.1264372552172084,-0.7039913789490975,1.4930058373270538,-0.2166292775919001,2017
-5.376368322931979,2.420697502241164,-1.7789775925770188,1.9025585165967918,0.24586210469526945,-1.8171024030822953,-0.6579214495940493,1.6375638765348166,1.7340092663047995,2018
-2.71973687010496,0.9783361941101828,-0.8810652053294148,1.429535787289715,0.42618843585723915,-0.17527222394338496,-0.3753169059439919,0.8885514934262878,1.0424292979565208,2019
-1.3957722739644216,2.5037639571551438,-0.33339982382778466,2.593812085350407,0.6744462861051029,0.04492706786184655,0.6355489544535096,-0.05160479770129811,3.0820307152608772,2020
-1.2754407166063066,2.722720033013372,-1.4844615902644178,3.723319409402738,1.596342703648326,1.056311499473612,1.399926242963271,-0.08238260610711208,4.3487504445161855,2021
-1.027963643539479,2.8052586939493627,-2.812894704096643,5.137284094457084,2.4564726283413085,2.2744673939837203,2.9353691826661863,-0.03828305591449342,5.64979309616635,2022
0.35505296801947267,0.7872024617976165,-2.944391930030441,3.564084826722845,1.8289088069729675,2.338360719697742,3.303599976352476,-0.15054372374707792,3.544745941037188,2023
-5.946038671866723,-20.040545170104586,-2.397234345224768,0.9236975136053734,-7.790560322346772,2.333796541000822,4.303537651958911,-5.871771777891775,-4.030317301044307,2024
-5.997400461923427,-18.694598427664836,-1.4897530172935551,0.683253493355516,-6.9414308993032146,2.198575707458335,3.12128214464561,-4.996659473687556,-3.922501129378308,2025
-5.335160508552219,-19.396003010989137,-1.5874026685900986,0.6107345129918332,-6.693827723353747,2.6039506046770384,3.195479598507376,-5.3586736249638065,-3.485621750773426,2026
-3.844411570154366,-17.36953217225383,-1.190134650107547,0.8022936850178909,-5.499229359728458,2.4919202191704186,2.4609271956090724,-4.690333401609235,-2.499289857029822,2027
-0.33689960468238206,-13.851229040713285,-1.6589207854444037,-0.5695546294885623,-3.9634603191840077,2.1990101329316465,3.5545009906204372,-3.5790730930264707,-0.40855203540374785,2028
1.9188921715372553,-10.26294163868018,-1.5022545229581685,-0.8136489003810293,-2.5003819492297943,1.988956195951878,3.22765878612432,-2.741506812528238,0.7010770951869159,2029
4.084130506372424,-4.97506616233904,-1.036470208387367,-0.780800717865913,-0.3732509996238291,1.5833882945545132,2.509213238011167,-1.5329783078639128,1.9666199481775133,2030
6.927285555749396,1.0167832786234092,-2.186505120367255,-2.1020154594258846,0.9335249910278898,0.7131656455299884,3.874617112441166,-0.04010096588327272,3.7504145630263537,2031
8.968103016033513,10.066911001382447,-3.0552714951096926,-3.0079255998061827,2.733582045398059,-0.734332817496373,4.278344736728629,1.9024954558448623,5.038096611943097,2032
9.731440550271312,21.44275256097473,-5.417726160116164,-5.21145739153786,4.187550734810007,-3.294353418004803,6.01994495091715,4.7042015694980766,6.037725604377439,2033
6.973076185549526,25.411830020166818,-7.173220792960846,-6.022695464363515,4.1391910801929335,-5.174890861276719,6.799066978650252,6.316978290299202,5.052726487426682,2034
0.8571347336859971,-2.0037313598678246,-4.45702527322037,-0.8815892611557065,-0.1471341598200671,-0.5185867128353912,-1.5310462594841694,-0.6744126916149656,-1.3723976645774154,2035
0.21996749705565935,-0.6347589489870835,-2.500777058632097,-1.6480320844086596,-0.6562109114298464,-0.04337703818301988,-1.8075999348508174,0.05575600918719118,-0.939630457291801,2036
-0.32209491502373844,-0.13102678922936373,-1.6094839094772138,-2.5435205816463466,-1.374439082012689,0.5645954298534939,-1.8766743875113021,0.7089697266579539,-0.5734088688025875,2037
-1.7543939054027282,0.8791484567418866,-0.3655631186577127,-5.804363703828476,-3.0840131010561893,1.358652532843707,-3.3187829472614623,2.149445078043018,-0.7271006486413153,2038
-1.637192705091168,1.4994169891404587,0.7505311253053534,-5.0357838566401085,-3.1401880771985105,1.8305438308100894,-2.999560534145222,2.393544783427763,-0.07251651916652768,2039
-1.1074950133300108,1.5423998661854084,0.5739569957726199,-3.6084543971661267,-2.3364255954999518,1.448137244933441,-2.11510742984955,1.923046319629432,0.4613040394010227,2040
-1.6115170434040065,1.8390853017175575,1.9219391386733928,-3.150458190494976,-2.0455717568752423,1.3424152405973868,-1.454609318349047,1.9882189279829716,0.6793175049623168,2041
-1.6404635015807236,1.782770528683002,1.9545807409449196,-2.7833047061249574,-1.9504729525981732,1.232023750088078,-1.3504797629070375,1.9670324570765394,0.7391725805948638,2042
-2.2175354987049385,2.440001047603711,3.0478666570432487,-3.7689274726335995,-2.5776770177390174,1.7831986509653275,-1.1982949508600969,2.4659951191400125,1.5768590019076283,2043
-2.506266594912376,2.574404238592659,4.605331239867428,-2.449423195237584,-1.682409819699612,1.655187781213859,-0.16295179980240837,2.3350311939042383,1.523547490847632,2044
-2.2750693156769293,2.139300478205286,4.663144067010056,-0.7668165394419348,-0.6838305006716485,1.2452391463139854,0.9202784350364895,1.7478948886256613,1.6661214077309805,2045
-2.2009583094584118,1.705906199267605,4.880553961029739,-0.18324777487543753,0.08848623559144597,1.166184600098613,1.8561762189740008,1.4059295871476003,1.6557393558784403,2046
-2.870764868384896,1.191874684114074,5.538046096631083,-0.09203042062509122,0.4950482821547748,0.97065052651511,2.755037432298426,1.0493006147262196,1.3421528836866625,2047
-1.7973595584264317,0.6171522334289433,4.257474117940427,1.8051863129696304,1.4699474293903732,0.22964431776070457,3.00210363846234,0.099051140918532607,1.024798197671059,2048
-2.0030502180701917,-0.24094618131740492,4.317084630214897,2.2300531857840333,2.3410019650285947,-0.0019359040604238046,3.934206269210043,-0.37783342732351655,0.6674129972675891,2049
-0.9544674836185904,-0.822513927094302,3.008520241850454,4.737449525026842,3.4813448624085,-0.5136496945627634,4.822032289330973,-1.5612542060021901,0.5735589391722921,2050
-1.3015860196321916,-1.109966774346916,3.04975324249624,4.699066848485579,4.287200582889221,-0.5721903967090755,5.631592504070382,-1.7135053733279288,0.3294867964936771,2051
-0.36601316986498805,-1.2746086647892583,0.7830781531641962,4.439286777822249,3.661922360773082,-0.6977727027996794,4.2346234706588675,-2.2266564020936377,-0.3342945544824245,2052
-0.00940717902103753,-1.5989952729724894,0.09293607398121526,4.469561711720036,3.8348969410411495,-0.7007091447073746,4.089064520008488,-2.1820081058650818,-0.3927602053304249,2053
0.9022319701584124,-1.5212024395242576,-1.5681279974693432,4.76482560589611,3.480768229344476,-0.9680491075178633,3.0323362063932247,-2.4542714306761892,-0.4141844967821301,2054
1.118282671328978,-1.6090661097816685,-2.937466520491284,3.8409656087603823,3.1236850205203863,-0.5329604321615042,2.343056697836319,-2.1773535582216947,-0.4744075353564061,2055
1.3416455313836435,-1.1034662008290548,-3.138782434861824,3.0889397627685526,2.1692993506749296,-0.32563972615412085,1.1626425946208103,-1.6485106419144917,-0.28639058201579104,2056
1.210519020453245,-0.6618423528023334,-3.245532782234751,1.9816029281276193,1.2422305252077408,0.05565950600821944,0.30485783373972053,-1.0430875539216273,-0.10521551938492835,2057
1.1397620950226284,-0.32647553571011534,-3.0747214499273743,1.518853748987393,0.6991562027384884,0.10427442215359926,-0.2445567235778451,-0.7232379148500427,0.024314131269723236,2058
1.2115001821660947,-0.13212025311587972,-3.1491884111384563,0.9246591875791815,0.03083531492262898,0.2847903503921555,-0.8576609001517488,-0.34833656583673334,0.11545139914578938,2059
0.8089040057009312,0.013529453870451591,-2.220269730600865,0.5709899644982818,-0.20961860807687316,0.4137424541461797,-0.776075448775211,-0.030800553053122688,0.26794031754435654,2060
0.5458764211103648,0.20445906048621829,-1.76900594510972,0.1493254042657489,-0.564835851699916,0.3708988391527697,-1.0191683737003723,0.18697240462264308,0.33064753882049097,2061
0.41818268630832217,0.24313703278722845,-1.5490281046389809,-0.1384502774276894,-0.832230903235017,0.3681514023644316,-1.1868838585412982,0.32769829882688634,0.34578579198013265,2062
0.12075265002771901,0.2856041221510851,-1.0070258333204027,-0.28237982424486757,-0.8082434194495635,0.3433532685123501,-1.0169501388160853,0.39009545996408024,0.32687538672553,2063
-0.07605139569172895,0.2639764771305661,-0.6093279664508787,-0.3524309235179732,-0.7566085815604339,0.3027694107174559,-0.8329234430032268,0.41342090125452957,0.282666852572254,2064
-0.1425933296384804,0.2645748238260883,-0.42777418220642227,-0.31447670247049087,-0.7518924234175786,0.2421428948243388,-0.7799529692797642,0.40087311108341933,0.2648529764481621,2065
-0.33067587226299483,0.2318212209994059,-0.12217643152023977,-0.2992768373058916,-0.601838433546011,0.1759694281386288,-0.5422550109738448,0.356821119277757,0.19388350873064208,2066
-0.42525858597543065,0.18125551942361987,0.04080052280974596,-0.1157607410430738,-0.3103471866677437,0.12526699455055906,-0.22247635363321255,0.24562830486860002,0.1322051666460801,2067
0.4518446235109674,-0.5740292788377805,-2.7658342438949743,-0.4639083927597446,-0.8871039138335731,-0.16550994531600885,-1.7781703202705932,0.00462017596716399,-0.38575592085022004,2068
0.11621978757799024,-0.15032895954759073,-1.862263654267105,-1.392537882555862,-1.2081371327549628,0.13010848658424443,-1.9407695513571372,0.4271300636107963,-0.28349562265699163,2069
-0.7160410627749938,0.5954538931548232,-0.35978096080137756,-2.113790774482617,-1.8028792067748591,0.5033183770667979,-1.9208619304318344,1.0653743868800019,0.0232767517131836,2070
-1.339283383640319,1.0132870220012977,0.4248988276696668,-3.5560847393660624,-2.661728196666579,0.942815024176823,-2.670608962272201,1.723651508167134,0.1587134134068288,2071
-1.4948844331220315,1.1777906052858462,1.324500478170718,-2.7481172448502145,-2.2913226901688035,0.7661306683790302,-1.9649412224969793,1.8007183718238282,0.22861169213973537,2072
-1.618234912185847,1.2627202578248184,2.2019405710166335,-1.9384066304173164,-1.7705294679629242,0.6099378675813105,-1.0250553607138142,1.3886832208983761,0.4590389351054549,2073
-1.3871434332322157,1.034472615214329,1.733640268622879,-2.003375956571243,-1.7319620584259463,0.6247219581930863,-1.0964019164772358,1.287156841808252,0.4427754717000962,2074
-1.5417240536827705,0.8755371669248957,2.186827629702048,-1.6572966189042277,-1.3169511942437986,0.7831184209522294,-0.41562159364541196,1.0526906332570234,0.5023894774998179,2075
-1.724627107581528,0.750441906976302,2.989105330446249,-1.2256196153999714,-1.1909789901264736,0.7666087595362303,0.07681785580431073,0.8173327392601409,0.733459136496892,2076
-1.3851090472121574,0.5745125352813382,2.49907085936457,-0.30331241679099613,-0.2823164375265082,0.27869839431898114,0.554941023140836,0.6188004429507362,0.3999796565851757,2077
-1.699163092400511,0.43640468162613244,2.8555590390401293,-0.6266263738037423,-0.336393703650179,0.0403374911598269,0.5596403538908238,0.5520176947580788,0.09313325716726886,2078
-1.2128450419120838,0.2877472308538424,2.295575503128298,1.0650963404895077,0.6093719415149819,-0.17801972691059656,1.4169231956655128,-0.2578191327993695,0.1262873902718425,2079
-0.8918640760333056,-0.09822428453685494,1.5825367276761555,1.6363701678822826,1.2486012627710694,-0.1277834879852628,1.9721022166512436,-0.3198320828328639,0.19424978069765417,2080
-0.7380795876628968,-0.21736652562368686,0.7870188690414833,1.1488948007830804,0.9555276924340198,-0.2266944440650113,1.3282136696557771,-0.47144773948885904,-0.07306028776104916,2081
0.523895698466583,-0.5652445579417825,-0.4946331497114096,3.5745223183887544,2.2933776103890846,-0.8114337690554739,2.086947165114357,-1.3869753658921675,-0.11469929365337739,2082
0.8155200911789707,-0.8043396113420773,-1.6218871740265952,3.968070160334396,2.3784421245769476,-1.0038492080068901,1.8576475083353652,-1.725667745519271,-0.22230567025736572,2083
1.0615459778259206,-0.497972892443844,-2.223608983703146,3.4612338584224482,2.033060335536288,-0.7020103224765746,1.4806750507328699,-1.8185861327043569,-0.09103493395606348,2084
1.5357107318417345,-0.8655967017053183,-3.4908470635921374,3.3811126295838623,1.7433265609727402,-0.775366831372895,0.6523358297783677,-1.5353746802997137,-0.21336525464512907,2085
1.6441017076521451,-0.7823878688669141,-3.6555850951545055,2.668869634176307,1.3051660022354346,-0.5214721278080185,0.201278773103865,-1.1795532760356227,-0.14528548331376742,2086
2.0747997713713717,-0.7307759062752063,-4.043338324506807,2.6715130059882393,1.0931336946491808,-0.15498765196770417,-0.05335736542572205,-1.0099182111284417,0.32493445747572847,2087
1.1526565423880895,-0.4248919855251132,-2.924358185808431,1.0746001826621603,0.3740538755631006,0.07780008848934537,-0.5585891990805362,-0.39001125363820044,0.22355357298630565,2088
1.2519196348325632,-0.3121452790218715,-3.0717523506946067,0.6040918672206602,-0.33797372284003707,0.08877303403153347,-1.2353078663608192,-0.14345751357768186,0.22873863185776513,2089
0.7902058389942577,-0.07023613513156052,-2.2351739613763466,-0.07869109875816738,-0.7153090898773268,0.26572841389726853,-1.2896421810432879,0.15625712514118603,0.2513278562271039,2090
0.508466418448123,-0.05136739746276857,-1.6803144424262337,-0.30132157822718747,-0.836219463223222,0.28108808700755183,-1.207884546662119,0.28309268598619747,0.2827243993713595,2091
0.29655121964947506,-0.03945085722688501,-1.212019899003326,-0.32132932887630483,-0.9223414702740022,0.19761002463479058,-1.1207946604178807,0.2908480443091185,0.30003949876238245,2092
0.07838621866114512,0.07581797650369738,-0.7303171343855843,-0.2956296025117499,-0.8580313972091527,0.1006862849226961,-0.9737440946490455,0.3278801756967242,0.2401532058930634,2093
-0.22159095979325147,0.132341771235306,-0.3154696385057806,-0.6449490937926069,-0.9289339391432071,0.1258036495415723,-0.9324802050470485,0.43702175763241585,0.18323863603348672,2094
-0.33122010746423336,0.2284224286911858,-0.033402352997320556,-0.5760554058239515,-0.907871259381097,0.08727202557300047,-0.8673934250582723,0.42179254367407754,0.1601741313394239,2095
-0.428136423723799,0.21520278843912305,0.06279367270658175,-0.3853548308184322,-0.6289718063371305,0.07449048877296427,-0.5499556843779039,0.3362016279480495,0.11352718688614227,2096
-0.18240469785201208,0.7272804182753184,-0.0710005645369123,0.6741476817534446,0.04965101586362875,0.7464606033210177,0.21857334165725137,0.40925409234123267,1.1140320196094586,2097
-0.3668276010143904,0.5806631274257886,0.45266045544872097,0.74182966492034,-0.2234829758408192,0.26279089743672335,-0.16982276718950914,0.4117820422619573,0.7779867711556361,2098
-0.9829729449188858,0.34832853449522044,1.3324924516417698,-0.05502227852956373,-0.2940890335881749,0.22343695133420727,0.24680373660434807,0.537577944786272,0.5403802873561189,2099
-1.3026211356768747,0.021821000768904954,2.057767897535508,0.25854267455316043,0.20296108622861167,-0.1238489748753198,1.1951749512118857,0.18544860735710944,0.4064531852828803,2100
-1.4328095654615303,-0.30479332426764716,2.0787699536531647,0.1943285323501569,0.4539389506600485,-0.49014040785067564,1.4983978173345136,-0.05450583160767967,0.17180540675243477,2101
-0.9955936216920905,-0.5797993599181003,1.4363907915195617,0.6661024884964962,0.39902449027087544,-0.43003927079257903,1.0632085371734659,-0.3284438889354146,-0.15600748860138397,2102
-0.7030677384600689,-0.749890217716111,0.9722092001015428,1.2662997849598945,1.0770826656867518,-0.5505959977666124,1.395398593046388,-0.721895287540245,-0.22351206872572799,2103
-0.5785055239132941,-0.8693112473605855,0.1364533081573328,0.6531775285181949,0.7826376085892811,-0.3042233505547349,1.02157524911383,-0.46409882566671357,-0.4086367301718164,2104
-0.7283487538238425,-1.0043624934138087,-0.09982457091778975,-0.08284159178611268,0.7436414309356809,-0.3963011596544984,0.7919061173843199,-0.632198824786279,-0.9257025344849842,2105
0.1867988401029129,-0.9576670782082886,-1.6390831890830657,0.38940090279223855,0.67012207603323,-0.38844580274830726,0.13558178410737004,-0.8196421208856993,-0.8238686323734015,2106
0.36036869134224303,-0.8377575504170339,-2.5509225055958398,0.17476904301705815,0.5312570201462167,-0.3360437440840476,-0.4944719273919325,-0.7039624325211279,-0.8828563942637169,2107
1.0469864959776618,-0.49995597130921104,-3.8733638901234317,0.3536935880487352,0.2581223104335803,-0.22952892645444956,-1.3424441918622023,-0.6660241857056717,-0.6903175296145795,2108
1.5440696484853949,-0.23396978106858726,-4.152820783374207,0.9329517758847716,0.4321851526910629,0.048611675079348736,-1.0045666856745132,-0.5106516941109264,-0.1419016771262912,2109
1.471241281832074,0.054818940382248334,-4.188368744901271,0.15124282923121385,-0.2968437421385165,0.2129653671409881,-1.7113078497496996,-0.044150898018596556,-0.039091531815973204,2110
1.7630278770852865,0.2517217837523351,-5.224985248020954,-0.8053842527281267,-0.9617396258103622,0.8141003972670782,-2.9168879701837427,0.4418039219301461,0.26308185348204866,2111
1.0314604986831384,0.5235108250539039,-4.272419511101577,-2.1760158813153305,-2.111276195076569,0.67638531362477206,-3.7833430900754843,1.6362709870677712,0.5997389378988968,2112
0.9364991522953376,0.9232916721529612,-2.9784788161504703,-2.4395435627091566,-2.7992476662899866,0.9640290215537485,-3.8065831962810734,1.712117801159824,0.8327280505006767,2113
0.655474709025357,0.5231571210151923,-2.2074502383977936,-2.5244923283344676,-2.64926159907232,1.0232025878332056,-3.1792027563874954,1.6666667141755314,0.8558977840220778,2114
0.013834057294224001,0.4951318791117811,-0.44415165181992516,-2.654069907053088,-2.7133033638044344,0.7530405452467814,-2.7700590832415113,1.6730378634450462,0.9356446484316178,2115
-0.5914756389368617,0.08631193256300632,0.31036768279266924,-2.974943736258937,-2.735815742648114,0.40972167916700925,-2.268450791305404,1.5973041156649728,0.7082587133030455,2116
-0.9486277026580839,0.0862720580150352,1.0250666354781157,-2.5098418721065925,-2.414771296616428,0.045561644799690264,-1.9174416611612717,1.2328211542928407,0.2243610996792202,2117
-1.4331283182527754,0.17735766166332068,1.631198716258677,-2.271674943898275,-1.981412791884068,-0.0947363353008012,-1.405578874741165,1.005971039512797,0.0068674864163457295,2118
-1.7069432629834134,0.4171944419508977,2.1144205189352876,-2.0096139907134667,-1.632138261968409,-0.08514841337601871,-0.8804791367234923,0.8599583157763464,-0.19712816969710512,2119
0.4794757364774837,0.06728011331881728,0.3946820285603816,4.043379349886614,1.7975789427077964,-0.38660778673638646,2.1457418243622017,-0.8043688713866662,1.4189066681887978,2120
0.2149485491505882,-0.4698995853954525,0.4276420146704337,3.3498945806130833,1.639243254402078,-0.550753401732524,2.012761555015485,-0.9572917121091098,0.7154855477355656,2121
0.08831322214224052,-0.706152857661525,0.3986831843024559,3.3368439546632658,1.8115956017853452,-0.9216014212509982,2.1192408467203725,-1.2056891304687747,0.24018128004147715,2122
0.46801934125136924,-1.7060544695957403,-0.4187034125095119,4.488057410050947,3.02582298977386,-1.5019656253656628,3.1310638303678835,-2.252758903062102,-0.3370991449902341,2123
0.763971715182012,-1.645139445886764,-1.3969999533375093,3.87627592607223,2.706787924474301,-1.4060347907071695,2.3076614054136058,-2.1107236889634526,-0.6769263985497078,2124
0.9756498018031642,-1.5552774061566539,-2.3288519396122966,3.1888862332413206,2.3214367068854056,-1.1912144785562173,1.517468087517228,-1.8808833863496954,-0.7614584412263262,2125
1.0722612491858081,-0.8595008647815202,-2.719408348041577,1.8558664514768333,1.341769953549653,-0.49791499312187737,0.3278309643729863,-1.2086520020079239,-0.5553305568479822,2126
1.3681202835900415,-0.581023548871057,-3.1447863563953633,1.678937022742995,0.8500746468057431,-0.09763721864852849,-0.0695904877839821,-0.9356102024961988,-0.24117275405030722,2127
2.2444722870860305,-0.5030441039353396,-5.584649599068904,1.076044267279373,0.661082648598868,0.20029993744066313,-1.2980266518427523,-0.68336009987201,-0.3328176899631748,2128
2.4718033918235514,-0.1148329091693813,-5.280604455104206,0.8010956036622814,0.1816464820411726,0.7091168083738956,-1.4579633479423122,-0.2612839317374339,0.2856249655200909,2129
2.8957507175168304,0.12043280635709336,-6.182166081762969,-0.029469393975642535,-0.8914256308192378,1.0969981903802608,-2.8680297453956127,0.5163467882017707,0.7134219422627973,2130
2.17528326985807,0.47379826122212554,-4.576098123902542,-0.7010467040546421,-1.5247009911071543,1.232153799374513,-2.9379791510883124,0.8990181654185774,1.0129655577619272,2131
0.9526646219546566,0.8020099642369481,-2.4596021877357783,-1.9056201467312543,-2.142374835341823,1.4942473499779274,-2.935642340289191,1.6084234662202994,1.1099618473056931,2132
0.4471355194448496,0.5725553344470404,-0.9756457463916199,-1.0381685946066066,-1.5000234627316649,0.9845194092521772,-1.8193633513254046,1.2545697237493532,1.2388209758081088,2133
-0.8130990053831136,1.1693190171039616,1.5832633157322744,-3.7822996727445997,-3.5102005845087105,1.5139210662736071,-2.7230111421341237,2.566492174884396,1.5840920004641335,2134
-2.345351247653326,1.1609842212708688,4.314954252952947,-3.6080089393030934,-2.866734956694107,1.0471539730959925,-1.2532353086114592,2.2690628594526845,1.045014669269021,2135
-2.3851746809939494,0.6801781907511367,4.707027110234551,0.12169192926080043,0.8327898746755221,0.5608710884766074,2.8584321612544015,0.40180485134482247,0.5502203681981304,2136
-0.8316719754027012,0.0751651322981576,1.631963487482259,1.4904273900012601,1.0448906970629193,-0.3262130377217211,1.694140521399787,-0.45088736149101444,0.14236115161684026,2137
0.19104719879073714,-0.3774775313748175,-0.563401659048838,2.0458991248040976,1.4391798443533625,-0.43401181006494544,1.2420939796322528,-0.9417898442089669,-0.10092676220184665,2138
1.7014257355542617,-0.9701803000435582,-3.195740997890874,3.6574256350208043,2.1896181944339297,-0.7262655076133033,1.1534324506573772,-1.5993565747361758,-0.049193212817988566,2139
1.84913255819582,-0.7868550969353686,-3.904077408240121,2.7363497440145443,1.6747993784029034,-0.17623651364148504,0.448730290830022,-1.164544384364253,0.1517255310497049,2140
2.2103061086064058,-0.5918969710122962,-4.174364319555527,2.7318992639253388,1.3456502792306295,0.13949820661574733,0.1479004431146808,-0.8943882327158892,0.6315962132982802,2141
1.8270154766353486,-0.6392720620860891,-3.717471522441028,1.6855000827003837,0.6155613440567796,0.32993874210950547,-0.38055775162062505,-0.4589565053331459,0.656546843719915,2142
1.052774560557974,-0.32358094218385364,-2.2441123097169786,1.0264143835943196,0.25444155865925333,0.48806521933097513,-0.24993728872297666,-0.0606877905126866,0.7144153888089967,2143
1.4240450931029294,-0.3884931930096285,-2.5700288248735115,0.5285959958037889,-0.18140116787639218,1.0175509538805527,-0.6488529225095135,0.28260504118746516,1.1695332339569176,2144
0.10712428860087707,-0.15429770795241973,-0.4221423127098034,-0.3241625498465767,-0.5629475711068415,0.9098582924866286,-0.37264451008941685,0.5663725463237783,0.9471693360433354,2145
-0.7901609098625948,0.3260493868581118,0.4920397363442842,-0.6388099046888832,-0.6195138405662125,0.07717985395521947,-0.4334971043401428,0.4226729158360508,-0.007716209170119759,2146
-1.681152208261113,0.30755864050443377,1.9080862523127,-1.6449128929250418,-1.2170888456572089,-0.2389713090995139,-0.6193131402731544,0.6327901486914512,-0.3406090065660552,2147
-1.4120243855762589,0.4020221212524215,1.4834106484495702,-1.0867373605229615,-0.8926244761624156,-0.21898104758406373,-0.47967374827752096,0.45351002697879245,-0.33799448670017185,2148
-1.0538233181872017,0.33495319723212197,0.8949705381045954,-0.559301870158531,-0.4927107557552015,-0.10088998151917308,-0.27764101351349263,0.3138591097655647,-0.18639932690464456,2149
-1.7609253644662783,0.575748774049713,1.6066250903179948,-1.1382411074594152,-0.3971629090130986,0.003181497081156615,0.03631560919929295,0.47703572603250854,-0.45002042447142554,2150
-3.170025097795969,0.9654827780263079,5.471649265958879,-3.3463651039211237,-2.3896091064917333,0.4857373268348105,-0.4101507177408772,1.8376423919258038,0.4125171131614613,2151
-3.5558384443524975,0.9532170027428587,5.571840845079979,-2.539608928643903,-1.6399192737157935,-0.22675142015715072,0.09444988038855674,1.1919548086358238,-0.3084471509599834,2152
-3.399055973388078,0.8809326684435801,4.896004014444501,-1.7631254525403641,-0.9871915493218797,-0.49696650547611393,0.43880836441829163,0.7283114883224836,-0.6892439835162552,2153
-2.8504722406897565,0.8254100377183969,3.7711806192313784,-1.0877802014884397,-0.534480124477176,-0.5219819754424586,0.5734384681895797,0.3329121593583575,-0.8081416720261105,2154
-2.4896607066419496,0.8143502697016368,2.905760914835758,-0.7660616980284168,-0.3189753105908842,-0.4694882759729817,0.40196624201913067,0.2641736380349649,-0.8652620995634874,2155
-1.7529578116194477,0.6888754333936948,1.6978448781186164,-0.21451515817052155,-0.1335627485502625,-0.3812060084137721,0.22964352678027053,0.09185818360236021,-0.705298618207953,2156
-1.1863937836650393,0.5474250546983324,0.8665381542852504,0.028776328911729866,-0.04915904099141914,-0.18282025282291256,0.11244100322127676,0.07119042835842915,-0.4495620356788906,2157
-0.8257117270963354,0.37503785066904116,0.3212793941765217,0.08367489718314462,0.020675411014827515,0.0077520953150626275,0.10047270514272365,0.09621160964864386,-0.2237604351693682,2158
-0.4798292225447882,-0.12066298306008676,0.9660681656231548,0.11743624995657681,-0.22772529103505626,0.5241701284255189,0.4074331414388122,0.32290804017074043,0.7719935985559984,2159
-1.888151508058119,0.33529519371465816,3.1432308015787953,-0.34256460163910313,-0.06285134889672662,0.2867610476754608,0.9778484843193438,0.3521980399327535,0.26776751333385024,2160
-2.762263951061217,0.5657198477151912,3.9215020594622025,-0.9045350277989989,-0.08320982439597845,0.00973283508309677,1.2199456757472489,0.43735951524336286,-0.289683104605536,2161
-2.86446707703995,0.7363865109152491,3.7296482550770396,-0.6111657635079444,0.04991755192098168,-0.19681320625784643,1.240599314756446,0.2684492710577405,-0.5850077543790362,2162
-6.4141336876610895,2.1827207284977757,8.450913913511028,-0.9244845925314487,0.5978812604778967,-1.162522216865597,2.697373682571212,0.08650178507136046,-2.377701868385621,2163
-4.768079450818103,1.9435791903419086,5.6323810429969905,-0.32233193125110604,0.5486567675845379,-0.9508235725299141,1.8392790662424694,-0.09598797741136794,-2.1824116413086143,2164
-3.7739469275755657,1.9168612237700702,3.849487949042696,0.19024933593120813,0.5530301704896554,-0.8690650926131299,1.1812673519132086,-0.15812984137087344,-2.0929840305173624,2165
-1.9114639802305378,1.1314182380708968,1.4374059070140872,0.369016281129399,0.2810301341179714,-0.37105734293864523,0.439814503968057,-0.06139878953743476,-1.1153792635513953,2166
-0.8631182465998998,0.47054501938584253,0.2692514339213815,0.22693965279063036,0.14747276740786555,0.016973091597175895,0.17976715878408156,0.05920094878024219,-0.35054853195912666,2167
-2.761516516034884,0.09134416365881128,-0.344408015209443,-0.942934812722349,0.9824964602437634,0.017149961581127676,-0.31819690192470984,0.8740778784752526,-0.33024765866899325,2168
-4.051978065374629,-0.16853525803430885,-0.46501025287285597,-1.5272264260390052,1.830872849151277,0.28529592420306144,-0.30378787075979047,1.3089667123438637,-0.6561018890406295,2169
-3.7940004146119364,-0.40582551771734393,-0.447059580511809,-1.2789456543215068,2.0307998808718644,0.6241784366882608,0.02389352158331605,1.433457903117124,-0.6883665012013009,2170
-3.580395486693548,-0.8353649356201196,-0.49608915434284034,-1.3961212134017078,2.523762035391601,1.0960916904378217,0.5687372458399744,1.6363714929715627,-0.612385213600124,2171
-2.339186635935082,-1.1897746022753148,-0.4199363140744282,-0.8921109899028538,2.425975342949794,1.5664616610796878,1.046645060292209,1.3724846579248426,-0.3235833717986693,2172
-0.7840313870708323,-1.5020472494886459,-0.448000402865793,-0.5666178342765487,2.1239513998654753,1.785677735516254,1.5014571453651298,1.0591707439730689,0.04560467012305868,2173
0.969321677288203,-1.7864618955709155,-0.40436506084355667,-0.14966096859708583,1.534274951281517,1.7525349427684642,1.6868873928767238,0.6166928103930925,0.508742570109973,2174
2.7701106493659617,-2.075103350861448,-0.23855017410927443,0.019203679837492157,0.6634144342971107,1.3860450011203402,1.5734147197471589,0.29108819622668186,1.0625062207653289,2175
4.467817217259788,-2.3533867071755026,0.07543907276328266,0.5052387358873771,-0.43514663803142,0.7739758871934761,1.1334498542651685,-0.03367068026266045,1.6810989784287453,2176
5.608207892695998,-2.6232090416930145,0.5885207087581988,0.7093070316362998,-1.5615050237483576,-0.2846329192390237,0.4147104543862773,-0.23345977968445222,2.1716173459475696,2177
6.27554614204962,-2.7850146071665334,1.242541692343113,1.1953897244061187,-2.7650524800741745,-1.3368868136687664,-0.4330164143318829,-0.4115751343588918,2.6523909982175113,2178
6.252660554731556,-2.8131358702571982,1.9356462370793688,1.7595980011458732,-3.7189904693525753,-2.540811925597941,-1.2774320627472675,-0.46740251675261985,3.0127278972962523,2179
5.638964016891407,-2.6621708177037284,2.6927739501901886,2.3606449965554344,-4.205805447298942,-3.472609192362231,-2.035793798372771,-0.5977482736182519,3.1820643433724176,2180
4.132597688089732,-1.7272186552217925,2.9217127442644775,2.767140073417978,-4.235061911009665,-3.776693999309215,-2.4380424245034,-0.6897453383255635,2.838543418272975,2181
3.1287814095178854,-0.8525290842063258,3.1059104581338484,3.587268857779529,-4.192481488429049,-4.089831765370574,-2.7888963494285877,-0.9524472325888796,2.517823234633371,2182
1.4891311236928648,0.2990806391941941,2.6433526667851335,3.6534513449180133,-3.298548121170303,-3.5538264727073767,-2.6590789431396424,-0.9114799473233186,1.6774662336433748,2183
0.24454836996377965,0.9852105707000044,1.3056305155136971,2.9474509916807343,-1.7599586331955603,-1.9964357002416575,-1.6371347731286,-0.6905651723131258,0.423031572491151,2184
-4.7607480634567,6.4590094288950795,-3.900413523655831,-5.413766829843196,1.4388184091066403,-1.4165634069723991,2.8610223452049492,0.4367965782750929,-1.0161075790140635,2185
-3.9332707341072286,7.377299658372727,-3.6224713921956884,-4.630594209535661,1.8076472143370912,-1.4222753142106008,2.4215551801322905,0.5046531585103916,-1.125826634630579,2186
-3.308442716454331,9.2302865222409,-4.108941194198272,-3.787470457236677,2.3291234524720683,-1.410062399053151,2.3422967347383956,0.37898014685153275,-1.696043189007015,2187
-2.3757833394230263,9.466242469752032,-3.316008358248056,-1.676531855741633,2.269610912080344,-0.9522055711930456,1.7109918070667867,0.4446103669563782,-1.249702808652365,2188
-1.1486049984610849,8.277752131704421,-2.455739361526063,1.1698393211994282,1.503192644208827,-0.47035328200314935,0.982310104061662,0.5480286382043227,-0.6546917797773609,2189
-0.38752030083839095,7.467598594885569,-1.7747489204044282,3.917254495858285,0.6391429856009818,0.027252810008861785,0.5558403870386981,0.7698922316145178,0.5526953275440021,2190
1.1895143499665886,9.006576058400492,-2.6217073893260925,10.384254655329807,-1.405587310106201,2.085447121352857,1.7978466204976988,1.3429580563345676,2.4642615602067344,2191
0.7156654234022085,4.321791078115253,-2.60917185865939,7.678349993923385,-2.2248071470983066,2.4200302009721,2.2704265638128756,1.2203131367608515,2.5493144008182136,2192
-8.398858149598425,-0.9130380059927725,-0.9981770274454022,-3.508292602035688,-0.06373078919277989,0.5871214430502996,-0.5955353269584637,-0.9557766723899725,-0.4545224220987153,2193
-7.975415546617631,-2.448806377049684,-0.16128364432203998,-2.808030841929135,0.30717785128970115,1.532081542440612,-1.186439919780443,-1.2186380138261628,-0.6394079667155116,2194
-7.697616485799651,-5.7672276669176314,0.31138735971664083,-2.151412364601655,1.1880672365256941,3.3251359442581507,-1.8868985150021038,-1.4986286252883518,-1.5040048103671597,2195
-4.127401286043866,-6.316192136034816,0.9806390602101079,-0.6697267296234963,1.1194268556036127,3.0303806596679337,-1.7893276661776953,-0.8888091096763745,-1.568427748099435,2196
-1.7123570185451458,-7.3182943360344535,1.6528481730292006,0.19495503933188432,0.8009523048961742,2.765983985082665,-1.8882438168507854,-0.7429295132366021,-1.8878356982580462,2197
0.4434770714448749,-6.3199151883698965,1.901345449944563,0.7287458168904172,-0.031779309394403966,1.812339713886833,-1.5572681292172081,-0.6763457454180575,-1.7833734045185923,2198
5.312159056767425,-10.381192693064971,4.876440456556189,2.11025728196439,-2.870037159526964,1.2889903038061301,-2.9913284568196628,-1.9709627035673094,-4.02917385620437,2199
4.956171735568743,-3.077790850980018,3.3958783824374055,1.9299764536968553,-4.0223486679182665,-0.5610278208241223,-2.108010762574904,-1.3224573999788924,-2.0507768152533563,2200
-2.6674673272413068,0.7023007241807167,-0.39820044078756067,-0.7875327040365789,0.5600086546831341,-0.19923944841264293,-0.4505774863365728,0.5063248506622027,-0.3658405206468264,2201
-4.1309424130909775,0.984525810786849,-0.5843435771042307,-1.335813261496493,0.9914853411013991,-0.27254437232201084,-0.6106167704977059,0.9253946349136177,-0.7913322111683927,2202
-4.658909015612489,1.0783172891715485,-0.7963751052966958,-1.2885787274445457,1.4960519882059806,0.14972350923631533,-0.4113927313259869,1.0072301590914476,-1.03564879830891,2203
-4.3813572480304686,0.8881413706522617,-0.77790876474981685,-1.0437042657021847,1.6612458987329142,0.5075571227248392,-0.07366071122126962,1.0487661398916959,-1.1024257993969508,2204
-3.839380988444184,0.7379285840863904,-0.7102798516548786,-0.7651873943137874,1.714635382511253,0.8520064747347295,0.22548296473462445,0.9694936105613307,-0.9300670925344461,2205
-2.4021486092118862,0.4920937154927417,-0.7951244876250909,-0.19509376076242355,1.5250465834302736,1.3659316208312773,0.8391582883700349,0.5800547121421042,-0.7950181513535549,2206
-0.8766676213309976,0.17955569695525317,-0.7251185312727442,0.25733652538313323,1.1440892923090895,1.497417216556142,1.159853796479365,0.18370172703259072,-0.34874634940528176,2207
0.6351139411074458,-0.011648036166598673,-0.6984651397123572,0.6051375689580739,0.5858242247269457,1.4502059276093051,1.3216851649185826,-0.25033404273087884,-0.04679047407393869,2208
1.9103379489928194,-0.2764103128409688,-0.5951970478312607,0.8175564052492001,-0.11208151844881276,1.0458570964178557,1.0999773998323235,-0.517545946066339,0.3917122385451146,2209
2.983042160432493,-0.4229528766769864,-0.33712157137407944,1.0384808397029508,-0.9157445513700204,0.5504112999568673,0.7127294775032029,-0.7338081565602742,0.7177616734837803,2210
3.4980721606662666,-0.6512676349472174,0.05513835892037773,1.1451270748255775,-1.5971464361560987,-0.27449088562393076,0.12012196668195335,-0.6670899553607283,1.0636278232352239,2211
3.657312649057686,-0.8510142280526442,0.43441919837490867,1.3350181934945056,-2.1767124736867878,-0.918738640509875,-0.3807641689800618,-0.68712441933786506,1.335303275617843,2212
3.3120056936051427,-0.9348948634041383,0.8600434426732769,1.498421540522466,-2.4588823016115713,-1.5066697030052776,-0.8706092464835252,-0.6157547333158014,1.5515898637621461,2213
2.516967185331038,-0.7585911361412405,1.1029349656450353,1.5239230616631914,-2.386026194399407,-1.7504711807045998,-1.1482763591008756,-0.5567792137342799,1.4460586000051228,2214
1.507664524145401,-0.5136602026676346,1.2533804245898728,1.4225211630189587,-2.0236731968696446,-1.8965176059989002,-1.3272547218618378,-0.3700171572248681,1.3863316478066852,2215
0.609141346182374,-0.05880093683837464,0.9041286766732669,1.2152014817906118,-1.3754085278879533,-1.3063409193232456,-1.0069269555191473,-0.2656150285171305,0.8690872750584171,2216
-0.009492058915826765,0.25216948208327505,0.43483752621035504,0.9927255737738899,-0.7339243521977873,-0.6755642878747856,-0.6188435517772716,-0.16695002824644406,0.42633715894564567,2217
0.766436842679069,-0.05079253312787221,0.5118676542825761,-0.23352860947264328,-0.7593120789420295,0.28407177403311384,-0.32406274016329095,0.7682433277015571,0.5443863183124155,2218
0.6467859891472627,0.046005155315497016,0.5743259666784066,-0.20305777825762622,-0.6373445382193639,0.285928472862953,-0.3765308489603505,0.7470804683863213,0.49956490214834515,2219
0.7026856718871283,0.09983315426000476,0.5575012531679747,-0.11709183114184289,-0.6942807046793594,0.285990137872305,-0.3756573322167877,0.72759944353242,0.5200974248931509,2220
0.9294757550706872,0.15787835303484396,0.7390793613522155,-0.08604126918163127,-0.8045272187450389,0.45450836065410355,-0.35438924548309403,0.7470547379089729,0.5100861898731162,2221
1.2739978661920344,0.2762193512569194,1.0266659169709575,0.23880412958834035,-0.734511000514851,0.4705724727026491,-0.3492011390329828,0.9799009192289275,0.5374288931512673,2222
0.95507321854543,0.3879942029574,0.8162374724840384,0.2760845585888685,-0.6713370601540379,0.4326301163014705,-0.32551157248234197,0.7379977154985251,0.4579346434877291,2223
1.3318127393938193,0.6211961044256317,1.118418091339384,0.5632131019174396,-0.7858532442315467,0.5377899525944669,-0.3571397078914021,0.8506943535325938,0.4781068201450997,2224
1.1121865973341745,0.7416610010931243,0.713183142511487,1.213507681815898,-0.36461674702734426,0.45378130643822273,0.019994653589052048,0.44938013476084593,0.34267738064781833,2225
-0.9615360880787672,-1.2146647988512327,1.8936926480639318,2.963890540312282,2.70734675480854,-0.9755370371199255,3.2202610729286945,-1.2096921434880026,-0.07525730495958595,2226
-0.12881418807529627,-0.8570654609284697,-0.470856475116795,1.4632204741345616,0.6458016365864074,-0.7641705095681943,0.3995780017048989,-0.80546150870826,-0.5401959331771571,2227
0.20637918270571265,-0.6947479307391832,-1.6021559521766253,0.4767085424700788,-0.2478167562971425,-0.5617032904723946,-1.0440964588065231,-0.5941598247351068,-0.7654917416881067,2228
0.6489403754119564,-0.8557741973117557,-2.4543924608129024,0.37400314961313863,-0.5624266599914912,-0.5369818563548828,-1.408456196372112,-0.6663999284467532,-0.8412935141237736,2229
1.0635740543988892,-1.3625763907600577,-4.296132781589284,-1.5027557357610313,-1.4619591863413255,-0.24302102498327033,-3.0355986119693426,-0.2611459125509947,-1.5497631173015325,2230
0.28003557868154844,-0.5017409727205167,-2.9557224929738664,-2.9012755640297705,-1.9744476074700195,0.4418191420358406,-2.9821386030552093,0.4986422808143341,-1.0246601054446847,2231
-0.8260135295832688,0.33435912172081267,-1.0238085681767257,-3.9606032064690586,-2.242797481215281,1.2406905192800355,-2.6805655214361366,1.5886458651366162,-0.7536387272997701,2232
-1.0416734498302362,0.5976314378732774,-0.516885949259959,-3.853400822776566,-2.006463321531468,1.29958692414165,-2.128371750073499,1.4785351387497907,-0.2594555677128648,2233
-2.201596789659677,1.9987276617149412,0.6882716193053396,-7.497876763204092,-4.220310701685876,2.39453772720319,-4.06655275604277,3.0218442627182482,-0.2171653613483694,2234
-1.7458314836361335,2.2121839912495784,0.7777509614322661,-5.719201905821027,-3.435509133791793,1.7731299810104952,-3.5862411276259394,2.687718645152058,0.4681249142612537,2235
-2.371067646261823,2.4553048189796676,2.167055357688488,-5.964612281267045,-3.2521477981083238,2.4521830647109017,-2.5200027136554373,3.1168116479618164,0.6600386312152723,2236
-2.27571470135267,2.4106032888496003,2.616721858848153,-4.829986356460061,-2.7566145528435286,2.1333286673996072,-2.002228589275005,2.772914062867114,0.7793034356070653,2237
-1.9526546185601596,2.0553643846124654,2.529981306954207,-3.4229140234604487,-1.937535254614156,1.7779381454978576,-1.1652171149586905,2.169557617397291,1.0343160237244777,2238
-3.300108904946798,3.2314918581394396,4.6808533783967174,-5.191444307505733,-2.840154205419358,2.4773634753878686,-1.361775794016541,3.284772791170194,1.4981054942055458,2239
-2.56308482637905,2.5191356109011904,4.04662003113492,-3.454541064401467,-2.114428765284566,1.8078172620482185,-0.7030676131524234,2.700240605208029,1.4315704846512265,2240
-2.5208571162911366,2.0610369385313168,4.031617713344792,-2.6985028379159135,-1.5981470858821454,1.422137607747598,-0.270087148549156,2.177644752008465,1.2630900874314737,2241
-2.7318618366539003,2.083883390427654,5.03534122219536,-1.6186439553514973,-1.1745543417814752,1.238348490031534,0.5001652054035416,1.9792286740617349,1.2884831159900698,2242
-1.5914237082140381,1.2032675219007425,3.9152198165760024,-0.08600783028547591,-0.1095060222223208,0.5985368854307334,1.3428773441275657,0.9785589079404192,1.1413823164084125,2243
-1.8893700489742307,0.6199507283671714,3.62352740807792,-0.03855813436354413,0.23733119853905293,0.36431351779326365,1.4797312058967134,0.6792935865338972,0.6561758757219986,2244
-1.3927120688712906,-0.13280300969363457,2.879884150272194,1.6091418341892445,1.2667074715260431,-0.30791198940245507,2.355071106794671,-0.24221937389281256,0.48105769236297585,2245
-0.22322293123043255,-0.6823045788312349,1.3104801694383552,3.1959177193076256,1.8561535879625946,-0.783257157243922,2.3099390327691336,-1.155470513509283,0.1850441628442729,2246
0.40745148836508754,-1.3274014985199911,0.19570195257851075,4.382815273633739,2.439470072183881,-1.154993090697703,2.9473544780355625,-1.8812135133764645,-0.04274641734612511,2247
1.0856036215976825,-1.7380413649394213,-1.3752145370092923,3.727832679593182,2.5807560250617056,-1.3379442546863876,2.035454084009312,-1.6794078221855566,-0.2889202170281046,2248
1.320247896567675,-1.6829094206299706,-2.61765154659622,4.169272442225387,2.3713898575865366,-1.2866204462795163,1.5591082573088564,-2.1656295067102196,-0.6064427257202837,2249
2.0240235840757324,-1.8123113556958472,-4.299898003616117,3.506342240590756,1.8017003729849421,-1.1662226845200279,0.42076110341967254,-2.129034952721158,-0.8206790395269219,2250
2.3637974135790083,-1.6457198784273124,-5.227142544171196,3.1526261590356337,1.314992534322506,-1.1749527363082355,-0.5362158683420132,-2.092200196697508,-0.7671912539083182,2251
2.3448810020277313,-1.4464891971064515,-5.675354657704665,2.279823829371613,0.7869034670023434,-0.8517075423823305,-1.1118029745719265,-1.5067923420425817,-0.6392335947170961,2252
2.2846724904798767,-1.0519527957804753,-5.466602248721817,1.7671455379689702,0.11506357305491637,-0.5557127891641503,-1.5952473782580756,-1.124670791966841,-0.417549217223821,2253
1.8190993705395815,-0.6735716969041057,-4.848306227813831,0.6834965712394346,-0.43765253449389874,-0.17166820687091383,-1.9810738636637408,-0.5573188336644824,-0.2776514012690641,2254
1.4727196597273184,-0.5498242980490021,-4.402764714808325,-0.04494859879628677,-0.8365662185983223,0.03017190826805309,-2.092261377643594,-0.15820972945795841,-0.17941963135162584,2255
1.0219077910836243,-0.40236684376197535,-3.477289384597654,-0.3904014745523335,-0.8887722418275525,0.14837893073462002,-1.8541032289190689,0.03728085686064713,-0.02104614960940817,2256
0.5352217580487376,-0.1486638291948035,-2.519629979688563,-0.8297125662137291,-1.04192070709481,0.29187917894184384,-1.7139895923224533,0.3791940686499267,0.06802312215296019,2257
0.38171697964215373,-0.09210043783256901,-2.2029350687657194,-1.0007509670594301,-1.1731916181959785,0.30301292221483966,-1.7177472261267928,0.5078333523332195,0.12219461187606104,2258
-1.3815799437036975,0.264176980777978,2.5478410277687393,1.7575709771484667,2.003700976958654,-0.4641741675288575,2.631995666041375,-0.5216650837302409,0.17220979902227887,2259
-0.35272339813504755,-0.06469398086946075,0.10930132436817777,0.7552363972181025,0.2428585649706382,-0.2393967765528717,0.35993173746445695,-0.2700606219425454,-0.09481180988229565,2260
0.44447561988058565,-0.30018159566551395,-1.4785904670547958,0.7513639767897277,-0.2273010731317092,-0.2965974793591113,-0.7821259357031634,-0.3689554877603779,-0.19057272019767743,2261
0.40093596082895205,-0.16510395125762647,-1.9199392793240098,0.2590510400106055,-0.6853412221359148,-0.34698748674922564,-1.2944735780881893,-0.19885534734432708,-0.30737344069039285,2262
1.1332542951158917,-0.352056225398938,-3.638974860213905,-0.29835473249385414,-1.1974191947356547,-0.08753167643485521,-2.453032181298591,-0.0802776085039041,-0.43702377738942266,2263
0.08462311200815383,0.42811043640894264,-1.5740162275740317,-1.532101573485878,-1.5398917944080168,0.6874210473554769,-1.977324206432656,0.6728065067239651,-0.04589386794439675,2264
-0.5933721488964123,0.9921562943484239,-0.6487357708210152,-1.9243210642542028,-1.7071286269544335,0.5577661264968102,-1.6871603685819985,0.8247266824443413,0.11487346887356908,2265
-1.288989838762135,0.9035539344052081,0.6675432470878725,-2.802980791318973,-1.4891335452286174,1.1990596060295455,-1.222964678092264,1.478922622399262,0.2886280605533705,2266
-2.0631196624993624,1.9135848966590887,2.311975683639364,-3.5137844726555376,-2.141890289656896,1.6945250371871046,-1.4454272811549718,2.239941155817053,0.8124083931191423,2267
-1.9902566256327952,1.546879509089969,2.477962659093897,-3.1940043289750255,-2.1099256429279545,1.5189894736322582,-1.0562348078634354,2.1780527570249033,0.8412673682330131,2268
-2.8458332332462093,1.7367982519811829,3.7733386779719074,-3.896341999452715,-1.814758475472012,1.7425814938697768,-0.4047808758189884,2.306161221336646,0.7383516346065093,2269
-2.5638452478127887,1.3114176648289138,3.72983119460994,-2.5596580930197805,-0.96534218456698,1.335913755466989,0.4406723269700772,1.692047146130725,0.7939976251384467,2270
-1.9584834292731266,1.022450093175346,3.122935132439378,-1.3597615117018573,-0.5099068521196002,0.8464750829258099,0.5201795641613985,1.1979143147897133,0.7010143223586125,2271
-3.087436987866873,1.3172642339901255,4.9664061257067,-2.1546338882710563,-0.1401516547431253,1.2433452362827535,1.2239221428609908,1.894672047199771,0.9024256052216861,2272
-1.8785871410491926,0.3768432299721405,3.2727527531314355,-0.05299492405284608,0.5064891525730552,0.4261256770063571,1.832056297565505,0.5648733126030805,0.639822373242778,2273
-2.2168050086394833,0.6044692044193148,3.938387371010019,-0.1788360999377958,0.452016038673235,0.3736278421425974,1.9609249654258065,0.4277748284059359,0.4092459507543935,2274
-1.7009473399889667,0.2544385628831953,3.3010057053793114,0.6779035594153892,0.8576013682775493,-0.04255363832236912,2.204549439929498,-0.020581908246731527,0.3583318572770724,2275
-1.083669312325015,0.06009468562870613,2.2093309249282798,0.8913743035257472,1.0816107969413005,-0.008502303059279131,1.628191007554871,-0.12401430908551886,-0.03926256685928861,2276
-0.5461965054328256,-0.24060994198348076,0.8147780293216728,1.6219905167420703,1.1203466018592612,-0.3396706676517757,1.4463701422685526,-0.6372400407624166,-0.0398677772296147,2277
-0.020314749576950775,-0.2262036216019379,0.26414642377467284,3.1581544004150786,1.931635660163759,-0.7043026933531581,1.8790267676116124,-1.1004491202157634,0.11071667835543368,2278
-0.16507453422293009,-0.3244529895628055,-0.34721472835395584,2.0159073226761732,1.6382947367879046,-0.35202095648965764,1.4245346502780858,-0.8519703265786007,-0.25735076331804785,2279
0.607221692745336,-0.46961833571672185,-1.4527435831226532,2.18171409574819,1.0721020908573071,-0.15840707826137726,0.48336056144340556,-0.7848098930988239,0.047963841192120896,2280
1.5742668293807127,-0.5315378731481013,-3.004628898485056,3.060585705739094,1.2086012325289412,-0.615006285097495,0.14884685459666555,-1.178446148684327,-0.003096637393529846,2281
1.3911916255485255,-0.43427986171260496,-3.4786561723271596,1.4634247009376162,0.27394142921934816,-0.39489067891937096,-0.9144331265002131,-0.6806720699049221,-0.13008994590063885,2282
1.7111834744550987,-0.26039214707336666,-3.658740716240958,1.5345608744574482,0.03772695418867081,-0.18582699842438627,-1.133406496173443,-0.5569356760405998,0.179709785807357,2283
1.4716965596575768,-0.3497182608382811,-3.5905222351092143,0.36832775601307194,-0.758813746118928,-0.01913421665750106,-1.732431882490617,-0.11283094560222558,0.14786062520163784,2284
0.9717949606055507,-0.25652987079883266,-3.0527676810132642,-0.6904426335209302,-1.353668692943971,0.15162617564609787,-2.244379803444914,0.31662167052779727,0.06747507692354832,2285
0.66172417526962235,-0.2604437247703898,-2.5340852311295743,-1.0443108874858336,-1.4718954964061282,0.21239214498453762,-2.123250148283152,0.4696993250690836,0.0851538457052195,2286
0.15707650634837167,-0.19477072105557539,-1.6078948798545232,-1.366360790044719,-1.493155808343002,0.29592681892031564,-1.7528744930573323,0.6418979555120252,0.16251198576508105,2287
-0.12961858093414913,-0.15609743318701463,-1.0101845082011502,-1.3524795516512935,-1.3048531642796293,0.17881829387935685,-1.541452212193071,0.6789490108804147,0.10031341185528417,2288
-0.45517270382540836,-0.07822288420436407,-0.48504477958528075,-1.472105554527784,-1.1968461956777898,0.2259842085434901,-1.1802520896028823,0.6534873843287636,0.06448193698843435,2289
-0.7122789137268226,-0.0031958610919303613,0.0025405128381754015,-1.5640643482322998,-1.1257332407481502,0.23298065102527726,-0.9458480242845979,0.6923545139147642,0.03239345798710766,2290
-1.3869354748958593,0.34676717195713896,1.0742948663625496,-2.1452766505176806,-1.3565608637386555,0.3943911314095015,-0.831234118810673,1.0107855789660922,0.09313025130042948,2291
0.7617448806052444,-0.8614491258185575,-2.116825385324556,1.5285779796883674,1.697872565258375,-0.12886220782726976,1.1612226700562334,-0.7984895774279692,0.08968563777130788,2292
1.1298260220457155,-0.17954156531239973,-2.637963017138768,1.286291566023608,0.2400073025252905,-0.1526998162373812,-0.48089552935020646,-0.5052578566451292,0.24485533206243343,2293
0.9666488785770405,0.19006148590501612,-2.1680670083516453,1.0471366187222917,-0.30260189593204784,-0.012536368466611264,-1.1655525633750674,-0.125919432288958,0.43252189865495727,2294
0.7023508534179141,0.10301003753514694,-1.9749746571487372,0.9563059091043846,-0.5371806839692823,0.1516911676322705,-1.0122052534584145,-0.10686196000914272,0.5714720473324609,2295
1.9676552551671267,0.09078268469001771,-3.5580845032093666,2.6425598022894,-0.16096439208712668,-0.37311601021809504,-1.324002089679984,-0.4855631993022021,0.851250038287579,2296
0.5744044758802018,0.2948044809244347,-1.0378621025836423,1.4145536724788725,-0.16531766124820443,-0.06662565405979756,-0.14409499090328087,0.05267576435028124,0.9345414087633918,2297
-0.3384563191608506,-0.41955736467219945,-0.18241284549981016,1.1553887339272628,0.4782835481960397,0.2834010387648537,0.8271740815104072,0.04008306831401229,0.6788211526100049,2298
-1.0577104612369705,0.06124646661807528,1.5618642683843333,-0.001353846761825909,0.1292515286800627,0.3253998938661613,0.8505268615562618,0.3945409987149508,0.5132269289875162,2299
-1.6360869526795279,-0.3488166066535072,3.0833104694725524,1.0579233057867852,1.2530788573945617,0.016146553063532184,2.4299846553643416,0.1451377534599375,0.6132959354473233,2300
-0.5966359853427403,-1.0754909521470166,1.6830682933843801,2.634202316634029,1.6975057499476796,-0.27747576665908824,2.9263962210376144,-0.863439761828505,0.47825291683314075,2301
-1.3973250436021558,-1.0207866139598563,2.148384093554459,1.2252745848944775,1.6381253420621107,-0.4111373816734929,2.5737053918327115,-0.6849903431422509,-0.1416749764582164,2302
-1.0479589835582217,-1.08832968051854,1.2747456598951872,1.376926715795811,1.728556462472283,-0.5427573998525026,2.381016520194412,-0.8944026136522605,-0.23140594490941743,2303
-1.2252150773934831,-0.6171979352829084,1.7316761893141974,0.7251905304539797,1.606649236608558,-0.016090708460690804,2.5646024447109848,-0.5966191863986645,-0.4328081553478096,2304
-1.0657427907884345,-1.2824924278405412,1.051209573304993,1.729691229185698,2.597559783654093,-0.5403912771269318,3.1374375204177376,-1.3510698515596715,-0.8116850535558541,2305
-0.7394803757475971,-1.076171349529222,0.1388239811720364,1.3926856000823442,2.4108883857667496,-0.4675708485392875,2.505717287483797,-1.2077366430550451,-0.8418221867091642,2306
0.7712497344210991,-1.2998187229356504,-2.5159093571798303,2.8104558929985983,2.530112108595779,-0.958740677777823,1.6407432421572339,-1.7691920395499832,-0.8806788189543542,2307
0.7066002880153165,-0.6950093823813267,-2.668191611393844,2.232682983768979,1.64243236022584,-0.3926666119862174,0.8872789818990752,-1.0370310252856192,-0.640975326026258,2308
1.1802000722083916,-0.025533715256971904,-2.973312046369726,1.6855687032604934,0.8449340943059568,-0.10302377845100062,-0.24271474448078728,-0.7847287641102149,-0.255915490294407,2309
0.9755289832493924,0.5131701740544293,-2.7201333174365896,0.8089550992388805,-0.048239418268761804,0.2275351182692247,-1.0821484383775628,-0.1798080839312418,-0.032359127256824896,2310
1.501603004572203,0.6720032059195059,-3.5309097336874142,1.2326070668472762,-0.23261713181031915,0.442281410375251,-1.3839747387288213,-0.07585843188507271,0.5025559583391211,2311
1.7554611373560303,0.6784395623735546,-3.528882333763718,1.1541884273574523,-0.577791559539517,0.3011009193674251,-1.5781318619482327,-0.07849653981567548,0.9868409703678618,2312
1.275973690962709,0.8002291365042304,-2.309345050545476,0.45596707986135354,-1.3374259753475044,0.5863627800658915,-2.042326768185414,0.6583704674780023,1.0658988749991265,2313
0.2031211742325185,0.8940183461928206,-0.3019125553399482,-0.7837842213796838,-1.7854595188415063,0.723999367711786,-1.6914180868522646,1.2231518676383861,1.1752875154637181,2314
-0.6429174881838665,0.41023182648641193,0.4918800812084359,-1.2935557826955653,-1.662562440210671,0.5272182051168891,-1.205454913621415,1.2488257285689546,0.8800566224372024,2315
-0.943324484647274,0.13174316938157685,1.2406405438264554,-1.332145347587612,-1.4645580610498912,0.4201365745884112,-0.5827388197493275,1.0603185689619297,0.5226715061225246,2316
-1.8267532075078365,-0.09920654566615683,2.209281437942184,-2.309840545817822,-1.4249798711830544,0.1839974952798172,-0.40100882719193,1.0516390423163036,0.1552947652202241,2317
-2.2483164734936425,-0.09810871017994163,2.687071546055688,-2.3630344490841715,-1.0623930160538695,0.12066686168774608,0.06795854927635343,0.9309750831682272,-0.11300851085538971,2318
-2.378365118998909,-0.0327571499185782,2.758361583144199,-2.2487392549111926,-0.7908075293467924,-0.02269737303985691,0.2097414761201368,0.791675095744199,-0.23598928164357016,2319
-1.9677134740325364,1.6175235301685376,1.4969174560264145,-4.166759159288898,-2.025772475584285,1.813892795428864,-1.5360792967685444,2.094887762927327,0.2954133713683873,2320
-0.9560677414645248,1.6054743201835546,0.7156767110595208,-2.2348942154612423,-2.225188789958914,1.1534861624498072,-2.0061790687106984,1.5632413694253988,0.6508253005118827,2321
-0.5231796882777293,1.1622309548373349,0.6364084599651255,-0.6709358050226479,-1.2581409223330748,0.685728180589036,-0.9973089683774449,0.9823398074859662,0.9157658273034658,2322
-0.5384991552908507,0.7203461579582,0.7948530452766043,0.13773014036896247,-0.5582486746967724,0.3473459921002249,-0.18713487568614864,0.6260466953690839,0.8135408485163896,2323
-0.45332913367214406,0.3454037817990083,1.3854464273083824,1.3981652995394467,-0.3778487299130421,-0.10481742035890096,0.49704340667431746,0.3321136220653317,1.0599341269699725,2324
-0.7067370243661238,-0.677376516418687,2.0081973896133185,2.0535994523389194,1.3430626563087866,-0.6169394369678602,2.386834592769384,-0.42855203010947834,0.615087823810319,2325
-0.9553173292756332,-1.1326468366803324,1.784290180593498,2.0042219797962515,1.9296475027563047,-0.6678203769146811,2.835717959375015,-0.8279526182743973,0.14711555180554448,2326
-0.6555552289825212,-1.315361755361816,0.870350521511092,1.7465652651773838,1.9697923950589495,-0.6541257751984108,2.53404777892394,-1.0130270953679024,-0.2633581880729387,2327
-0.9373031396187027,-2.6373031899296606,1.518197587068624,2.938202463644091,3.923924405488795,-1.4319728865980839,4.738055965823504,-2.2768614254431925,-0.6700645752265161,2328
-0.06423016915546176,-2.452741515748792,-0.46503178072474194,3.2807277933583423,3.853674929072932,-1.2532456352637424,3.897107183730565,-2.326443434916275,-1.162317246776501,2329
0.44605566041849776,-1.9352724886816988,-1.65914439155186,2.662405308998065,3.2399940448663864,-0.8345405994615461,2.8512553291235587,-2.0133681457459667,-0.9654385481950148,2330
0.6158661575243966,-1.2426424696262985,-2.1519628210099,2.0180474488925886,2.34494834545952,-0.35484407969055837,1.7458578705436352,-1.4134787906656499,-0.5327298194425456,2331
0.8850589476704049,-0.8997944790599742,-2.5655668891356824,1.5110890188485677,1.3872677148844306,-0.10298196872958858,0.7527543450532053,-1.043663406668578,-0.21966395715452855,2332
2.863723834550337,-1.20123486945015,-6.23923794236913,3.072426018832883,2.517932181342539,-0.0685825021646999,0.5833476002209127,-1.6386178169976549,-0.2087520771145217,2333
2.5433592946127472,-0.4216900274274285,-5.622874503384852,1.796184449799772,1.2291765622713247,0.46289960379058537,-0.6565970115542936,-0.5940169197966315,0.3237343563162445,2334
3.836869903353269,-0.35601150446968777,-7.646781018452843,2.2726660239945735,0.025938190504265664,0.37905388366697434,-2.457103739431631,-0.5859639850505858,0.6507318224166834,2335
3.3800080631034577,0.03541886700185004,-6.0670493931843845,1.8616272196131596,-0.43264009458045716,0.6877565740437904,-2.166777531819293,-0.09077432566847354,1.2276478688894588,2336
2.4443488124179487,0.5102644859683086,-3.6534813876457832,1.5499781129909505,-0.7734591693192292,0.7003337517043171,-1.9174315577544494,0.30105985999522716,1.4541077096473467,2337
1.2475344481180564,0.5259553514477331,-1.480745517158818,1.1042637678648746,-0.7932671929033845,0.5935523152029417,-1.1316141169776404,0.3625164551391569,1.4781302839322454,2338
1.0944228485965692,0.8449208428577518,0.17878319345989335,1.2752956304051641,-1.316613386693809,0.48955947969632324,-1.044830408193894,0.7614950326481215,2.15786537197594,2339
-0.37097210714579887,0.6369530127748908,2.3449528885886535,1.044152054389979,-0.8347796758222692,-0.0609137647777894,0.21671955476340451,0.5558258272367299,1.46715400191179,2340
-0.14840656664186805,1.1879179556908124,0.091944301155438,-0.5864499941243706,-0.7238261945797173,1.1891343918263395,-0.637728012042728,1.105847608867804,1.1105492922392137,2341
-0.34697261480273434,1.0273672972758496,1.0702127999020217,0.3005127834193228,-0.560667999234025,0.5845245775554354,-0.1422387004092501,0.7049970990940375,1.1341846282199097,2342
-0.30539231655247395,0.3476663522610331,0.8188843664451206,1.1705715035759514,0.23723754876511147,-0.11969815252609775,0.4675241045343397,0.2192131710368319,0.7331172667028579,2343
-0.3987121220460852,-0.042176802230192635,1.0538875767234686,1.4645077563985127,0.6178032194936015,-0.19718474208377734,1.1595308682974323,-0.2050619079336078,0.5671259278955054,2344
-0.1298943940771254,-1.547737976084768,1.0752982641452573,3.726104444779232,2.454999182846229,-1.2622625679403938,3.4074345968640327,-1.6097690174987715,0.10850769173297194,2345
-0.18918861072849297,-1.7727109205538518,-0.042699621134830626,3.0430093145150137,2.6511227955326144,-1.2206320442489653,3.4513605068443014,-1.947423347017423,-0.5371161346518823,2346
0.28985602066372274,-1.4270044533764774,-1.1463331995463275,2.506489396727973,2.2944122797406648,-0.8812170857785655,2.0921920699863072,-1.4477824602461653,-0.46869798456112344,2347
0.22138057560997712,-0.9481847508776582,-1.6240593186506647,1.2263192135924315,1.3226390399105243,-0.3761665847020359,0.8978996587023953,-0.8284392796845603,-0.5248389188048281,2348
1.7422247257776105,-1.8012651878899983,-5.06637100563353,1.5639508748202755,1.7861424564467865,-0.07857772475630248,0.703570856326155,-1.612612345624775,-0.8308137412436455,2349
1.6098374898282943,-0.39558998565997416,-5.019799325788478,0.019437646953755633,-0.08120916314482318,0.3533035432967448,-1.795561272091441,-0.21010877644562256,-0.3234101557144539,2350
1.1670626959849226,-0.05261647366299043,-3.9812224477541034,-0.8728567252241898,-0.7346969537308241,0.8596761772817207,-1.9519753869150935,0.46836294771658027,0.16010696382563955,2351
0.8699085317190529,0.3614081136494901,-2.8223158283498213,-0.8600354165405718,-1.172695632460976,0.8894840931613992,-2.0894506319723796,0.7093085018360425,0.43928774883633415,2352
0.25249800818390405,0.4032882829947836,-1.5903302031766378,-1.2038088360778998,-1.3288841591366345,0.887522012601784,-1.7686642523280727,0.8744525558418831,0.5023662839765347,2353
0.42337154264424204,1.189000792206256,-1.7819876637240772,-3.772283975289576,-3.926538918723898,2.013701222171058,-4.350135746871719,2.4188298535879387,0.987833711841734,2354
-0.9267328837773346,1.2504747245696497,0.45756763814496815,-3.987072398407973,-3.6194729442263576,1.6517412502888944,-3.3670756757328975,2.270244875426126,0.7602700100765103,2355
-0.4456640559269741,-0.22301042836409843,-0.3984455180046797,-1.5276554605383181,-0.5003188145838376,0.8444952097172571,-0.5916153614661765,0.5455550877729727,-0.14309126305689424,2356
-0.7954885066113351,0.25064226259820144,1.4243813872814752,0.5881023162492368,0.005438100350220847,0.12647901911361648,0.5200437273497241,0.016359575935757046,0.2652925690230427,2357
-0.47407521247905843,0.22037925097888703,0.9963711292241237,1.659369598395161,0.5686655754795851,-0.3547678557750922,1.0775559032949322,-0.40972076464003815,0.35925528206120344,2358
-0.003497554699941058,-0.23526115213151969,-0.23499613611232567,1.9153606071214544,0.9361394578494368,-0.686162604435771,0.9595789754510298,-0.740603628982541,0.09095461735280105,2359
0.6765951631601109,-0.39938421966914395,-1.2787619469733926,2.997974782882203,1.585259367648772,-1.1703803659888066,1.1432458080856072,-1.1698741258591712,0.09777730253023527,2360
0.6638147900185503,-0.25102821182449075,-2.3963118825515113,1.6432056854186319,1.1766862655149346,-0.2899153260065613,0.4660886319418364,-0.5221335549742209,0.21759543483886115,2361
0.27213600921713477,0.32111519575691616,-1.6092482087883107,0.026177047955161594,0.08891415521891088,0.5009757837328424,-0.39369578711927655,0.3333821964807955,0.48336128529559574,2362
0.28491050623693237,0.21320944585064638,-1.3688570066435306,-0.1921840933252138,-0.4148552047586839,0.6170585940774517,-0.7625212878867423,0.47838338399203995,0.5737054711884599,2363
0.6520417178842652,0.6656259111727818,-1.707811931352293,-1.6540846415786647,-2.136525571164249,1.5940238723795785,-2.5312514607748793,1.5181872727060912,1.2757648124656804,2364
-0.012686719659269626,0.23735372806652077,-0.25816457650769536,-1.658683215299723,-2.009136748528544,1.12141752052096,-1.7728681051943522,1.2806705370029283,0.81648000201225,2365
-2.5129938940436074,0.07248747525203644,2.860708801489152,-2.028162606927183,-0.5230338020440203,0.0020344774657854972,0.533267727112018,0.6931248275195463,-0.388831958596651,2366
-2.2506033520577144,0.02759419217441172,2.2746519876191194,-1.579073313688563,-0.18473658441595966,-0.061229310745509996,0.6253805936027622,0.45915062136616774,-0.47132695759556253,2367
-1.899601345129987,0.5732939202746185,4.400577291220637,0.692100788384926,-0.18286322257851534,-0.4018080089480366,1.3888737063331271,0.2898731068845805,0.8475751604359109,2368
-2.6342395348246708,0.5215972098953251,4.843227775365115,0.45039177776748196,0.4336577284535436,-0.599820589799205,2.04518978246343,0.10213081844918351,0.10416507254081644,2369
-2.767742985699134,0.482049764254043,4.449681785576143,0.41973597348718916,0.7416210595063841,-0.7164969217859785,2.178774473101278,-0.11888800109312293,-0.3514080675683787,2370
-2.7167087671902146,0.4421622910397419,3.733698400423491,0.2431490782223033,0.9240416169798714,-0.5602757464647639,2.058680675818345,-0.178019080834851,-0.5985170404717107,2371
-2.4195556873801394,0.5115025182046048,2.9937438938963408,0.27607891407886387,0.8855011136966093,-0.47985921773222145,1.7442187342562383,-0.15947659675086193,-0.6732782897759577,2372
-2.113242844937477,1.3452257965984071,2.3993366461680203,-5.010872703795131,-4.25008746680887,1.4034517429837219,-3.46364183787547,2.5016268951711056,0.34999664800760494,2373
-3.0565243177057604,1.3896873637302616,4.034906514520371,-3.9104386398435156,-3.0895287843027144,0.7582891609357406,-1.8024972795718956,1.8085602159311873,-0.08698054643055565,2374
-3.1218612982561074,1.2909627706632258,4.179616122785118,-2.3750348221743387,-1.6247193857006883,0.22363291665391855,-0.42501148366613845,1.1330388861279133,-0.4754232704320712,2375
-2.8625724813951456,1.0565272545581879,3.56893308294204,-1.408402568693058,-0.6489830557457757,-0.06073195709041625,0.34037601711057613,0.6133496151576553,-0.6934559750873279,2376
-6.232623053241077,1.9980246385775287,7.566455140517151,-2.0390289153875196,0.16605420671641805,-0.8640960284420887,1.9676380574231909,0.4060305052096719,-2.5374269028732996,2377
-5.3467257365750545,1.9358255398915374,6.039979963938806,-1.2665931895554159,0.6858623464494524,-0.6597877562388567,2.0309373791012164,0.24985564452697198,-2.3762978664200753,2378
-0.6658078186240373,0.2588607603237038,0.9493801200329767,-1.1732167880661442,-1.3152857646857712,0.5992029766146187,-0.8987502064335214,0.7825596401053048,0.37538714994190564,2379
-0.9652440118192585,0.1727722242613086,1.3434255595059714,-0.6071744008578122,-0.5815047041978731,0.21049922726865358,-0.14057219952482733,0.3742695488952654,0.006267063359726287,2380
-1.0501977084009173,0.20064954436471052,1.2722002011485758,-0.20412015366666458,-0.19376913516663216,0.02002419715122968,0.23442392869543216,0.15187235017173945,-0.16340226194253749,2381
-3.19296378664063,0.6475845510703009,4.562127947044562,-0.24573877219220314,0.24465750449926463,-0.9318796192502266,1.4662753032387417,-0.24220905305025184,-1.5748170932466117,2382
-2.855552579244794,0.7177989385922227,3.4784388714283283,0.32984960957942294,0.8221915523241533,-0.9425528784267293,1.5714192203249824,-0.521030298015205,-1.7902563120420836,2383
-0.6922685935127215,-2.0006622504714677,-2.644065183118075,-2.627183969830785,-1.2905917091350407,-0.8579823777627043,-2.0219924568547856,-0.17572727824800566,-2.1317757772932366,2384
-0.47316141579094534,-1.497177014078797,-3.092493619661327,-3.3482059718079267,-1.7276272981321175,-0.31958156564832413,-3.0059127776495016,0.2217007008040988,-1.9852485569063099,2385
-0.049627826803696144,-0.5853631534257054,-2.94005296981911,-1.9437183262669133,-1.6579458519590362,-0.08988861235815052,-2.4846215912413476,-0.32166705537563245,-1.1438181736004618,2386
1.2175455687394632,-0.35360371411424535,-4.1934926110190265,-1.5655139456697018,-2.182781404748737,-0.13059215470822821,-3.6716982600245447,0.1548032433679218,-0.8626808374652105,2387
1.379358532340159,-0.2843394374471845,-4.753449846829078,-1.1921369753815036,-0.9177300942814969,0.013409932033480395,-3.003578116595931,-0.04520829692100555,-0.9270875234235727,2388
0.42895478120008923,0.912300140249661,-2.3453745894838876,-2.3236229112297733,-1.983644710134317,1.1031827837747539,-3.287794111720565,0.9952090214672956,0.05685316213650762,2389
-0.6258063632040816,1.2597278883700616,-0.9673740892619543,-3.239924443989619,-2.410092192962992,1.2520781555031848,-2.8804932568810937,1.6293183692659414,0.2551519388535295,2390
-2.3316967672638693,1.5633432521524044,3.024084637841062,-2.2649523772903364,-0.8990390052758946,1.6154053773861163,0.23089510189875734,1.7301227626631945,1.0877327448103251,2391
-2.479404325256565,1.8048084264082833,4.006733456530423,-0.7869674388465671,-0.30796156095877436,1.4385182531411642,1.296413606971116,1.4137560749221108,1.635548252379604,2392
-1.9688443762392642,1.7434157493177493,3.068356056348241,-1.3135649588615728,-1.1389263395583056,1.1761792987052335,-0.2121687636572861,1.7183130338022963,1.4234934839389246,2393
-1.3749012919738737,1.674758019531659,2.3180168740182046,-1.4531423985080516,-1.503948741403106,1.072954870827705,-0.659357252708141,1.781336811186732,1.4261901402001977,2394
-1.3887346166662593,2.3025529841187002,2.545814786575654,-1.8517218688578851,-2.2330764254011832,1.115172225013783,-1.5300204056293705,2.197800862240528,1.5034732244723816,2395
-1.2359984919215385,2.3746101792510723,2.5231589135061756,-0.9908578283752522,-1.9577298338871578,0.9567850896402985,-1.2791631857006727,1.7969331885032418,1.6336141705358116,2396
-0.9507813193113301,1.2103025719604013,1.847240514431101,0.2501644828633698,-0.9759694272749703,0.2804441317827943,-0.6617897889168347,1.0009414651780102,1.0581825321170713,2397
-1.867397992435686,1.8527796581698286,2.8787534992034476,-1.1945709748658346,-1.4373103384731916,0.5664674814863445,-0.9395161807722624,1.7159592933400867,0.7602758212571513,2398
-1.8624273130241222,0.6311171203613115,3.2041452276149704,0.2851579189649961,0.10296399219182603,0.4366668366783424,1.4644530171181906,0.6789481619020864,0.8098884619351246,2399
-1.9324868623398017,-0.6264960469020575,3.7933121087138746,2.7202736172652258,2.432112726697044,-0.4794627118381697,3.72636651582251,-0.7436936081654022,0.3756883289937667,2400
-1.4789223348771368,-0.4340344661913503,3.4495488185455607,1.9622237469136237,1.6350397879660519,-0.3792888944316907,2.515131863325085,-0.34490684867479515,0.3726975851349169,2401
-0.770237698705401,-1.5820116590937576,1.764516664788242,4.128962184394327,3.081350059965988,-0.8278049621300444,3.396149214193554,-1.5485010985914822,0.129492280994857,2402
-1.01590696554693,-0.5532025082795017,1.397810582281608,3.552447485161849,2.826777286455373,-0.4637022118152573,2.8340103580298965,-1.694725442655222,-0.281066550189649,2403
-0.30730532324776055,-1.272176877985912,-0.39633210919883305,2.852908256484701,3.198287558402567,-0.399902148625064,3.2219267969417698,-1.685411678895244,-0.5377209165426025,2404
-0.09929195626708219,-0.5903773757010877,-1.0536703650344534,2.1188228613817444,2.022972352960469,-0.08031438418541298,1.8305302382664335,-1.2232958930702753,-0.4343627412312089,2405
0.39439143641647145,-0.4083626224413522,-1.6950853346768067,2.0192212994142666,1.5748497922164337,0.016996036632129046,0.9237140088630922,-0.964611415857138,-0.28845009235381486,2406
0.13673945284762232,-0.4498958607552845,-1.5694493354444923,1.2771532088400823,1.1813776241165772,0.30734238631178756,1.0327782068006646,-0.620424657347577,-0.15530439529580273,2407
-0.04289761820009665,0.2882269485712047,-0.9918353212545343,0.596298198882479,0.37127456596766023,0.36297281495219214,0.06753764097292561,-0.16742656830001298,0.03975218530144234,2408
0.37277413141649607,0.07082385389279863,-1.540618002568326,0.907080551741066,0.3463521534822217,0.31492174948606533,-0.08108418039408369,-0.18885342178218534,0.2427918119333789,2409
0.6945313777570693,-0.011032583861373353,-1.822222914996168,0.8195032220476074,0.12446620256054662,0.3679645064067833,-0.31728427709311013,-0.07889704291408997,0.43643137549114686,2410
0.43158886419769055,0.270424645786169,-1.3754761764748238,0.6401424801832505,-0.2383978618742752,0.2183629450629075,-0.5576176742700301,0.019928633041512243,0.3811198270785611,2411
0.9643062963282922,0.1488930869974288,-1.906383610023205,0.6893928954284704,-0.4160064608861064,0.502937164595392,-0.8574171376543354,0.18195455613648123,0.7597402835604153,2412
-0.08611370401165715,0.16743388989435115,0.11414161806938407,1.100895561473731,0.30859965534012745,0.17281569452951281,0.5030197160755672,-0.03877215596706453,0.5647034061803572,2413
0.12216247406549934,0.03206896538063785,-0.9249088506550067,0.1901009671604559,-0.07294279491061945,0.31562518171770276,-0.2884610861804616,0.14835307241317272,0.3063928890900652,2414
0.5885971644882527,-1.5214277386544284,-1.9336667188065766,1.959327105994776,1.3005275334105062,-1.0766273846390229,0.767465207632469,-1.210763347314677,-0.4350926243143227,2415
-0.20256514523679692,-0.20786582098433615,0.5383444969003326,1.4158212637443477,0.9405389338674656,-0.19051384957199205,1.2570298915980278,-0.4059232912555748,0.3416947906302118,2416
-0.7279373914759193,0.4248907282624364,1.5670049600106588,0.24569272705589648,-0.07289005691881296,0.48015841623971056,1.0218358325437862,0.45662925743596006,0.509656025219098,2417
-0.6332827544805292,0.9586372408346373,0.5414472033864938,-1.162856404964586,-1.5021749809671516,0.4156765883180337,-1.425494413667138,1.060772004061677,0.5762744538040621,2418
-0.667058709927815,1.1462207244351776,0.7939510068960701,-0.378711179673951,-0.9292969306857696,0.31472742919055446,-0.73995008393769,0.7175092475713368,0.6456788049587515,2419
0.2838593611286954,0.3936628197360991,-1.5814976165851817,-1.3634067681017072,-1.003482909680899,0.9997888969578307,-1.349326673455354,0.9017097966839425,0.5398606547329425,2420
0.2856073279968418,0.8084060877023795,-1.5027702783813928,-0.6446596599183662,-1.6592353478000839,0.2325594034692619,-2.2263261521203326,0.773025590643857,0.4600008013394142,2421
-0.8408908086340169,0.7934213193674549,1.0320768789913224,-0.06771977523620365,-0.7186686930189813,0.3473381217459413,-0.23578560607949595,0.751287362643269,0.8531607616715443,2422
-1.0837577137728198,0.43268561123742755,1.9993118344705452,0.8004550000588115,0.4451225819476256,0.2189219250923318,1.2610766023258002,0.4938163302679907,0.7766727667835388,2423
-1.133534194914139,0.009632684360604672,1.5542645768592591,0.1457761713682089,0.5012998575126046,0.49235718241441506,1.0181783646246723,0.22677188260078152,0.4857972970041688,2424
-0.9741130164286511,-0.6069083511368514,1.7119442084204106,1.6598396978724106,1.8958243790156522,-0.04716767046068031,2.7500916736190093,-0.48828823858882875,0.5022794740437618,2425
-1.2476145765445057,-0.30046695704783005,2.027787363110897,0.5304932509907669,0.9357329936375223,0.03968101633043815,1.8824017407222815,-0.08390099485002488,0.3585444569201312,2426
-2.0460245019944483,-0.6600934877887327,3.227248944818219,0.33504009187065104,1.1998782557796828,-0.11772967798832393,2.45160169203288,-0.3177320030377553,-0.1287410232372867,2427
-1.3065659764405695,-0.9554208943527999,2.1680517288415815,2.0677762445029018,2.600276105795837,-0.233731123100306,3.741585831057699,-0.842558600670371,-0.2834597900112611,2428
-0.9388730034009735,-1.1509951185126477,3.2237933779121737,2.966939187316599,3.3008923726484203,-0.47502218960659637,4.627064556660757,-0.9958004180299611,-0.4425037020166272,2429
-2.400890714380218,0.2730344972560667,3.996766953449597,0.3408465204153437,0.7500807676117971,-0.21393178967937643,2.201790248704121,-0.12803164523906704,-0.40779292654162286,2430
-0.48723869528451014,-0.7277326285059007,-0.08479323786199065,0.7793594509039854,1.1417961099410419,-0.31282827758092996,1.4892940082479815,-0.6047641943645156,-0.2893804286201088,2431
0.2581270332177048,-0.19224163185684873,-2.106593558328057,-1.5485846632539377,-0.5986246334457332,0.08166273946569795,-1.280391757246003,0.299019842689004,-0.3394677133630151,2432
0.44814140728500806,-0.19259738558403874,-2.3698143170744017,-0.5820298668796574,0.16381645274401643,-0.13639755287853703,-1.09208495020583,-0.35245643457454123,-0.1387731132924241,2433
0.1964448602469251,-0.04528446704466087,-1.386424351582481,0.40923569602292403,0.4838044724963893,0.2080763755839208,0.10221821656454579,-0.11403065397191003,0.009904492356371275,2434
-0.425123486033486,0.46770794399502175,0.11790242858865288,0.1648374517619742,0.3939359233471068,0.5847268677991032,0.4202880136133201,0.2909494379077664,0.44097089816573676,2435
-0.39881289890002514,0.5333845185234396,0.47393075244441735,0.12463904002315224,0.04542095259239623,0.5917319556131413,0.3348992729817598,0.5521931303498063,0.6085363414301032,2436
-0.4507819074624077,0.44096644682044744,0.4930307707617673,-0.09634774532360002,-0.10875395796797299,0.6501821220091811,0.3440044220713334,0.46495236968915565,0.5421450229588897,2437
-0.2095883518464697,0.41926132042378356,-0.08185286329537088,-0.31620666368470174,-0.37125169944186265,0.5590536574063191,-0.33255446960138235,0.5868912324455358,0.5581033088825671,2438
-0.13760034456246167,0.29575821687196185,-0.16147270414236842,-0.13424351526558714,-0.5000451282856209,0.3254556165943116,-0.42766585313249306,0.44581969267442184,0.4524548179503679,2439
-0.15050873616682167,0.25410763088744204,0.023546524226584705,-0.13451904972439827,-0.6074768064386259,0.22443558911703618,-0.4902557132611968,0.4684045701957996,0.4865560343606557,2440
-0.25723379646835476,0.20570254752022038,0.6877643295879655,0.5385301528282596,-0.37550264861343474,0.04672736486903856,0.05732113165682662,0.23118452175519452,0.6599781584467265,2441
-0.12063837938921623,0.16534921541307568,0.3341485307273812,0.7061306655907922,-0.25774105772697564,-0.12418176991847486,-0.06707458691123977,0.06762057489529662,0.39186132131249585,2442
1.0919312915071597,1.0308461913826632,-1.8500375854775275,1.559627763127487,0.29626303567497153,0.7491066930024418,-0.4847995328730231,0.12378278556003645,1.009389652727194,2443
0.45564244093681294,1.6461664358819774,-0.8414944848391466,0.6784537862958856,-0.25216273120154603,1.2287484152279684,-0.8189452807212114,0.8567771053249756,1.3439344477767563,2444
-0.8223622685678823,1.11133683910222,0.8532312513419255,-0.7212069745645631,-0.5495981359836909,0.9871338744865032,-0.21971938952357345,1.089759147648579,0.9553882658026057,2445
-0.728707357875999,0.9301496302814523,1.972156915565629,1.1927885786963954,0.5218163209340623,0.5049738137797138,1.0764990686315685,0.5043529205864707,1.1143023878730065,2446
-1.742877507569237,0.2217852095996662,2.8731038684334376,-0.747555714716909,0.13225348192368602,0.9559214359503941,1.587393762356961,0.9156932831203684,0.27655415290928764,2447
-1.0049439123870318,-0.24606404259789097,1.2826451942910997,2.0141778442270657,1.6008270923055714,-0.4351297068497489,2.1095395453127894,-0.4571402970345293,0.1630980121063195,2448
-1.743655794590145,-1.094423334273117,2.9382424789894492,1.5252172214021547,2.2143222054357636,-0.43912354437456885,3.436901898383487,-0.810747905800641,-0.43667211906100084,2449
-0.43383621345112805,-1.5073667946856626,0.9341639183662426,2.8700599730145693,2.808386249370021,-0.449059984228488,3.4456232936885733,-1.5578321109499984,-0.44750947140851643,2450
-0.2479147958562062,-1.5042474745945984,-0.2788258749130351,1.0973717493420594,1.4166825080582224,-0.5608298507080408,1.7715339970207864,-1.0300187561528582,-0.8752393689226279,2451
0.7606403058759735,-1.607419403273703,-2.52902464336384,0.7594179890460945,0.9950676113465908,-0.3059003497087323,0.3101348834577025,-0.9707262056210322,-0.558970878552698,2452
0.8635161836565879,-1.4564180124420893,-3.1161493275259238,0.8202677064328336,1.1053498682499592,-0.5206889425661182,0.14024231527851883,-1.1854906871909427,-1.005958997652674,2453
1.6689880966570707,-1.4087092892846211,-3.977517919563836,1.7897645242051214,1.2758335417711097,-0.7654777652329426,-0.04063784321660803,-1.5910379453593464,-1.156791229596926,2454
1.592626397517836,-1.7902572363935074,-5.007593952946647,0.03281202930213944,1.0841735433011428,-0.6599593415616205,-0.5298401046472208,-1.5215764008050026,-1.6807765658963012,2455
1.8849266763941148,-0.2558753560908242,-4.431195885320276,1.3083093027780395,0.39319315889967793,-0.47378557899172347,-1.4504712966856552,-0.8177926732397207,-0.8578375375400513,2456
2.6848410631364885,-0.21117657045120927,-4.7793383938826,2.589044546031182,0.8680296514066002,-0.22848101992951064,-0.8434713240038871,-1.0995205115479127,-0.0415473546778249,2457
3.3681623510902847,0.17705749861503317,-6.548834933466153,1.9119090335245446,-0.002683662587585095,0.32308824755607907,-2.167680954123692,-0.6044004408693617,0.5646027672435698,2458
3.8686311943123286,0.2976064223855673,-7.176135739866977,2.020647108764878,0.09350901932992307,0.7856026530215737,-2.5293782109191647,0.1309951314319673,1.0712006059273256,2459
3.175894759836253,0.7904228439355616,-5.916851322803816,-0.9289709485338317,-2.3925222851399464,0.45697093174864184,-4.21673301511798,0.8656690181277447,0.6235437225956347,2460
3.2171279434734417,0.5914974296329307,-6.032716013059602,-0.36946186686720045,-2.4940778721680408,0.5851102691877459,-4.474982502944775,0.9211271335085006,1.2081176882613034,2461
1.4338376973114353,0.7736621524697415,-2.619065757641592,-1.480797616404791,-2.6986334306601285,0.7224888711502591,-3.4974731620445465,1.5246337476882945,1.1836525505354576,2462
-0.4860022349787553,0.6534046180039612,0.4234261432374123,-1.8516661383310247,-1.8909058580853828,0.6629898378050328,-1.7007364744177267,1.6039539519395067,0.948757466545379,2463
-0.8947857955615429,0.21064245255951475,1.3725921428482832,-1.3408483085544016,-1.3033869326731515,0.36361572806898956,-0.8352989225726165,1.1425408094434386,0.7617170580046605,2464
-1.294757100141654,0.5222490868983157,2.430399935134407,-1.198456602411972,-1.3298505429121568,0.1481014534082355,-0.4942676882670582,1.0114017270238975,0.5546969295465821,2465
-0.6418983606351717,-0.15129247230394793,1.1030137742660768,-0.4572023908402358,-0.6160006265884477,-0.012206949215674489,-0.07797320658038474,0.4724744706373578,0.47877353914310855,2466
2.110648432027577,0.11907160771712218,-3.0890193904874446,2.75375025721385,0.4298999340379093,0.324782834649943,-0.5311652693310525,-0.38370331063800867,1.2327697329387222,2467
0.14074166229010218,1.4466121319999492,0.8440858807453846,1.5044904194624926,-0.2821908128134393,0.48972951254872554,-0.15165651235642288,0.31456156139041497,1.3552186637670138,2468
-1.610412554143184,0.5829672643193555,3.1081076948453417,1.3214672928735778,1.1438908956795681,0.12407045305306134,2.2606743721782636,-0.028059668801055287,0.6830223212915365,2469
-0.9822379662442704,-0.5477408742022755,1.9558819377306995,2.038800691534264,2.204924033480913,-0.35328133803933776,2.7822163401536533,-0.8437659481578174,-0.008739172100766704,2470
-0.975312966670746,-1.6385327213758691,1.950964205293733,3.4807438910253303,3.642674898973437,-1.1313063346851364,4.43126307151427,-1.9400942535955057,-0.7131973563664928,2471
-1.4052942762042502,-1.1085489648282372,2.4296392420557598,1.9449229033018642,2.5986108285508775,-0.6568464144116269,3.660234600128264,-1.1471729096508012,-0.44238095529425175,2472
-0.9014909950616224,-1.216529912362786,0.5409610663140199,0.4503029760797555,1.6586153085572803,-0.597960296423967,1.85517411663621,-0.9536577389121512,-1.2470209000370993,2473
0.5884852357185747,-0.7488487119073152,-2.100285726959574,0.7195311710037312,0.5125093143545102,-0.5751533847874415,-0.04154043287995531,-0.7166050123482393,-0.7691446232451246,2474
0.9943369570239015,-0.6648670125022881,-3.2213817559337263,0.3783688296102082,0.5046384466903965,-0.23210970692127253,-0.5593518172543169,-0.7427080535786361,-0.47093068718382314,2475
1.3485567897681467,-0.45110011635428254,-3.553989582783847,0.9216388348319573,0.36345781345149936,-0.119533421547743,-0.8313014871093406,-0.5141998604102856,-0.14343710502584048,2476
1.5427754473628796,0.12843405075465045,-3.370005421831681,1.2952861026024252,-0.09112512532676194,-0.05679986476198248,-1.30713901700455,-0.35011702420147395,0.15204059566456218,2477
2.4025575389114233,0.4185437310684425,-5.080670648384461,-0.13973782626696787,-2.070970085038787,0.2396191851167998,-3.8145906167053747,0.3883751647120064,0.24816839402796698,2478
3.006011200550272,0.20791149213439428,-6.801710828548713,0.041170831122457716,-1.8677852938854649,0.3937192460314297,-3.85446866424717,-0.16780797345071793,0.7233596868664521,2479
2.5597225338219745,0.7895659732852214,-4.690489514175074,-0.36405139489606037,-2.8001325059853865,0.6819851335842159,-4.309113819258642,0.9631529578468653,1.1779983958149167,2480
1.6425038586426017,0.6023057148073002,-3.3050695123274045,-0.7961215081808588,-2.4892549530618737,0.6428726190191663,-3.4470684823517455,1.199021948324101,1.2897452290618754,2481
0.9654663551561039,0.05036520967567438,-2.3649275969238777,-1.8374999754997534,-2.586289102054075,0.7105459940065348,-3.4895735694127468,1.0981347798946886,1.2876011844419633,2482
-0.28599838482627143,0.015338674170200062,-0.6447892506910268,-3.3851052517610527,-3.316372292635696,0.6984134214307058,-3.2466091905693215,1.681631464284624,0.7879896781028772,2483
-1.4976666682756021,0.23964248947292802,1.2338113293380866,-3.4208070496678125,-3.0322495868140904,0.20331256543557177,-2.497009620299087,1.505442757958382,0.15703014571066531,2484
-1.2991325290997129,-0.7920878597215344,3.577052202544672,3.0135130259554117,3.073558636989845,0.24845914377942946,4.738899545816421,-1.0359507144525597,0.5161683852313548,2485
-1.8375038581652754,-0.4117329508013564,3.566842765217161,0.32024407123434373,1.1711073458841157,0.3573701993909848,2.7902909339582562,0.012286609516989724,0.2855062779283604,2486
-0.9861244552458404,-0.46541193185880136,1.2073951847339515,0.822043913365937,1.159039957212649,-0.25043395770761884,1.787001244237755,-0.4176148328729645,-0.08595206854778288,2487
-0.7234727255734664,-0.23709910042432653,0.45264225873844094,1.0356727195880282,1.0985492478285377,-0.33459340831267603,1.1985559191549888,-0.5108954846169395,-0.24587472423353138,2488
-0.6525181694018702,-0.5730270027468503,0.6036399786509726,2.291880279949557,2.4861131047601326,-0.4694689525812345,2.7793942026209653,-0.9580058325628609,0.019741652123806634,2489
-0.37932701326307156,-0.14974950335950088,0.4656865731346218,1.9973817431447254,1.9830578691629637,0.1936598598467919,2.3775552570776908,-0.4043626263934121,0.749968091861069,2490
-0.7656702345482788,0.839776475809271,1.1503252220333633,0.5453124461982918,0.533050621395656,0.7763155989106115,1.0923759409914517,0.7252231072965095,1.276728609228496,2491
-0.48860224739956126,1.214409781098975,-0.29277464750707316,-1.4641072426987294,-2.1080341915247596,1.0653355613147268,-2.2256147219766373,1.4978137220570675,0.968495366242833,2492
0.19148582979958143,0.7595395603218951,-1.1881433436532314,-1.0444148705089098,-1.7615557761991383,0.8552589250678696,-2.0593627652221214,1.1265779643219023,0.8785170404010177,2493
0.20024204079129979,0.49974282756803484,-1.1049337815745655,-0.6928415911840113,-1.5547049650596452,0.541175984545511,-1.741759118881309,0.7352419648355882,0.7193203936815867,2494
-0.40046342260414586,0.31571684505789027,0.1868604011184681,-0.44577617666385116,-1.1863833397266585,0.45018672272060595,-0.8786491566443275,0.6730396445948035,0.7484035315496634,2495
-0.2344910075934269,-0.5826417961247858,-0.8178663021929198,0.2658056527792947,0.9786826243391906,0.005622182103451486,1.0556382223696477,-0.17938811654427106,-0.09500010054499475,2496
0.37640276075190215,0.5239104282736289,-2.8931541833704313,-2.0928407098183284,-1.9223858080804435,0.2854234355897181,-2.8953860743235,0.9634875521673719,0.032805568666459194,2497
0.6536250764212975,0.7215955517017745,-3.0685746591863143,-1.8685305485528976,-2.227918578631964,0.3729691839979957,-3.293093634371308,1.0119471055754603,-0.01572780295072227,2498
1.2529402593774444,1.020111502555505,-3.729109932531888,-1.3563541901257548,-2.826432004734433,0.5984061394473921,-4.10566827256989,1.1480317288426096,0.6658220078324586,2499
1.133814266684381,1.3386968771314536,-2.5943374569841566,-1.1577201775854964,-3.135601669714774,0.861408750220537,-4.023030599944562,1.3210935173266547,1.0643406370173534,2500
0.44035963749152635,0.7488938519486009,-0.9680896393070714,-1.169505993164897,-2.3179324676968367,0.8025634347055036,-2.4991874734541835,1.1343594635416352,0.7732485441584358,2501
-0.042642414663286686,0.02249668757627322,-0.7749809883803499,-0.015367673340767853,-0.21478657092156478,0.090196280452847,-0.42575284133288344,0.10512278458746938,0.0604421244571129,2502
-0.16438850953100695,-0.30741639329827913,0.13936510698666466,-0.38078007363725036,-0.5101997792453248,-0.01853175376741459,-0.32120714682606843,0.2404930610854016,0.37565287085114235,2503
-1.8098940750169235,0.08174278963843734,2.5532723698294846,0.152151065374424,0.7438146235771975,-0.25410069626215154,1.616402084861592,-0.0022321670834890366,-0.15419178088716123,2504
-2.5619556401528234,0.3836838439648023,2.9990577700450243,-3.0443620543641767,-2.266328790099877,-0.3321037793695403,-1.4713472169656405,1.136047841087363,-0.3814026157941538,2505
-2.4288667647316173,-0.2201092499058048,2.7078707539712505,-1.1932663342908854,-0.3626846457431931,-0.695556885641464,0.48065579826352595,0.114717255050646,-0.793676743622564,2506
-2.192547857369349,-0.1153682814834995,1.982094184408432,-1.19275442017551,-0.29763260311861695,-0.43719508091927256,0.3690581681128492,0.14240071431458612,-0.8085670957266531,2507
-2.318211137951694,-0.1822631881238835,1.8650500965109968,-0.5676087031885352,0.8521201095445667,-0.35987690755357854,1.3980040102602442,-0.19739309031326155,-1.0451177128250995,2508
-2.5724111081516656,0.1256111646029951,2.313533170325988,-0.425732433853089,1.6060340035199097,0.22285780150461507,2.34971958303311,-0.004693604947956575,-0.797670344571017,2509
-0.7329425609485773,0.0596833078292176,1.46497405568942,0.5782209180110658,-0.7732900455497007,0.07577808838108177,0.012267841054444898,0.26186423387750685,0.7777774588628915,2510
-3.17722300967978,0.34370233021764185,6.047666942828661,-0.002684206167670373,-0.2055862793309981,-0.09815278554920377,1.9315540210109619,0.34129654527930586,0.572954388348824,2511
-4.14100075238528,1.1127925566101526,6.461865672264479,-1.6884728246610898,-0.9482163043077134,0.16461798485668142,1.2017227135457917,0.995817797369885,-0.046831026152744475,2512
-4.472470152328499,0.44322529031525315,5.977869641336623,-1.357032394454354,0.7605438216949177,0.03122134882470074,2.7738883565552057,0.31674753592688576,-0.7017805113088929,2513
-6.99587275030361,1.3850130306750912,8.677685722964616,-2.4132371673893034,1.2105570353847277,-0.12998858951275696,3.828277047242239,0.548643795127297,-1.7008286084083968,2514
-4.517824035104842,0.8119794487289196,4.690688856904055,-1.0585352327279405,1.7148323850464884,-0.136056036007696,3.031643926426942,-0.06810823794864032,-1.6969233774937034,2515
-3.7480674643857115,0.6605423552588112,2.552280715107222,-1.1103658219495145,1.4786633444697943,-0.07807328347823933,2.0520867070398636,-0.09587790602571315,-1.961940968253609,2516
-2.4119814193999973,0.07209532765984934,0.4600917586840804,-2.5882258883377616,0.7791428271880507,0.9636006757839662,0.9802194154025856,0.6030252630129647,-1.1643984790724398,2517
-0.13119838101071857,0.34746228822361935,-0.10841149569207272,-1.2197756310588546,-1.7156867560220388,0.7216840970293203,-1.6575288303979332,0.8833513374163927,0.5615605822861115,2518
-0.40074103199757005,0.3425081060582492,-0.2992939961120198,-1.592937749050452,-1.6410158187850667,0.49456955521984053,-1.7248901887152552,0.703076772895008,-0.014014434465497041,2519
-0.4330752451862571,0.39028294892988424,-0.8587080208382959,-1.65381452397861,-1.5019657478973474,0.2661918515648979,-1.9150118622209313,0.4885233471196881,-0.5484959309172699,2520
-0.719127979292674,0.38940543418173557,-0.35292994265535715,-1.1603908716794695,-0.8761424118902384,0.13295310696675144,-1.1231936615253286,0.30470740236077243,-0.5799907529572499,2521
-1.4472419165652701,0.2351027647667046,0.8515909335015577,-0.43409576552902496,0.38169449081856943,0.04957415150779746,0.5882731564198875,-0.02872005512342385,-0.726167994509907,2522
-4.945972897791168,-1.1960905684672272,6.7871976021010205,2.9978354859571,6.475809297555706,-0.9635653712326717,8.64336573519067,-2.202155220591119,-2.3935900417712253,2523
-4.281463257495757,-13.05733380112918,2.2363676619209847,1.2647244773728734,1.3664811902323981,2.5719708942565074,-3.3222084053515752,1.872098785467196,-2.065690794751926,2524
-3.5658644918132256,-10.218242214622371,0.9565722451182495,0.3630725998287203,-0.4703079492875857,1.8254811754950255,-1.1947405373628999,1.2185961331845832,-1.098014182957016,2525
-1.705677047174017,-7.579314895314709,-0.4348146007806663,-0.08498447027539592,-1.1505802056707881,1.5843136631271375,0.8969799535865488,0.4565564602202677,-0.09511882718866316,2526
-0.8634040049396224,-3.596032470880734,-1.1756063018095009,-0.6714220923622827,-1.8995957535073356,0.6385778008459553,1.9348284553795911,-0.1427185024901921,0.8154926154654342,2527
-1.6915292680100347,-2.367730146554256,-1.4425334158497436,-1.389300400168345,-2.6869111032304986,-0.2036452865663109,2.2488234591726806,-0.28444721074685875,1.6029047640167562,2528
-1.0992163886954311,-1.1508345982604846,-0.8067740393888005,-0.9147389463909416,-1.1320107799693604,-0.5278016493332024,1.1161087631523146,0.06494862519074232,1.2338367925683558,2529
1.0574187836086872,2.3896733264618213,-2.126463367624971,-1.3522513378052476,-1.5880355319180997,-0.6173523564895864,3.072268424036839,-0.46424055299282413,1.7759411808527967,2530
4.701872512207901,7.258128078172438,-3.601537680846891,-1.5532337093824866,-1.3790114950164902,-0.4391224412296249,5.338824563162119,-0.830107745434364,2.152884150197681,2531
5.443865300812921,8.438314531397724,-3.3090935484560178,-0.8061526424164546,-0.2163430803725056,-0.16544355032724864,4.682880823479032,-0.4053785677335335,1.5401406111067575,2532
4.925021867545789,11.065604523842588,-0.3884860793253895,1.1479566122869511,4.428148104675683,-0.6172990552174208,-0.5330690200273582,0.9104558663972373,-0.8690847679223637,2533
5.567076579914433,13.8712561386336,-4.329501785749626,-1.0431847042718632,-1.281120399684511,-2.198032382817129,5.5545276243199915,-0.6197843693468242,1.7532188754764342,2534
-0.04159080591208228,2.3199473700381934,3.143537184641818,1.5820922516899196,6.413980406135312,-0.18582048764379847,-5.689312262008545,2.39910302824334,-1.815077236573474,2535
-0.2099879293186498,3.533876523432716,1.934167793718417,0.8476075151369412,4.507681561606811,-0.6109673754797419,-3.8751297151583737,1.55538893650199,-1.0509175158584245,2536
1.4350780007892154,5.278602697428937,0.6307102618152611,0.6144521606399919,3.0468599461557293,-0.7083398128402643,-1.7452555355031665,0.8765042388508043,-0.42246098614158933,2537
0.8395464173158654,7.138123288040714,0.33954384669248333,0.3688659344813808,2.306190708793631,-1.5637763498475963,-1.4603316097857117,0.7341635907377905,-0.08137891637285856,2538
-1.1314017505946083,4.456553632087158,0.3433712326262611,0.11064460284907504,0.5316171124264693,-1.6384655606868435,-1.2467582086429612,0.3969152913566815,0.14311212008909574,2539
-1.557403248529668,2.6015590744126684,0.18937683559830085,0.37656345303803057,-0.581718282123928,-0.9521574651208745,-0.7413663341847226,-0.4929995750967399,0.20333378473640085,2540
-2.2477597129892923,0.15578165051963178,0.05005981782293806,0.5029700327510923,-1.748194762639617,-0.7410512819597014,-0.3859981611385272,-0.6249464811409492,0.3513445323588638,2541
-0.9601099465588884,-1.389064728484038,-1.3823031002112938,0.6398661505646079,-3.8040703050153604,0.6491036195135053,2.2509246372657845,-1.8232036214271596,0.7454000702337211,2542
-2.212057814193781,-6.296814047094586,0.03373165610789623,1.4301869450450737,-3.470473713344265,2.0207150809697754,0.7453058420927986,-1.952865692202481,0.31125569963784433,2543
-5.358583710501022,-12.22936847024663,3.5804456228788824,2.7161927642884556,-0.5834319939291586,3.091652126406909,-4.575512813154447,-1.039947061976949,-1.0199875776090765,2544
-9.259101983475118,-19.883229910621747,4.82406236941487,1.9791812787877292,-1.9259714501261578,3.594020593611697,-5.807322248765655,-1.154986411641897,-0.45483369303489957,2545
-7.072850546230217,-10.18867485256228,2.556695807302231,2.3242030114228256,-2.5978208837529655,1.4338199794165811,-3.4692114833154584,-1.1014452453275287,-1.0230513976396345,2546
-4.781973419845757,-6.737809142233072,1.4231891483111991,1.9422119964796694,-3.289112845024372,1.4405218086979563,-1.6839424143893738,-1.6841755107518959,-0.4120228077910991,2547
-3.7727684653575513,-5.982349225674082,0.9516159213401755,1.566822274255852,-2.6307539881568878,1.3182315447279023,-1.024563692123885,-1.4824201347374693,-0.012624811360645104,2548
-2.9415450590161707,-4.174339267358797,1.2172632862102204,1.0156049481636042,-1.7753623596748198,1.0733312716334573,-1.424820450553865,-1.4066901046256284,0.18177841782696083,2549
-0.21552693871594025,-1.1148382542908766,-0.20070508158022393,0.322265579677544,-1.803321498469136,1.0627539271365303,0.667615522764621,-1.4256968549296625,0.9938853469047539,2550
0.5815133892113723,-0.49204083759680345,-0.5078724543578518,0.305986421937857,-0.45422620188979607,0.8258005773919431,0.9178107823757613,-0.6082508545882316,0.8644386929935705,2551
1.8592554800055665,1.9320525384542704,-0.6218477656575969,-0.15604176696578564,0.6869363637520518,0.44519080643582976,0.9580802685363056,-0.04691027750641586,0.7797452542546812,2552
2.9699770704497066,3.7347648274894847,-0.6897521219051423,-0.16127889021576094,1.8385804345140593,0.35644480939690054,0.7824267046066351,0.2766473034014556,0.7473757700058677,2553
6.870315342769349,10.9777204419875,-2.894704352813726,-1.6722540717230618,3.2892095312010743,-1.1791320719782294,3.470942090502732,1.7301377117504402,0.9461639023128888,2554
3.5122520130922372,7.176858405007344,-1.9804852665946284,-2.602064691172399,5.5525902472918345,-2.722694978359524,0.8482515727159597,5.085441491919942,-0.6034781151304542,2555
5.657519828112154,14.67565623379766,-4.775554321095527,-4.0365645455330155,4.379896134188614,-5.072776969804825,4.434213056380799,5.672015590839102,0.33657829337947603,2556
-3.5993707494404337,4.771121732633156,-2.9334233872044373,-4.003287827922485,0.7916536236994517,-1.166361458665397,2.253441970917823,0.3279173677496358,-0.24916672919056254,2557
-3.406446901684748,7.017165907300079,-3.6364281791062565,-4.404731759184298,1.188734696225424,-1.3747351322194512,2.6069869850930987,0.39112322273183564,-0.5312037658058126,2558
-2.5001831743713687,7.946151256192852,-3.3230293903946007,-3.226445287445306,1.3360494231143871,-1.3129449529718524,2.048538719559599,0.31412146768570365,-0.8223361625333031,2559
-1.2959849320552215,7.477785665837153,-2.743800287687905,-1.3414850799103064,1.4048789112402622,-0.964559271925005,1.491070361864644,0.30763720598796945,-0.5455384814699243,2560
-0.5170051613456513,6.616003347312687,-1.8909397425522305,0.6728383888286334,0.8988768504453136,-0.3988626283832853,0.9656027844628704,0.2948183927029193,-0.2896856865589962,2561
0.2770240697299823,6.007092269087221,-1.4614441072464874,2.566929122312729,0.47918229520687505,-0.1075628127289423,0.6244801989693554,0.4698837159229048,0.3069945218707585,2562
0.6176626352434784,4.76678663415204,-1.0634972226414492,5.332464002794435,-0.6397500787669396,0.8040166992617043,0.4898618004885151,0.5904842070077335,1.2829614789697001,2563
0.9487146457298502,3.161209606566397,-1.433739499706824,5.142224160387682,-1.3357025603099473,1.3452353456464659,1.369767225598292,0.8637954253349451,1.8822814881133139,2564
-6.692779839188438,0.010200555757273789,-0.8001554672981532,-2.841552219799145,-0.44045648511597996,-0.23309173592414878,-0.3937135594628485,-0.5832842232270106,-0.08414309808629825,2565
-6.77306252307491,-1.0806002674792232,-0.901526384338593,-2.1426759921832184,0.08453124068695801,1.2824344110817194,-0.6176452902881409,-1.2485543792193736,-0.5954696242231069,2566
-6.308385209457687,-3.179816696880076,-0.009256370073935857,-1.434478093923847,0.6145447869494557,1.9751456563947198,-1.5345486588193737,-1.1579665336841745,-0.8357267193778912,2567
-4.2309806091826125,-4.34466385553235,0.4546719421624589,-0.3465153378298971,0.9887140799719323,2.4839211958222176,-1.7929210903668216,-0.9604854498294227,-1.0869753588158442,2568
-1.9866578129440162,-5.460208879909341,1.080210678078805,0.5095371570522773,0.8482044108865529,2.4602874706521654,-1.6483395392972529,-0.6903166489038584,-1.5758568959242396,2569
-0.09740120647669043,-7.0054616434079255,1.7888024001978162,1.2129911137152294,0.47621036777751785,2.4586553666819935,-1.7995284402837552,-0.853245917995241,-2.3318067487630825,2570
3.2347613202909797,-6.636994521794299,2.5198517964972367,2.0737794774036864,-1.1588773325063528,1.169248270775069,-1.6473925478413418,-1.1771940086022663,-2.503429541284958,2571
3.2480355387054045,-2.2165923554244276,1.978443030777354,1.4607226240827995,-2.2289926158751063,-0.2448110143468272,-1.1489471716154118,-0.7630579775700145,-1.3971513893522582,2572
-1.9963832064084144,0.32179601349329395,-0.5673647564435638,-0.9911850066427179,0.8532690705227132,0.2832310243648774,0.043705589008557866,0.572167868433214,-0.17898601905141615,2573
-3.3536409279605834,0.16620022784722965,-0.42389717810506283,-1.3222839248551708,1.28081717185199,0.16447348240612836,-0.3999386761110772,1.0187458832065617,-0.5187458814595893,2574
-3.704644344734129,-0.08608161634254617,-0.4414909067291532,-1.2709743179696475,1.6176127641006641,0.34274257473014397,-0.23831565610809108,1.3705835348766,-0.6445666060385872,2575
-3.399395545899716,-0.46311383718113064,-0.3765120547130676,-0.9413153968364593,1.8316682806226368,0.7748966961445136,0.006155787307558492,1.434535701921362,-0.6094795467968726,2576
-2.6393406253432206,-0.8209987727201764,-0.25407989626489597,-0.5232830912026302,1.8492571626781973,1.1351633924952302,0.36907953237895424,1.3470714097789898,-0.45260885485136504,2577
-1.4797343936556844,-1.2223659969707332,-0.14259341586154092,0.008166304310200786,1.6910907482583784,1.4643567839764542,0.7304863057531535,1.1640570396262,-0.17938037909250965,2578
-0.13212292376710005,-1.5422457394042672,-0.11296878957766614,0.3071879576764943,1.4265305917103441,1.6544066872997742,1.0614645582758788,0.85304590935841,0.15463711017578807,2579
1.4678784827850342,-1.913103506140664,0.008916329230362544,0.6973976407961103,0.8744334188442203,1.5622353550057009,1.1917329768572944,0.5642607085831324,0.5705983132480601,2580
2.8177008287378826,-2.051223358849896,0.08452388939134708,0.9713884069383875,0.20589731295001684,1.3021606230692913,1.0705155113951603,0.15995904615054762,0.9815378195993656,2581
4.040925643467782,-2.279769465160162,0.3098424443459557,1.329635346973851,-0.6878105352134535,0.8280888532315007,0.7093619273328977,-0.10782288801062695,1.379206270605551,2582
4.391693797269783,-2.189682783189237,0.4380315100127184,1.2055978837825658,-1.2853320055257582,0.14737811735365716,0.2997548858853417,-0.19894693776755032,1.5623331859725553,2583
5.384847433109086,-2.686754943514273,1.143449537673655,1.7206445312613619,-2.4266521636615566,-0.9788942912858177,-0.5514189408524893,-0.3447378248255565,2.1093700271161535,2584
5.187329940916562,-2.504847682253714,1.5332354290281034,1.9911842778906408,-2.9946420708888764,-1.7520343719751852,-1.0758265072157847,-0.44153167090543927,2.310861331359521,2585
4.844128593864029,-2.3692983383766735,2.2206023294028916,2.397698492887017,-3.653011907767278,-2.7272517257144124,-1.7818915782089246,-0.5240319048413679,2.5059476179028497,2586
3.6478196131269094,-1.6911325047224717,2.3899026757247066,2.617083220113462,-3.4673456429061345,-3.05521774163993,-1.9804843073502028,-0.5026508840840871,2.3575769050929143,2587
2.304935511886339,-0.8648705245133462,2.373790946000514,2.7729364511825345,-3.132330957836975,-2.9756165799269665,-2.1718310787607376,-0.6633051520900566,1.8769031868376531,2588
1.0203460336621184,0.4110453613241728,1.950563959685874,3.286150609068846,-2.6035993338665127,-2.731793132445415,-2.0890861074368368,-0.896352972707198,1.0129387474118912,2589
-0.3725954031246733,0.8530159795315768,0.030836677457133192,1.2662938540096293,-0.39392332501866095,-0.4134567234858307,-0.30905571343736193,-0.36733594589483887,-0.17231843692477247,2590
3.5713964646162784,5.720331079720962,-2.4063331632770883,-1.1410323399024396,1.23105188859743,-1.254465815201392,2.7697163160733496,1.3294160568340891,0.18682107566238176,2591
3.8086028986372304,7.986187513701748,-2.7134908441108383,-1.5558364321570974,1.0968286987861608,-2.399006715689759,3.023422848325002,1.8363513634001793,0.2117280681901515,2592
4.159098697819688,11.664245932820135,-3.45938041407085,-1.461018249540428,0.8398484385783819,-3.599687498132516,3.6859019707495104,1.7936056416734987,0.5499486133815755,2593
3.3870220693976356,13.762937069314699,-3.7030662194081923,-0.8707890930483942,0.3381916868590363,-4.187284899660101,3.6725518061760787,1.674980636119336,1.214235017641882,2594
1.587551946223152,14.321966326626763,-3.521222153963991,0.2834085470515074,-9.0739103924104e-4,-3.611127964064889,2.8901660769427897,1.3948501001640787,1.9863224830695192,2595
-0.06968028402797673,13.799617352372353,-3.548044042447961,1.8581920287186044,-0.022054421772807847,-2.4859861726633294,2.4658897019295654,1.3824095584176421,2.9179205837180087,2596
-1.661012635476636,7.67764813916253,-2.5947294340850946,2.7470446815920377,0.284993182872831,-0.10612029676201372,1.533000230791031,1.2470145433070303,2.74625499270759,2597
-1.742752409256502,3.4673929197745945,-2.3499597119039928,3.0993920002747766,0.385273155019276,1.3483642872882915,1.6150230599353266,1.1363177193665923,2.316059291300123,2598
-0.8939677945952322,0.12255264685938587,0.7455213837138998,-1.0694443335804737,-0.8002879504750361,0.4234781569152902,0.42843656158678756,0.08319583168550372,0.2422886077860818,2599
0.5324572288934183,-0.7138261425201503,0.8464579707393032,-0.4016771628763241,0.16024982691132217,-0.20683503176740559,0.06107036681476039,2.339604389778847,0.6311899040171948,2600
-0.24630431922149712,0.04894122499816327,-2.2697290022487233,3.0248627201695,0.8363543201190149,-0.15204475161340641,0.07898055811895263,0.23763102769956138,0.8796597097919077,2601
-1.0282411985023547,-0.29312632664913796,1.1921819648224177,-2.9669982766672853,-0.5870156685580784,0.6969350217027315,-0.08989931123878774,1.1197887811229226,-0.22300940584733922,2602
-0.7449136935421934,0.5207007931047314,0.9225249543597144,-0.9346195857863504,-0.24984912704196288,0.24311346529070488,0.030550397841845163,0.5751578600463365,0.5011512377701486,2603
0.49215198528952764,1.6338697045466273,-0.46786409432669573,2.8716761060867615,0.00923591436596362,-0.6799415709958606,-0.46281643397997796,-0.4453255348447462,0.838421561847294,2604
0.8918919191334584,0.7244132808827107,-2.3864634921853165,4.922727682399086,0.8603330984962094,-0.7125144852829546,-0.3928405363652233,-1.592169320440671,0.4339005236369107,2605
1.5759303720578015,1.433037004333448,-3.1924322164685592,7.355504749778966,0.8969040159101513,-0.9148132431921647,-0.5668413761925399,-2.104184362205675,0.8246634678095427,2606
-0.7135605973441763,0.4188178397018875,0.861734060455449,-3.2257074800201586,-1.2696639599988457,1.3258735975285874,-1.130727376014381,1.6971932034697241,-0.4519197423617132,2607
-1.0409585071578522,1.2516452985066457,1.6183086089622505,-3.7035895451563383,-1.0023419179485122,1.5687177397349108,-0.8292984540867335,1.2815833355575401,-0.20783460875118775,2608
0.5943106384304774,-0.5814477734864004,-0.4210637135400151,2.7441242984361147,1.0545542573926585,-0.35287338842226623,1.1514697312505484,-0.46896469114896194,1.140259017812561,2609
-0.9111338559328529,-1.1713524942997895,1.6514261177285177,0.6495858232129046,1.2268065959743077,-0.8755974165632766,2.0055825827771434,-0.7826223393511671,-0.15552040703519546,2610
2.041608439036028,0.06281661757120002,-6.980016869025055,7.550228793436386,1.3801675195132015,-1.6257932067524068,-0.959299467500539,-2.306496667870649,1.4735472451807532,2611
-0.6084345907963927,-2.073521094533101,-2.2635970724101164,-0.7538392264233414,-1.0654330746726866,0.08177683897942711,0.5548192905037599,-0.016932464857396988,0.009294608580173636,2612
-0.14236511975994284,0.5377987398835079,1.8404668849489914,-1.4256825510779039,-0.8860704784516182,3.2949900984159015,-0.4953638202729672,2.2801210940417573,0.826347799440813,2613
-0.36826519357941917,-0.8581078988907008,-2.2994086269326752,1.1077905549696108,0.6890320701704127,-1.0546328244307448,-0.44540519342693763,-0.887586028248142,-0.7116322020711715,2614
-0.3040653246042144,-0.6427294987936544,0.677027964749496,-1.0709188808051648,-0.5033073226323354,0.9293201801120974,0.3067933424142324,0.36385148164833037,0.5245766334028752,2615
0.6275024123786037,2.46379640192443,1.5371862223668673,1.6399396291563328,-0.28398373470089133,1.1866848543531188,0.9098845608607993,1.2833117590976955,1.4101166071669606,2616
1.065708451992138,2.0365345683094063,-1.0803713603666045,5.248289961958807,0.43776125352180384,-0.4035426036896151,0.008405330324054022,-0.8517034175616133,2.1053140472890313,2617
-0.29520802697003146,-0.34291246758855476,-1.278584771513728,0.6810014630549469,0.26223087128276823,-0.22966140936442989,-0.08090168590588356,-0.47200313071597905,-0.03970004671701226,2618
-0.26976257859335767,2.196674117355272,1.495171438154395,-5.613938558736471,-3.19291863148939,3.667917284904242,-2.4007326291521136,3.3020003260851802,0.3698164842047864,2619
-0.760447305326905,0.8495902686681281,1.50102749551829,-2.261647180315349,-1.2016294164069403,1.24995359937353,-0.5306921834639559,1.124274530629466,0.17704197955067963,2620
-0.12289496612879824,-0.8131222134916987,-0.12706867886072704,1.8959829919166367,0.7566764297347546,-0.6682591703571829,1.0241316547299055,-0.728940121320579,0.5862581453405319,2621
-0.2094979901494918,-2.6289221356067967,-1.2626154554064322,5.991256370671508,3.3963207169845173,-3.795694024885145,3.2633099564360695,-3.164878618815985,-0.49050162983280343,2622
0.78878449873318,0.36835916048855755,-3.65244782869599,2.564264290135826,0.09222987268691084,0.02144697821846872,-1.0604269128281736,-0.5646096612879261,0.7027444686923588,2623
3.786247058644614,-5.570890162344549,-9.81661251360328,4.675270281258623,2.917952840118204,-2.943675392567652,0.22335310747722265,-3.538091966080067,-1.8111479866705156,2624
2.744216594201218,-4.531591606740519,-7.885380645650417,2.717356229071161,2.0553824340270834,-2.2528703177036795,-0.30723610064993284,-2.5181145630986665,-1.8321285341777718,2625
1.6901940494633625,-3.3975183035222605,-5.918715711919247,0.812639760529592,1.0832708170055747,-1.202247981033772,-0.6369946294173054,-1.7030685831575565,-1.7124084619965836,2626
0.7602839925089685,-2.0025336596058225,-3.812834410533173,-0.5144417610940875,0.3123406713776032,-0.3475142822584884,-0.7646385485204918,-0.7495442806228024,-1.241390868886551,2627
0.5425441322592647,-2.1810064830143188,-4.5253579099792605,-2.5287172711565806,-0.44336867464117596,0.09726494924172176,-1.7350615319676486,-0.3103591849990565,-1.6033262142681008,2628
-0.2635768457206829,-0.7870173581232149,-2.682920076740425,-3.407200810477728,-1.2220890787917327,0.8078409004498224,-1.984462638559289,0.6012144914973457,-1.1118196062775005,2629
-0.6657676098623815,0.17314015243092923,-1.3210306472674438,-3.77412950420243,-1.6977010035215072,1.1954119960629772,-2.0202007996071023,1.1331255829977736,-0.5160086135836192,2630
-1.0758725206116928,0.7194479258448822,-0.03504458681827192,-3.7548079719924097,-1.8098952372794663,1.4943396079012983,-1.8062312914745424,1.5468010880827008,-0.1470858302635793,2631
-2.201643304511801,2.4552297541095984,1.4101837425142416,-6.210307406758408,-3.233882615565405,2.281132296976112,-2.307225959807703,2.6240986017413546,0.4369881927932592,2632
-2.248840464928547,2.6746416888790305,2.5155403795239697,-5.071471577741326,-2.8798786663225706,2.35277141628162,-2.1177176611519855,2.777361693199333,0.8839621428212908,2633
-2.5098858035723683,2.959505327838795,3.3726869782680464,-4.66234181203136,-2.7026220472702476,2.4143983945407435,-1.5333348823898665,2.971574980492188,1.257315886386147,2634
-3.0246635710847154,3.3671433085581115,4.75968859206905,-4.652258326103953,-2.662914542231078,2.459949844522216,-1.2672547793537077,3.108579477796464,1.72590774773381,2635
-2.7486302690772586,3.4709860222785474,5.39154268585324,-3.354740340208803,-2.292429557474865,2.0500647692401213,-0.5095105660877833,3.1399889115638193,1.593264303835622,2636
-3.152528909178794,3.0482828840016545,5.546240340293467,-2.781257000864176,-1.6501643545640843,1.8535486464024953,0.3372123877363951,2.6736794822370618,1.8190731892618472,2637
-3.286590424105706,2.7657987981746195,6.247888542735502,-1.9752153951471514,-1.0688146523215074,1.6383950935624607,1.1884919724269787,2.4185289051868155,1.8675342194117555,2638
-3.2557632159159042,2.239662475353406,6.081085973330725,-1.26149634257866,-0.3963399919593571,1.4015500626183395,1.900764393291841,1.9345519315175608,1.8038980905397717,2639
-3.11571128562521,1.483803241445342,5.895377981100361,-0.3027517618286881,0.19835148636673738,0.4781463876546365,2.2545651865450944,1.5070616938328343,1.5614483192627526,2640
-3.0369972127908866,0.9076070584849038,5.970219762995735,0.8174640498043346,1.2221877790216122,0.33164626997674385,3.40739891901836,0.747821930125396,1.289751312845759,2641
-2.6217504136328142,0.11916240674778616,5.02246632299358,1.7629254569361745,1.8211763017527556,-0.18586031668990283,3.851397136450865,-0.034068726577573274,0.9476677427270618,2642
-2.2801710509142774,-0.46083480576834457,4.257905691943752,2.4900481316865952,2.5698150519823044,-0.49394661734173867,4.131791221585575,-0.4693575748662028,0.3697708487956477,2643
-1.1675582710452184,-1.4564257147728374,2.8888059285608856,3.4682603735662654,3.237765316511084,-0.8190195472037239,4.500473846026756,-1.229002746465979,0.18420618407740844,2644
-0.7597928387873908,-1.5177667299064819,1.4371768256328339,4.024014676653127,3.445762628044664,-0.7907184522113762,4.19211393001041,-1.845530463410934,-0.6688006610752966,2645
-0.2787202298696139,-2.0564140295232414,0.008002489863172098,4.055900360644771,3.376766977052595,-1.3230071290958807,3.6960509666411894,-2.241025296726418,-0.5896516276469813,2646
0.4556251837318609,-2.1800446957233683,-1.4252740816431129,3.991869144937256,3.257405691266465,-1.3309857681588166,2.9276066648700656,-2.3232601441817233,-0.7834268736112392,2647
0.8719341862789145,-2.1235343833017777,-3.1582366768529604,3.8621150054168747,2.6306915824648054,-1.2036930884063697,1.9116480930764064,-2.2757499687714215,-0.8719468915233655,2648
1.4591078229492433,-1.4893585605198385,-4.045859915515998,3.216063805601157,1.9053683630384792,-1.1306357836377536,0.6371753404457745,-2.066742249643815,-0.890772913052744,2649
2.052976389464853,-1.2957383128040487,-5.11270185082881,2.7961174402583504,1.1066778924846945,-0.6435727612614581,-0.39263320396028667,-1.73317080681631,-0.5933088534419177,2650
2.1304338613342813,-0.6196243799358969,-5.148792581285063,1.8821453633521117,0.10313363309035756,-0.343335857130579,-1.5432888720999607,-1.1389848110727736,-0.35536012837145314,2651
2.0922594357636433,-0.08719305391021015,-5.014227702867109,1.1607473476475767,-0.7894498256720958,0.023262780075798035,-2.2022327082688817,-0.5792895319269814,-0.02736142530339949,2652
1.8140131688606063,0.3543916787454404,-4.32382558953533,0.3684695588329045,-1.475447102760012,0.2788727838066069,-2.912215622918788,0.1174352957052127,0.1502815444107758,2653
1.4775208716727266,0.7320474721514255,-3.543140863690589,-0.06862661386723239,-1.8367921351335978,0.3970156635615159,-3.0322024814859345,0.40846700397080343,0.4041587359217076,2654
1.0001131983513143,0.8940067685414204,-2.5367230338572475,-0.3938555517056385,-2.0166593333499345,0.44119039428949547,-2.86744095739133,0.6761261438877577,0.540879646030472,2655
0.6893140959824615,1.0033278562691472,-1.7751110790753168,-0.5841202009898611,-2.126543871345794,0.48444638195110984,-2.6675967515985235,0.8420989500553747,0.5960370760410846,2656
0.31464896618780125,1.0120986984697824,-0.9459401245927528,-0.6392220297732616,-1.9969706598384145,0.4492261758530514,-2.2370005539085693,0.8733952877481537,0.5587784498298158,2657
-0.08108888927798645,1.2729003340731502,-0.048536068226934764,-0.9671825509547481,-2.321161972707847,0.4056517902918842,-2.348291070468473,1.1010445984443027,0.6085629109068958,2658
-0.6651952825716416,1.0385537746444515,0.9828768931197224,-0.7173274244508937,-1.6444441909262508,0.20148234540953164,-1.272665856886177,0.8610908274757962,0.3798366020827226,2659
-0.8719825582696819,0.7886168017705384,1.133799202161306,-0.24489680813900608,-0.8362767661735476,-0.020341300894381468,-0.5046268601173703,0.4839132527945522,0.1268911815091555,2660
4.022371232546969,-5.6954466734853835,-11.43235251766436,1.7305162479584562,2.6911553057428614,-1.2567104819185906,-0.29788000455457875,-2.4665841013309904,-1.2377707027756129,2661
2.881354952565499,-3.920675487663398,-8.643239515309748,0.35778652734754685,1.2644185135286847,-0.22378316119097022,-0.8018252091639545,-1.3767317549691678,-1.004968500189136,2662
1.6232298038847337,-1.8145050350349499,-5.30059025129071,-0.9653288264938461,-0.10966147973284787,0.2601305386092989,-1.6459534123327102,-0.3318685620862937,-0.6381388384874712,2663
0.754247595492307,-0.7535168608051116,-3.0213396359463225,-0.9455822964125103,-0.3640118508535418,0.4463980417737493,-1.2085761238366597,0.0916801117369325,-0.24547674827652555,2664
1.0235834626351576,-0.11123919971374374,-3.3520275355494387,-1.5118508569383076,-1.076032080737301,1.1862577323426056,-2.5435509777914307,0.6164569634049867,-0.16752993543885536,2665
0.32967170884858005,0.675405437051141,-1.4511963803877743,-1.6610896829280395,-1.2352627002750245,1.2685988876566838,-1.702774119121282,0.925233748174692,0.4031821837705819,2666
-0.31059758774038915,1.2054464220850991,0.028800074082085562,-1.3443611140106058,-1.144248490554191,1.1584752834788294,-1.3542645929579833,1.1111895160179974,0.6640064174579858,2667
-0.5278421127003381,1.5035067689678745,1.0383303562815587,-0.8547752099587279,-1.1177943663929752,0.9592595670955131,-0.9302087628456279,1.12376923382954,0.9051379672992179,2668
-1.6095190878271994,2.7210512739414052,2.9509300051171095,-1.3610936694039832,-1.3022819668602277,1.3067722562280344,-0.6540755603717898,1.3417336167485951,1.4819105588694275,2669
-1.5149544404602928,2.3506842939271824,3.647349645076055,-0.48401956890849307,-1.0180269006026172,1.2463640513235676,-0.05916885388059539,1.4511964096829462,1.4044883331098064,2670
-1.8560750035852855,2.194718065639271,4.2142054546690115,-0.032865717544579946,-0.6562063727118558,0.9169285961506207,0.7147653460161376,1.1725678116517118,1.506485289472231,2671
-1.773641892138918,2.2297436210147827,4.759839459167733,1.1014459752929662,-0.36618777297823474,0.941870335812236,1.6764733722050216,0.8389861174553779,1.438846028025952,2672
-2.0846561525549467,1.9189512487937828,4.820246049756438,0.8559135455629967,0.1410891559966535,0.2850773313872437,2.2844329416246496,0.43367516980007076,1.2937425117989116,2673
-1.8898025021130056,1.4046728339119163,4.787971388458426,1.5767987341743044,0.6853993979081509,0.236011581939182,2.2474756291913947,0.3026857944392775,0.9725281588999921,2674
-2.1922303575096613,1.2812291209841358,4.987100297561696,1.8877631011314997,0.9592664492793226,-0.1219790007912058,2.6180543507984466,-0.028485988585574655,0.857354110675298,2675
-1.7360500107404775,0.7264825636161154,4.215076747089767,2.408322969922224,1.334949313364101,-0.06995637283665564,3.308768350648558,-0.6175360451799917,0.35274619120129475,2676
-1.4870427037321068,0.3036245125320307,3.7383617358659,2.093472683116649,1.5500211215876454,-0.29658087164465535,2.8869384114300516,-0.6159280947929597,0.20638653063433385,2677
-1.2621433471195476,0.06814636975948099,2.7708876545927876,2.8042352286035834,2.1225713231565773,-0.6557284321973655,3.0134647404031503,-0.8951774313578257,-0.02344637530017801,2678
-0.9247103434227015,-0.3930428725825929,1.4844343992313327,2.809430137012078,2.259201551410761,-0.655691558252111,2.8703462907558754,-1.184323138233514,-0.1874016212386641,2679
-0.6295841918214096,-0.5847696122690412,0.323268314481995,2.417009620959921,2.161922478172507,-0.7398974163413654,2.309003400001616,-0.9793540010509274,-0.4653837221745583,2680
0.1078633635446413,-0.6416775050986858,-0.5399871671835481,1.9972481032088902,2.0294928704258277,-0.6475754927306778,1.179669317081243,-1.3063881128038612,-0.8968057612329217,2681
0.43770002135746283,-0.9366908202487111,-2.1590772551750765,1.6143862588752547,1.5725283412377038,-0.40233439964518536,0.8817872988224754,-1.0257776510697196,-0.5827891121558094,2682
0.8335950658286969,-0.8663051884066114,-3.1861631011552687,0.7980367208762951,0.9859698370893509,-0.10382432238437014,-0.04365976599280611,-0.7902363754778652,-0.6055143661936533,2683
1.2382508489724036,-0.900580333700558,-4.1306720384027145,0.06683208200378073,0.38400124418115067,0.04718991165235159,-0.9027702012917436,-0.5654958022765654,-0.5463940724699616,2684
1.1746764191108419,-1.1361466303215075,-4.407010831325543,-0.6790234106415952,-0.2303274926120602,0.30864430657036074,-1.81139415310944,0.16522727733789289,-0.3567364677853622,2685
1.4680960099082896,-0.8320442772671053,-4.502721079603877,-1.6168477241672496,-1.074391686771001,0.6511848007039219,-2.2736401899930074,0.5273169651142381,-0.24920946268821412,2686
1.1752664683896734,-0.5590214231013515,-3.955943151108679,-2.313401657906546,-1.63846953664894,0.8099469148064807,-2.779390026348122,0.726077910283875,-0.029701153271001608,2687
0.843976217602855,-0.3503592007710799,-3.2173391898474293,-2.7366644612740614,-1.929609085032815,0.8872671063752686,-2.8937746086521066,1.111169893356006,0.1352828645886577,2688
0.5135826836391132,-0.1733662453378122,-2.130179305738022,-2.941457853007081,-2.2998186927329196,0.927210203073068,-2.677939077562514,1.1855579067784792,0.21446822287845094,2689
0.12151028975818703,-0.06998723873254581,-1.3755599636265357,-2.714433559820292,-2.2744286036675128,0.7878485044675126,-2.3058184265269617,1.1776504968269244,0.45136120329683715,2690
-0.29823524503903975,0.2989471232579116,-0.3996558396571125,-2.62902728064631,-2.096490428893607,0.667029541804251,-2.076464496285706,1.2750156977442157,0.2979117382137178,2691
-0.5905806955705597,0.4554985555778802,0.27594901573643926,-2.297589627834791,-1.909439025863287,0.5254214487617235,-1.7198973591487798,1.2257760313512376,0.29694931675891034,2692
-0.789684712279917,0.48987231530317,0.6902452063592577,-1.8358744153754594,-1.5560062673403443,0.3986825020746038,-1.311846331460555,1.0532642023312722,0.22724704515587754,2693
-0.9137847087401587,0.5982370370273552,0.9463178197408099,-1.4872135733339755,-1.3234364582284748,0.28489584325768524,-0.9672030489915856,0.8932894799814801,0.20476049489226364,2694
-1.322349392004502,0.8603346834349781,1.6749148176945512,-1.5547357135235857,-1.3434653287686837,0.2055235111475287,-0.7918767657506751,0.9739812755497325,0.15326848937007906,2695
0.6739704863001736,-1.082083149648823,-4.385384311592842,-3.4033574895077834,-0.4869147550199672,1.8484854102910084,-1.1446291448795205,1.0703596634421728,0.27828429410641964,2696
0.2414881996006103,0.02068545389212643,-2.575565436277012,-3.4555126564239185,-0.9488693208578977,1.6092109997293098,-1.7512421709270822,1.5412566388393723,0.372540354219831,2697
-0.32190373831796576,0.4782947743498217,-1.183027178818089,-3.138525762510459,-1.2235035909213072,1.616770859079732,-1.388399776098603,1.6131485225943238,0.6817003865681852,2698
-0.7150476089515778,0.704246350755957,-0.07874902851998661,-2.1020437094062885,-0.9955080721104501,1.1623442306970386,-0.9440239819863596,1.3553783418594858,0.6474585092457869,2699
-1.2083655039104615,0.9625478309787063,1.1831210808663928,-2.8155741133630205,-1.634718545141343,1.808999719718388,-0.8693827996432394,2.081770854541217,1.4367584968983214,2700
-1.3997274083854425,1.0534698371913789,2.1534598920923216,-2.333761676926357,-1.2761304102188353,1.3910097531982764,-0.40222247461182115,1.77056339913749,1.1213197313049739,2701
-1.2295840339410462,0.8019502459808259,2.417669216918604,-1.3530614340615599,-0.9593790316519921,0.8786497947303639,-0.10278667930689876,1.2071096834360409,0.9023029422324472,2702
-1.2271422843013733,0.26196841303847423,2.424512989661929,-0.6473584998680791,-0.5494068439983322,0.488826198194246,0.34619596378623935,0.8555308923779056,0.5346987666218106,2703
-1.7243025645679781,0.369090198799421,3.754363285898522,-0.22878385956782318,-0.33448807304979405,0.11974603854963714,1.0149283571471974,0.5963375992564592,0.48666219367085345,2704
-1.4853760564209029,-0.008282249747940318,3.354053548793869,0.5710045830395648,0.18660097280121837,-0.32065753738798547,1.2371640945968196,0.019906714209718263,0.09404677315944944,2705
-0.8569566756854102,-0.6057145839637452,2.1751378517517366,1.348780099560769,0.43032051943137184,-0.5484086029349732,1.6949721678589027,-0.5189560662984428,-0.13199842048888424,2706
-0.5405920978168006,-0.7983650378755299,1.8039285233617761,2.1550949300162254,0.9930337307747183,-0.9929876193314804,1.439408930546247,-0.9438858658746396,-0.5746595034386732,2707
-0.13759627036050387,-0.5648552046844012,0.5196459069126187,2.2652702353562675,0.8729001883201543,-1.1530841808645556,1.0277342713772284,-1.3119929241013248,-0.7203280233436427,2708
0.46071595522238673,-0.5054472883975845,-0.6946119472571541,2.510616617084957,0.8243176849614627,-1.0897896671319618,0.5142827089639128,-1.352664138248018,-0.7732605813283128,2709
0.9462461748827203,-0.22759759620537479,-1.8006791677200567,2.7249648476017443,0.560695472992974,-1.22106253759643,-0.28939356839295627,-1.5068286227935725,-0.8115412440705793,2710
1.4032069791261426,-0.12493885085195344,-2.7748533248420806,2.624665660989977,0.6101154425916773,-1.0270773131785658,-0.7608907001541175,-1.3269522316458975,-0.6834558119323774,2711
1.6489931037889878,0.1960974616213693,-3.585048254527351,2.3047692694233137,0.09920686111752101,-0.6885699584081847,-1.3252252955396537,-0.9327274968236711,-0.3652706937196498,2712
2.61211148701064,0.5813717388759816,-4.966368807153084,2.5007679688453512,-0.5145478667987804,-0.5891731790088606,-2.425260498316476,-0.7553736048023182,-0.15286926549208663,2713
2.6570430781655703,0.567558846121714,-5.58306297872063,2.0824631649832295,-1.049606462883949,-0.06084069067849499,-2.921887344297237,-0.5292439697074744,0.3295857577953852,2714
2.5105268448041453,1.1334251186442885,-5.068464993120817,1.052959360264631,-1.3391337428873435,-0.1886283250872216,-3.875407862665392,-0.009256907222931942,0.4681978805195619,2715
2.492215333906943,0.7920325024539209,-4.6719457232111505,0.6226927311905959,-1.7880495463750787,0.5219015209091286,-3.3852811395570583,0.5448701024623184,0.9222934903011272,2716
2.0292519281071604,0.8331603556465966,-3.5755996435562363,-0.13772737495223955,-1.998237298139669,0.6971528093345071,-3.3093706004387635,0.9134215362495662,1.0692545711565913,2717
1.2872933622516092,0.445809056068511,-2.034926978536567,-0.8431316441158337,-2.1483952497702297,1.087342019105678,-2.4611667476633325,1.2002637765527597,1.200268595739317,2718
0.3545738470107585,0.23136757159643612,0.07320758562703483,-1.5132393030616509,-1.936613876659735,0.7727906305314672,-1.904748885296632,1.5920602598851143,0.9592086254212598,2719
-0.5840420056498867,0.11618667083007028,1.4896410564312337,-1.9656904735332983,-1.4941936129083113,0.9004559607006493,-0.7726763148915254,1.3320849486459176,0.9909058967588594,2720
-1.4820625552021254,0.12166252304289357,2.976827633908251,-2.1132295344440832,-1.1133890692898183,0.7109379140255507,0.1655855092379865,1.23480301037199,0.7725663212031092,2721
-2.0646037409191393,0.17098929768054938,3.7845018119933096,-2.078779966577665,-0.6137678664848056,0.5428274518860394,0.9807935412917612,0.9773662798369736,0.4154073813352546,2722
-2.5931021399804415,0.3993014905854026,4.439375279804806,-1.851417071698143,-0.2069849928852236,0.34154215745344096,1.3286818099148527,0.9275194096162893,0.2504382953636198,2723
0.772734329341758,3.5390129711114713,0.8190708847134077,3.999137642937819,-0.9530112158692682,0.16479421361601368,-1.060300632444264,0.26008593983094036,2.28762914034961,2724
-0.2836644929027437,2.5455749212829475,1.9902886644115858,3.181778862381905,-0.5156308974138916,0.2587472228309803,0.02605609602621766,0.2883953889510725,2.1641876120836407,2725
-0.9643288777461533,2.1670035724206027,3.2326116994163474,2.255555842866632,-0.4121332621228056,0.0766364746180414,0.5196466231732573,0.48804381363412225,1.4806222045499347,2726
-1.2046214713573369,1.13685639640111,2.9104972647840572,1.7084653132018088,0.1263715026167986,-0.24743724888300445,0.9966975145027324,0.1510481293447177,0.8892249083081629,2727
-2.3173909906788293,0.8166834047783683,6.648706476454413,3.244188256609718,0.9447579146291344,-1.0733185814453128,2.8966039245375983,-0.3468369081932006,1.1351713852201644,2728
-2.6740243313836447,0.35256587208916984,6.045534918629533,2.7816738472801443,1.293571035238437,-1.297900717028736,3.2534095274525936,-0.7646708544151167,-0.18364147061766747,2729
-2.2969934436557637,-0.4465689998072183,4.48476879146214,2.2055410319206494,1.474714269774642,-1.4352142972948483,2.7928396277721808,-1.0807488909370704,-0.6703896915418156,2730
-1.5779034805475214,-0.5801528497923906,2.8919983005361605,1.6209463603492167,1.3892267245923164,-0.9344518257590507,2.558406986757672,-1.3277933977902325,-1.1207997440919675,2731
-2.389670216504061,-1.3459390883157174,3.456583281010026,1.8940831150465034,2.1933254265285513,-2.027323449211518,3.075434890780001,-1.9246567275429296,-2.2914186067033127,2732
-1.6406178359776593,-1.3444103480214484,1.3951130007257095,1.2424826932608448,1.8693843732588746,-1.6547944061404964,1.9821008101951259,-1.7500545839247985,-2.4897630305363534,2733
-0.8609793364630326,-0.7853084035809266,-0.5103221602823249,0.7331913261665831,1.4222892558707345,-1.0209973206545504,0.9843096292313636,-1.1498376913551969,-2.2973381456580695,2734
-0.3268767632097978,-0.6501526594163949,-2.281964555816529,-0.34283879849471144,0.9037210604837579,-0.6496079030961952,-0.2087954169163409,-0.9925656029967135,-2.064737410884232,2735
0.5525428483067558,-0.3712283479470052,-3.922098231988558,-0.7478252006609208,0.2402201237937378,-0.026721383128902126,-1.240717394441235,-0.5368732503882521,-1.508528703760414,2736
0.89033951401268,0.03709879410541736,-4.542365870965995,-1.1458364684043054,-0.32082333064701657,0.28042348648667675,-2.152621376760823,0.12061916428180827,-0.8232123390926915,2737
1.6594681363622155,0.31507218411485227,-5.740665339513823,-1.617556147658444,-1.0188944402064322,0.8528924042470243,-3.182777230025368,0.708362388054764,-0.12861807415194923,2738
1.812609982915691,0.17330379372658414,-5.6476982850339414,-1.8519151262511937,-1.2517137523618562,1.5510393911428084,-2.9826134926573027,1.034384059745528,0.45624449540654355,2739
1.6658840889742672,0.151290951178911,-4.622819527762122,-1.6719837170140244,-1.4300804753124439,1.5534823239734454,-2.7047219066394965,1.0930681813508467,0.9950219391838983,2740
1.835111711406547,-0.05207105448907914,-4.966939710268101,-2.4347950188937006,-2.135313344691919,2.12079623991985,-3.0968928134427434,1.9521536906198609,1.7388704756999176,2741
1.6682293598431508,-0.18882987831179882,-3.142770616669636,-1.8019111714994265,-1.752891667726867,1.9485720837566127,-2.129788643827883,1.7298522652419295,2.2221841193380514,2742
0.9828231622800097,-0.43484074763452724,-0.9066964630536772,-0.813965809498845,-1.1167299666587,1.3518098493291204,-0.5836570628010921,1.2650409118473196,2.188152231361966,2743
0.13348232646641195,-0.45245929186732015,1.0537240180726581,0.4206823392530164,-0.1558135327735921,0.6211867640928835,0.8071863887815717,0.6521984916501803,1.853733541174964,2744
-1.686206996619278,2.968830958082557,5.359523017181902,0.21122579740365766,-1.1467448686750723,1.7480297873582171,1.0161692729024563,1.7556433068204096,2.7818734770648903,2745
-1.9918608119201087,1.7348059111297867,5.240684946505039,1.2033514863545827,-0.017799670016671404,0.5353299813835442,1.9326426909341416,0.8937365469896287,1.7546094375099899,2746
-1.8512313966614775,0.6010246048634843,4.478619512644491,1.698986627357306,0.8652976695383653,-0.21695732971967288,2.5323124384594307,0.0112753143419635,0.8068184802905692,2747
-1.3253491576644651,-0.09405827187979132,2.684838032165267,1.5603380627660124,1.1896749826040651,-0.6584804135527443,2.1204752096414388,-0.41923512201563645,0.11319561432408758,2748
-1.9711332618479747,-1.0978759879135223,3.7811946018075826,3.1793764294501963,2.727236719419047,-1.8942554853229834,4.113701524911985,-1.803456158937854,-0.8888080431977594,2749
-0.8491621104217434,-1.324779496147716,0.8319490886113918,2.7948254778486077,2.3189133453165938,-1.6470790497890646,2.7130328223226767,-1.8269824486673556,-1.2517016254559534,2750
0.12448130355507532,-1.1246153512893462,-1.5173081974549782,2.037585025757556,1.8545541084124428,-1.1112058102673397,1.3252154386897896,-1.374379859442242,-0.924186736228157,2751
0.6613659804527647,-0.8216855426142868,-2.6525154045885113,1.1360524925845596,0.8664163835927038,-0.5821001242300439,-0.023724714582789772,-0.8708414739018154,-0.6424778727244245,2752
2.6387680762002077,-1.4091659819548958,-7.588790933491009,1.254918651493012,0.7036423475061007,-0.5490359009431456,-1.7637985010253199,-1.1251365114563558,-0.775639770882153,2753
3.4344194684379072,-1.2877187098912843,-8.551093334630094,0.3154559017086473,-0.20435034598349472,0.2487473641839088,-3.10491121673788,-0.16935663605589898,0.2940260187927789,2754
3.283920636789938,-0.9279210665539784,-7.9070518156201235,-0.28746675361383783,-1.1580144052986359,0.84728880978880206,-3.5646808648916797,0.36010337655435526,0.701663494548921,2755
4.199102135696484,-1.1044290063153601,-9.384879056009336,-1.502935754461462,-2.443599875611536,1.5284900423510053,-4.924202464546514,1.052494286856105,1.4651256544473399,2756
3.2876782146055303,-0.9224143312691698,-7.129797746487469,-1.6492303713353034,-2.656991656676501,1.7624840591825048,-4.4607253492572605,1.308453212039215,1.9522452281955136,2757
2.3423108911765125,-0.7029921039841106,-4.634020512451681,-1.5999474506226228,-2.3592151326353337,1.475995208866573,-3.31092615819924,1.2684408537679515,1.8119717705975664,2758
-1.080856058299608,2.228757435486668,3.4250640056749733,1.3681909883704173,-0.748518212450909,0.6599352423644345,-0.022529693062509248,0.5667809888048634,0.8981296320951055,2759
-0.9639543384730173,0.13821585625585814,1.400000164235876,0.7299089165741607,0.48444122064925427,-0.1320044424908437,0.9585209328132102,-0.26187957826079794,-0.1379795050942013,2760
-0.6710955497481187,-0.6503067287101975,-0.3317785474541744,0.19903232694053483,0.8419348389969176,-0.4716781544734808,0.7163219649334899,-0.49892212646780837,-0.743738516371599,2761
-0.20951289219729316,-0.7019993911549584,-1.464224318964362,0.07517401900232355,0.624761728891902,-0.3856898200258781,0.1773720103142751,-0.31569594309237464,-0.5532593782270484,2762
0.7691786317499874,-1.6305319643002218,-5.234003904291874,-0.42727901786138245,0.7967344766570148,-0.5561205403553519,-0.7629028850608579,-0.5861289056755867,-1.1639368249363344,2763
1.1394519108954597,-0.9265424509445647,-4.7462757574482195,-0.45576195674456155,-0.17619857751795856,0.06434751939056792,-1.6922293448050558,-0.011112215584426877,-0.32488050985327865,2764
1.1871094056601927,-0.6581727220405137,-4.196168191405089,-0.5213431359401535,-0.5108637098051818,0.37760519237902823,-1.6115200079624044,0.2944485550130941,0.263997063995199,2765
0.9290607934292187,-0.43347821330210157,-2.8145854954539042,-0.50424427526195,-0.6698425680818316,0.5164176762326329,-1.3659274161387693,0.447920357101546,0.6188872169506852,2766
1.7281147494751046,-0.59578241753029,-3.6658949702749046,-0.8758312463403488,-1.6486589312178084,1.111920897173428,-2.3618334200007975,1.0073835437506218,1.510558914287256,2767
-1.3160837899292046,0.8635979093225719,1.6347957542090232,-0.7622989678569102,-0.7433573304295814,0.08243635015010818,-0.2652264331164379,0.6578400715737452,0.054221591716170595,2768
-0.7823941018416454,0.4970809909398083,0.6707477308548917,0.010300844262472698,-0.2023275282497503,0.05509941922931274,3.6063107737909633e-4,0.265684626243831,0.055532300135321504,2769
-2.7131022838329524,0.5828502238708244,4.365515616444537,-1.4249672225180114,0.08319641584719771,0.20832421755012906,1.527262259776549,0.7659048214801311,0.08520047360440507,2770
-2.632557027014093,0.7508548105261202,4.048606870350278,-1.0372751436235121,0.25427808730969226,0.09383529432577166,1.5059700297290655,0.640403547448798,-8.789598987104616e-4,2771
-2.3008250093967884,0.8537424430588264,3.3806316030274726,-0.6020019307329444,0.302373881326756,0.07141436093291921,1.3165533993619931,0.4900894294970784,-0.02902436594975419,2772
-1.997903300667279,0.8841292637164248,2.775860674582842,-0.301875530763383,0.29615577101765084,0.046519701189975664,1.1008277723230608,0.4002458591968118,-0.03282645861208257,2773
-1.6903379217021646,0.8680007232174923,2.2103951637119073,-0.05364580380909338,0.2665650358338807,0.0483985482287587,0.9057382312934846,0.33289316840706495,-0.006490715588976709,2774
-1.4574277112201899,0.840509168436258,1.787025471942975,0.09831536257265171,0.21196888180300832,0.0549524523205346,0.7075861960650053,0.29432186597126037,0.005738576312443143,2775
-1.8181172846274518,1.2400191391245354,2.3755097043536453,0.24461062881037857,0.268571464053072,0.020620961655922074,0.8793583275472455,0.35834685282723083,-0.045299649578159684,2776
-1.103783304453506,0.8304296447346562,1.2000781836642307,0.37361425333214027,0.11794883678937439,0.06333593175267561,0.43626319177265716,0.24381053179512674,0.039824356007952415,2777
-0.8732928552390903,-0.462590108545041,3.030889117600269,1.4395794152932155,0.8220671694558794,-0.190420526330372,2.189176515413764,-0.12998578394768034,1.1711944017201787,2778
-1.5537253835009355,-0.14225792572380572,3.986706250993649,2.429142996391439,1.6553694453890282,-0.8984313726039872,2.980057183881549,-0.7587968260059716,0.3859502896664778,2779
-1.8161056550557122,0.17795581222342471,4.033815703109817,3.1586166443559227,2.144631693341164,-1.24943239086568,3.3926719269113685,-1.2943985976670118,-0.22531979335602598,2780
-1.9612398095478243,0.5494092879419017,3.5942127546454574,3.3305425405434606,2.2031560617775794,-1.4453598638410974,3.064868078575378,-1.392867016561933,-0.7471998085779675,2781
-1.7105731168264229,0.8207874798262779,2.6062722951679103,3.0751211012057915,1.894642317428408,-1.286554207453541,2.3464467297588363,-1.2266277606850244,-0.8884620256575958,2782
-1.5398773430735342,0.9945897309281913,1.9446894891260047,2.869142148490202,1.657992354205566,-1.1302662483926549,1.8785264218641708,-1.1192407528272417,-1.0084907524014248,2783
-1.148370481908172,0.9311154500308514,1.056537606631256,2.110249712626044,1.093713563133003,-0.7359079057455423,1.1094663566975185,-0.7287364132194227,-0.7800635309333432,2784
-0.779115936381445,0.7008591819354305,0.42420869851210896,1.4123229711716188,0.6259741663087937,-0.3610071787667006,0.5699089741121022,-0.36427883767370917,-0.470342083033697,2785
-0.600038815248467,0.5675546088629093,0.14403898243987046,1.0086138855123592,0.3730724816051385,-0.18224366897790817,0.298846290204802,-0.19313504787721042,-0.29319427629147554,2786
-0.5998905169326851,0.6690547714398031,0.0743285915359217,1.056393828964118,0.3382338773273887,-0.1857262702768995,0.22524082547946467,-0.18095302222021456,-0.36305238668029616,2787
-0.4174970580367806,0.36781481951201,-0.0861314127874044,0.6004966539930049,0.14193509409771102,0.0070559272314753155,0.08979327859465772,-0.011516066300659456,-0.08296929703038788,2788
1.8499114306847055,-0.9104318965209713,-3.3824399110032637,-2.2647542309624535,-2.9812004188408814,1.586989949371846,-3.4269173375587987,1.5767210052182117,2.188774567400955,2789
0.5171584795139823,-0.4072159022558799,-0.7959629361296572,-1.5313080763354705,-2.056576729826933,0.705087677430643,-1.804650234849423,1.11807184715913,1.6355213994470421,2790
-0.5254182182955457,-0.05560002994171675,1.0432339221120381,-0.5058959120981461,-0.8731391196557902,0.27474492225689484,-0.2863556954976795,0.5292042831230176,0.7786017949377043,2791
-2.715264442590159,0.7931353619771786,5.396621009608692,0.397146727741477,-0.386949308761189,-0.6574682088283549,1.4124817839452037,-0.028398503305143274,0.08480179770955809,2792
-4.047311935675604,1.8655788484055176,6.796756651221503,2.47178238477454,1.2938197098087731,-1.7994040672506972,2.8420466717068864,-1.0339396518571449,-1.4244540513288355,2793
-4.360444424849799,2.6017767913601935,6.26170674550209,3.5388193756834476,2.1438253637580993,-2.164705058544266,3.181186241433532,-1.4614912773898645,-2.5162379388849514,2794
-3.820186955472015,2.8348219108666193,4.616729002562249,3.885876329094903,2.244365224899848,-2.09865072359589,2.6235422362310756,-1.5608031067803343,-2.7391880631746153,2795
-2.8164263074503233,2.5239480150889313,2.720959942713522,3.461045980317554,1.7511995633085695,-1.5754879670439854,1.7032968820422383,-1.232571793105865,-2.428957422617789,2796
-1.7806691542658304,1.8895285258144305,1.24080448233898,2.4566021643943925,1.0926364392233605,-0.9492202481292491,0.8688114705762484,-0.7534041410885713,-1.6853597719647149,2797
-1.1520986420320858,1.3474835303159682,0.4659107176575381,1.7143606577408819,0.6601039659252947,-0.5227970175324923,0.41552608961366916,-0.4183180017628654,-1.1138992475402953,2798
-0.5901045321369952,0.6321450101961141,-0.011294808843920536,0.8419025993924713,0.24491915854967106,-0.10275866243673863,0.12545982205595033,-0.09065052432969951,-0.3797969311316728,2799
0.53579891996382,-0.17426271225780035,-0.5930437313808092,-0.48483199199340155,-1.020299167721441,0.94553160449260365,-0.8609046898958246,0.7054620736914055,1.2794397750919666,2800
-0.37625996105721954,0.08223029755625098,1.6829946822689639,0.14031169474691196,-0.33292991870222405,0.47492784646677505,0.40312077706133614,0.4249375083562745,1.0271805299557755,2801
-1.7687080114784355,0.7840700405415146,4.773374623119515,1.0921544742066631,0.5886921502959986,0.10216685149689422,2.2347886531041716,-0.01948227791203553,0.5600913606694998,2802
-2.421923697747955,1.2775496403775772,5.147682644747584,1.5243174248515448,1.384523412235741,-0.21615006515193158,2.5976878974477713,-0.37284313458918106,-0.27782111948630794,2803
-2.169352529767377,1.331177806711531,3.6685562051221456,1.6877671669625243,1.3671372548158542,-0.47977251785666863,2.20014223611239,-0.5140790060781631,-0.6327067103037312,2804
-3.2730533671240583,2.449704189286575,4.989574380164323,2.971420048157866,2.2972041574377884,-1.0317075180785702,3.158966474073933,-1.0072208906980875,-1.672107244963246,2805
-2.146695146602964,1.8152715282501315,2.5274721888248783,2.116702179885749,1.4412236134579413,-0.6832943649919471,1.7164208570288257,-0.6340007357482876,-1.3072726376237171,2806
-1.1511712693897331,1.0650140870708704,0.8716225895628581,1.281730413276492,0.6923705379651689,-0.2798142324404065,0.7089697195837724,-0.26270807264356444,-0.7166696823610705,2807
-1.8905266476405302,2.257655660473392,1.3728598315508422,2.476327608154872,1.2418624026435232,-0.7238782571256992,1.034356780388692,-0.5901344159929655,-1.863666291552523,2808
